ID,Sana,Xizmat_turi,Sektor,Mintaqa,Kredit_ball,Yosh,Tajriba_yil,DSR,Joriy_kreditlar,Oldingi_default,Garov_sifati,Mulk_turi,LTV,Leverage,Foyda_stavkasi,Muddat_oy,Garov_qiymati_UZS,Moliyalash_UZS,Likvidlik,Kapital_ulushi,Sharia_audit,Gharar_darajasi,Maysir_ekspozitsiyasi,Halal_sertifikat,PLS_ulushi,Sharia_maslahatlari,Ijara_sertifikat,Sukuk_daraja,Volatillik,Inflyatsiya,YIM_osish,Valyuta_tebranishi,Sektor_osish,Bank_indeksi,Likvidlik_muhiti,Credit_LTV_ratio,Gharar_maysir,Risk_adj_ret,DSR_LTV,Macro_stress,Prev_default_rate,Sharia_adj_signal,PD,LGD,EAD_UZS,EL_UZS,VaR_95_kunlik,Sharpe_nisbati,Default
TXN-2024-0001,2024-08-02,Murabaha,Qishloq xo'jaligi,Andijon,689,46,1.7,0.5412,3,1,3,Moliyaviy aktiv,0.7366,1.734,0.1641,12,228523774,104190286,0.6195,0.4392,0.667,0.1016,0.072,1,0.6662,4,0,,0.1454,0.0908,0.0901,0.25,0.0454,1.0829,0.7646,934.1536,0.1736,1.1215,0.3986,0.2507,0.3332,0.5512,0.1029,0.45,104190286,4822539,-0.0151,0.2349,0
TXN-2021-0002,2021-08-17,Sukuk,Ishlab chiqarish,Boshqa,699,49,12.5,0.4563,3,0,5,Ko'chmas mulk,0.5436,1.959,0.1193,60,212381877,449989443,0.4419,0.3962,0.7879,0.1291,0.0186,1,0.5647,1,0,A,0.0796,0.0554,0.078,0.25,0.0737,1.0453,0.6022,1283.4777,0.1476,1.4788,0.248,0.2273,0.0,0.6716,0.0083,0.28,449989443,1042282,-0.0083,-0.1349,0
TXN-2021-0003,2021-02-21,Ijara,Savdo,Buxoro,692,32,0.5,0.6492,3,0,4,Ko'chmas mulk,0.8078,1.793,0.1078,84,269770981,252922165,0.66,0.2569,0.6877,0.1127,0.1789,1,0.6746,2,1,,0.0932,0.1244,0.0531,0.25,0.103,1.0104,0.6632,855.6032,0.2916,1.1452,0.5244,0.3214,0.0,0.4872,0.0556,0.35,252922165,4921119,-0.0097,-0.2377,0
TXN-2022-0004,2022-07-18,Musharaka,Qurilish,Samarqand,652,26,7.9,0.3342,1,0,1,Transport,0.4727,0.237,0.2448,84,924632359,117551117,0.5017,0.6,0.6967,0.1389,0.0589,1,0.2059,1,0,,0.3076,0.0837,0.0181,0.218,0.0554,0.9957,0.83,1376.5101,0.1978,0.7933,0.158,0.2836,0.0,0.5589,0.317,0.6,117551117,22355535,-0.0319,0.3733,0
TXN-2022-0005,2022-05-17,Murabaha,Savdo,Samarqand,628,46,16.2,0.2269,1,0,3,Transport,0.2846,1.298,0.0585,24,120610249,101097959,0.6118,0.6,0.8485,0.1293,0.018,1,0.2769,2,0,,0.1263,0.0905,0.0564,0.25,0.0511,1.1486,0.5467,2199.0303,0.1473,0.4593,0.0646,0.2841,0.0,0.7235,0.0375,0.45,101097959,1707103,-0.0131,-0.5659,0
TXN-2022-0006,2022-04-03,Murabaha,Ishlab chiqarish,Andijon,632,42,6.4,0.4441,1,0,1,Ko'chmas mulk,0.4288,0.571,0.1461,60,602642150,275908547,0.6525,0.05,0.6898,0.1756,0.3243,1,0.0452,0,0,,0.1508,0.0763,0.0462,0.102,0.0839,1.1466,0.3947,1470.3117,0.4999,0.9623,0.1904,0.132,0.0,0.345,0.2113,0.45,275908547,26229156,-0.0156,0.1066,1
TXN-2021-0007,2021-10-13,Murabaha,IT,Samarqand,628,39,3.5,0.2587,0,1,4,Ko'chmas mulk,0.5708,1.908,0.158,48,172599773,117438699,0.4017,0.6,0.5884,0.1096,0.2453,1,0.4835,3,0,,0.1065,0.0621,0.0659,0.2117,0.1015,1.1672,0.2854,1098.2708,0.3549,1.4692,0.1477,0.2079,1000.0,0.3796,0.0811,0.45,117438699,4286560,-0.011,0.2624,1
TXN-2021-0008,2021-07-29,Sukuk,Savdo,Samarqand,741,41,0.5,0.2478,5,0,3,Tovar,0.7974,3.548,0.0714,60,162403283,152420824,0.5402,0.4125,0.6781,0.2038,0.1637,1,0.1093,3,0,AA,0.0733,0.0909,0.0711,0.25,0.0078,1.1378,0.5551,928.0954,0.3674,0.9598,0.1976,0.2698,0.0,0.429,0.0212,0.28,152420824,906168,-0.0076,-0.7995,1
TXN-2024-0009,2024-10-17,Musharaka,Qurilish,Toshkent,695,41,15.2,0.6129,2,0,5,Ko'chmas mulk,0.4801,2.166,0.228,60,457887610,103774052,0.7163,0.4753,0.4528,0.285,0.0231,1,0.3939,1,0,,0.1812,0.1041,0.083,0.25,0.0357,1.0244,0.5414,1444.6673,0.3081,1.2519,0.2943,0.2711,0.0,0.3133,0.1396,0.6,103774052,8690878,-0.0188,0.5412,0
TXN-2024-0010,2024-01-22,Ijara,Ishlab chiqarish,Samarqand,395,50,3.8,0.591,2,1,4,Transport,0.5979,0.627,0.0893,120,160952609,100520915,0.3746,0.232,0.6955,0.1783,0.1818,1,0.5626,2,1,,0.0927,0.1083,0.0605,0.25,0.0435,1.0687,0.6008,659.5221,0.3601,0.9527,0.3534,0.2978,0.4998,0.4451,0.2166,0.35,100520915,7619430,-0.0096,-0.4393,0
TXN-2021-0011,2021-06-28,Murabaha,Ishlab chiqarish,Boshqa,700,50,0.5,0.3912,2,0,4,Transport,0.6232,0.582,0.2049,24,143381797,63039003,0.6233,0.2379,0.7745,0.0538,0.1376,1,0.5276,0,0,,0.1134,0.0905,0.057,0.2244,0.0549,1.0691,0.6575,1121.381,0.1914,1.7911,0.2438,0.2579,0.0,0.6262,0.0303,0.45,63039003,858661,-0.0118,0.6606,0
TXN-2024-0012,2024-04-24,Sukuk,Ishlab chiqarish,Toshkent,661,43,7.0,0.3897,2,0,5,Sanoat uskunasi,0.731,0.094,0.0919,60,352485771,386903733,0.4416,0.5453,0.8314,0.2343,0.0772,1,0.2154,1,0,AAA,0.0882,0.1169,0.05,0.25,0.0865,1.0485,0.5704,903.0489,0.3116,1.0308,0.2849,0.3169,0.0,0.5724,0.0122,0.28,386903733,1321271,-0.0091,-0.4317,0
TXN-2023-0013,2023-05-15,Ijara,Savdo,Samarqand,643,46,3.9,0.3911,0,0,4,Ko'chmas mulk,0.4345,1.389,0.1152,48,324875619,112549298,0.6953,0.2445,0.6383,0.093,0.1407,1,0.244,3,1,,0.0964,0.1384,0.0369,0.2351,0.0957,0.9446,0.6302,1476.5267,0.2338,1.183,0.1699,0.3366,0.0,0.4891,0.0337,0.35,112549298,1329081,-0.01,-0.1534,0
TXN-2021-0014,2021-03-07,Murabaha,Ishlab chiqarish,Andijon,611,43,0.8,0.5091,2,1,3,Sanoat uskunasi,0.6319,1.418,0.0987,24,178111332,163074170,0.7218,0.4941,0.7141,0.2011,0.0312,1,0.1704,3,0,,0.1388,0.0929,0.0783,0.25,0.0023,1.0524,0.787,965.4445,0.2324,0.7057,0.3217,0.2646,0.4998,0.5481,0.1113,0.45,163074170,8168264,-0.0144,-0.2258,0
TXN-2021-0015,2021-03-03,Murabaha,Xizmat,Toshkent,740,33,1.4,0.3371,1,1,4,Ko'chmas mulk,0.8219,0.674,0.126,36,719152672,209299421,0.6235,0.6,0.6603,0.2602,0.2859,1,0.2207,5,0,,0.1211,0.083,0.0538,0.1774,0.0924,0.9839,0.7006,899.2584,0.5461,1.0315,0.2771,0.2066,0.999,0.2997,0.0487,0.45,209299421,4586709,-0.0126,-0.033,0
TXN-2021-0016,2021-07-11,Murabaha,Qurilish,Boshqa,725,45,0.5,0.1148,0,1,4,Ko'chmas mulk,0.4802,3.613,0.1117,24,181101029,383671377,0.6665,0.4572,0.8705,0.1432,0.0934,1,0.3327,2,0,,0.1448,0.1129,0.0355,0.25,0.0605,1.153,0.8155,1506.7388,0.2366,0.7663,0.0551,0.3274,1000.0,0.6646,0.0156,0.45,383671377,2687379,-0.015,-0.1262,0
TXN-2022-0017,2022-03-24,Murabaha,Savdo,Andijon,579,24,5.1,0.258,4,0,3,Transport,0.6053,1.221,0.1521,72,94074602,100358570,0.7017,0.2506,0.7615,0.1207,0.135,1,0.5423,1,0,,0.1262,0.0781,0.0376,0.25,0.0506,0.9693,0.4945,954.9071,0.2558,1.1954,0.1562,0.2905,0.0,0.5667,0.0742,0.45,100358570,3351658,-0.0131,0.1749,0
TXN-2022-0018,2022-04-22,Musharaka,Ishlab chiqarish,Namangan,679,48,5.8,0.2917,3,0,3,Moliyaviy aktiv,0.3645,2.767,0.1955,72,121020917,29601230,0.4852,0.5208,0.725,0.0373,0.1721,1,0.1936,2,0,,0.1995,0.14,0.0533,0.25,0.0528,1.0823,0.7595,1857.6921,0.2094,0.975,0.1063,0.3367,0.0,0.5732,0.1028,0.6,29601230,1825636,-0.0207,0.3283,0
TXN-2023-0019,2023-11-01,Musharaka,IT,Samarqand,562,26,4.2,0.3461,2,0,3,Ko'chmas mulk,0.6912,2.555,0.1747,48,118781516,158162058,0.6847,0.2671,0.8668,0.0569,0.1724,0,0.2725,1,0,,0.2552,0.1242,0.0663,0.25,0.086,0.9189,0.8539,811.8887,0.2293,0.6818,0.2392,0.3079,0.0,0.668,0.2802,0.6,158162058,26593861,-0.0265,0.1751,0
TXN-2024-0020,2024-05-17,Murabaha,Ishlab chiqarish,Toshkent,527,40,10.2,0.509,5,0,3,Ko'chmas mulk,0.5023,2.321,0.1468,36,195376116,210484527,0.4852,0.3729,0.7499,0.5,0.0054,1,0.414,6,0,,0.1608,0.1166,0.0768,0.25,0.0764,1.0549,0.6786,1047.1887,0.5054,0.9072,0.2557,0.2898,0.0,0.3709,0.195,0.45,210484527,18465946,-0.0167,0.1044,0
TXN-2021-0021,2021-02-24,Musharaka,Savdo,Namangan,591,29,11.8,0.588,4,0,1,Sanoat uskunasi,0.4633,5.967,0.1144,24,577211092,101631025,0.4995,0.2038,0.7384,0.0368,0.1472,1,0.8449,1,0,,0.2883,0.0868,0.0883,0.25,0.0969,0.9605,0.6818,1272.9975,0.1841,0.3953,0.2724,0.2485,0.0,0.6024,0.4873,0.6,101631025,29713056,-0.0299,-0.0542,1
TXN-2024-0022,2024-02-24,Murabaha,Savdo,Andijon,718,43,5.7,0.2943,3,0,5,Transport,0.7545,0.04,0.0987,60,82293975,217843977,0.8781,0.1908,0.9188,0.1875,0.1688,1,0.6814,2,0,,0.105,0.097,0.0521,0.25,0.0068,1.0032,0.7797,950.3696,0.3563,0.9307,0.2221,0.2949,0.0,0.5914,0.0146,0.45,217843977,1431054,-0.0109,-0.2982,0
TXN-2022-0023,2022-02-12,Murabaha,Qurilish,Boshqa,726,37,0.5,0.4002,2,0,4,Sanoat uskunasi,0.8235,0.176,0.1882,12,678668299,148465458,0.6061,0.4208,0.9568,0.4076,0.2527,1,0.3806,0,0,,0.12,0.0845,0.0416,0.25,0.0312,1.1154,0.5071,880.4911,0.6603,1.5551,0.3296,0.2929,0.0,0.325,0.0376,0.45,148465458,2514895,-0.0124,0.485,0
TXN-2024-0024,2024-08-23,Murabaha,Ishlab chiqarish,Toshkent,688,22,7.1,0.5307,1,0,4,Boshqa,0.8692,3.202,0.1102,36,159685708,116054235,0.5352,0.4717,0.818,0.07,0.1559,1,0.3334,5,0,,0.0954,0.1127,0.0691,0.2054,0.0824,1.0926,0.7111,790.5831,0.2259,1.1431,0.4613,0.2489,0.0,0.6332,0.0531,0.45,116054235,2772264,-0.0099,-0.2079,0
TXN-2024-0025,2024-12-07,Musharaka,Qurilish,Samarqand,706,42,3.2,0.3038,1,1,4,Boshqa,0.6485,1.091,0.1978,60,171841378,375531221,0.7313,0.4636,0.5008,0.185,0.1147,1,0.8218,1,0,,0.2259,0.0821,0.0506,0.25,0.0384,1.0925,0.7293,1087.0646,0.2997,0.872,0.197,0.2815,0.999,0.3507,0.1554,0.6,375531221,35008290,-0.0234,0.3003,0
TXN-2024-0026,2024-01-22,Ijara,Savdo,Samarqand,688,32,5.0,0.5747,1,1,4,Transport,0.7184,10.767,0.0509,48,150762622,118575561,0.6369,0.3149,0.822,0.1245,0.2612,1,0.7333,0,1,,0.1208,0.1352,0.0624,0.1782,0.0811,1.054,0.6196,956.3712,0.3857,0.4181,0.4128,0.2509,0.999,0.505,0.0396,0.35,118575561,1642500,-0.0125,-0.6548,0
TXN-2023-0027,2023-05-10,Murabaha,Qishloq xo'jaligi,Toshkent,590,46,6.3,0.2486,3,0,5,Transport,0.4374,0.61,0.157,48,177090737,473355219,0.9032,0.372,0.6762,0.1046,0.1694,1,0.2726,0,0,,0.0786,0.0819,0.0538,0.25,0.0453,0.9722,0.478,1345.8566,0.274,1.9718,0.1087,0.2781,0.0,0.491,0.0336,0.45,473355219,7150020,-0.0081,0.3436,1
TXN-2022-0028,2022-03-28,Musharaka,Xizmat,Samarqand,681,38,2.6,0.3925,4,1,3,Moliyaviy aktiv,0.7431,0.507,0.2497,12,208572004,151884164,0.403,0.4859,0.5931,0.0164,0.0853,1,0.2289,2,0,,0.204,0.0607,0.0537,0.25,0.0814,1.0483,0.33,915.2364,0.1017,1.218,0.2917,0.2571,0.2499,0.5328,0.2927,0.6,151884164,26669754,-0.0211,0.5868,0
TXN-2023-0029,2023-07-09,Musharaka,Xizmat,Toshkent,713,41,14.9,0.3876,1,0,4,Ko'chmas mulk,0.8305,2.218,0.1873,24,223377905,82908606,0.6963,0.1348,0.6671,0.1582,0.0945,1,0.5693,1,0,,0.1673,0.1248,0.01,0.25,0.0928,0.8843,0.6052,857.4774,0.2527,1.1129,0.3219,0.3648,0.0,0.4985,0.1522,0.6,82908606,7568822,-0.0173,0.3423,0
TXN-2024-0030,2024-04-21,Murabaha,Qurilish,Andijon,709,28,0.9,0.4938,3,0,3,Transport,0.5533,0.819,0.1468,48,287213914,39093580,0.6385,0.521,0.7447,0.1005,0.0053,0,0.4208,2,0,,0.0878,0.1199,0.0644,0.1434,0.0465,1.0804,0.8306,1279.053,0.1058,1.6534,0.2732,0.1989,0.0,0.6659,0.0516,0.45,39093580,908378,-0.0091,0.1914,0
TXN-2022-0031,2022-07-24,Musharaka,Savdo,Samarqand,746,32,6.7,0.2517,6,0,5,Transport,0.5073,1.041,0.2741,12,68582730,341576531,0.2619,0.2606,0.6072,0.3494,0.3709,1,0.6635,1,0,,0.2091,0.1001,0.0325,0.2062,0.0749,0.9794,0.545,1467.7097,0.7203,1.3044,0.1277,0.2738,0.0,0.1698,0.1074,0.6,341576531,22009686,-0.0217,0.689,0
TXN-2021-0032,2021-01-14,Murabaha,Qishloq xo'jaligi,Toshkent,705,33,0.5,0.5613,1,1,5,Ko'chmas mulk,0.2563,6.347,0.1514,36,222101933,289520426,0.8801,0.3728,0.6027,0.0775,0.2993,1,0.4795,6,0,,0.1127,0.0943,0.0359,0.25,0.1045,0.9992,0.302,2740.2424,0.3767,1.3307,0.1438,0.3084,0.999,0.3756,0.0269,0.45,289520426,3508677,-0.0117,0.1894,0
TXN-2021-0033,2021-11-23,Murabaha,Xizmat,Samarqand,674,46,15.5,0.4778,1,0,5,Boshqa,0.7336,0.066,0.1126,36,324273880,259019588,0.6997,0.4687,0.7672,0.2629,0.0301,1,0.4716,0,0,,0.1279,0.1063,0.01,0.25,0.0309,0.9962,0.5952,917.5319,0.293,0.8739,0.3505,0.3463,0.0,0.5424,0.0353,0.45,259019588,4112592,-0.0133,-0.1358,0
TXN-2024-0034,2024-11-30,Sukuk,Qishloq xo'jaligi,Andijon,735,54,0.7,0.4509,2,0,1,Tovar,0.3933,1.894,0.089,36,232534317,364732342,0.8886,0.2857,0.8857,0.0982,0.114,0,0.633,5,0,BBB,0.0756,0.1142,0.0169,0.25,0.075,1.0991,0.379,1863.8906,0.2122,1.1625,0.1774,0.3473,0.0,0.6978,0.0131,0.28,364732342,1336227,-0.0078,-0.542,0
TXN-2023-0035,2023-05-16,Sukuk,Savdo,Buxoro,642,29,0.6,0.3586,1,0,3,Transport,0.8466,1.02,0.0848,36,205686344,522121323,0.5771,0.4249,0.7684,0.2074,0.1189,1,0.2582,2,0,A,0.0873,0.1212,0.0689,0.2408,0.0875,1.029,0.8226,757.4674,0.3263,0.9601,0.3035,0.2932,0.0,0.5176,0.0325,0.28,522121323,4745175,-0.009,-0.5174,0
TXN-2022-0036,2022-11-28,Ijara,Savdo,Buxoro,570,48,2.4,0.4398,4,0,2,Tovar,0.8114,1.062,0.1492,36,178442260,33194887,0.5831,0.4041,0.608,0.0708,0.2187,0,0.5133,3,1,,0.0945,0.0906,0.0567,0.25,0.0555,0.9791,0.3246,701.591,0.2895,1.5622,0.3569,0.2839,0.0,0.432,0.1674,0.35,33194887,1945209,-0.0098,0.2035,0
TXN-2022-0037,2022-07-24,Murabaha,Qishloq xo'jaligi,Toshkent,631,21,2.8,0.5187,1,0,3,Transport,0.3902,0.712,0.1916,36,457862590,42995833,0.7926,0.3877,0.8023,0.1791,0.1504,1,0.5477,2,0,,0.1206,0.14,0.044,0.25,0.1058,0.8998,0.7138,1613.0133,0.3295,1.5752,0.2024,0.346,0.0,0.5379,0.0585,0.45,42995833,1130988,-0.0125,0.5103,0
TXN-2021-0038,2021-11-15,Murabaha,Savdo,Andijon,581,26,1.4,0.5224,1,0,4,Tovar,0.7656,0.362,0.1827,24,322720855,121900084,0.7469,0.5555,0.8677,0.1733,0.2399,1,0.3221,2,0,,0.1091,0.0847,0.0528,0.25,0.0215,1.1197,0.6565,757.853,0.4132,1.6596,0.3999,0.2819,0.0,0.5092,0.0921,0.45,121900084,5053349,-0.0113,0.483,0
TXN-2022-0039,2022-03-17,Ijara,Qurilish,Andijon,587,28,5.3,0.3673,2,0,3,Ko'chmas mulk,0.3887,0.088,0.0981,24,213239834,294417498,0.5816,0.1081,0.9287,0.3804,0.1501,1,0.5771,2,1,,0.0654,0.0731,0.0321,0.2042,0.0398,1.0675,0.6532,1506.3723,0.5305,1.4779,0.1428,0.2451,0.0,0.436,0.0453,0.35,294417498,4668405,-0.0068,-0.4869,0
TXN-2022-0040,2022-11-21,Musharaka,Savdo,Buxoro,632,24,3.5,0.279,3,1,4,Ko'chmas mulk,0.5611,10.994,0.1843,60,331699306,181650637,0.5589,0.4227,0.7235,0.2194,0.01,1,0.4618,1,0,,0.1828,0.1084,0.0631,0.2349,0.0116,1.0843,0.7368,1124.4286,0.2294,1.0027,0.1565,0.2802,0.3332,0.5575,0.1465,0.6,181650637,15965328,-0.0189,0.2971,0
TXN-2021-0041,2021-07-29,Murabaha,Savdo,Boshqa,577,22,0.5,0.3143,2,0,3,Ko'chmas mulk,0.6139,2.7,0.168,36,423790746,181928813,0.3446,0.4926,0.8411,0.2979,0.2201,0,0.6909,5,0,,0.094,0.0785,0.0643,0.25,0.0695,0.9315,0.6016,938.3013,0.518,1.7681,0.193,0.2642,0.0,0.4054,0.1127,0.45,181928813,9227055,-0.0097,0.4044,0
TXN-2021-0042,2021-07-09,Musharaka,Xizmat,Boshqa,618,42,2.3,0.5283,2,0,5,Transport,0.2216,3.754,0.1099,36,106902439,108658351,0.8127,0.5222,0.9243,0.1754,0.0033,1,0.527,1,0,,0.2549,0.1177,0.0665,0.25,0.0656,0.9057,0.4396,2776.4823,0.1787,0.4297,0.1171,0.3012,0.0,0.7591,0.0723,0.6,108658351,4712224,-0.0264,-0.0787,0
TXN-2023-0043,2023-02-18,Murabaha,Qishloq xo'jaligi,Toshkent,484,35,10.0,0.5472,1,0,3,Ko'chmas mulk,0.7899,0.168,0.1764,36,328930086,82076433,0.7712,0.3202,0.615,0.2158,0.0685,1,0.6894,3,0,,0.1376,0.131,0.0625,0.25,0.0653,0.9728,0.2131,611.9227,0.2843,1.2725,0.4322,0.3185,0.0,0.4402,0.3182,0.45,82076433,11751617,-0.0143,0.3369,0
TXN-2021-0044,2021-07-18,Sukuk,Ishlab chiqarish,Andijon,663,41,7.0,0.555,1,0,3,Ko'chmas mulk,0.4057,0.037,0.1213,24,146844528,138641498,0.6398,0.387,0.7475,0.3725,0.0286,1,0.7164,1,0,A,0.0864,0.1188,0.0151,0.25,0.0635,0.9424,0.7608,1630.3623,0.4011,1.3882,0.2252,0.3538,0.0,0.4477,0.0262,0.28,138641498,1016065,-0.009,-0.1009,0
TXN-2023-0045,2023-01-06,Murabaha,Ishlab chiqarish,Samarqand,645,44,7.7,0.5073,0,0,4,Boshqa,0.7029,2.293,0.164,24,528282778,124195669,0.3862,0.324,0.8809,0.2837,0.1117,1,0.6299,4,0,,0.0902,0.1096,0.0342,0.25,0.0608,0.9599,0.5163,916.2862,0.3954,1.7975,0.3566,0.3254,0.0,0.5325,0.0834,0.45,124195669,4660941,-0.0094,0.3768,0
TXN-2022-0046,2022-12-06,Ijara,Qurilish,Samarqand,575,40,7.2,0.2805,1,0,4,Moliyaviy aktiv,0.8993,3.217,0.1446,36,137208178,108357291,0.3071,0.3827,0.7673,0.086,0.0108,1,0.1413,1,1,,0.118,0.0689,0.0686,0.1902,0.0786,1.0901,0.5228,638.6848,0.0968,1.2158,0.2522,0.1905,0.0,0.693,0.0932,0.35,108357291,3536505,-0.0122,0.1241,0
TXN-2024-0047,2024-05-21,Murabaha,Savdo,Buxoro,701,44,2.2,0.4797,3,0,2,Sanoat uskunasi,0.6266,1.256,0.1367,36,239612146,230519512,0.5008,0.6,0.7485,0.2427,0.0224,1,0.1342,2,0,,0.1251,0.1181,0.0781,0.25,0.06,0.8568,0.7015,1117.0215,0.2651,1.0841,0.3006,0.2899,0.0,0.5501,0.1027,0.45,230519512,10652212,-0.013,0.0535,0
TXN-2022-0048,2022-06-26,Musharaka,Ishlab chiqarish,Toshkent,724,37,0.6,0.5554,0,0,5,Moliyaviy aktiv,0.7082,1.227,0.1299,36,287101394,147384211,0.8193,0.5416,0.5973,0.0918,0.2524,0,0.5342,1,0,,0.2074,0.0733,0.0865,0.25,0.1483,0.9126,0.3386,1020.8522,0.3442,0.6232,0.3934,0.2367,0.0,0.3917,0.1194,0.6,147384211,10559985,-0.0215,-0.0007,0
TXN-2021-0049,2021-03-30,Musharaka,Savdo,Samarqand,508,26,1.9,0.3625,2,0,4,Moliyaviy aktiv,0.5353,1.213,0.2502,24,79925834,202270606,0.6227,0.3897,0.7891,0.0534,0.0984,1,0.5745,2,0,,0.1953,0.093,0.0819,0.25,0.0383,1.1929,0.5284,947.3039,0.1518,1.2748,0.194,0.2611,0.0,0.6692,0.1937,0.6,202270606,23512143,-0.0202,0.6156,0
TXN-2023-0050,2023-07-30,Murabaha,Qurilish,Andijon,580,48,10.7,0.2635,3,0,5,Sanoat uskunasi,0.7157,0.414,0.1418,24,69685955,137250367,0.6914,0.2473,0.8111,0.1239,0.0038,1,0.4457,3,0,,0.0953,0.0636,0.0278,0.25,0.0473,1.0335,0.2622,809.2178,0.1277,1.4729,0.1886,0.2858,0.0,0.7075,0.0403,0.45,137250367,2489383,-0.0099,0.1241,0
TXN-2024-0051,2024-01-04,Sukuk,Qurilish,Namangan,579,32,23.6,0.2666,4,1,5,Transport,0.7774,3.505,0.087,36,189330064,239953115,0.8267,0.3667,0.8263,0.024,0.2119,1,0.0964,2,0,AA,0.0881,0.081,0.0671,0.1548,0.0778,0.9628,0.3412,743.8158,0.236,0.976,0.2072,0.1687,0.2499,0.6313,0.009,0.28,239953115,604554,-0.0091,-0.4886,0
TXN-2021-0052,2021-09-13,Ijara,Ishlab chiqarish,Buxoro,565,28,4.1,0.4723,5,0,4,Moliyaviy aktiv,0.8874,0.606,0.1239,36,666825000,68507917,0.6114,0.6,0.6818,0.1685,0.1642,1,0.3657,2,1,,0.0968,0.105,0.0257,0.25,0.053,0.937,0.4237,636.0086,0.3327,1.2669,0.4191,0.3293,0.0,0.455,0.103,0.35,68507917,2468677,-0.01,-0.0635,0
TXN-2023-0053,2023-02-15,Sukuk,Qurilish,Toshkent,715,36,0.5,0.4216,0,0,5,Sanoat uskunasi,0.3532,0.98,0.103,72,218132822,55147499,0.4283,0.301,0.5957,0.2685,0.3305,1,0.3518,3,0,AA,0.0539,0.1008,0.062,0.25,0.0739,1.0138,0.3206,2018.5107,0.599,1.8753,0.1489,0.2888,0.0,0.2388,0.0148,0.28,55147499,228509,-0.0056,-0.4998,0
TXN-2021-0054,2021-06-11,Sukuk,Savdo,Buxoro,628,28,0.9,0.4557,2,0,5,Ko'chmas mulk,0.6598,2.781,0.0884,12,324998012,117239966,0.6291,0.1556,0.5756,0.2266,0.2007,0,0.4324,2,0,AA,0.061,0.1048,0.0578,0.2429,0.1293,1.0282,0.8274,950.4259,0.4273,1.426,0.3007,0.2899,0.0,0.3296,0.0219,0.28,117239966,719272,-0.0063,-0.6814,0
TXN-2024-0055,2024-02-05,Musharaka,Qurilish,Toshkent,622,33,2.3,0.4139,2,0,5,Transport,0.4617,0.0,0.2126,120,50000000,253449890,0.6941,0.4979,0.45,0.4049,0.0976,1,0.1895,1,0,,0.2641,0.0554,0.0388,0.25,0.0711,1.0975,0.526,1344.3747,0.5025,0.802,0.1911,0.2666,0.0,0.2239,0.2635,0.6,253449890,40064821,-0.0274,0.3129,0
TXN-2022-0056,2022-08-24,Sukuk,Savdo,Toshkent,474,41,5.2,0.4452,1,0,5,Transport,0.775,3.634,0.1479,84,402692793,115175014,0.6569,0.577,0.7653,0.1368,0.309,1,0.3695,1,0,A,0.0789,0.1109,0.0373,0.25,0.0385,0.947,0.5273,610.8338,0.4458,1.8505,0.345,0.3235,0.0,0.4242,0.0617,0.28,115175014,1990778,-0.0082,0.2268,0
TXN-2024-0057,2024-07-11,Murabaha,Qurilish,Andijon,699,41,0.5,0.3818,0,0,5,Moliyaviy aktiv,0.785,5.734,0.0903,36,328103670,616325750,0.65,0.3494,0.9221,0.1793,0.2336,1,0.3719,5,0,,0.1316,0.139,0.0443,0.25,0.0794,1.0393,0.2857,889.3358,0.4129,0.6806,0.2997,0.3447,0.0,0.5414,0.0316,0.45,616325750,8755929,-0.0136,-0.3018,0
TXN-2024-0058,2024-06-20,Murabaha,Savdo,Toshkent,539,29,17.2,0.3435,1,1,3,Sanoat uskunasi,0.7105,0.132,0.0912,48,362483280,72726556,0.7631,0.414,0.8017,0.1498,0.1098,1,0.8367,1,0,,0.1085,0.0782,0.0648,0.25,0.0717,0.9044,0.7076,757.6064,0.2596,0.8329,0.2441,0.2634,0.999,0.5936,0.1015,0.45,72726556,3322007,-0.0112,-0.3572,0
TXN-2023-0059,2023-01-11,Murabaha,Savdo,Andijon,650,33,2.7,0.2683,3,0,3,Tovar,0.6942,2.239,0.1894,72,250524129,129596972,0.6314,0.6,0.8978,0.0559,0.2646,1,0.459,3,0,,0.1551,0.0918,0.0754,0.1008,0.0878,0.9619,0.6922,934.9907,0.3205,1.2131,0.1863,0.1172,0.0,0.6101,0.0649,0.45,129596972,3783494,-0.0161,0.3829,0
TXN-2024-0060,2024-03-28,Murabaha,Xizmat,Samarqand,668,48,14.6,0.565,1,0,5,Tovar,0.6068,1.313,0.1715,24,113537941,41036155,0.3924,0.3691,0.8166,0.1208,0.4,1,0.4041,1,0,,0.1175,0.0665,0.0604,0.25,0.025,0.8934,0.56,1098.9913,0.5208,1.4481,0.3429,0.256,0.0,0.3913,0.0444,0.45,41036155,820792,-0.0122,0.3536,1
TXN-2022-0061,2022-01-29,Murabaha,Qurilish,Namangan,760,42,9.1,0.5966,1,0,4,Ko'chmas mulk,0.8783,0.204,0.2068,36,155278939,417594137,0.7375,0.3355,0.7748,0.191,0.0472,1,0.2282,2,0,,0.0982,0.108,0.0983,0.25,0.0429,0.9765,0.5651,864.2854,0.2382,2.0848,0.524,0.2597,0.0,0.5902,0.0521,0.45,417594137,9799396,-0.0102,0.7822,0
TXN-2024-0062,2024-12-13,Murabaha,Qurilish,Toshkent,533,58,8.4,0.4309,1,0,3,Sanoat uskunasi,0.4399,2.866,0.2156,24,141617579,136412839,0.7691,0.3609,0.8498,0.009,0.2343,1,0.6345,2,0,,0.0653,0.14,0.0243,0.25,0.0443,1.0769,0.7893,1208.7642,0.2433,3.2544,0.1896,0.3657,0.0,0.643,0.0584,0.45,136412839,3587273,-0.0068,1.3117,0
TXN-2021-0063,2021-05-23,Ijara,Xizmat,Toshkent,388,49,5.6,0.3893,2,0,3,Ko'chmas mulk,0.6297,2.369,0.1432,48,338884361,28562826,0.6512,0.4106,0.8081,0.5,0.0789,1,0.7158,4,1,,0.1036,0.0912,0.0884,0.25,0.0885,1.0362,0.7958,615.1692,0.5789,1.3688,0.2451,0.2528,0.0,0.3403,0.1787,0.35,28562826,1786574,-0.0107,0.1276,0
TXN-2021-0064,2021-04-04,Murabaha,Ishlab chiqarish,Boshqa,660,49,5.9,0.1783,3,0,4,Transport,0.682,2.573,0.0941,24,212587646,118987140,0.7559,0.5648,0.7652,0.1937,0.1047,1,0.6604,0,0,,0.0572,0.1106,0.074,0.25,0.0483,1.0887,0.8202,966.3487,0.2983,1.6176,0.1216,0.2866,0.0,0.5369,0.0504,0.45,118987140,2697741,-0.0059,-0.6266,0
TXN-2024-0065,2024-09-16,Murabaha,Savdo,Toshkent,798,24,6.1,0.2644,1,0,4,Tovar,0.6972,4.198,0.1542,72,401798928,24504553,0.534,0.2101,0.7252,0.2883,0.045,1,0.6604,1,0,,0.1263,0.1034,0.0593,0.25,0.0929,0.9608,0.2,1143.001,0.3333,1.2111,0.1843,0.2941,0.0,0.4835,0.0334,0.45,24504553,367776,-0.0131,0.1917,0
TXN-2022-0066,2022-04-12,Musharaka,Ishlab chiqarish,Samarqand,750,45,5.9,0.4403,2,0,2,Sanoat uskunasi,0.8972,0.845,0.1591,36,355293755,348465706,0.5499,0.5621,0.9409,0.0315,0.0504,1,0.501,4,0,,0.226,0.1098,0.0988,0.1466,0.0565,1.0268,0.434,835.0493,0.0819,0.701,0.395,0.1576,0.0,0.8638,0.1834,0.6,348465706,38347354,-0.0234,0.1289,0
TXN-2022-0067,2022-08-16,Murabaha,Savdo,Buxoro,662,37,4.8,0.4399,1,0,2,Tovar,0.4903,2.826,0.1601,72,701297952,78439946,0.5543,0.5633,0.6753,0.1585,0.0589,1,0.7917,0,0,,0.0782,0.0777,0.0345,0.0918,0.0612,0.9894,0.6436,1347.5502,0.2174,2.0216,0.2157,0.1349,0.0,0.5285,0.0926,0.45,78439946,3269496,-0.0081,0.3846,0
TXN-2021-0068,2021-06-13,Ijara,Ishlab chiqarish,Buxoro,603,32,25.8,0.6288,1,0,4,Ko'chmas mulk,0.5583,3.4,0.0981,24,260819335,152686060,0.7398,0.4235,0.8114,0.061,0.146,0,0.1202,4,1,,0.0772,0.0889,0.03,0.1357,0.0933,0.9784,0.8282,1078.2174,0.207,1.2537,0.3511,0.1946,0.0,0.6435,0.0468,0.35,152686060,2503377,-0.008,-0.413,0
TXN-2022-0069,2022-04-22,Murabaha,Savdo,Samarqand,713,39,7.9,0.4455,1,0,3,Tovar,0.5598,0.462,0.1621,48,213569766,88378899,0.7118,0.4847,0.859,0.196,0.0219,1,0.1197,4,0,,0.1067,0.0763,0.077,0.25,-0.0075,1.017,0.7348,1271.3644,0.2178,1.5051,0.2494,0.2493,0.0,0.6719,0.0432,0.45,88378899,1718125,-0.0111,0.3006,0
TXN-2021-0070,2021-07-26,Sukuk,Qurilish,Buxoro,562,47,9.0,0.7184,3,0,4,Ko'chmas mulk,0.586,7.87,0.1184,48,258785359,129027373,0.6768,0.4727,0.9148,0.1439,0.1008,1,0.4265,6,0,AA,0.0861,0.0817,0.0447,0.25,0.0935,1.25,0.6909,957.3483,0.2446,1.3592,0.421,0.287,0.0,0.691,0.0375,0.28,129027373,1355066,-0.0089,-0.135,0
TXN-2023-0071,2023-02-18,Ijara,Savdo,Samarqand,685,43,12.4,0.3519,0,0,4,Transport,0.8054,1.039,0.129,36,50000000,260435706,0.4704,0.169,0.5928,0.1364,0.2458,1,0.4497,5,1,,0.0804,0.0984,0.0397,0.0855,0.0784,0.9571,0.3179,849.4034,0.3822,1.5845,0.2835,0.1442,0.0,0.3663,0.058,0.35,260435706,5282579,-0.0083,-0.0128,0
TXN-2022-0072,2022-07-24,Murabaha,Xizmat,Samarqand,687,29,1.5,0.3087,0,0,4,Transport,0.8433,3.127,0.1575,72,195488433,111750166,0.24,0.6,0.652,0.0417,0.2589,1,0.5436,2,0,,0.1494,0.1175,0.0556,0.25,0.0417,0.9817,0.6914,813.6768,0.3005,1.0474,0.2604,0.3119,0.0,0.456,0.0804,0.45,111750166,4040915,-0.0155,0.1842,0
TXN-2023-0073,2023-07-18,Murabaha,Ishlab chiqarish,Buxoro,735,45,0.5,0.4857,1,0,2,Sanoat uskunasi,0.7662,3.506,0.17,36,352351271,219220166,0.6316,0.1544,0.7846,0.1839,0.0174,1,0.4198,2,0,,0.1337,0.0872,0.0414,0.25,0.0744,1.0234,0.4702,958.0714,0.2013,1.2618,0.3722,0.2958,0.0,0.6267,0.1162,0.45,219220166,11463850,-0.0139,0.2992,0
TXN-2024-0074,2024-07-25,Ijara,Ishlab chiqarish,Toshkent,850,31,4.0,0.5103,0,0,2,Ko'chmas mulk,0.7526,1.753,0.0979,24,204360279,20713380,0.5405,0.6,0.6226,0.1013,0.0319,0,0.3173,2,1,,0.152,0.1023,0.0462,0.25,0.0829,1.0466,0.29,1127.8726,0.1332,0.64,0.384,0.3061,0.0,0.5397,0.0538,0.35,20713380,390068,-0.0158,-0.211,0
TXN-2023-0075,2023-01-18,Ijara,Ishlab chiqarish,Andijon,678,40,4.3,0.3323,1,0,4,Transport,0.4642,0.344,0.1298,84,210077259,60877561,0.8809,0.3569,0.7343,0.213,0.1866,1,0.1108,2,1,,0.1329,0.1125,0.0525,0.25,0.0678,1.0744,0.7125,1457.4022,0.3997,0.9688,0.1543,0.31,0.0,0.4408,0.0225,0.35,60877561,478638,-0.0138,-0.0018,0
TXN-2021-0076,2021-11-30,Ijara,Ishlab chiqarish,Andijon,601,34,10.6,0.6738,3,0,4,Sanoat uskunasi,0.768,0.806,0.1182,36,203366925,153940522,0.7404,0.4953,0.838,0.0279,0.1801,1,0.4433,2,1,,0.1316,0.0981,0.047,0.25,0.0807,0.9667,0.7206,781.5743,0.208,0.8913,0.5175,0.3011,0.0,0.6637,0.0495,0.35,153940522,2664624,-0.0136,-0.0897,0
TXN-2023-0077,2023-01-29,Ijara,Ishlab chiqarish,Toshkent,642,35,3.5,0.4063,3,0,2,Sanoat uskunasi,0.6192,0.667,0.1542,24,630177257,89746180,0.8142,0.3812,0.9319,0.17,0.104,1,0.206,1,1,,0.0914,0.1233,0.055,0.25,0.0732,0.9031,0.6369,1035.2038,0.274,1.6692,0.2516,0.3182,0.0,0.6765,0.0413,0.35,89746180,1298423,-0.0095,0.2647,0
TXN-2022-0078,2022-12-29,Murabaha,Xizmat,Toshkent,494,45,5.1,0.3384,2,0,3,Transport,0.5148,1.828,0.1723,36,286690231,337543181,0.5746,0.3381,0.7623,0.105,0.0284,1,0.6048,4,0,,0.1664,0.0999,0.0508,0.25,0.0672,1.0085,0.8511,957.6747,0.1334,1.0295,0.1742,0.2991,0.0,0.6606,0.1609,0.45,337543181,24435200,-0.0172,0.2544,0
TXN-2022-0079,2022-03-06,Murabaha,Savdo,Samarqand,585,27,4.5,0.6719,2,0,5,Transport,0.3969,0.757,0.1179,48,221534971,266629884,0.7639,0.4905,0.8,0.0954,0.0633,1,0.6768,2,0,,0.1586,0.0659,0.0529,0.2243,0.0705,1.0929,0.558,1470.0798,0.1587,0.739,0.2667,0.2374,0.0,0.673,0.05,0.45,266629884,5995709,-0.0164,-0.0761,0
TXN-2024-0080,2024-10-04,Murabaha,Ishlab chiqarish,Buxoro,610,57,0.5,0.4254,3,0,5,Moliyaviy aktiv,0.3413,1.978,0.1689,36,1040879380,385431502,0.9102,0.518,0.7262,0.2559,0.0309,1,0.4847,3,0,,0.1167,0.1189,0.0563,0.1694,0.0664,1.0921,0.5751,1782.0246,0.2869,1.4348,0.1452,0.232,0.0,0.5179,0.0319,0.45,385431502,5535563,-0.0121,0.3335,0
TXN-2022-0081,2022-07-01,Sukuk,Qishloq xo'jaligi,Namangan,600,21,5.7,0.5209,1,0,3,Moliyaviy aktiv,0.5722,0.85,0.1351,48,110555718,159011352,0.4501,0.331,0.643,0.0371,0.2851,1,0.2221,3,0,AA,0.0876,0.0789,0.0491,0.1082,0.0579,0.8,0.2928,1046.8222,0.3223,1.5237,0.2981,0.138,0.0,0.4357,0.041,0.28,159011352,1824764,-0.0091,0.0577,0
TXN-2024-0082,2024-12-08,Musharaka,Savdo,Samarqand,657,32,10.6,0.5544,3,0,2,Transport,0.5549,0.002,0.2054,48,161377857,88197485,0.8432,0.2286,0.7878,0.2736,0.0774,1,0.4801,1,0,,0.2081,0.1218,0.0688,0.201,0.1186,0.9674,0.432,1181.9001,0.351,0.9824,0.3076,0.254,0.0,0.5113,0.2698,0.6,88197485,14278165,-0.0216,0.3625,0
TXN-2024-0083,2024-10-31,Murabaha,Qishloq xo'jaligi,Toshkent,575,41,1.0,0.7235,0,0,3,Transport,0.4649,1.128,0.1278,24,126863354,227855645,0.64,0.3953,0.8169,0.1319,0.0218,1,0.3126,3,0,,0.1185,0.1218,0.0417,0.2275,-0.0078,1.006,0.6214,1234.1994,0.1536,1.0688,0.3363,0.3076,0.0,0.6914,0.0968,0.45,227855645,9922558,-0.0123,-0.0189,0
TXN-2024-0084,2024-08-20,Murabaha,Ishlab chiqarish,Samarqand,740,43,5.4,0.1939,2,2,3,Sanoat uskunasi,0.6483,2.334,0.0974,36,153052421,70931375,0.7886,0.1727,0.7324,0.0985,0.1157,1,0.5385,3,0,,0.1146,0.0821,0.0674,0.2157,0.0668,1.0788,0.7732,1139.6569,0.2142,0.8427,0.1257,0.2303,0.9995,0.5755,0.0524,0.45,70931375,1673144,-0.0119,-0.2845,0
TXN-2021-0085,2021-05-27,Murabaha,Qishloq xo'jaligi,Boshqa,645,36,5.4,0.4778,1,1,3,Ko'chmas mulk,0.2455,3.715,0.0614,48,513096988,121115820,0.5091,0.4134,0.8207,0.1592,0.0691,0,0.4194,4,0,,0.1677,0.1369,0.0577,0.201,0.0734,1.0795,0.573,2616.9432,0.2284,0.3637,0.1173,0.2802,0.999,0.6333,0.055,0.45,121115820,2995911,-0.0174,-0.4093,0
TXN-2024-0086,2024-06-01,Murabaha,Ishlab chiqarish,Andijon,644,37,1.1,0.6964,0,0,4,Ko'chmas mulk,0.4462,0.072,0.1847,48,132779997,197488484,0.3604,0.5252,0.8765,0.1102,0.1288,1,0.4879,2,0,,0.0939,0.1379,0.0367,0.25,0.0902,0.9543,0.5384,1439.9241,0.239,1.9475,0.3107,0.3512,0.0,0.667,0.0559,0.45,197488484,4968084,-0.0097,0.5832,0
TXN-2024-0087,2024-07-24,Ijara,Qishloq xo'jaligi,Namangan,617,42,0.8,0.5545,1,0,4,Ko'chmas mulk,0.5495,0.747,0.0795,12,247014052,90587585,0.5106,0.5075,0.6086,0.1059,0.2064,1,0.4341,0,0,,0.1275,0.0617,0.0594,0.1534,0.0589,1.1263,0.7856,1120.8883,0.3123,0.6187,0.3047,0.1558,0.0,0.4186,0.0495,0.35,90587585,1569457,-0.0132,-0.3961,0
TXN-2021-0088,2021-12-17,Musharaka,IT,Boshqa,658,35,23.5,0.2409,1,0,2,Ko'chmas mulk,0.6161,10.577,0.1191,36,322283866,790080842,0.7377,0.2714,0.9401,0.4616,0.2395,1,0.4466,2,0,,0.2419,0.0875,0.0682,0.25,0.0721,1.0054,0.7783,1066.3173,0.7011,0.4903,0.1484,0.2692,0.0,0.281,0.3006,0.6,790080842,142519117,-0.0251,-0.0451,0
TXN-2023-0089,2023-12-30,Sukuk,Ishlab chiqarish,Samarqand,715,51,3.0,0.6356,2,0,5,Sanoat uskunasi,0.4824,0.759,0.1026,72,367174954,245801885,0.8063,0.2294,0.8537,0.2473,0.0678,1,0.4097,3,0,AAA,0.0685,0.0947,0.0535,0.25,0.0786,1.0354,0.8145,1479.1084,0.3151,1.4771,0.3066,0.2913,0.0,0.5847,0.0061,0.28,245801885,418797,-0.0071,-0.4001,0
TXN-2022-0090,2022-05-17,Musharaka,Qurilish,Namangan,571,46,1.5,0.2113,3,0,4,Transport,0.4111,3.754,0.1988,60,163273557,77984054,0.8547,0.1298,0.6801,0.1162,0.0943,1,0.6191,5,0,,0.199,0.095,0.0269,0.25,0.0717,1.0646,0.7332,1385.535,0.2105,0.9939,0.0869,0.3181,0.0,0.5369,0.0937,0.6,77984054,4382095,-0.0206,0.3457,0
TXN-2021-0091,2021-12-01,Murabaha,Qishloq xo'jaligi,Toshkent,589,46,1.1,0.3179,4,0,4,Ko'chmas mulk,0.5722,1.78,0.1989,48,339610101,290238984,0.6109,0.2641,0.842,0.1193,0.2164,0,0.4245,2,0,,0.081,0.128,0.0592,0.25,0.0517,0.9983,0.8537,1027.5297,0.3357,2.4262,0.1819,0.3188,0.0,0.5593,0.0442,0.45,290238984,5773014,-0.0084,0.8503,0
TXN-2023-0092,2023-08-05,Ijara,Qurilish,Toshkent,619,28,6.6,0.3772,3,0,5,Moliyaviy aktiv,0.5261,0.326,0.1311,12,183922215,465478365,0.6499,0.6,0.7832,0.0402,0.1781,1,0.1032,2,1,,0.1067,0.0701,0.0655,0.25,0.0438,1.1131,0.7734,1174.4594,0.2183,1.2166,0.1984,0.2546,0.0,0.6123,0.018,0.35,465478365,2928857,-0.0111,0.01,0
TXN-2023-0093,2023-02-17,Ijara,Xizmat,Andijon,530,37,5.6,0.2485,1,0,4,Tovar,0.5429,2.578,0.112,48,243976782,51641274,0.738,0.3111,0.6898,0.2061,0.4,1,0.5616,1,1,,0.1138,0.0941,0.0565,0.25,0.0265,0.9822,0.7225,974.4261,0.6061,0.9753,0.1349,0.2876,0.0,0.2717,0.0677,0.35,51641274,1223083,-0.0118,-0.1586,0
TXN-2022-0094,2022-07-07,Musharaka,Savdo,Toshkent,575,34,6.2,0.4151,3,0,5,Tovar,0.5917,8.479,0.164,12,127232960,363521597,0.5936,0.2594,0.5162,0.2195,0.083,1,0.2879,2,0,,0.2899,0.1338,0.0245,0.25,0.0578,1.0559,0.7123,970.0629,0.3024,0.5638,0.2456,0.3593,0.0,0.3601,0.2127,0.6,363521597,46389216,-0.03,0.1172,1
TXN-2024-0095,2024-08-03,Ijara,Xizmat,Buxoro,604,27,0.6,0.2945,2,1,3,Transport,0.9218,5.447,0.0745,48,110422979,61349716,0.613,0.2233,0.7918,0.0713,0.1821,1,0.6294,0,1,,0.1241,0.0951,0.0529,0.25,0.0759,1.0228,0.5054,654.505,0.2534,0.5956,0.2715,0.2921,0.4998,0.5911,0.0829,0.35,61349716,1779380,-0.0129,-0.447,0
TXN-2024-0096,2024-11-10,Musharaka,Qurilish,Buxoro,719,41,13.4,0.7044,0,1,3,Ko'chmas mulk,0.6032,2.93,0.2665,48,299690196,147512021,0.7602,0.5527,0.6436,0.1224,0.0176,1,0.1155,4,0,,0.2898,0.1182,0.0496,0.25,0.0939,0.9996,0.5128,1189.968,0.1401,0.9162,0.4249,0.3186,1000.0,0.5535,0.245,0.6,147512021,21685526,-0.03,0.4708,0
TXN-2024-0097,2024-02-15,Musharaka,Savdo,Andijon,667,32,3.0,0.3801,2,0,4,Ko'chmas mulk,0.4493,1.794,0.2332,36,1016025472,167754601,0.7357,0.6,0.7919,0.22,0.1733,1,0.3911,3,0,,0.2494,0.0662,0.0341,0.25,0.0798,0.936,0.7628,1481.0863,0.3932,0.9314,0.1708,0.2821,0.0,0.4805,0.0901,0.6,167754601,9067968,-0.0258,0.4138,1
TXN-2022-0098,2022-03-26,Musharaka,Xizmat,Toshkent,661,44,2.3,0.5332,2,0,4,Ko'chmas mulk,0.6779,0.962,0.1966,12,199359583,93574831,0.7167,0.5881,0.8647,0.1187,0.0154,1,0.4553,1,0,,0.2196,0.137,0.0734,0.25,0.0373,1.1843,0.6617,973.7003,0.1341,0.891,0.3614,0.3136,0.0,0.7488,0.161,0.6,93574831,9040751,-0.0228,0.3032,0
TXN-2024-0099,2024-11-03,Murabaha,Ishlab chiqarish,Andijon,717,27,3.7,0.6619,1,0,3,Ko'chmas mulk,0.413,1.104,0.1973,48,238535270,93364272,0.8853,0.2565,0.9647,0.0985,0.1994,1,0.6669,1,0,,0.1068,0.131,0.0794,0.25,0.0696,0.9718,0.55,1732.0482,0.2978,1.8305,0.2734,0.3016,0.0,0.6774,0.0334,0.45,93364272,1405279,-0.0111,0.6302,0
TXN-2022-0100,2022-10-27,Murabaha,Savdo,Buxoro,633,55,3.0,0.4608,4,0,4,Tovar,0.8302,1.062,0.183,60,351435221,81517222,0.281,0.6,0.8202,0.1275,0.0256,1,0.3289,5,0,,0.1114,0.0986,0.0374,0.2184,0.0681,0.8912,0.711,761.5059,0.1531,1.6284,0.3826,0.2796,0.0,0.6947,0.0585,0.45,81517222,2146235,-0.0115,0.4758,0
TXN-2021-0101,2021-04-25,Murabaha,Qurilish,Samarqand,678,29,12.0,0.6981,1,3,1,Boshqa,0.5775,6.38,0.1616,48,460505689,101677548,0.657,0.2363,0.5981,0.5,0.4,1,0.6569,2,0,,0.1245,0.0899,0.0729,0.25,0.0468,1.0026,0.5679,1171.9558,0.9,1.2873,0.4031,0.2669,2.997,0.0598,0.3452,0.45,101677548,15795654,-0.0129,0.2536,0
TXN-2022-0102,2022-04-15,Musharaka,Qishloq xo'jaligi,Toshkent,636,40,15.9,0.5323,2,0,4,Tovar,0.4211,0.593,0.178,48,474756587,74003439,0.6635,0.3497,0.9412,0.3655,0.1658,1,0.3057,2,0,,0.2846,0.106,0.0604,0.1534,0.0556,0.9777,0.4406,1506.7221,0.5313,0.6232,0.2242,0.1991,0.0,0.4411,0.1602,0.6,74003439,7111978,-0.0295,0.1686,0
TXN-2021-0103,2021-03-07,Murabaha,Xizmat,Toshkent,667,45,2.2,0.4741,1,2,3,Sanoat uskunasi,0.6838,1.187,0.1415,12,337029895,323479728,0.4874,0.5268,0.6511,0.188,0.0819,1,0.4783,0,0,,0.1333,0.0913,0.0487,0.1892,0.073,1.0873,0.6535,973.9474,0.2699,1.0536,0.3242,0.2318,1.998,0.4754,0.0938,0.45,323479728,13650466,-0.0138,0.0864,0
TXN-2022-0104,2022-10-09,Musharaka,Qurilish,Boshqa,595,32,12.0,0.3888,3,0,4,Sanoat uskunasi,0.4362,1.414,0.0913,48,220254231,53019763,0.8298,0.6,0.8404,0.2118,0.0263,1,0.7346,1,0,,0.1499,0.1165,0.077,0.25,0.0655,1.0807,0.7978,1361.0064,0.2381,0.6049,0.1696,0.2895,0.0,0.6403,0.0762,0.6,53019763,2425166,-0.0155,-0.2581,0
TXN-2023-0105,2023-04-02,Sukuk,Qishloq xo'jaligi,Toshkent,437,46,9.1,0.2072,2,0,4,Tovar,0.4443,1.314,0.1268,48,367859747,522438010,0.846,0.5078,0.8553,0.1357,0.0534,0,0.2783,1,0,A,0.0717,0.0881,0.0523,0.1048,0.0959,0.8954,0.2,981.3466,0.1891,1.745,0.092,0.1405,0.0,0.6936,0.0213,0.28,522438010,3113664,-0.0074,-0.0442,0
TXN-2022-0106,2022-07-03,Murabaha,Xizmat,Samarqand,633,25,16.0,0.3732,1,0,5,Moliyaviy aktiv,0.6636,0.011,0.1321,36,309397296,135170908,0.8208,0.5149,0.8111,0.1096,0.1846,1,0.2986,1,0,,0.0967,0.0725,0.0529,0.25,0.0619,1.027,0.6076,952.4734,0.2942,1.353,0.2476,0.2696,0.0,0.5725,0.0384,0.45,135170908,2335404,-0.01,0.0222,0
TXN-2021-0107,2021-05-16,Murabaha,Qurilish,Toshkent,765,52,1.7,0.2651,1,0,3,Sanoat uskunasi,0.6922,0.79,0.1826,48,235958833,34248165,0.8531,0.4248,0.7848,0.2134,0.2377,1,0.439,2,0,,0.1124,0.1148,0.0416,0.1385,0.0454,0.9487,0.2552,1103.5888,0.4511,1.6103,0.1835,0.2117,0.0,0.4307,0.0386,0.45,34248165,595226,-0.0116,0.4682,0
TXN-2022-0108,2022-03-09,Ijara,Ishlab chiqarish,Samarqand,723,38,5.2,0.5766,3,1,5,Ko'chmas mulk,0.6973,1.726,0.142,48,423077889,254924054,0.5697,0.5741,0.7433,0.1524,0.0631,1,0.7861,1,0,,0.1046,0.0781,0.05,0.25,0.0497,0.9101,0.5984,1035.4073,0.2155,1.3445,0.4021,0.2781,0.3332,0.5831,0.0217,0.35,254924054,1938526,-0.0108,0.1147,0
TXN-2024-0109,2024-03-07,Murabaha,Qishloq xo'jaligi,Boshqa,727,32,1.9,0.285,1,0,2,Ko'chmas mulk,0.8297,3.573,0.1441,48,316158837,113088176,0.8363,0.4866,0.7656,0.1111,0.2879,1,0.5658,1,0,,0.092,0.1001,0.0591,0.25,0.0345,0.87,0.2643,875.1837,0.399,1.5494,0.2364,0.291,0.0,0.4601,0.0905,0.45,113088176,4604416,-0.0095,0.1529,0
TXN-2022-0110,2022-10-07,Murabaha,Savdo,Toshkent,750,35,10.4,0.4229,2,1,4,Sanoat uskunasi,0.9424,2.107,0.1736,24,160796907,64394297,0.4403,0.3907,0.8803,0.1447,0.0621,1,0.5911,5,0,,0.1175,0.1297,0.0577,0.2202,0.0438,1.0048,0.8165,795.0231,0.2068,1.4648,0.3985,0.2922,0.4998,0.6982,0.0403,0.45,64394297,1168479,-0.0122,0.3712,0
TXN-2022-0111,2022-03-12,Murabaha,IT,Samarqand,652,46,0.5,0.5073,1,0,3,Ko'chmas mulk,0.378,1.215,0.1088,24,129144628,116873767,0.5404,0.1528,0.5742,0.053,0.0732,1,0.3904,4,0,,0.1118,0.0717,0.0538,0.25,0.0799,1.0083,0.4464,1720.2094,0.1261,0.9647,0.1918,0.2679,0.0,0.5018,0.0641,0.45,116873767,3370638,-0.0116,-0.1895,0
TXN-2024-0112,2024-09-04,Murabaha,Xizmat,Namangan,661,32,5.0,0.2693,2,0,5,Moliyaviy aktiv,0.6229,2.735,0.081,120,94208252,86319545,0.6382,0.2688,0.7796,0.4393,0.0673,1,0.6099,2,0,,0.1217,0.0698,0.0465,0.25,0.05,0.8777,0.549,1059.4107,0.5066,0.6603,0.1678,0.2733,0.0,0.3846,0.0396,0.45,86319545,1539626,-0.0126,-0.4022,0
TXN-2023-0113,2023-10-20,Sukuk,Savdo,Toshkent,592,30,2.5,0.4081,3,1,4,Sanoat uskunasi,0.2782,2.741,0.0962,36,139050980,365477568,0.5876,0.2156,0.5654,0.068,0.1667,0,0.496,1,0,A,0.072,0.0954,0.0543,0.0606,0.0244,1.1284,0.3317,2120.4392,0.2347,1.3179,0.1135,0.1017,0.3332,0.4327,0.0136,0.28,365477568,1389486,-0.0075,-0.4692,0
TXN-2023-0114,2023-03-22,Ijara,Savdo,Toshkent,618,35,2.3,0.3287,1,0,5,Sanoat uskunasi,0.433,0.712,0.1331,12,249241379,85930287,0.7181,0.4803,0.778,0.0488,0.1162,1,0.2502,2,1,,0.0678,0.0982,0.0481,0.25,0.0818,0.9527,0.3878,1423.9193,0.1649,1.9366,0.1423,0.3001,0.0,0.6497,0.0152,0.35,85930287,457674,-0.007,0.0464,0
TXN-2024-0115,2024-08-09,Musharaka,Savdo,Andijon,697,26,6.2,0.429,4,0,2,Ko'chmas mulk,0.5111,0.274,0.2316,72,452586569,58727788,0.691,0.3163,0.8045,0.4105,0.174,0,0.3246,2,0,,0.1109,0.1127,0.0782,0.1566,0.0481,0.9057,0.856,1360.9557,0.5845,2.07,0.2193,0.1912,0.0,0.3343,0.262,0.6,58727788,9230620,-0.0115,0.916,0
TXN-2023-0116,2023-07-29,Sukuk,IT,Buxoro,747,56,11.4,0.6863,2,0,5,Transport,0.7824,4.064,0.1023,24,228198666,90359585,0.6038,0.2352,0.7371,0.3106,0.2397,0,0.1196,3,0,AAA,0.0664,0.137,0.0454,0.25,0.0843,1.049,0.4448,953.5255,0.5503,1.518,0.537,0.3415,0.0,0.3315,0.0244,0.28,90359585,617117,-0.0069,-0.4167,0
TXN-2021-0117,2021-10-20,Ijara,Savdo,Namangan,633,32,5.6,0.2594,3,0,3,Transport,0.7075,1.886,0.093,36,292122762,74087200,0.6919,0.5863,0.6437,0.1944,0.0594,1,0.267,0,1,,0.0928,0.0667,0.0278,0.0908,0.0817,0.8,0.6551,893.4155,0.2538,0.991,0.1835,0.1298,0.0,0.4803,0.0847,0.35,74087200,2195738,-0.0096,-0.399,0
TXN-2022-0118,2022-06-27,Murabaha,Xizmat,Toshkent,606,46,11.5,0.2282,2,0,1,Sanoat uskunasi,0.5549,0.486,0.1922,24,351029205,315468685,0.5429,0.4091,0.8581,0.2463,0.0144,1,0.4992,4,0,,0.1104,0.0989,0.032,0.25,0.0489,0.9179,0.4523,1090.1131,0.2607,1.7245,0.1266,0.3169,0.0,0.6344,0.1625,0.45,315468685,23064902,-0.0114,0.5629,0
TXN-2021-0119,2021-10-13,Sukuk,Savdo,Samarqand,645,40,1.8,0.3044,6,1,3,Transport,0.4906,0.76,0.0911,84,117984341,170856696,0.2148,0.1659,0.7972,0.0445,0.3822,0,0.376,3,0,BBB,0.0902,0.0626,0.0838,0.25,0.0525,1.1104,0.5325,1311.9837,0.4267,0.9981,0.1494,0.2288,0.1666,0.457,0.0182,0.28,170856696,869466,-0.0093,-0.4316,0
TXN-2022-0120,2022-05-21,Musharaka,Qurilish,Boshqa,696,28,4.4,0.1109,2,0,4,Boshqa,0.6535,3.636,0.2032,36,188791963,53164774,0.1989,0.2641,0.8623,0.3466,0.1827,1,0.4745,2,0,,0.2863,0.1104,0.0719,0.25,0.0768,1.0812,0.5102,1063.477,0.5293,0.7074,0.0725,0.2885,0.0,0.4059,0.1416,0.6,53164774,4517909,-0.0297,0.2558,0
TXN-2024-0121,2024-02-24,Ijara,Qurilish,Samarqand,522,37,3.6,0.5177,3,0,4,Sanoat uskunasi,0.669,2.648,0.1351,48,121756557,70864044,0.5968,0.1665,0.7842,0.3167,0.1187,1,0.4119,4,1,,0.0584,0.0849,0.0424,0.1594,0.0914,0.9395,0.4624,779.1182,0.4354,2.2745,0.3463,0.2019,0.0,0.4427,0.0906,0.35,70864044,2247039,-0.0061,0.0877,0
TXN-2024-0122,2024-01-09,Sukuk,Qurilish,Toshkent,449,45,0.5,0.2864,2,0,3,Sanoat uskunasi,0.3238,7.259,0.1017,48,199922153,108669483,0.7296,0.2795,0.8346,0.3017,0.234,1,0.4907,1,0,A,0.0648,0.1076,0.0555,0.2261,0.0319,1.1251,0.7097,1382.3569,0.5357,1.5451,0.0927,0.2782,0.0,0.3875,0.0297,0.28,108669483,903174,-0.0067,-0.4358,0
TXN-2022-0123,2022-06-23,Murabaha,Qurilish,Boshqa,598,36,4.9,0.1913,2,0,2,Moliyaviy aktiv,0.5696,1.563,0.0623,12,286881570,40861507,0.3818,0.5594,0.6115,0.3388,0.1137,0,0.6516,2,0,,0.1336,0.1088,0.0407,0.25,0.0957,1.0141,0.5024,1047.9487,0.4526,0.4627,0.109,0.3181,0.0,0.3348,0.2072,0.45,40861507,3810839,-0.0138,-0.5066,0
TXN-2024-0124,2024-04-12,Murabaha,Savdo,Boshqa,541,49,6.5,0.2677,0,1,4,Boshqa,0.3988,0.134,0.1131,36,256483013,68345697,0.7341,0.2267,0.4979,0.1014,0.0864,1,0.3179,3,0,,0.1423,0.1086,0.052,0.25,0.0855,1.0072,0.4735,1353.3369,0.1877,0.7893,0.1067,0.3066,1000.0,0.4044,0.0956,0.45,68345697,2941722,-0.0147,-0.1186,1
TXN-2023-0125,2023-05-28,Murabaha,Ishlab chiqarish,Namangan,601,48,5.4,0.3589,1,0,5,Ko'chmas mulk,0.7401,3.013,0.1587,36,149312543,186223077,0.2365,0.35,0.8881,0.0852,0.1939,1,0.5111,2,0,,0.1573,0.0961,0.0863,0.25,0.0649,0.9988,0.7454,810.9879,0.2791,1.0023,0.2656,0.2598,0.0,0.6403,0.0449,0.45,186223077,3760140,-0.0163,0.1822,0
TXN-2024-0126,2024-04-10,Musharaka,Xizmat,Toshkent,632,47,8.0,0.5256,2,0,4,Tovar,0.7606,0.736,0.2744,120,339449355,528585062,0.8946,0.6,0.9055,0.2995,0.0112,1,0.2096,2,0,,0.2277,0.0575,0.0773,0.25,0.093,1.1236,0.6453,829.8853,0.3107,1.2,0.3997,0.2302,0.0,0.6241,0.1432,0.6,528585062,45420657,-0.0236,0.6343,0
TXN-2023-0127,2023-03-29,Ijara,Qurilish,Toshkent,606,33,5.1,0.5255,0,0,4,Ko'chmas mulk,0.6252,0.978,0.1403,60,286506790,41001347,0.3445,0.5884,0.7233,0.2201,0.1564,0,0.2573,1,1,,0.0535,0.0704,0.0567,0.25,0.0892,1.0931,0.8947,967.8124,0.3765,2.5775,0.3285,0.2637,0.0,0.451,0.0504,0.35,41001347,723353,-0.0055,0.1936,0
TXN-2023-0128,2023-01-12,Sukuk,Qishloq xo'jaligi,Toshkent,768,27,0.5,0.2302,2,0,4,Transport,0.5076,0.547,0.1122,60,316456471,1000883077,0.7541,0.2563,0.7272,0.1922,0.1166,1,0.2685,1,0,AA,0.0547,0.1086,0.0108,0.25,0.0478,1.1398,0.8629,1509.91,0.3088,2.014,0.1168,0.3478,0.0,0.5026,0.005,0.28,1000883077,1409669,-0.0057,-0.3261,0
TXN-2022-0129,2022-03-26,Murabaha,Qurilish,Samarqand,672,31,0.7,0.2956,1,0,4,Ko'chmas mulk,0.7202,0.924,0.0605,36,268638425,192949725,0.7952,0.2874,0.8829,0.0368,0.0604,1,0.6868,4,0,,0.1105,0.1204,0.0597,0.245,0.0534,1.1107,0.4815,931.7581,0.0973,0.542,0.2129,0.3058,0.0,0.797,0.0255,0.45,192949725,2214126,-0.0115,-0.629,0
TXN-2021-0130,2021-10-11,Musharaka,Xizmat,Boshqa,670,39,5.4,0.4951,1,0,5,Sanoat uskunasi,0.5137,4.422,0.2434,36,155899440,67080712,0.8626,0.2084,0.7119,0.3084,0.2026,1,0.5483,1,0,,0.1659,0.0611,0.0578,0.2414,0.0316,1.0845,0.3043,1301.805,0.511,1.4584,0.2543,0.2446,0.0,0.3481,0.0981,0.6,67080712,3948672,-0.0172,0.6836,0
TXN-2023-0131,2023-11-10,Murabaha,Ishlab chiqarish,Samarqand,697,43,1.9,0.5094,2,0,4,Transport,0.3099,2.149,0.177,36,118147334,432285511,0.6343,0.3534,0.903,0.3085,0.1396,1,0.1809,2,0,,0.0899,0.0526,0.0545,0.25,0.0711,0.9945,0.4343,2241.6203,0.4481,1.9462,0.1579,0.2481,0.0,0.4983,0.0208,0.45,432285511,4038566,-0.0093,0.522,0
TXN-2023-0132,2023-10-08,Murabaha,Qurilish,Boshqa,548,21,0.5,0.3366,0,0,3,Sanoat uskunasi,0.4368,0.289,0.1628,48,308957949,198914759,0.3306,0.4404,0.8209,0.1299,0.19,1,0.2551,2,0,,0.1011,0.1368,0.0395,0.25,0.0422,1.0523,0.4197,1251.8164,0.3199,1.5948,0.147,0.3473,0.0,0.5583,0.0964,0.45,198914759,8625868,-0.0105,0.3243,0
TXN-2021-0133,2021-07-06,Murabaha,Qishloq xo'jaligi,Toshkent,733,37,3.4,0.4409,3,0,5,Sanoat uskunasi,0.7388,2.208,0.1508,48,315572780,268312263,0.8046,0.5363,0.713,0.0933,0.1096,1,0.2675,0,0,,0.0712,0.1027,0.0772,0.25,0.0349,1.0218,0.8136,990.787,0.2029,2.0887,0.3258,0.2755,0.0,0.5683,0.0172,0.45,268312263,2075306,-0.0074,0.292,0
TXN-2021-0134,2021-04-07,Murabaha,Savdo,Toshkent,638,39,4.8,0.426,2,0,5,Sanoat uskunasi,0.5275,2.51,0.1602,60,256244491,264474977,0.6116,0.4874,0.8903,0.0871,0.4,1,0.3703,1,0,,0.123,0.0641,0.0459,0.25,0.0784,0.97,0.7597,1207.2213,0.4871,1.2917,0.2247,0.2682,0.0,0.4566,0.0266,0.45,264474977,3166353,-0.0128,0.2456,0
TXN-2021-0135,2021-08-13,Sukuk,IT,Toshkent,701,35,2.4,0.3415,3,0,2,Ko'chmas mulk,0.4373,5.403,0.1307,72,864951007,315049989,0.3922,0.5007,0.7438,0.2785,0.1475,1,0.4903,4,0,AA,0.1115,0.0711,0.0687,0.1724,0.0912,1.1148,0.3548,1599.4011,0.426,1.1617,0.1493,0.1749,0.0,0.4269,0.0333,0.28,315049989,2937808,-0.0116,0.0063,0
TXN-2021-0136,2021-11-10,Murabaha,Qurilish,Andijon,553,50,7.6,0.5885,1,0,4,Tovar,0.1427,4.909,0.1379,12,185824834,61827304,0.6803,0.3381,0.8371,0.232,0.1359,1,0.7332,1,0,,0.1341,0.0861,0.0646,0.2317,0.0702,0.995,0.8181,3848.07,0.3679,1.0206,0.084,0.2532,0.0,0.5291,0.0456,0.45,61827304,1269055,-0.0139,0.0588,0
TXN-2024-0137,2024-07-09,Musharaka,Xizmat,Samarqand,512,42,6.2,0.7143,1,0,4,Sanoat uskunasi,0.5339,0.162,0.2026,60,300687359,261108649,0.5593,0.1586,0.8206,0.4876,0.0394,1,0.3694,3,0,,0.2772,0.0753,0.0505,0.25,0.0313,0.9901,0.2548,957.2225,0.527,0.7282,0.3813,0.2748,0.0,0.3881,0.3339,0.6,261108649,52309338,-0.0287,0.2619,0
TXN-2021-0138,2021-11-24,Ijara,Qurilish,Andijon,714,51,2.4,0.5075,2,0,4,Transport,0.6564,5.038,0.1108,48,261709770,154066726,0.4911,0.5366,0.7904,0.1855,0.0249,1,0.7565,1,1,,0.1207,0.0808,0.0739,0.25,0.0304,0.9526,0.6413,1086.1335,0.2104,0.9106,0.3331,0.257,0.0,0.6241,0.0279,0.35,154066726,1506669,-0.0125,-0.1591,1
TXN-2024-0139,2024-10-25,Murabaha,Ishlab chiqarish,Buxoro,676,35,8.4,0.2804,0,0,3,Boshqa,0.4851,0.131,0.1406,36,239827685,222878284,0.7982,0.1575,0.5271,0.2862,0.0589,1,0.4052,0,0,,0.168,0.1068,0.0402,0.1861,0.0647,0.907,0.8359,1390.5534,0.3451,0.8322,0.136,0.2527,0.0,0.3452,0.0812,0.45,222878284,8141404,-0.0174,0.0633,0
TXN-2023-0140,2023-05-15,Sukuk,Xizmat,Samarqand,568,47,6.3,0.3587,2,0,4,Ko'chmas mulk,0.7666,0.418,0.1029,48,129179040,92501725,0.5845,0.4069,0.6155,0.3659,0.0418,1,0.1962,3,0,AA,0.0838,0.0957,0.0584,0.154,0.0833,1.0047,0.6494,739.9869,0.4077,1.2125,0.275,0.1913,0.0,0.3645,0.0427,0.28,92501725,1104693,-0.0087,-0.3236,0
TXN-2024-0141,2024-05-06,Sukuk,Qurilish,Andijon,571,54,6.1,0.2954,0,0,3,Transport,0.5533,0.296,0.1153,72,208121130,94366121,0.5851,0.1897,0.8096,0.5,0.0851,1,0.2151,2,0,A,0.0927,0.1021,0.0895,0.2002,0.0906,1.0739,0.5143,1030.1416,0.5851,1.2311,0.1635,0.2129,0.0,0.336,0.0439,0.28,94366121,1160711,-0.0096,-0.1583,0
TXN-2021-0142,2021-05-11,Murabaha,Xizmat,Buxoro,740,51,4.8,0.3086,1,1,3,Sanoat uskunasi,0.4211,0.501,0.1201,36,436188078,98933432,0.5343,0.2823,0.9168,0.2397,0.2049,0,0.6206,4,0,,0.1285,0.109,0.0372,0.25,0.0649,0.8739,0.739,1753.2441,0.4446,0.9274,0.1299,0.3218,0.999,0.5092,0.0418,0.45,98933432,1862633,-0.0133,-0.077,0
TXN-2023-0143,2023-02-28,Musharaka,Qurilish,Toshkent,543,27,0.5,0.4868,2,1,5,Ko'chmas mulk,0.5216,4.065,0.1728,24,348600501,247610008,0.717,0.5261,0.8792,0.0139,0.2057,1,0.3282,2,0,,0.2825,0.0842,0.0546,0.25,0.0495,1.0663,0.5804,1039.0643,0.2195,0.6097,0.2539,0.2796,0.4998,0.6862,0.1119,0.6,247610008,16628936,-0.0293,0.1517,0
TXN-2023-0144,2023-02-21,Murabaha,Ishlab chiqarish,Andijon,784,35,7.2,0.4515,0,0,4,Transport,0.7328,2.897,0.1533,36,408055237,139921402,0.6594,0.4239,0.45,0.3001,0.0954,0,0.3992,4,0,,0.0915,0.1298,0.063,0.2445,0.0884,0.9578,0.5773,1068.3513,0.3955,1.6566,0.3309,0.3113,0.0,0.272,0.0851,0.45,139921402,5359572,-0.0095,0.2541,0
TXN-2024-0145,2024-05-05,Murabaha,Xizmat,Toshkent,568,34,2.8,0.6013,0,0,5,Tovar,0.5592,2.904,0.1348,72,169847969,101756043,0.5116,0.2895,0.8301,0.2699,0.1897,1,0.3828,1,0,,0.1671,0.1099,0.0619,0.1348,0.0746,1.0449,0.6337,1013.864,0.4596,0.802,0.3363,0.1827,0.0,0.4486,0.0675,0.45,101756043,3092903,-0.0173,0.029,0
TXN-2023-0146,2023-08-17,Murabaha,Qishloq xo'jaligi,Samarqand,699,42,17.1,0.7504,1,0,5,Ko'chmas mulk,0.4158,6.382,0.1463,60,426308515,117208267,0.5588,0.3742,0.7321,0.0746,0.0106,0,0.4246,4,0,,0.1082,0.1074,0.0632,0.25,0.0336,0.9731,0.5811,1677.2019,0.0852,1.3398,0.312,0.2942,0.0,0.6697,0.0299,0.45,117208267,1578184,-0.0112,0.1503,0
TXN-2023-0147,2023-12-20,Musharaka,Qishloq xo'jaligi,Buxoro,617,44,10.2,0.3297,2,1,4,Transport,0.6778,1.243,0.1086,24,126869935,356209856,0.3073,0.2795,0.7329,0.1287,0.0441,1,0.4841,4,0,,0.1656,0.0855,0.0399,0.1297,0.1005,1.1066,0.8928,909.0176,0.1728,0.6517,0.2234,0.1754,0.4998,0.6063,0.1952,0.6,356209856,41719856,-0.0172,-0.1294,0
TXN-2022-0148,2022-05-30,Musharaka,Xizmat,Namangan,696,29,5.3,0.2201,1,0,5,Sanoat uskunasi,0.5023,0.008,0.213,48,217550167,209739142,0.4993,0.1248,0.9154,0.1594,0.1015,1,0.3177,1,0,,0.2811,0.1102,0.0577,0.2457,0.0649,1.1592,0.8651,1382.7841,0.2609,0.7553,0.1106,0.2981,0.0,0.6766,0.0397,0.6,209739142,5001497,-0.0291,0.2954,0
TXN-2024-0149,2024-02-08,Murabaha,Xizmat,Samarqand,598,38,1.7,0.301,3,1,3,Sanoat uskunasi,0.6116,2.553,0.1156,24,132798869,204558128,0.4504,0.2112,0.7442,0.1087,0.0411,1,0.244,5,0,,0.1298,0.1081,0.0468,0.1826,0.0719,0.9297,0.4354,976.2206,0.1499,0.8843,0.1841,0.2439,0.3332,0.6327,0.0996,0.45,204558128,9165766,-0.0134,-0.1106,0
TXN-2021-0150,2021-01-24,Murabaha,Qurilish,Buxoro,631,21,1.4,0.5154,3,0,4,Sanoat uskunasi,0.4828,5.064,0.0848,36,709313593,178834296,0.4573,0.1536,0.8894,0.0949,0.1953,1,0.5813,2,0,,0.0958,0.1084,0.0909,0.25,0.0804,1.0887,0.826,1304.1573,0.2902,0.8761,0.2489,0.2674,0.0,0.6314,0.0351,0.45,178834296,2825027,-0.0099,-0.4716,0
TXN-2024-0151,2024-10-25,Sukuk,Savdo,Samarqand,648,52,2.5,0.1531,1,1,4,Tovar,0.2673,9.352,0.1072,36,269567462,314272219,0.5533,0.2897,0.4927,0.4453,0.1492,0,0.4521,2,0,A,0.065,0.1151,0.0554,0.1783,0.0781,0.9856,0.4369,2415.4855,0.5944,1.6243,0.0409,0.238,0.999,0.1998,0.0189,0.28,314272219,1665682,-0.0067,-0.3502,0
TXN-2021-0152,2021-08-23,Murabaha,Qishloq xo'jaligi,Buxoro,559,32,3.9,0.3223,2,1,4,Transport,0.4988,1.131,0.1535,36,431747628,70779470,0.6426,0.5108,0.9405,0.0783,0.084,1,0.2447,4,0,,0.0719,0.1086,0.0236,0.2294,0.0436,1.0275,0.7093,1118.5102,0.1623,2.1068,0.1607,0.3144,0.4998,0.7878,0.0369,0.45,70779470,1174233,-0.0074,0.327,0
TXN-2024-0153,2024-10-28,Murabaha,IT,Andijon,707,38,2.1,0.3174,1,0,2,Sanoat uskunasi,0.7376,4.317,0.1574,12,311409366,275943794,0.4201,0.2118,0.7971,0.147,0.125,1,0.4092,2,0,,0.1438,0.1037,0.0634,0.25,0.0068,1.0785,0.4737,957.2245,0.2721,1.0874,0.2341,0.2903,0.0,0.5803,0.0855,0.45,275943794,10611719,-0.0149,0.1907,0
TXN-2024-0154,2024-01-05,Musharaka,Ishlab chiqarish,Toshkent,601,34,4.3,0.4708,2,0,3,Tovar,0.8862,4.73,0.207,60,336999746,156566022,0.7891,0.4198,0.925,0.0612,0.2595,1,0.4342,1,0,,0.2779,0.1236,0.0787,0.2288,0.0679,0.9109,0.6121,677.3874,0.3206,0.7423,0.4172,0.2738,0.0,0.6284,0.2767,0.6,156566022,25988868,-0.0288,0.2771,0
TXN-2022-0155,2022-07-01,Sukuk,Qurilish,Namangan,625,49,1.1,0.2657,2,0,3,Ko'chmas mulk,0.7537,0.39,0.1106,60,130752019,77242642,0.4331,0.5539,0.7665,0.0737,0.1349,1,0.2133,3,0,A,0.0948,0.0727,0.0601,0.226,0.0842,0.9898,0.6073,828.1218,0.2087,1.1538,0.2003,0.2386,0.0,0.6066,0.0325,0.28,77242642,703689,-0.0098,-0.2048,0
TXN-2024-0156,2024-08-05,Murabaha,Ishlab chiqarish,Samarqand,560,21,22.8,0.5061,0,1,4,Boshqa,0.8865,2.496,0.1987,36,235520180,146429262,0.4465,0.05,0.5358,0.1914,0.1101,1,0.3297,3,0,,0.1225,0.127,0.0449,0.0826,0.0896,1.0164,0.599,630.9596,0.3015,1.6092,0.4487,0.1647,1000.0,0.3743,0.1684,0.45,146429262,11095382,-0.0127,0.5611,0
TXN-2022-0157,2022-11-28,Ijara,Qishloq xo'jaligi,Toshkent,427,37,0.7,0.2863,2,1,5,Tovar,0.6703,0.475,0.1451,24,127896897,122457688,0.6014,0.6,0.7664,0.1067,0.2003,1,0.694,4,1,,0.1017,0.1001,0.0454,0.25,0.0723,1.1134,0.2523,636.0402,0.3071,1.4125,0.1919,0.3047,0.4998,0.5311,0.0701,0.35,122457688,3004778,-0.0105,0.1481,0
TXN-2021-0158,2021-08-17,Ijara,Ishlab chiqarish,Andijon,628,36,16.1,0.5387,1,0,5,Ko'chmas mulk,0.5929,1.479,0.1482,24,184872122,188465063,0.4047,0.3407,0.867,0.0884,0.1183,1,0.761,3,1,,0.122,0.0759,0.0603,0.1339,0.051,1.0458,0.7357,1057.4645,0.2067,1.2049,0.3194,0.1494,0.0,0.6878,0.0312,0.35,188465063,2055153,-0.0126,0.1489,0
TXN-2022-0159,2022-08-25,Murabaha,Xizmat,Andijon,850,33,14.7,0.4886,1,0,3,Sanoat uskunasi,0.5299,5.285,0.1629,24,248281396,278777929,0.8465,0.6,0.6953,0.1901,0.0375,0,0.3829,2,0,,0.1241,0.1297,0.0768,0.2104,0.0318,0.995,0.604,1601.0745,0.2275,1.302,0.2589,0.2633,0.0,0.5371,0.0309,0.45,278777929,3878280,-0.0129,0.2652,0
TXN-2023-0160,2023-06-10,Ijara,Xizmat,Samarqand,711,55,4.5,0.4196,1,1,3,Sanoat uskunasi,0.8955,3.895,0.146,24,139358034,67305351,0.7862,0.2011,0.8382,0.3062,0.1623,1,0.6636,1,1,,0.0871,0.1004,0.0729,0.25,0.0592,1.0024,0.6185,793.1274,0.4685,1.6573,0.3757,0.2775,0.999,0.4455,0.0641,0.35,67305351,1510552,-0.009,0.1834,0
TXN-2021-0161,2021-11-20,Murabaha,Qishloq xo'jaligi,Toshkent,643,29,7.7,0.3262,3,0,1,Transport,0.4366,2.112,0.1228,72,112152596,493872392,0.6607,0.1814,0.9245,0.2431,0.0638,1,0.3626,4,0,,0.1501,0.1067,0.0585,0.25,0.0419,1.1938,0.3522,1469.3593,0.3068,0.8125,0.1424,0.2983,0.0,0.6408,0.0599,0.45,493872392,13312376,-0.0156,-0.0479,0
TXN-2023-0162,2023-07-19,Musharaka,Qurilish,Buxoro,622,45,3.4,0.2293,2,1,3,Tovar,0.6896,4.135,0.2189,36,117355610,45764905,0.4353,0.494,0.636,0.2657,0.0869,1,0.4185,2,0,,0.214,0.0903,0.0395,0.25,0.074,1.0677,0.459,900.6091,0.3526,1.0183,0.1581,0.3008,0.4998,0.4118,0.2722,0.6,45764905,7472972,-0.0222,0.4155,0
TXN-2021-0163,2021-01-07,Musharaka,Qishloq xo'jaligi,Buxoro,646,41,6.0,0.3825,0,1,5,Sanoat uskunasi,0.5174,0.415,0.2498,24,354038083,88382337,0.7968,0.05,0.905,0.2233,0.0151,1,0.7376,1,0,,0.2405,0.1129,0.0558,0.25,0.0775,1.0539,0.4044,1246.2551,0.2384,1.0341,0.1979,0.3071,1000.0,0.6892,0.0604,0.6,88382337,3201715,-0.0249,0.4978,0
TXN-2022-0164,2022-06-24,Musharaka,Qurilish,Buxoro,691,50,2.5,0.5448,1,1,5,Sanoat uskunasi,0.8477,0.542,0.1674,24,200237423,589743882,0.1796,0.5807,0.7024,0.4049,0.0523,0,0.4892,1,0,,0.202,0.117,0.0598,0.25,0.029,1.1246,0.4756,814.1865,0.4572,0.8245,0.4618,0.3072,0.999,0.3813,0.2143,0.6,589743882,75846695,-0.0209,0.1851,0
TXN-2023-0165,2023-10-23,Murabaha,Ishlab chiqarish,Andijon,544,31,2.1,0.2734,2,0,3,Ko'chmas mulk,0.8031,0.586,0.195,84,111623606,52484606,0.7954,0.2521,0.9505,0.1011,0.1222,1,0.777,1,0,,0.0861,0.0858,0.0493,0.25,0.1002,1.1578,0.466,676.5588,0.2233,2.2393,0.2196,0.2865,0.0,0.7383,0.0671,0.45,52484606,1583748,-0.0089,0.755,1
TXN-2022-0166,2022-01-01,Ijara,Ishlab chiqarish,Buxoro,739,30,5.2,0.5516,2,0,3,Transport,0.5004,3.74,0.1099,36,233053120,98078844,0.4783,0.2819,0.5905,0.4153,0.0336,0,0.8864,3,1,,0.0912,0.0764,0.0263,0.25,0.0279,0.9832,0.7087,1473.8058,0.449,1.1921,0.2761,0.3001,0.0,0.3254,0.0619,0.35,98078844,2126583,-0.0095,-0.2201,0
TXN-2023-0167,2023-11-06,Murabaha,Ishlab chiqarish,Toshkent,705,48,4.1,0.5696,2,0,3,Transport,0.6254,5.54,0.159,36,370205046,86077399,0.7971,0.3759,0.8634,0.1921,0.2004,1,0.65,5,0,,0.1537,0.111,0.0663,0.2218,0.0487,1.1005,0.7031,1125.4096,0.3925,1.0274,0.3562,0.2665,0.0,0.5245,0.0512,0.45,86077399,1982552,-0.0159,0.1884,0
TXN-2021-0168,2021-08-06,Murabaha,Savdo,Toshkent,706,42,5.2,0.2825,3,1,3,Tovar,0.6567,2.069,0.0995,36,223957945,27282155,0.314,0.4281,0.8413,0.4411,0.1386,1,0.1385,2,0,,0.1815,0.0742,0.0757,0.25,0.0747,1.1082,0.7606,1073.4839,0.5797,0.5453,0.1855,0.2485,0.3332,0.3536,0.0761,0.45,27282155,934509,-0.0188,-0.1681,0
TXN-2024-0169,2024-07-04,Murabaha,Xizmat,Toshkent,682,22,2.0,0.4191,1,0,5,Sanoat uskunasi,0.5195,7.924,0.1721,24,102012442,137397907,0.9261,0.4898,0.4684,0.443,0.2875,1,0.3674,2,0,,0.0666,0.1117,0.0929,0.2092,0.1076,0.9943,0.4184,1310.2263,0.7305,2.545,0.2177,0.2281,0.0,0.1262,0.0491,0.45,137397907,3038143,-0.0069,0.6316,1
TXN-2022-0170,2022-09-04,Musharaka,Qurilish,Andijon,646,32,2.7,0.6681,4,0,4,Ko'chmas mulk,0.3299,3.255,0.2535,84,214877522,202505614,0.3971,0.4289,0.826,0.2042,0.0714,1,0.4745,2,0,,0.2305,0.1003,0.0442,0.2071,0.067,1.0657,0.5405,1952.388,0.2756,1.095,0.2204,0.2632,0.0,0.5984,0.1664,0.6,202505614,20213460,-0.0239,0.5357,0
TXN-2024-0171,2024-08-01,Ijara,Qurilish,Namangan,702,41,0.5,0.3137,1,0,4,Ko'chmas mulk,0.6169,2.073,0.1192,12,147140672,202075581,0.7444,0.4599,0.7422,0.2598,0.0341,1,0.2148,3,1,,0.0884,0.0995,0.0399,0.1497,0.1162,0.9876,0.3782,1136.0372,0.294,1.3344,0.1935,0.2093,0.0,0.524,0.0162,0.35,202075581,1147012,-0.0092,-0.1217,0
TXN-2023-0172,2023-11-06,Murabaha,Xizmat,Toshkent,695,46,0.5,0.5096,0,0,4,Transport,0.6904,2.364,0.0868,48,276373335,97860389,0.6846,0.6,0.7295,0.4513,0.0006,1,0.4938,0,0,,0.1371,0.0698,0.0577,0.25,0.0572,0.9814,0.6841,1005.2282,0.4519,0.6283,0.3518,0.262,0.0,0.3998,0.0743,0.45,97860389,3272571,-0.0142,-0.3154,0
TXN-2024-0173,2024-06-01,Musharaka,Qurilish,Samarqand,614,31,1.8,0.2489,1,1,3,Tovar,0.9491,4.735,0.1822,12,190228347,37035318,0.5107,0.2902,0.8561,0.1713,0.0725,1,0.2429,5,0,,0.2398,0.0992,0.0668,0.1956,0.0405,0.926,0.5795,646.2673,0.2438,0.7567,0.2362,0.228,0.999,0.6474,0.2883,0.6,37035318,6407154,-0.0248,0.2177,0
TXN-2022-0174,2022-02-12,Murabaha,Qishloq xo'jaligi,Andijon,596,21,0.5,0.3943,4,0,3,Tovar,0.5064,0.236,0.1046,36,269964865,90739100,0.7472,0.6,0.7402,0.1299,0.1174,1,0.7276,2,0,,0.1243,0.091,0.0494,0.0733,0.092,0.9922,0.6017,1174.6405,0.2473,0.8351,0.1997,0.1148,0.0,0.5572,0.0982,0.45,90739100,4008374,-0.0129,-0.2043,0
TXN-2021-0175,2021-11-10,Ijara,Qurilish,Namangan,653,43,0.7,0.3017,2,0,1,Transport,0.5588,0.46,0.1228,72,84176031,78526465,0.4275,0.18,0.8422,0.1483,0.3969,1,0.2511,1,1,,0.1121,0.0555,0.0522,0.25,0.0858,1.0015,0.614,1166.5904,0.5453,1.0851,0.1686,0.2534,0.0,0.383,0.1194,0.35,78526465,3280272,-0.0116,-0.0645,0
TXN-2023-0176,2023-02-05,Murabaha,Xizmat,Toshkent,776,25,10.1,0.4093,1,0,4,Ko'chmas mulk,0.5837,0.774,0.1734,60,247106403,176429499,0.8343,0.6,0.8241,0.0286,0.1614,1,0.2875,6,0,,0.1019,0.0823,0.0927,0.25,0.0751,1.0958,0.5006,1327.1762,0.19,1.6848,0.2389,0.2396,0.0,0.6675,0.0135,0.45,176429499,1075599,-0.0106,0.4259,0
TXN-2021-0177,2021-11-27,Ijara,Savdo,Andijon,539,21,0.5,0.532,0,1,5,Ko'chmas mulk,0.5138,5.629,0.1342,36,201566210,98984366,0.7556,0.4558,0.5386,0.0387,0.0667,1,0.0639,4,1,,0.1111,0.088,0.026,0.25,0.041,0.9303,0.3372,1046.9967,0.1054,1.1965,0.2734,0.3119,1000.0,0.4818,0.0431,0.35,98984366,1493206,-0.0115,0.0375,0
TXN-2024-0178,2024-01-10,Murabaha,Qurilish,Samarqand,520,21,6.5,0.3959,0,0,4,Ko'chmas mulk,0.8483,7.249,0.0779,48,138786905,194864943,0.7159,0.6,0.7423,0.1471,0.2476,1,0.4224,2,0,,0.1097,0.097,0.0466,0.0161,0.1352,1.2418,0.295,612.2566,0.3946,0.7039,0.3358,0.0664,0.0,0.4493,0.1401,0.45,194864943,12285680,-0.0114,-0.4748,0
TXN-2023-0179,2023-12-23,Sukuk,Xizmat,Toshkent,659,46,1.9,0.3884,4,0,2,Tovar,0.5063,1.101,0.0919,24,245093988,37997040,0.7137,0.2637,0.8941,0.3091,0.2255,1,0.1734,1,0,BBB,0.1031,0.0938,0.0361,0.25,0.0663,1.0749,0.3573,1299.1575,0.5347,0.8825,0.1967,0.3076,0.0,0.416,0.0191,0.28,37997040,202969,-0.0107,-0.3698,0
TXN-2021-0180,2021-01-02,Murabaha,Ishlab chiqarish,Namangan,649,39,12.3,0.266,2,0,4,Ko'chmas mulk,0.8299,6.438,0.1482,84,195745460,227076896,0.5953,0.05,0.8705,0.4761,0.0991,1,0.1286,1,0,,0.1012,0.0751,0.0523,0.25,0.0541,0.9857,0.4401,781.0784,0.5752,1.4509,0.2208,0.2727,0.0,0.3698,0.0561,0.45,227076896,5732064,-0.0105,0.1803,0
TXN-2024-0181,2024-05-11,Murabaha,Qurilish,Andijon,659,35,4.0,0.6315,1,0,1,Transport,0.3256,1.979,0.1954,48,226297729,208379940,0.5495,0.3183,0.7003,0.1225,0.0314,1,0.3226,2,0,,0.1215,0.0565,0.0274,0.25,0.0708,1.0129,0.8119,2017.555,0.1539,1.5949,0.2056,0.2792,0.0,0.5925,0.1217,0.45,208379940,11407625,-0.0126,0.5382,0
TXN-2022-0182,2022-10-26,Murabaha,Ishlab chiqarish,Toshkent,665,51,2.2,0.6543,1,0,2,Sanoat uskunasi,0.5404,1.603,0.1341,36,130347924,67276139,0.4315,0.2705,0.6807,0.2289,0.036,1,0.5798,1,0,,0.0891,0.084,0.097,0.25,0.0751,0.8306,0.6922,1228.3659,0.2649,1.4879,0.3536,0.237,0.0,0.5004,0.1267,0.45,67276139,3836601,-0.0092,0.0459,0
TXN-2023-0183,2023-09-28,Sukuk,Ishlab chiqarish,Namangan,626,44,4.4,0.4616,3,0,3,Boshqa,0.7007,4.471,0.1124,36,257629430,87719322,0.7477,0.1306,0.6901,0.0814,0.4,1,0.2578,5,0,BBB,0.0602,0.1296,0.0485,0.25,0.0863,0.8947,0.2609,892.1501,0.4814,1.8365,0.3234,0.331,0.0,0.3579,0.0431,0.28,87719322,1059485,-0.0062,-0.2914,0
TXN-2021-0184,2021-02-09,Sukuk,Savdo,Boshqa,771,54,2.9,0.7135,5,0,4,Boshqa,0.4847,1.975,0.1044,24,77536290,115617739,0.6418,0.3458,0.6446,0.0657,0.025,1,0.3699,4,0,BBB,0.0652,0.1288,0.0695,0.25,0.0729,0.9209,0.2,1587.4698,0.0907,1.5763,0.3458,0.3093,0.0,0.5861,0.0117,0.28,115617739,377342,-0.0068,-0.3923,0
TXN-2021-0185,2021-08-18,Murabaha,Qishloq xo'jaligi,Toshkent,508,24,5.0,0.5128,3,0,5,Boshqa,0.5776,1.515,0.1165,60,208740602,308906876,0.6578,0.492,0.8094,0.2379,0.115,1,0.5322,3,0,,0.1341,0.1127,0.0923,0.25,0.0738,1.0301,0.762,877.9529,0.3528,0.8626,0.2962,0.2704,0.0,0.5238,0.0733,0.45,308906876,10191798,-0.0139,-0.1005,0
TXN-2023-0186,2023-01-14,Ijara,Qurilish,Buxoro,574,37,0.7,0.1335,4,0,4,Sanoat uskunasi,0.6414,0.04,0.1064,36,229234473,117949381,0.6143,0.1772,0.7029,0.4896,0.0587,1,0.3548,1,1,,0.1037,0.0909,0.0689,0.25,0.0276,0.8734,0.6412,893.492,0.5483,1.0166,0.0856,0.272,0.0,0.3175,0.0594,0.35,117949381,2453282,-0.0107,-0.2278,0
TXN-2022-0187,2022-09-22,Ijara,Savdo,Toshkent,636,21,30.0,0.2365,1,1,2,Tovar,0.4205,0.032,0.1143,36,640308277,183317703,0.9574,0.6,0.9327,0.1383,0.1304,1,0.4843,1,1,,0.1151,0.1206,0.0559,0.25,0.0397,0.8766,0.6972,1509.0376,0.2687,0.9838,0.0995,0.3148,0.999,0.682,0.0288,0.35,183317703,1848568,-0.0119,-0.1367,0
TXN-2022-0188,2022-05-06,Musharaka,Savdo,Samarqand,505,35,3.3,0.3262,2,0,3,Tovar,0.832,2.469,0.2563,72,198477532,144723830,0.2985,0.541,0.9541,0.5,0.0674,1,0.3673,2,0,,0.2615,0.0687,0.0598,0.25,0.0682,1.0475,0.6831,606.2517,0.5674,0.9765,0.2714,0.2589,0.0,0.4127,0.4279,0.6,144723830,37156036,-0.0271,0.483,0
TXN-2021-0189,2021-04-29,Musharaka,Qishloq xo'jaligi,Toshkent,630,35,2.6,0.4856,2,0,3,Tovar,0.4825,0.191,0.1333,24,604850715,274369441,0.84,0.3778,0.8114,0.3712,0.4,1,0.4164,3,0,,0.3276,0.1063,0.0446,0.242,0.0923,1.1163,0.3774,1302.9725,0.7712,0.4059,0.2343,0.3037,0.0,0.1857,0.3373,0.6,274369441,55530842,-0.0339,0.0102,0
TXN-2022-0190,2022-05-09,Murabaha,IT,Namangan,786,44,7.4,0.1716,0,0,2,Boshqa,0.7785,3.338,0.1328,24,459178771,163171379,0.578,0.5226,0.7508,0.1165,0.2315,1,0.162,3,0,,0.0897,0.0913,0.0497,0.25,0.0586,1.0942,0.8256,1008.3555,0.3481,1.4649,0.1336,0.2917,0.0,0.4894,0.0743,0.45,163171379,5459035,-0.0093,0.0313,0
TXN-2024-0191,2024-03-07,Murabaha,Xizmat,Toshkent,646,38,2.7,0.438,1,1,3,Transport,0.6167,2.434,0.116,36,215681567,60840710,0.3742,0.4543,0.7251,0.2131,0.086,1,0.4835,1,0,,0.1248,0.0895,0.0954,0.1626,0.0661,1.0536,0.7324,1045.7935,0.2991,0.9225,0.2701,0.1568,0.999,0.5082,0.1317,0.45,60840710,3606084,-0.0129,-0.112,0
TXN-2021-0192,2021-06-11,Sukuk,Qurilish,Andijon,664,44,10.7,0.5504,0,0,4,Transport,0.6156,1.53,0.1326,24,234184984,121041648,0.6613,0.6,0.6405,0.2738,0.1902,1,0.2173,3,0,AAA,0.1054,0.1022,0.0677,0.25,0.0661,0.9536,0.7356,1076.8441,0.464,1.246,0.3388,0.2845,0.0,0.3433,0.042,0.28,121041648,1424906,-0.0109,0.0249,0
TXN-2021-0193,2021-06-25,Sukuk,Savdo,Toshkent,537,45,3.6,0.3523,3,2,3,Transport,0.2933,3.093,0.1096,48,121410053,293411608,0.7884,0.2008,0.8541,0.1082,0.2164,1,0.5902,2,0,AA,0.0841,0.0989,0.0467,0.25,0.0587,0.9285,0.7771,1824.7472,0.3246,1.2878,0.1033,0.3023,0.6664,0.5769,0.0252,0.28,293411608,2067600,-0.0087,-0.2426,0
TXN-2023-0194,2023-09-23,Musharaka,Qurilish,Buxoro,592,59,7.6,0.4278,3,0,5,Sanoat uskunasi,0.7344,12.0,0.2622,48,163116126,182742937,0.6979,0.5615,0.7656,0.0391,0.0446,1,0.3125,0,0,,0.2836,0.0691,0.0933,0.25,0.0524,1.1246,0.5465,805.04,0.0837,0.9214,0.3142,0.2258,0.0,0.7015,0.1913,0.6,182742937,20972661,-0.0294,0.4663,0
TXN-2021-0195,2021-05-22,Murabaha,Ishlab chiqarish,Buxoro,613,34,0.7,0.464,1,0,3,Tovar,0.4234,0.707,0.04,12,266884640,61865820,0.7316,0.3955,0.665,0.1032,0.3957,1,0.4852,1,0,,0.1697,0.1309,0.0534,0.122,0.0422,0.927,0.5085,1444.2686,0.4989,0.2343,0.1965,0.1995,0.0,0.3332,0.086,0.45,61865820,2394388,-0.0176,-0.5302,0
TXN-2023-0196,2023-12-27,Murabaha,IT,Buxoro,617,28,11.2,0.4632,0,0,3,Tovar,0.7426,2.036,0.1771,24,191713008,505659533,0.4869,0.3033,0.7108,0.1717,0.2822,1,0.1458,2,0,,0.0772,0.0991,0.0783,0.25,0.0364,1.0331,0.4236,829.6947,0.454,2.2651,0.344,0.2707,0.0,0.3881,0.1365,0.45,505659533,31070462,-0.008,0.6102,0
TXN-2021-0197,2021-09-15,Ijara,Ishlab chiqarish,Toshkent,753,40,8.0,0.3369,1,0,3,Transport,0.7567,4.626,0.093,24,395066600,95376974,0.7693,0.3135,0.6948,0.1345,0.1567,1,0.42,3,1,,0.1367,0.1353,0.0696,0.25,0.1102,0.8582,0.3643,993.8555,0.2912,0.6752,0.2549,0.3157,0.0,0.4925,0.0442,0.35,95376974,1473815,-0.0142,-0.2705,0
TXN-2021-0198,2021-09-20,Sukuk,Savdo,Boshqa,692,29,1.4,0.5333,2,0,4,Transport,0.3812,0.043,0.0853,12,344601209,279549536,0.4852,0.4268,0.6724,0.0745,0.1252,1,0.5871,3,0,A,0.0887,0.0865,0.0544,0.25,0.036,0.976,0.7124,1810.6252,0.1996,0.9505,0.2033,0.2821,0.0,0.5381,0.013,0.28,279549536,1017313,-0.0092,-0.5044,0
TXN-2024-0199,2024-09-13,Sukuk,Savdo,Namangan,550,52,0.9,0.3416,0,0,4,Boshqa,0.4676,0.569,0.0953,24,277390931,393364726,0.7862,0.0623,0.6537,0.1586,0.4,1,0.4031,0,0,AAA,0.069,0.1319,0.0459,0.25,0.0762,0.9124,0.4851,1173.777,0.5586,1.3606,0.1597,0.336,0.0,0.2885,0.0236,0.28,393364726,2600542,-0.0072,-0.5032,0
TXN-2023-0200,2023-09-01,Ijara,Qishloq xo'jaligi,Samarqand,665,35,2.3,0.428,1,0,1,Ko'chmas mulk,0.8378,1.84,0.1194,24,350304273,307398287,0.7435,0.1575,0.8279,0.0589,0.1752,1,0.5519,3,1,,0.1253,0.1034,0.0689,0.25,0.0664,1.0266,0.5991,792.84,0.234,0.9457,0.3586,0.2845,0.0,0.6341,0.1081,0.35,307398287,11626895,-0.013,-0.0843,0
TXN-2024-0201,2024-01-31,Ijara,Ishlab chiqarish,Samarqand,687,32,22.4,0.3884,2,0,5,Ko'chmas mulk,0.4621,2.009,0.1195,36,300144807,79125772,0.7029,0.4092,0.4709,0.1954,0.0677,1,0.2522,6,0,,0.0825,0.1234,0.0899,0.11,0.0639,1.0625,0.7412,1483.3715,0.2631,1.431,0.1795,0.1434,0.0,0.347,0.0285,0.35,79125772,789314,-0.0085,-0.1273,0
TXN-2021-0202,2021-12-05,Murabaha,Savdo,Samarqand,741,33,1.8,0.344,5,1,2,Sanoat uskunasi,0.5301,0.226,0.1116,60,242782676,315540560,0.4487,0.3047,0.9037,0.1669,0.0648,1,0.4515,0,0,,0.1415,0.0838,0.052,0.25,0.0878,0.8802,0.3425,1395.2404,0.2318,0.7831,0.1824,0.2817,0.2,0.6943,0.0574,0.45,315540560,8151939,-0.0147,-0.1302,0
TXN-2022-0203,2022-06-27,Murabaha,Qurilish,Samarqand,779,45,3.7,0.437,0,0,5,Ko'chmas mulk,0.3278,1.308,0.1358,24,153837035,174118615,0.8274,0.3639,0.5893,0.1697,0.2451,1,0.3973,3,0,,0.0808,0.0764,0.0712,0.25,0.0608,1.0178,0.7783,2369.2835,0.4148,1.6597,0.1433,0.2551,0.0,0.3448,0.0129,0.45,174118615,1013303,-0.0084,0.0718,0
TXN-2023-0204,2023-12-17,Sukuk,Xizmat,Namangan,558,36,0.5,0.5954,2,0,1,Transport,0.7654,1.834,0.0976,48,725605288,58493975,0.6103,0.3797,0.8937,0.188,0.0398,1,0.6325,5,0,A,0.0569,0.14,0.0404,0.25,0.0661,1.0418,0.6353,728.0849,0.2279,1.6872,0.4557,0.3496,0.0,0.6901,0.1024,0.28,58493975,1677756,-0.0059,-0.5693,0
TXN-2024-0205,2024-05-27,Musharaka,Qurilish,Buxoro,576,31,3.0,0.1916,2,0,4,Ko'chmas mulk,0.7563,1.375,0.0808,12,355240815,139208817,0.7842,0.3709,0.8323,0.1979,0.0896,1,0.4798,4,0,,0.2452,0.05,0.0673,0.2181,0.046,0.9353,0.8681,760.6388,0.2876,0.3283,0.1449,0.2008,0.0,0.593,0.1733,0.6,139208817,14476182,-0.0254,-0.2005,0
TXN-2023-0206,2023-05-17,Murabaha,Savdo,Toshkent,538,54,5.1,0.3895,3,0,4,Ko'chmas mulk,0.5351,3.015,0.1538,48,298112538,73481092,0.6323,0.6,0.805,0.2606,0.0602,1,0.4655,2,0,,0.1276,0.0767,0.0678,0.25,-0.0016,0.9799,0.527,1003.551,0.3208,1.196,0.2084,0.2589,0.0,0.5468,0.0682,0.45,73481092,2255866,-0.0132,0.1863,0
TXN-2022-0207,2022-03-10,Murabaha,Qishloq xo'jaligi,Namangan,625,29,18.4,0.221,2,0,4,Sanoat uskunasi,0.1399,3.689,0.1405,60,151024984,194621444,0.3088,0.4438,0.6412,0.3269,0.065,0,0.213,3,0,,0.1044,0.127,0.0525,0.25,0.1038,1.0987,0.4043,4435.0513,0.3919,1.3339,0.0309,0.3244,0.0,0.3899,0.0251,0.45,194621444,2195218,-0.0108,0.101,0
TXN-2024-0208,2024-01-10,Ijara,Savdo,Andijon,684,38,4.4,0.1891,2,0,2,Transport,0.5666,1.542,0.1258,48,1026398731,257118945,0.6206,0.4076,0.7447,0.1544,0.1875,1,0.203,0,1,,0.0718,0.1197,0.0448,0.25,0.0712,1.1539,0.2785,1205.0946,0.3419,1.727,0.1072,0.3249,0.0,0.4901,0.0441,0.35,257118945,3970604,-0.0074,-0.0589,0
TXN-2024-0209,2024-11-13,Murabaha,Ishlab chiqarish,Boshqa,728,44,10.3,0.2772,2,0,3,Transport,0.479,1.386,0.1201,24,157864959,325623705,0.7731,0.2009,0.8092,0.3112,0.3838,1,0.3004,1,0,,0.0838,0.123,0.0684,0.25,0.1065,0.9817,0.6185,1516.8027,0.6951,1.4162,0.1328,0.3046,0.0,0.2468,0.0384,0.45,325623705,5619624,-0.0087,-0.118,0
TXN-2022-0210,2022-02-16,Murabaha,Savdo,Andijon,638,21,4.8,0.6255,3,0,4,Ko'chmas mulk,0.5599,3.055,0.141,36,249028175,140393262,0.4334,0.1192,0.7304,0.4546,0.0706,1,0.4908,4,0,,0.0541,0.0973,0.0749,0.2199,0.049,1.0265,0.3539,1137.4719,0.5252,2.5609,0.3502,0.2423,0.0,0.3468,0.0943,0.45,140393262,5958527,-0.0056,0.2037,0
TXN-2024-0211,2024-12-31,Musharaka,Ishlab chiqarish,Toshkent,617,42,0.5,0.4366,0,0,5,Tovar,0.5032,2.026,0.0499,60,254809199,77923044,0.5773,0.2275,0.7815,0.2224,0.0341,0,0.3346,2,0,,0.3231,0.1013,0.0639,0.25,0.0579,1.0545,0.4634,1223.6764,0.2566,0.1539,0.2197,0.2874,0.0,0.581,0.1742,0.6,77923044,8143579,-0.0335,-0.248,0
TXN-2022-0212,2022-10-01,Ijara,Savdo,Boshqa,657,27,2.3,0.3418,3,0,4,Ko'chmas mulk,0.6253,5.109,0.1038,36,108029739,63790090,0.5887,0.5701,0.7952,0.0276,0.2285,1,0.4158,4,1,,0.0919,0.1063,0.0686,0.25,0.0691,1.1558,0.6671,1049.0192,0.2561,1.1176,0.2138,0.2876,0.0,0.5915,0.0311,0.35,63790090,695164,-0.0095,-0.2846,0
TXN-2023-0213,2023-03-29,Ijara,Qurilish,Andijon,574,46,5.1,0.3209,4,0,3,Ko'chmas mulk,0.5074,1.64,0.1065,24,317912919,238033483,0.4083,0.58,0.6648,0.2991,0.1815,1,0.2755,2,1,,0.1208,0.0873,0.0906,0.214,0.0453,1.0251,0.4221,1128.9623,0.4806,0.8744,0.1628,0.2107,0.0,0.3453,0.0818,0.35,238033483,6812422,-0.0125,-0.1941,0
TXN-2024-0214,2024-10-07,Murabaha,Ishlab chiqarish,Toshkent,822,28,18.0,0.4846,1,0,2,Ko'chmas mulk,0.6805,2.135,0.138,72,298596240,292809993,0.6865,0.5347,0.8379,0.3773,0.0358,1,0.222,3,0,,0.0744,0.0878,0.0768,0.25,0.0575,0.9679,0.6688,1206.1309,0.4131,1.8295,0.3298,0.261,0.0,0.4918,0.054,0.45,292809993,7113002,-0.0077,0.1074,0
TXN-2024-0215,2024-08-23,Ijara,Ishlab chiqarish,Samarqand,508,44,11.8,0.4133,4,1,4,Transport,0.314,0.345,0.1191,48,128280137,217307062,0.703,0.2833,0.7654,0.1405,0.142,0,0.4616,1,1,,0.0619,0.098,0.0368,0.1076,0.0912,0.9595,0.5886,1612.7115,0.2825,1.8933,0.1298,0.1688,0.2499,0.5492,0.0283,0.35,217307062,2150495,-0.0064,-0.176,0
TXN-2023-0216,2023-02-04,Murabaha,Xizmat,Buxoro,660,49,1.6,0.3363,1,0,3,Transport,0.6145,4.52,0.1782,60,378399945,81455739,0.8185,0.2821,0.7892,0.284,0.087,1,0.113,3,0,,0.0605,0.0984,0.0562,0.0363,0.1254,1.0494,0.8127,1072.369,0.3709,2.8977,0.2066,0.0784,0.0,0.4964,0.0679,0.45,81455739,2488089,-0.0063,0.796,0
TXN-2023-0217,2023-06-17,Murabaha,Savdo,Toshkent,817,46,1.5,0.2248,2,0,2,Transport,0.4682,1.372,0.0955,12,136374180,94679661,0.5359,0.2492,0.9473,0.0862,0.0032,1,0.2282,1,0,,0.1138,0.1001,0.0492,0.25,0.0855,0.9376,0.508,1741.0917,0.0894,0.8317,0.1053,0.3009,0.0,0.8626,0.0162,0.45,94679661,690778,-0.0118,-0.3028,0
TXN-2023-0218,2023-11-26,Ijara,Qurilish,Samarqand,645,40,1.3,0.2697,1,0,4,Boshqa,0.2915,3.174,0.1416,36,201210326,99271896,0.3712,0.4832,0.5621,0.4795,0.0735,1,0.2805,3,1,,0.1064,0.14,0.0512,0.25,0.0502,1.063,0.3522,2205.103,0.5531,1.3182,0.0786,0.3388,0.0,0.2512,0.0581,0.35,99271896,2018605,-0.011,0.1092,0
TXN-2023-0219,2023-07-14,Ijara,Savdo,Andijon,628,35,15.3,0.6119,2,0,4,Moliyaviy aktiv,0.4463,1.403,0.1801,36,152879520,51774033,0.6047,0.1167,0.8155,0.3397,0.201,0,0.627,3,0,,0.0918,0.0865,0.0525,0.25,0.0602,0.9638,0.5623,1404.0211,0.5407,1.9414,0.2731,0.2839,0.0,0.3745,0.0588,0.35,51774033,1065884,-0.0095,0.5459,0
TXN-2021-0220,2021-09-05,Ijara,IT,Toshkent,614,32,11.5,0.437,1,0,1,Sanoat uskunasi,0.6816,0.003,0.1054,48,351380432,210899998,0.7561,0.176,0.9126,0.0598,0.1591,1,0.5092,3,1,,0.0788,0.14,0.0836,0.25,0.0827,1.1021,0.7918,899.5452,0.2189,1.3203,0.2978,0.3064,0.0,0.7129,0.1246,0.35,210899998,9199781,-0.0082,-0.3126,0
TXN-2022-0221,2022-05-23,Ijara,Qurilish,Toshkent,629,52,8.9,0.3061,7,0,2,Ko'chmas mulk,0.3068,1.279,0.142,24,329811654,134136823,0.5999,0.6,0.8008,0.0533,0.0607,1,0.2498,2,1,,0.1021,0.0896,0.0315,0.25,0.0837,1.0677,0.453,2043.6221,0.114,1.3778,0.0939,0.3081,0.0,0.7095,0.0355,0.35,134136823,1666932,-0.0106,0.1175,0
TXN-2022-0222,2022-04-06,Musharaka,Qishloq xo'jaligi,Andijon,761,31,3.0,0.467,2,1,4,Sanoat uskunasi,0.6409,0.399,0.266,36,123951641,403741871,0.6206,0.2522,0.7573,0.1444,0.1123,1,0.4191,3,0,,0.2322,0.1122,0.0451,0.25,0.0482,1.0105,0.3934,1185.6028,0.2567,1.1407,0.2993,0.3171,0.4998,0.5629,0.1261,0.6,403741871,30543867,-0.0241,0.5857,0
TXN-2021-0223,2021-05-12,Murabaha,Savdo,Buxoro,456,27,4.2,0.5331,0,0,2,Ko'chmas mulk,0.4677,1.271,0.1962,48,170906661,75046801,0.6303,0.6,0.6752,0.4164,0.1907,1,0.354,5,0,,0.1269,0.096,0.053,0.2127,0.0432,1.0379,0.6502,972.8972,0.6071,1.5343,0.2494,0.2557,0.0,0.2653,0.3825,0.45,75046801,12916072,-0.0132,0.5219,0
TXN-2022-0224,2022-11-24,Murabaha,Qurilish,Andijon,775,44,3.7,0.32,1,0,5,Sanoat uskunasi,0.7049,0.969,0.1283,36,172425470,133842879,0.7875,0.5329,0.6213,0.2514,0.2146,1,0.4238,3,0,,0.0801,0.0789,0.0379,0.25,0.0954,0.9021,0.8335,1097.9584,0.466,1.5817,0.2256,0.291,0.0,0.3318,0.0273,0.45,133842879,1642981,-0.0083,-0.0206,0
TXN-2021-0225,2021-02-13,Murabaha,IT,Andijon,523,30,1.8,0.3565,3,0,3,Transport,0.3589,0.566,0.1833,48,360564975,61968445,0.5996,0.2878,0.6907,0.134,0.0404,1,0.3306,2,0,,0.1174,0.1125,0.039,0.2498,0.0448,0.96,0.6304,1453.3519,0.1744,1.5485,0.1279,0.3234,0.0,0.5702,0.0722,0.45,61968445,2014163,-0.0122,0.454,0
TXN-2024-0226,2024-04-19,Murabaha,Ishlab chiqarish,Buxoro,622,28,4.2,0.85,2,1,2,Tovar,0.5025,0.33,0.1744,36,159368926,113556440,0.6299,0.5566,0.8609,0.4496,0.0882,1,0.2176,2,0,,0.1292,0.0946,0.0459,0.25,0.0681,0.9238,0.606,1235.3208,0.5378,1.3395,0.4271,0.2987,0.4998,0.3979,0.1456,0.45,113556440,7439462,-0.0134,0.3436,0
TXN-2024-0227,2024-02-09,Sukuk,Qishloq xo'jaligi,Toshkent,608,23,0.5,0.4671,2,0,4,Moliyaviy aktiv,0.7447,3.26,0.1301,36,227003610,257790963,0.5886,0.1387,0.647,0.2808,0.1543,1,0.6796,1,0,AAA,0.0821,0.0911,0.0664,0.25,0.0949,0.9862,0.6795,815.2984,0.435,1.5652,0.3478,0.2747,0.0,0.3655,0.0538,0.28,257790963,3883336,-0.0085,0.0018,0
TXN-2022-0228,2022-04-17,Murabaha,Qishloq xo'jaligi,Samarqand,695,33,0.8,0.5356,1,0,4,Transport,0.3949,3.515,0.1676,24,212551742,154307327,0.8775,0.4069,0.7665,0.2632,0.2372,1,0.1855,0,0,,0.1163,0.0571,0.0505,0.25,0.0899,0.9632,0.6185,1755.4755,0.5004,1.4292,0.2115,0.2566,0.0,0.3829,0.0336,0.45,154307327,2330438,-0.012,0.3234,0
TXN-2024-0229,2024-04-20,Sukuk,Qurilish,Toshkent,509,37,13.1,0.4696,0,0,3,Transport,0.7905,0.77,0.1292,48,200916281,75418032,0.5062,0.5091,0.9286,0.1356,0.3722,1,0.5809,0,0,A,0.0733,0.088,0.0718,0.25,0.0801,1.1104,0.5083,643.1072,0.5078,1.7385,0.3712,0.2661,0.0,0.4571,0.0532,0.28,75418032,1123916,-0.0076,-0.0103,1
TXN-2022-0230,2022-03-28,Musharaka,Qurilish,Boshqa,684,40,8.4,0.6879,3,0,3,Sanoat uskunasi,0.4235,1.709,0.1664,24,687037825,51959286,0.5767,0.4221,0.8777,0.1174,0.1316,1,0.4623,1,0,,0.2426,0.1034,0.0504,0.25,0.0498,1.1264,0.543,1611.1783,0.2491,0.683,0.2913,0.303,0.0,0.6591,0.1714,0.6,51959286,5343061,-0.0251,0.1501,0
TXN-2021-0231,2021-01-15,Ijara,Qishloq xo'jaligi,Samarqand,817,47,3.3,0.4896,3,1,1,Ko'chmas mulk,0.1378,1.559,0.1062,60,162960516,117373400,0.6838,0.4592,0.8405,0.2539,0.0783,1,0.3935,6,1,,0.1137,0.1097,0.0616,0.25,0.0736,0.8,0.5526,5887.1422,0.3322,0.9262,0.0675,0.2981,0.3332,0.5613,0.0232,0.35,117373400,954145,-0.0118,-0.209,0
TXN-2021-0232,2021-05-26,Musharaka,Ishlab chiqarish,Andijon,529,43,4.4,0.4636,2,1,4,Moliyaviy aktiv,0.78,1.097,0.0492,48,213421262,171387171,0.777,0.499,0.8259,0.2661,0.2861,1,0.5091,3,0,,0.2672,0.0745,0.0733,0.25,0.0794,1.044,0.5568,677.3199,0.5522,0.1834,0.3616,0.2511,0.4998,0.3699,0.3012,0.6,171387171,30969374,-0.0277,-0.3024,0
TXN-2024-0233,2024-12-20,Musharaka,Savdo,Toshkent,661,36,2.8,0.5267,0,0,3,Transport,0.4975,0.813,0.1546,48,304225360,263511970,0.7407,0.3342,0.8292,0.4044,0.0643,1,0.1907,0,0,,0.2223,0.0915,0.0668,0.25,0.0637,1.2272,0.9224,1326.0245,0.4687,0.6927,0.262,0.2746,0.0,0.4405,0.1706,0.6,263511970,26971533,-0.023,0.1109,0
TXN-2024-0234,2024-07-16,Musharaka,Qurilish,Andijon,588,36,8.1,0.3624,2,0,4,Ko'chmas mulk,0.7411,0.515,0.1614,72,189616468,88000435,0.7079,0.4043,0.8608,0.0969,0.0729,1,0.3044,1,0,,0.2153,0.0858,0.0491,0.1863,0.0646,0.88,0.4437,792.3966,0.1699,0.7461,0.2686,0.2229,0.0,0.7146,0.1664,0.6,88000435,8785267,-0.0223,0.1458,0
TXN-2021-0235,2021-05-01,Murabaha,Qurilish,Toshkent,681,43,9.2,0.4595,3,1,4,Tovar,0.7227,5.157,0.0679,24,171938569,86446083,0.7954,0.061,0.9508,0.3168,0.0437,1,0.4656,4,0,,0.1312,0.0671,0.0574,0.25,0.0613,1.1097,0.4892,941.0204,0.3605,0.5134,0.3321,0.2597,0.3332,0.6081,0.0363,0.45,86446083,1413548,-0.0136,-0.4737,0
TXN-2022-0236,2022-04-14,Ijara,Qurilish,Toshkent,646,50,8.6,0.6381,1,0,4,Ko'chmas mulk,0.6572,4.479,0.1213,36,299932866,656123742,0.4701,0.4741,0.7407,0.2794,0.0281,1,0.1918,7,1,,0.0938,0.0887,0.0664,0.1701,0.0786,1.0971,0.7703,981.4306,0.3074,1.2795,0.4194,0.1924,0.0,0.513,0.0603,0.35,656123742,13847000,-0.0097,-0.0923,0
TXN-2021-0237,2021-05-19,Murabaha,Qurilish,Namangan,590,39,7.7,0.335,3,0,4,Ko'chmas mulk,0.8261,1.35,0.1829,36,391441437,145930741,0.2963,0.4704,0.9321,0.3236,0.2339,1,0.1682,3,0,,0.1627,0.0728,0.062,0.2469,0.0341,0.9959,0.7647,713.3156,0.5575,1.1172,0.2768,0.2577,0.0,0.4124,0.1016,0.45,145930741,6672834,-0.0169,0.3251,0
TXN-2021-0238,2021-03-06,Murabaha,Ishlab chiqarish,Buxoro,686,33,1.4,0.1754,4,0,4,Sanoat uskunasi,0.7588,3.193,0.1035,84,534625299,289328387,0.7182,0.3913,0.9417,0.0522,0.1842,1,0.3724,5,0,,0.1144,0.0813,0.0736,0.25,0.0837,1.0882,0.8719,902.8997,0.2364,0.8965,0.1331,0.2577,0.0,0.719,0.0171,0.45,289328387,2228391,-0.0119,-0.2316,0
TXN-2022-0239,2022-11-08,Ijara,Qurilish,Samarqand,798,28,2.5,0.3476,3,0,3,Sanoat uskunasi,0.638,1.725,0.1762,60,217292880,61194654,0.7047,0.5246,0.8976,0.0975,0.0509,1,0.5526,4,1,,0.0816,0.0821,0.0482,0.0533,0.0731,0.9784,0.509,1248.8383,0.1485,2.1328,0.2218,0.0872,0.0,0.7643,0.0122,0.35,61194654,261841,-0.0085,0.5657,0
TXN-2021-0240,2021-05-26,Murabaha,Ishlab chiqarish,Andijon,628,23,3.8,0.4165,4,1,3,Sanoat uskunasi,0.4189,0.223,0.1548,60,154132208,185912795,0.5161,0.2381,0.8109,0.225,0.1609,1,0.2713,1,0,,0.1445,0.115,0.0675,0.1482,0.0585,0.9259,0.6929,1495.6536,0.3859,1.0645,0.1745,0.1957,0.2499,0.498,0.0535,0.45,185912795,4472399,-0.015,0.1719,0
TXN-2023-0241,2023-11-19,Sukuk,Ishlab chiqarish,Boshqa,706,44,2.4,0.3999,2,0,2,Sanoat uskunasi,0.5715,4.32,0.1211,24,153464788,248835952,0.6401,0.5499,0.9734,0.1252,0.1593,1,0.2677,2,0,AA,0.0918,0.0829,0.0668,0.25,0.0773,1.25,0.6999,1233.1785,0.2845,1.3049,0.2286,0.2661,0.0,0.6964,0.0193,0.28,248835952,1344734,-0.0095,-0.0968,0
TXN-2022-0242,2022-05-03,Sukuk,Savdo,Namangan,535,43,8.4,0.3487,2,0,4,Ko'chmas mulk,0.6795,0.619,0.0988,24,567736336,154539673,0.7351,0.4718,0.8789,0.2115,0.0463,0,0.3138,1,0,A,0.0765,0.1152,0.048,0.25,0.0438,1.0063,0.6438,786.2138,0.2578,1.2753,0.2369,0.3171,0.0,0.6523,0.0169,0.28,154539673,731126,-0.0079,-0.4083,0
TXN-2022-0243,2022-07-25,Sukuk,Ishlab chiqarish,Toshkent,563,43,2.4,0.2484,2,0,4,Transport,0.4145,3.067,0.0778,12,297391179,43886308,0.6776,0.4663,0.7501,0.1419,0.1901,1,0.3758,1,0,A,0.083,0.0785,0.0667,0.25,0.0281,1.0001,0.8228,1354.8745,0.332,0.9257,0.103,0.2618,0.0,0.5011,0.0115,0.28,43886308,140992,-0.0086,-0.6293,0
TXN-2024-0244,2024-10-02,Murabaha,Ishlab chiqarish,Buxoro,685,36,0.9,0.3565,1,0,3,Transport,0.5743,1.874,0.1617,48,149668337,78609338,0.7572,0.6,0.7055,0.159,0.2806,1,0.5614,2,0,,0.1537,0.1133,0.063,0.25,0.0347,1.0394,0.7569,1190.6544,0.4396,1.0452,0.2048,0.3003,0.0,0.3954,0.0551,0.45,78609338,1948435,-0.0159,0.2062,0
TXN-2023-0245,2023-09-22,Murabaha,Qurilish,Toshkent,771,52,3.1,0.5297,1,0,5,Boshqa,0.786,2.932,0.1704,36,162776812,191940927,0.5073,0.6,0.7741,0.1063,0.1435,1,0.4309,5,0,,0.1265,0.0753,0.0584,0.2078,0.0853,1.0529,0.6581,979.6123,0.2498,1.3369,0.4164,0.2247,0.0,0.5807,0.0331,0.45,191940927,2861508,-0.0131,0.3194,0
TXN-2022-0246,2022-03-15,Sukuk,Qurilish,Samarqand,675,33,23.4,0.4041,5,0,4,Ko'chmas mulk,0.3576,1.593,0.0957,36,125655316,48487140,0.6313,0.3706,0.6116,0.1516,0.1422,1,0.5097,2,0,AA,0.077,0.0815,0.0517,0.25,0.0893,1.1592,0.367,1882.135,0.2938,1.2264,0.1445,0.2798,0.0,0.4319,0.0149,0.28,48487140,201624,-0.008,-0.445,0
TXN-2024-0247,2024-01-10,Musharaka,Qishloq xo'jaligi,Samarqand,618,47,1.5,0.4697,0,0,4,Ko'chmas mulk,0.5132,3.031,0.1953,48,233360260,873980266,0.8668,0.4547,0.6436,0.0223,0.0883,1,0.261,3,0,,0.2858,0.0957,0.0222,0.25,0.0417,1.1026,0.6716,1201.8416,0.1106,0.681,0.2411,0.3235,0.0,0.5724,0.1966,0.6,873980266,103113871,-0.0296,0.2285,0
TXN-2021-0248,2021-09-28,Sukuk,Qishloq xo'jaligi,Toshkent,644,37,5.7,0.4103,2,0,1,Moliyaviy aktiv,0.6044,0.083,0.0998,60,326820021,329577570,0.8112,0.2998,0.6983,0.2307,0.0197,0,0.4926,3,0,BBB,0.0802,0.1066,0.044,0.25,0.0558,1.0114,0.6165,1063.8082,0.2504,1.2291,0.248,0.3126,0.0,0.5235,0.0501,0.28,329577570,4620812,-0.0083,-0.3758,0
TXN-2024-0249,2024-03-15,Sukuk,IT,Namangan,538,31,3.4,0.2512,2,0,3,Boshqa,0.5385,0.104,0.0837,24,618582849,51679736,0.6704,0.4306,0.711,0.1992,0.1211,1,0.1945,4,0,BBB,0.0684,0.1186,0.0493,0.25,0.1,1.1222,0.2775,997.1718,0.3204,1.2068,0.1353,0.3193,0.0,0.4832,0.0351,0.28,51679736,508620,-0.0071,-0.6762,0
TXN-2024-0250,2024-03-26,Sukuk,Qurilish,Toshkent,696,43,0.5,0.5491,3,0,4,Tovar,0.202,5.667,0.1082,72,469082130,178352231,0.8214,0.6,0.45,0.0869,0.2337,1,0.2455,0,0,AAA,0.0846,0.0825,0.0723,0.25,0.0321,1.0355,0.8312,3428.7341,0.3206,1.2643,0.1109,0.2602,0.0,0.3057,0.0135,0.28,178352231,673830,-0.0088,-0.2576,0
TXN-2023-0251,2023-08-27,Murabaha,Savdo,Toshkent,719,42,4.0,0.335,1,0,2,Ko'chmas mulk,0.7215,3.463,0.1118,12,250115823,156505594,0.7575,0.4449,0.9233,0.0215,0.2428,1,0.4634,1,0,,0.1017,0.1137,0.0326,0.1869,0.0497,0.9637,0.7355,995.2154,0.2643,1.0882,0.2417,0.2681,0.0,0.6792,0.0489,0.45,156505594,3445746,-0.0105,-0.1791,0
TXN-2022-0252,2022-05-13,Murabaha,Qurilish,Toshkent,606,41,7.3,0.2969,1,1,3,Sanoat uskunasi,0.6882,4.407,0.1706,12,161541677,318068375,0.8385,0.4756,0.6068,0.4057,0.3397,1,0.3113,4,0,,0.1449,0.0579,0.0456,0.1553,0.1172,1.1088,0.7257,879.2871,0.7454,1.1688,0.2043,0.1675,0.999,0.1545,0.142,0.45,318068375,20321869,-0.015,0.2798,0
TXN-2023-0253,2023-08-27,Sukuk,Qishloq xo'jaligi,Toshkent,605,38,4.3,0.5803,3,0,5,Transport,0.7715,1.525,0.158,60,322252310,25845651,0.5165,0.3189,0.7662,0.4215,0.0598,1,0.5381,2,0,AA,0.0757,0.1364,0.0583,0.25,0.0701,0.9168,0.649,783.2111,0.4813,2.0608,0.4477,0.3281,0.0,0.3974,0.0301,0.28,25845651,218087,-0.0078,0.3696,0
TXN-2023-0254,2023-04-14,Murabaha,Qishloq xo'jaligi,Buxoro,667,37,12.3,0.4292,6,2,4,Tovar,0.8316,1.539,0.184,36,84611602,167138215,0.5918,0.159,0.8895,0.2273,0.2762,1,0.4126,2,0,,0.0647,0.0703,0.0617,0.25,0.0554,1.1407,0.3338,801.0927,0.5035,2.801,0.3569,0.2586,0.3333,0.4416,0.0589,0.45,167138215,4429330,-0.0067,0.8343,0
TXN-2022-0255,2022-01-25,Murabaha,Savdo,Namangan,607,61,2.0,0.5441,2,0,4,Ko'chmas mulk,0.7755,1.909,0.1326,72,152511845,63976792,0.8334,0.4397,0.8025,0.3133,0.2096,1,0.529,0,0,,0.1212,0.0928,0.0316,0.25,0.026,1.0935,0.7004,781.7295,0.5229,1.0854,0.4219,0.3112,0.0,0.3829,0.1216,0.45,63976792,3501047,-0.0126,0.0214,0
TXN-2021-0256,2021-07-13,Musharaka,Qurilish,Andijon,639,49,0.5,0.4424,0,1,4,Ko'chmas mulk,0.8667,0.698,0.201,36,358205884,201780382,0.8867,0.2052,0.6769,0.33,0.2844,1,0.4321,1,0,,0.269,0.0799,0.1,0.25,0.0459,1.0025,0.5894,736.3918,0.6144,0.7444,0.3835,0.2299,1000.0,0.261,0.2827,0.6,201780382,34226789,-0.0279,0.2638,0
TXN-2021-0257,2021-07-18,Sukuk,IT,Toshkent,823,45,16.5,0.1662,1,0,1,Transport,0.5938,3.306,0.1283,72,413881059,69313390,0.539,0.5225,0.6909,0.3537,0.0696,1,0.5633,2,0,A,0.1045,0.1051,0.0891,0.25,0.1041,1.0703,0.6962,1383.6398,0.4234,1.2167,0.0987,0.266,0.0,0.3984,0.0254,0.28,69313390,493901,-0.0108,-0.0159,0
TXN-2024-0258,2024-09-11,Ijara,Qurilish,Samarqand,624,39,2.9,0.2278,1,0,5,Ko'chmas mulk,0.8738,4.422,0.1171,24,536511071,386989521,0.6688,0.2384,0.7445,0.1834,0.0816,1,0.2884,3,1,,0.078,0.0806,0.0531,0.25,0.0718,1.0002,0.7965,713.3018,0.265,1.4815,0.199,0.2775,0.0,0.5472,0.0234,0.35,386989521,3168902,-0.0081,-0.1652,0
TXN-2023-0259,2023-06-02,Musharaka,Savdo,Toshkent,614,48,5.2,0.4199,1,0,5,Sanoat uskunasi,0.7271,5.944,0.2135,48,228629623,184269510,0.4455,0.4312,0.7964,0.3501,0.0173,1,0.2263,0,0,,0.2526,0.0589,0.0595,0.25,0.0756,1.0682,0.3903,843.2447,0.3675,0.8419,0.3053,0.2494,0.0,0.5038,0.1398,0.6,184269510,15456401,-0.0262,0.3306,0
TXN-2022-0260,2022-12-27,Murabaha,Qurilish,Boshqa,589,43,9.4,0.4547,4,0,4,Tovar,0.6168,1.82,0.1687,120,532611946,42031778,0.4716,0.1544,0.7045,0.1532,0.2923,1,0.3434,3,0,,0.0947,0.074,0.0607,0.2006,0.0755,0.9127,0.6941,953.3059,0.4455,1.7622,0.2805,0.214,0.0,0.3907,0.091,0.45,42031778,1720943,-0.0098,0.4086,0
TXN-2023-0261,2023-05-18,Musharaka,Savdo,Toshkent,708,38,2.4,0.4679,4,0,2,Sanoat uskunasi,0.6663,1.339,0.1957,36,194331315,24872473,0.5908,0.5611,0.7883,0.0604,0.2125,1,0.2432,0,0,,0.2032,0.0931,0.0262,0.25,0.0664,1.0146,0.6663,1060.9934,0.2729,0.9583,0.3118,0.317,0.0,0.5731,0.205,0.6,24872473,3058981,-0.0211,0.3234,0
TXN-2023-0262,2023-04-22,Sukuk,Savdo,Samarqand,629,34,7.6,0.376,1,0,3,Transport,0.4239,4.444,0.1048,12,185333372,210358401,0.7262,0.4219,0.6135,0.2879,0.1724,1,0.2867,2,0,BBB,0.0413,0.0638,0.0603,0.25,0.0832,0.9531,0.7631,1480.4603,0.4603,2.4738,0.1594,0.2535,0.0,0.3311,0.0287,0.28,210358401,1690415,-0.0043,-0.6104,0
TXN-2023-0263,2023-08-15,Murabaha,Ishlab chiqarish,Toshkent,589,37,0.9,0.4722,4,0,3,Tovar,0.8141,3.493,0.182,12,294252140,91248376,0.8451,0.1684,0.7145,0.1309,0.235,1,0.4861,3,0,,0.1054,0.1116,0.0629,0.2181,0.1096,1.2101,0.4885,722.6504,0.366,1.7111,0.3844,0.2667,0.0,0.453,0.1466,0.45,91248376,6018770,-0.0109,0.4938,0
TXN-2021-0264,2021-04-21,Musharaka,Savdo,Buxoro,757,21,2.1,0.6466,2,0,4,Ko'chmas mulk,0.8051,5.049,0.284,60,485659377,221757426,0.5414,0.3498,0.6604,0.1517,0.127,1,0.4953,1,0,,0.2356,0.14,0.0631,0.25,0.0517,1.0357,0.2,939.1421,0.2788,1.2003,0.5206,0.3269,0.0,0.4763,0.2163,0.6,221757426,28780057,-0.0244,0.6535,0
TXN-2024-0265,2024-10-11,Sukuk,Xizmat,Samarqand,765,40,0.9,0.3932,0,0,3,Ko'chmas mulk,0.5732,2.666,0.0978,36,429849956,93518407,0.4664,0.3637,0.8616,0.2148,0.0982,1,0.3607,1,0,A,0.0942,0.14,0.0697,0.1786,0.0913,1.0218,0.3254,1332.293,0.3131,1.0276,0.2254,0.2489,0.0,0.5919,0.012,0.28,93518407,314543,-0.0098,-0.3422,0
TXN-2024-0266,2024-08-31,Ijara,Ishlab chiqarish,Buxoro,593,33,10.0,0.2553,4,0,4,Transport,0.4116,5.371,0.1572,36,454895689,344625484,0.2301,0.5904,0.839,0.2969,0.2136,1,0.4966,6,1,,0.1347,0.0738,0.0381,0.1795,0.0935,1.02,0.6797,1437.0696,0.5105,1.1587,0.1051,0.2153,0.0,0.4107,0.0359,0.35,344625484,4328013,-0.014,0.202,0
TXN-2024-0267,2024-08-16,Ijara,Ishlab chiqarish,Andijon,486,53,1.5,0.6028,3,0,4,Ko'chmas mulk,0.704,0.233,0.0754,60,335638271,300806027,0.5803,0.3673,0.8809,0.316,0.063,1,0.372,2,1,,0.0834,0.0553,0.0306,0.25,0.0701,0.9652,0.7099,689.3454,0.3791,0.8937,0.4244,0.2747,0.0,0.547,0.1004,0.35,300806027,10569695,-0.0086,-0.6552,1
TXN-2021-0268,2021-07-21,Ijara,Ishlab chiqarish,Boshqa,730,38,7.6,0.2622,2,0,1,Ko'chmas mulk,0.4093,2.845,0.1345,60,435041699,200813757,0.8456,0.5888,0.8257,0.2144,0.1016,1,0.3639,3,1,,0.1008,0.0765,0.0621,0.249,0.088,1.0722,0.3255,1779.2235,0.316,1.3214,0.1073,0.2634,0.0,0.5648,0.0163,0.35,200813757,1146992,-0.0104,0.0449,0
TXN-2021-0269,2021-05-05,Murabaha,Savdo,Buxoro,586,26,17.2,0.1449,0,1,4,Transport,0.6101,0.232,0.0527,36,248846711,79086059,0.7849,0.3198,0.6379,0.2584,0.1748,0,0.307,0,0,,0.1004,0.1045,0.0754,0.25,0.0847,1.0517,0.5568,958.9432,0.4332,0.5203,0.0884,0.2791,1000.0,0.3615,0.0501,0.45,79086059,1784049,-0.0104,-0.7694,0
TXN-2023-0270,2023-04-05,Murabaha,IT,Samarqand,712,37,4.5,0.324,2,0,3,Moliyaviy aktiv,0.7258,3.455,0.1091,60,295729964,98468163,0.8508,0.6,0.7727,0.0843,0.098,1,0.1444,4,0,,0.1467,0.0824,0.0402,0.25,0.0465,0.9322,0.4954,979.6503,0.1823,0.7384,0.2352,0.2922,0.0,0.6318,0.0447,0.45,98468163,1982457,-0.0152,-0.1428,0
TXN-2022-0271,2022-11-26,Ijara,Ishlab chiqarish,Boshqa,477,27,4.7,0.4291,0,2,5,Moliyaviy aktiv,0.8176,2.475,0.0889,36,1302816031,123801747,0.7906,0.4477,0.7785,0.1887,0.2541,1,0.5798,1,1,,0.1006,0.1132,0.0596,0.25,0.1042,0.9987,0.6812,582.7041,0.4429,0.875,0.3509,0.3036,2000.0,0.4337,0.0679,0.35,123801747,2942406,-0.0104,-0.4081,0
TXN-2021-0272,2021-08-12,Ijara,Xizmat,Andijon,720,42,3.7,0.5547,1,0,3,Transport,0.4414,0.04,0.1691,48,414559373,71177571,0.4563,0.4887,0.6349,0.2169,0.2117,1,0.6742,3,1,,0.1078,0.0734,0.0649,0.25,0.0908,0.9277,0.313,1627.5181,0.4286,1.5549,0.2448,0.2585,0.0,0.3628,0.0581,0.35,71177571,1448136,-0.0112,0.363,0
TXN-2022-0273,2022-05-25,Sukuk,Qishloq xo'jaligi,Buxoro,542,40,2.4,0.3612,1,1,3,Ko'chmas mulk,0.6494,2.286,0.0929,12,247648421,235802817,0.5449,0.1335,0.8032,0.3077,0.141,1,0.3158,3,0,AA,0.0906,0.1084,0.0578,0.25,0.1156,1.0351,0.645,833.3273,0.4487,1.0143,0.2346,0.3006,0.999,0.4428,0.0321,0.28,235802817,2120734,-0.0094,-0.4089,0
TXN-2022-0274,2022-01-28,Sukuk,Xizmat,Samarqand,707,47,3.9,0.2086,2,0,1,Ko'chmas mulk,0.5483,0.395,0.0988,24,396204734,118149024,0.6234,0.2779,0.8257,0.0923,0.0115,1,0.5165,2,0,AAA,0.1043,0.0878,0.065,0.25,0.1096,1.0323,0.3715,1287.1213,0.1038,0.938,0.1144,0.2729,0.0,0.74,0.0192,0.28,118149024,633789,-0.0108,-0.2992,0
TXN-2022-0275,2022-01-25,Musharaka,Qishloq xo'jaligi,Toshkent,646,30,5.5,0.5823,4,0,5,Transport,0.8896,0.384,0.1668,60,129888303,130675893,0.7581,0.2913,0.9008,0.366,0.0845,0,0.7637,3,0,,0.1348,0.0594,0.0417,0.25,0.015,1.0458,0.4913,725.3369,0.4506,1.228,0.518,0.2677,0.0,0.495,0.1234,0.6,130675893,9678103,-0.014,0.2728,0
TXN-2024-0276,2024-01-04,Musharaka,Savdo,Namangan,563,38,25.6,0.2742,0,1,4,Ko'chmas mulk,0.869,0.408,0.0932,36,201760820,103112451,0.4728,0.2014,0.6376,0.0436,0.1799,1,0.3068,3,0,,0.2122,0.1025,0.0395,0.2373,0.0582,0.9573,0.3485,647.1488,0.2235,0.4373,0.2383,0.3003,1000.0,0.4951,0.3001,0.6,103112451,18563805,-0.022,-0.1733,0
TXN-2023-0277,2023-07-08,Ijara,Qurilish,Andijon,610,24,16.7,0.3896,2,0,3,Ko'chmas mulk,0.4038,1.653,0.1286,36,216642229,146550648,0.5494,0.3479,0.7808,0.2939,0.0864,1,0.6383,0,1,,0.1055,0.1266,0.0571,0.0409,0.05,1.0445,0.6551,1506.883,0.3803,1.2081,0.1573,0.1104,0.0,0.4838,0.0437,0.35,146550648,2240960,-0.0109,-0.0132,0
TXN-2021-0278,2021-10-15,Ijara,Savdo,Samarqand,703,45,11.9,0.5604,2,0,2,Sanoat uskunasi,0.4865,0.307,0.1223,48,159126355,167810430,0.6322,0.3617,0.8352,0.1564,0.1512,1,0.8012,1,1,,0.0764,0.0778,0.1,0.25,0.0517,0.869,0.7127,1442.1644,0.3076,1.5796,0.2726,0.2278,0.0,0.5783,0.0651,0.35,167810430,3822237,-0.0079,-0.1009,0
TXN-2023-0279,2023-05-15,Ijara,IT,Toshkent,654,43,13.2,0.3464,3,1,4,Sanoat uskunasi,0.6113,0.336,0.0956,48,707691176,101139408,0.4202,0.5209,0.6112,0.1673,0.0935,1,0.4143,5,1,,0.113,0.0931,0.0605,0.1105,0.0595,1.0231,0.3394,1068.1886,0.2608,0.8386,0.2117,0.1431,0.3332,0.4518,0.0483,0.35,101139408,1710502,-0.0117,-0.3039,0
TXN-2022-0280,2022-01-11,Ijara,Ishlab chiqarish,Boshqa,694,42,3.8,0.5262,2,0,3,Ko'chmas mulk,0.7894,0.74,0.1614,12,325215765,125759726,0.7626,0.4234,0.8666,0.0747,0.1386,1,0.1329,2,1,,0.0852,0.0766,0.0791,0.25,0.0436,0.9649,0.357,878.037,0.2133,1.8731,0.4154,0.2474,0.0,0.6817,0.0397,0.35,125759726,1745774,-0.0088,0.3685,0
TXN-2022-0281,2022-07-25,Sukuk,Ishlab chiqarish,Toshkent,812,38,6.4,0.4869,3,0,5,Tovar,0.774,0.002,0.1337,60,347591478,107127617,0.7647,0.4725,0.6279,0.3863,0.0751,1,0.3312,2,0,A,0.0785,0.1143,0.0408,0.25,0.0608,1.0516,0.6527,1047.6878,0.4615,1.6829,0.3769,0.3235,0.0,0.3381,0.0139,0.28,107127617,415443,-0.0081,0.0473,0
TXN-2023-0282,2023-08-06,Murabaha,IT,Toshkent,512,42,13.5,0.4408,2,0,5,Tovar,0.7715,0.807,0.0897,48,229869052,107318442,0.5074,0.4936,0.7355,0.1875,0.0912,1,0.2242,1,0,,0.1473,0.1132,0.0441,0.25,0.071,1.0775,0.2,662.8072,0.2788,0.605,0.3401,0.3191,0.0,0.5305,0.1569,0.45,107318442,7577517,-0.0153,-0.2737,0
TXN-2022-0283,2022-05-27,Murabaha,Ishlab chiqarish,Andijon,782,54,3.0,0.6725,0,0,4,Transport,0.7785,2.409,0.1125,60,122523831,150566890,0.8128,0.3995,0.8733,0.1086,0.2007,1,0.4059,2,0,,0.0777,0.0919,0.0436,0.25,0.0651,0.964,0.708,1003.1604,0.3094,1.4294,0.5236,0.2983,0.0,0.6031,0.0376,0.45,150566890,2544536,-0.0081,-0.2247,0
TXN-2021-0284,2021-06-04,Murabaha,Ishlab chiqarish,Toshkent,653,35,19.6,0.4686,3,1,5,Ko'chmas mulk,0.7263,2.301,0.1588,36,235610425,24767279,0.7671,0.1928,0.5991,0.2,0.4,1,0.5612,1,0,,0.1445,0.087,0.0492,0.25,0.0846,1.1318,0.6624,897.8014,0.6,1.0917,0.3403,0.2878,0.3332,0.2396,0.0774,0.45,24767279,862811,-0.015,0.1993,0
TXN-2023-0285,2023-06-27,Musharaka,Qishloq xo'jaligi,Toshkent,568,39,3.2,0.4399,2,0,2,Moliyaviy aktiv,0.5798,8.728,0.1521,36,189892147,396154617,0.8641,0.1868,0.7896,0.1236,0.2844,1,0.6844,0,0,,0.1455,0.1126,0.0316,0.25,0.0827,0.8263,0.3506,977.9889,0.408,1.0384,0.2551,0.331,0.0,0.4674,0.3996,0.6,396154617,94991927,-0.0151,0.1519,0
TXN-2024-0286,2024-02-02,Murabaha,IT,Buxoro,531,27,5.5,0.559,1,0,3,Sanoat uskunasi,0.7854,0.319,0.1313,36,133007490,253168784,0.7571,0.5852,0.7727,0.276,0.2009,1,0.4059,5,0,,0.1321,0.0927,0.0675,0.25,0.0699,0.9464,0.8912,675.259,0.4769,0.9866,0.439,0.2753,0.0,0.4042,0.2194,0.45,253168784,24993527,-0.0137,0.0098,0
TXN-2021-0287,2021-07-20,Musharaka,Savdo,Toshkent,628,29,7.4,0.5406,1,0,3,Ko'chmas mulk,0.8657,5.017,0.1189,12,385938423,166057799,0.7923,0.4234,0.7715,0.2036,0.0535,1,0.3992,1,0,,0.2607,0.1185,0.069,0.25,0.0728,0.9555,0.6898,724.5929,0.257,0.4546,0.468,0.2994,0.0,0.5732,0.3623,0.6,166057799,36100034,-0.027,-0.0424,1
TXN-2021-0288,2021-04-14,Musharaka,Ishlab chiqarish,Namangan,723,38,18.0,0.4157,4,0,2,Sanoat uskunasi,0.6783,1.241,0.1195,12,208569267,266700038,0.327,0.5402,0.6057,0.0959,0.3114,1,0.5731,1,0,,0.1943,0.096,0.0539,0.239,0.0682,1.0618,0.6971,1064.29,0.4074,0.6121,0.282,0.2811,0.0,0.3589,0.3416,0.6,266700038,54667744,-0.0201,-0.0538,0
TXN-2024-0289,2024-08-28,Murabaha,Savdo,Samarqand,634,49,1.7,0.3995,1,1,5,Transport,0.7184,1.224,0.1192,24,84086545,57414194,0.6586,0.5062,0.7964,0.1012,0.0925,1,0.5362,0,0,,0.1418,0.1133,0.0579,0.25,0.1159,1.0391,0.7292,881.2358,0.1938,0.8348,0.287,0.3054,0.999,0.6421,0.055,0.45,57414194,1420558,-0.0147,-0.0762,0
TXN-2024-0290,2024-01-13,Musharaka,Qishloq xo'jaligi,Buxoro,773,35,8.2,0.3221,1,0,2,Sanoat uskunasi,0.383,1.072,0.1879,72,244804232,43702564,0.6439,0.2628,0.8498,0.0735,0.1581,1,0.6228,3,0,,0.1656,0.106,0.0767,0.25,0.089,0.9673,0.6398,2012.9685,0.2317,1.1273,0.1234,0.2792,0.0,0.653,0.0745,0.6,43702564,1954473,-0.0172,0.3492,0
TXN-2021-0291,2021-01-31,Murabaha,Xizmat,Toshkent,521,35,4.4,0.5974,2,0,5,Transport,0.4231,0.333,0.1479,72,247540769,39550909,0.6558,0.149,0.7136,0.2227,0.2433,1,0.231,5,0,,0.1434,0.0922,0.0628,0.25,0.0292,0.985,0.8332,1228.497,0.466,1.0245,0.2528,0.2793,0.0,0.3811,0.0876,0.45,39550909,1559622,-0.0149,0.125,1
TXN-2021-0292,2021-07-11,Murabaha,Qurilish,Samarqand,643,33,1.9,0.4265,2,0,4,Transport,0.8243,1.628,0.1073,36,384674480,200925893,0.747,0.4096,0.7804,0.3459,0.0737,1,0.6651,2,0,,0.113,0.05,0.0344,0.2119,0.0502,1.0579,0.7517,779.1368,0.4196,0.9412,0.3516,0.2275,0.0,0.453,0.107,0.45,200925893,9674275,-0.0117,-0.2005,0
TXN-2022-0293,2022-04-30,Ijara,Qurilish,Andijon,538,32,9.0,0.4924,3,1,3,Tovar,0.4975,3.871,0.0855,24,262982375,163833110,0.3428,0.4595,0.8682,0.2007,0.1208,1,0.4122,0,1,,0.0795,0.101,0.0491,0.1991,0.1003,0.9437,0.6544,1079.2455,0.3215,1.0626,0.245,0.2509,0.3332,0.5891,0.1018,0.35,163833110,5835716,-0.0082,-0.5592,0
TXN-2021-0294,2021-12-07,Murabaha,Savdo,Toshkent,675,40,4.8,0.1959,5,0,1,Sanoat uskunasi,0.6818,5.207,0.0903,24,169409273,190898233,0.1572,0.3679,0.6976,0.0854,0.189,1,0.4175,4,0,,0.1389,0.0631,0.0627,0.2496,0.0405,1.1114,0.239,988.6293,0.2744,0.6458,0.1336,0.25,0.0,0.5062,0.173,0.45,190898233,14861940,-0.0144,-0.2857,0
TXN-2023-0295,2023-04-13,Murabaha,Savdo,Boshqa,720,23,6.5,0.5459,0,0,1,Ko'chmas mulk,0.4631,8.233,0.1796,24,329884408,285721647,0.4712,0.3057,0.45,0.009,0.0021,1,0.0827,2,0,,0.1123,0.1273,0.0615,0.25,0.0322,0.9438,0.9492,1551.291,0.0111,1.585,0.2528,0.3158,0.0,0.445,0.1798,0.45,285721647,23121611,-0.0116,0.4413,0
TXN-2023-0296,2023-09-22,Musharaka,Savdo,Buxoro,609,50,2.3,0.4577,5,0,3,Ko'chmas mulk,0.3346,3.846,0.3,72,165787198,28167999,0.6596,0.2119,0.9782,0.3081,0.05,1,0.4791,2,0,,0.2081,0.0783,0.0789,0.25,0.0571,0.9783,0.8259,1814.4574,0.3581,1.435,0.1532,0.2494,0.0,0.6279,0.1353,0.6,28167999,2286417,-0.0216,0.817,0
TXN-2023-0297,2023-09-13,Ijara,Qishloq xo'jaligi,Toshkent,423,31,3.9,0.208,1,0,4,Ko'chmas mulk,0.2889,2.439,0.1329,36,373603137,64012639,0.8412,0.4773,0.8274,0.1512,0.3135,1,0.6429,3,1,,0.1071,0.0994,0.0421,0.25,0.0404,1.0681,0.7462,1459.0388,0.4647,1.2293,0.0601,0.3073,0.0,0.4429,0.0288,0.35,64012639,645238,-0.0111,0.0271,0
TXN-2022-0298,2022-03-14,Murabaha,Qurilish,Samarqand,661,45,5.8,0.5179,2,0,3,Transport,0.7534,1.721,0.04,60,489532797,93951283,0.7806,0.6,0.8067,0.2105,0.0198,1,0.3465,2,0,,0.1213,0.0627,0.0558,0.25,0.0311,1.173,0.4795,876.1572,0.2304,0.327,0.3902,0.2569,0.0,0.6208,0.075,0.45,93951283,3169435,-0.0126,-0.7417,0
TXN-2023-0299,2023-04-02,Musharaka,Qishloq xo'jaligi,Buxoro,682,25,3.1,0.3974,4,0,4,Ko'chmas mulk,0.5428,5.197,0.2141,36,55261563,236491087,0.5619,0.3249,0.9326,0.1146,0.083,1,0.3481,3,0,,0.2978,0.05,0.0549,0.25,0.0503,0.9376,0.7562,1254.0984,0.1976,0.7164,0.2157,0.2451,0.0,0.7484,0.1092,0.6,236491087,15498218,-0.0309,0.2823,0
TXN-2021-0300,2021-05-01,Murabaha,Qurilish,Toshkent,679,44,1.3,0.4394,1,1,4,Sanoat uskunasi,0.6018,3.363,0.1874,48,156090065,164707459,0.757,0.4066,0.7212,0.1671,0.2928,0,0.3675,2,0,,0.0858,0.0808,0.0328,0.25,0.0575,1.0286,0.7207,1126.4095,0.4599,2.1588,0.2644,0.298,0.999,0.3895,0.0512,0.45,164707459,3796316,-0.0089,0.669,1
TXN-2021-0301,2021-12-04,Murabaha,Savdo,Andijon,750,44,19.6,0.294,1,1,3,Ko'chmas mulk,0.6267,0.44,0.114,48,323387170,937771878,0.4743,0.6,0.8751,0.2875,0.2124,1,0.529,2,0,,0.1181,0.1165,0.0784,0.0849,0.0414,0.9736,0.5123,1194.7777,0.4999,0.9578,0.1843,0.1231,0.999,0.4376,0.0735,0.45,937771878,31033786,-0.0122,-0.1352,0
TXN-2023-0302,2023-02-16,Musharaka,Xizmat,Toshkent,553,41,4.3,0.4348,2,0,2,Sanoat uskunasi,0.8421,2.869,0.2328,12,258632222,69048550,0.557,0.3988,0.715,0.1793,0.0987,1,0.3742,4,0,,0.3291,0.0763,0.1,0.25,0.0308,0.8947,0.2861,655.9484,0.278,0.7052,0.3661,0.2263,0.0,0.5162,0.5846,0.6,69048550,24217417,-0.0341,0.3123,0
TXN-2021-0303,2021-01-05,Musharaka,Savdo,Andijon,702,28,7.9,0.1594,4,0,5,Tovar,0.6783,1.41,0.2443,36,532863579,213922968,0.7911,0.1542,0.8824,0.0861,0.2028,0,0.5698,3,0,,0.3328,0.1035,0.0234,0.25,0.0869,1.1052,0.8959,1033.4148,0.2889,0.7319,0.1081,0.3301,0.0,0.6275,0.0712,0.6,213922968,9140763,-0.0345,0.3434,0
TXN-2023-0304,2023-03-11,Musharaka,Savdo,Toshkent,746,40,3.2,0.239,2,0,3,Ko'chmas mulk,0.2294,2.265,0.2573,60,518298081,288638540,0.4483,0.4144,0.6363,0.2791,0.0947,1,0.5543,3,0,,0.2873,0.0942,0.061,0.25,0.0553,1.1759,0.5441,3237.9286,0.3738,0.8928,0.0548,0.2831,0.0,0.3984,0.0956,0.6,288638540,16549231,-0.0298,0.4433,0
TXN-2022-0305,2022-06-28,Ijara,Savdo,Buxoro,493,26,2.6,0.6172,3,0,3,Sanoat uskunasi,0.3923,5.716,0.1024,36,426530559,413765614,0.5223,0.3594,0.8679,0.1691,0.219,1,0.4724,4,1,,0.0936,0.1026,0.0298,0.25,0.043,1.1733,0.3951,1253.5609,0.3881,1.0829,0.2421,0.3228,0.0,0.5311,0.0836,0.35,413765614,12105245,-0.0097,-0.2946,1
TXN-2023-0306,2023-07-21,Sukuk,Xizmat,Samarqand,672,35,3.1,0.3475,2,0,4,Boshqa,0.7457,2.643,0.1019,36,88944183,128563312,0.7363,0.3816,0.6202,0.228,0.0274,1,0.5957,2,0,AA,0.106,0.099,0.0804,0.25,0.0381,1.0294,0.6446,900.0164,0.2555,0.9518,0.2591,0.2686,0.0,0.4618,0.0197,0.28,128563312,709203,-0.011,-0.2652,0
TXN-2022-0307,2022-08-08,Musharaka,IT,Namangan,602,48,3.2,0.3317,1,0,5,Ko'chmas mulk,0.6606,6.981,0.1909,36,221887469,59645241,0.6668,0.2951,0.6522,0.3624,0.0141,1,0.4518,1,0,,0.1452,0.0851,0.0222,0.1601,0.063,1.1824,0.664,909.9489,0.3765,1.3061,0.2191,0.223,0.0,0.4066,0.1799,0.6,59645241,6437524,-0.015,0.4196,0
TXN-2023-0308,2023-05-17,Murabaha,Qishloq xo'jaligi,Andijon,638,45,4.7,0.4678,1,1,5,Moliyaviy aktiv,0.6379,5.032,0.1927,36,359353015,234920035,0.7689,0.1461,0.7623,0.2697,0.06,0,0.4167,0,0,,0.1091,0.1092,0.0531,0.25,0.0901,1.0952,0.6107,998.6675,0.3297,1.7505,0.2984,0.3062,0.999,0.5109,0.0361,0.45,234920035,3815762,-0.0113,0.575,0
TXN-2024-0309,2024-11-27,Ijara,Qurilish,Namangan,674,38,4.7,0.4693,5,0,2,Sanoat uskunasi,0.7608,0.345,0.1077,36,240841016,182045379,0.2085,0.5024,0.6828,0.4471,0.0913,1,0.1587,4,1,,0.1026,0.1017,0.0662,0.25,0.0869,0.9368,0.4925,884.7263,0.5384,1.0398,0.3571,0.2854,0.0,0.3152,0.1589,0.35,182045379,10122607,-0.0106,-0.2172,0
TXN-2024-0310,2024-02-13,Murabaha,Ishlab chiqarish,Toshkent,603,28,4.1,0.4345,1,0,4,Sanoat uskunasi,0.7498,0.029,0.1777,24,226846612,222045492,0.6714,0.6,0.8925,0.4745,0.1038,1,0.3451,4,0,,0.1125,0.1069,0.0798,0.25,0.0935,0.9229,0.3969,803.1078,0.5782,1.5653,0.3258,0.2771,0.0,0.3764,0.0914,0.45,222045492,9129263,-0.0117,0.4237,0
TXN-2024-0311,2024-09-17,Musharaka,Qurilish,Toshkent,587,44,0.9,0.7268,0,0,2,Ko'chmas mulk,0.3112,1.213,0.1964,84,514167610,381982610,0.6574,0.4877,0.883,0.0357,0.1602,0,0.6388,3,0,,0.2594,0.0881,0.0531,0.25,0.0795,0.9569,0.7221,1880.1121,0.1959,0.7542,0.2262,0.2851,0.0,0.71,0.2535,0.6,381982610,58092974,-0.0269,0.2558,0
TXN-2023-0312,2023-09-24,Murabaha,Savdo,Toshkent,647,38,4.1,0.4546,1,0,5,Tovar,0.2823,5.012,0.1784,12,303381321,125673228,0.7701,0.1208,0.8141,0.1377,0.0765,1,0.5986,2,0,,0.1239,0.0887,0.0442,0.25,0.0812,0.8898,0.6553,2283.5076,0.2142,1.4278,0.1284,0.2945,0.0,0.6397,0.016,0.45,125673228,905082,-0.0128,0.3904,0
TXN-2021-0313,2021-11-14,Murabaha,Qishloq xo'jaligi,Boshqa,552,21,1.1,0.3568,2,0,3,Transport,0.7871,0.654,0.1703,36,210308106,71735904,0.1863,0.3814,0.9212,0.0926,0.2904,1,0.564,0,0,,0.1167,0.1127,0.048,0.25,0.0389,1.0086,0.5617,700.4284,0.383,1.4467,0.2809,0.3147,0.0,0.5684,0.1351,0.45,71735904,4360127,-0.0121,0.3454,0
TXN-2022-0314,2022-01-24,Sukuk,Qishloq xo'jaligi,Boshqa,552,45,0.8,0.1812,2,1,3,Sanoat uskunasi,0.8077,2.939,0.0836,24,120143408,220665996,0.5451,0.3,0.9401,0.4327,0.321,1,0.7179,5,0,AA,0.0805,0.1288,0.0422,0.25,0.06,0.9482,0.7513,682.5719,0.7537,1.0253,0.1464,0.3365,0.4998,0.2316,0.0515,0.28,220665996,3181731,-0.0083,-0.5758,0
TXN-2022-0315,2022-08-31,Ijara,Savdo,Toshkent,702,37,16.2,0.2628,1,1,5,Tovar,0.4227,1.616,0.1281,12,686946640,184132457,0.928,0.3199,0.6205,0.1986,0.1415,1,0.6658,1,1,,0.1143,0.0982,0.0664,0.25,0.079,1.028,0.4896,1656.7415,0.34,1.1108,0.1111,0.2818,0.999,0.4095,0.0088,0.35,184132457,564513,-0.0118,-0.0169,0
TXN-2022-0316,2022-03-22,Ijara,Qishloq xo'jaligi,Samarqand,547,50,5.6,0.4133,2,0,5,Transport,0.7478,3.427,0.0993,48,293382794,118849313,0.7643,0.2,0.9122,0.0578,0.0488,0,0.4278,3,0,,0.0959,0.0736,0.0472,0.25,0.0672,1.0111,0.6685,730.4543,0.1066,1.0251,0.3091,0.2763,0.0,0.8149,0.0249,0.35,118849313,1037063,-0.0099,-0.3204,0
TXN-2021-0317,2021-04-30,Murabaha,Qurilish,Toshkent,701,27,6.5,0.2027,5,0,4,Ko'chmas mulk,0.3652,0.451,0.1391,120,184947495,73124914,0.4564,0.3183,0.8902,0.1839,0.0366,0,0.5854,0,0,,0.1282,0.0914,0.0423,0.25,0.0698,1.1503,0.5611,1914.4192,0.2205,1.076,0.074,0.2991,0.0,0.6939,0.015,0.45,73124914,494303,-0.0133,0.0707,0
TXN-2024-0318,2024-04-01,Murabaha,Savdo,Buxoro,684,21,3.1,0.4789,2,1,2,Ko'chmas mulk,0.3318,0.683,0.2099,48,427860417,188561718,0.5734,0.2761,0.8479,0.1989,0.3467,1,0.5566,2,0,,0.0869,0.1041,0.0349,0.25,0.0797,1.042,0.4131,2055.4302,0.5457,2.389,0.1589,0.3192,0.4998,0.3852,0.0931,0.45,188561718,7897876,-0.009,0.9198,0
TXN-2024-0319,2024-01-16,Murabaha,Qishloq xo'jaligi,Toshkent,498,40,14.4,0.194,1,0,4,Ko'chmas mulk,0.5412,0.694,0.1231,24,93495688,270300724,0.453,0.3293,0.7228,0.262,0.0712,1,0.0944,3,0,,0.1455,0.1085,0.0521,0.2315,0.0988,0.9695,0.6684,918.5503,0.3332,0.8402,0.105,0.2879,0.0,0.482,0.1033,0.45,270300724,12561374,-0.0151,-0.0477,0
TXN-2021-0320,2021-05-05,Murabaha,Savdo,Toshkent,587,40,6.1,0.3584,0,0,5,Tovar,0.4216,1.988,0.1156,36,700119441,48719857,0.8358,0.4636,0.7027,0.5,0.1287,1,0.6037,2,0,,0.1386,0.073,0.0556,0.25,0.053,0.9257,0.4999,1388.9716,0.6287,0.8281,0.1511,0.2674,0.0,0.2609,0.05,0.45,48719857,1096055,-0.0144,-0.1042,0
TXN-2022-0321,2022-10-05,Musharaka,Qishloq xo'jaligi,Buxoro,746,21,8.8,0.4266,1,0,4,Ko'chmas mulk,0.7826,0.855,0.1689,12,353052524,153043893,0.5386,0.3505,0.773,0.1489,0.2302,1,0.3982,3,0,,0.2178,0.0819,0.0302,0.25,0.0871,0.9219,0.7036,952.0529,0.3791,0.772,0.3339,0.3017,0.0,0.48,0.144,0.6,153043893,13227460,-0.0226,0.1786,0
TXN-2021-0322,2021-04-28,Ijara,IT,Buxoro,561,28,2.8,0.6596,4,0,2,Transport,0.6951,4.175,0.1403,36,912871309,224298173,0.4309,0.2854,0.903,0.2311,0.0378,1,0.267,0,0,,0.1122,0.0914,0.0451,0.0991,0.0875,1.1555,0.4897,805.9529,0.2689,1.2391,0.4585,0.1453,0.0,0.6602,0.1333,0.35,224298173,10464381,-0.0116,0.0914,0
TXN-2021-0323,2021-04-13,Ijara,Qurilish,Andijon,605,65,19.3,0.7677,2,0,3,Ko'chmas mulk,0.4564,1.065,0.14,12,357741668,523317503,0.5783,0.4884,0.8228,0.1584,0.0261,1,0.5147,5,1,,0.111,0.1304,0.031,0.25,0.08,1.0376,0.615,1322.5832,0.1845,1.2506,0.3504,0.3494,0.0,0.6709,0.0818,0.35,523317503,14980469,-0.0115,0.0904,0
TXN-2024-0324,2024-04-11,Murabaha,Qurilish,Toshkent,684,34,10.3,0.5528,0,0,5,Tovar,0.7341,2.703,0.1544,60,282369570,155517804,0.7286,0.4204,0.9152,0.2976,0.0286,1,0.3752,0,0,,0.1217,0.0595,0.062,0.25,0.0196,0.8557,0.4657,930.4493,0.3262,1.2586,0.4059,0.2475,0.0,0.6166,0.0269,0.45,155517804,1884593,-0.0126,0.2006,0
TXN-2023-0325,2023-09-04,Sukuk,Ishlab chiqarish,Namangan,711,45,11.5,0.3249,1,0,4,Transport,0.8512,7.416,0.0801,12,170272395,440711452,0.7835,0.2185,0.7209,0.0675,0.2373,1,0.7939,4,0,AA,0.081,0.114,0.0714,0.25,0.0789,1.0661,0.394,834.2952,0.3048,0.9767,0.2766,0.2926,0.0,0.5011,0.0172,0.28,440711452,2118154,-0.0084,-0.6163,0
TXN-2023-0326,2023-10-27,Ijara,Xizmat,Toshkent,623,31,1.1,0.4514,1,0,4,Boshqa,0.8048,2.334,0.1125,12,188114270,266902764,0.52,0.2072,0.7336,0.1548,0.0275,1,0.4122,4,1,,0.1153,0.0604,0.0736,0.25,0.0641,1.1733,0.8052,773.1132,0.1823,0.9677,0.3633,0.2368,0.0,0.5999,0.0328,0.35,266902764,3063185,-0.0119,-0.1513,0
TXN-2023-0327,2023-12-24,Musharaka,Xizmat,Samarqand,594,21,1.9,0.3165,1,0,3,Tovar,0.5117,0.693,0.2645,60,116230059,270741012,0.7768,0.475,0.8897,0.0801,0.1252,1,0.2283,2,0,,0.257,0.0938,0.0531,0.25,0.1079,0.9809,0.6374,1158.5165,0.2053,1.025,0.162,0.2908,0.0,0.7071,0.1545,0.6,270741012,25097735,-0.0266,0.5231,0
TXN-2021-0328,2021-11-19,Musharaka,Qurilish,Namangan,765,36,2.0,0.3312,2,0,4,Tovar,0.8014,4.437,0.089,84,801457498,84439775,0.541,0.1956,0.5981,0.1463,0.1928,1,0.292,1,0,,0.1488,0.1155,0.0499,0.1478,0.0835,1.0675,0.6823,953.3337,0.3391,0.594,0.2655,0.2134,0.0,0.3953,0.146,0.6,84439775,7399130,-0.0154,-0.2758,1
TXN-2021-0329,2021-04-27,Murabaha,Qurilish,Buxoro,792,35,1.9,0.2267,4,0,5,Ko'chmas mulk,0.5843,0.032,0.1503,12,264959835,840463322,0.8797,0.3425,0.8616,0.3282,0.1084,1,0.7732,3,0,,0.1522,0.071,0.0349,0.25,0.0472,1.0325,0.2639,1353.1501,0.4366,0.9811,0.1325,0.2861,0.0,0.4855,0.0079,0.45,840463322,2970737,-0.0158,0.1336,0
TXN-2023-0330,2023-11-07,Murabaha,Savdo,Toshkent,728,34,11.6,0.4976,1,0,3,Ko'chmas mulk,0.6427,0.741,0.1312,24,412470525,155050350,0.6766,0.3255,0.6902,0.0702,0.172,1,0.1283,3,0,,0.0908,0.0804,0.0493,0.25,0.0698,1.0727,0.3111,1130.9981,0.2421,1.4296,0.3198,0.2811,0.0,0.5231,0.055,0.45,155050350,3837064,-0.0094,0.0136,0
TXN-2021-0331,2021-06-14,Murabaha,Qishloq xo'jaligi,Boshqa,652,36,0.5,0.3204,2,0,4,Ko'chmas mulk,0.7693,1.225,0.1587,48,453833608,171139707,0.6326,0.1682,0.8517,0.0709,0.1027,1,0.7168,1,0,,0.0898,0.1177,0.0832,0.25,0.0359,1.1538,0.5424,846.402,0.1736,1.7476,0.2465,0.2845,0.0,0.7039,0.0459,0.45,171139707,3538196,-0.0093,0.3198,0
TXN-2022-0332,2022-01-16,Ijara,Qishloq xo'jaligi,Samarqand,576,40,0.5,0.3526,2,0,3,Transport,0.6848,0.545,0.1241,36,213911540,150474601,0.4535,0.6,0.8648,0.3872,0.2353,1,0.7202,3,1,,0.1032,0.1184,0.0498,0.1291,0.0743,0.9063,0.5742,839.9218,0.6226,1.19,0.2414,0.1977,0.0,0.3264,0.0766,0.35,150474601,4034936,-0.0107,-0.0576,0
TXN-2021-0333,2021-05-21,Murabaha,Savdo,Andijon,574,36,1.9,0.4464,3,0,2,Sanoat uskunasi,0.6679,2.316,0.08,84,151214777,353537656,0.7875,0.4259,0.6392,0.0323,0.2836,1,0.5911,7,0,,0.1317,0.0957,0.0635,0.01,0.0953,1.0218,0.706,858.1707,0.3159,0.6024,0.2982,0.0421,0.0,0.4373,0.2302,0.45,353537656,36618005,-0.0136,-0.38,0
TXN-2024-0334,2024-05-03,Murabaha,Ishlab chiqarish,Boshqa,689,25,1.3,0.5563,2,0,4,Ko'chmas mulk,0.5191,2.041,0.1635,36,159184759,584660502,0.9421,0.2932,0.7531,0.1005,0.0953,1,0.6639,0,0,,0.115,0.099,0.0785,0.25,0.0859,0.9225,0.5162,1324.868,0.1958,1.4103,0.2888,0.2705,0.0,0.6057,0.0347,0.45,584660502,9127919,-0.0119,0.2917,0
TXN-2021-0335,2021-05-20,Murabaha,Savdo,Toshkent,680,42,1.6,0.506,3,0,5,Ko'chmas mulk,0.5693,1.304,0.101,12,96704237,235506076,0.3189,0.5899,0.7543,0.0643,0.0693,1,0.2153,3,0,,0.1082,0.1343,0.0882,0.25,0.0696,0.9581,0.394,1192.4245,0.1336,0.9247,0.288,0.2961,0.0,0.6536,0.0378,0.45,235506076,4004756,-0.0112,-0.2682,1
TXN-2024-0336,2024-10-14,Murabaha,Qishloq xo'jaligi,Boshqa,764,21,9.6,0.3423,1,0,4,Sanoat uskunasi,0.716,0.872,0.0927,12,125052533,113449850,0.4008,0.5301,0.8936,0.4078,0.0617,0,0.2292,3,0,,0.1521,0.1333,0.0647,0.25,0.0661,1.0165,0.5528,1065.6037,0.4695,0.606,0.2451,0.3187,0.0,0.4741,0.0525,0.45,113449850,2680884,-0.0158,-0.245,0
TXN-2022-0337,2022-04-27,Sukuk,Qurilish,Buxoro,700,21,5.0,0.4624,2,0,2,Ko'chmas mulk,0.4049,1.422,0.1013,48,337329561,487293225,0.5698,0.518,0.8936,0.247,0.1335,1,0.1796,2,0,A,0.0771,0.1279,0.0523,0.25,0.0841,0.9877,0.2515,1724.637,0.3805,1.2962,0.1872,0.3256,0.0,0.5536,0.0215,0.28,487293225,2937130,-0.008,-0.3725,0
TXN-2023-0338,2023-04-07,Ijara,Savdo,Toshkent,517,45,0.5,0.4279,1,0,3,Transport,0.5164,0.86,0.1077,60,452076318,61363823,0.5577,0.438,0.7832,0.2543,0.3522,1,0.7787,4,1,,0.1204,0.0676,0.0721,0.25,0.0357,1.1966,0.7237,999.2179,0.6064,0.8866,0.2209,0.2455,0.0,0.3082,0.0894,0.35,61363823,1920882,-0.0125,-0.1854,0
TXN-2021-0339,2021-09-03,Musharaka,Qurilish,Toshkent,734,43,3.4,0.3492,1,0,5,Ko'chmas mulk,0.2918,0.625,0.1321,60,245512629,91195967,0.5502,0.3131,0.8564,0.2044,0.0357,1,0.5583,0,0,,0.3192,0.1148,0.0745,0.25,0.03,1.0932,0.4595,2506.5478,0.2401,0.4125,0.1019,0.2903,0.0,0.6508,0.0318,0.6,91195967,1737400,-0.0331,0.0066,0
TXN-2024-0340,2024-03-12,Murabaha,Qurilish,Buxoro,560,37,3.1,0.5194,2,0,3,Sanoat uskunasi,0.6857,1.082,0.1245,72,425872539,56176113,0.6455,0.3294,0.5674,0.4106,0.2641,1,0.5708,0,0,,0.1169,0.0954,0.0348,0.1708,0.0438,0.935,0.742,815.534,0.6747,1.0557,0.3561,0.2315,0.0,0.1846,0.2744,0.45,56176113,6936486,-0.0121,-0.0474,0
TXN-2022-0341,2022-05-20,Musharaka,Qurilish,Namangan,612,24,0.7,0.4044,1,0,5,Transport,0.4388,2.305,0.136,24,431948944,114791036,0.8747,0.488,0.6306,0.2064,0.028,1,0.5652,0,0,,0.1315,0.11,0.0513,0.1988,0.0946,1.1113,0.6841,1391.6864,0.2344,1.0262,0.1774,0.2575,0.0,0.4828,0.0783,0.6,114791036,5392451,-0.0136,0.0456,0
TXN-2024-0342,2024-03-31,Musharaka,Xizmat,Toshkent,666,30,6.8,0.4416,2,0,3,Sanoat uskunasi,0.2309,2.613,0.2728,48,202653579,299728320,0.5408,0.3501,0.5848,0.3273,0.1798,1,0.4581,2,0,,0.3451,0.0822,0.0423,0.25,0.0978,1.0863,0.5373,2872.3073,0.5072,0.7883,0.1019,0.2899,0.0,0.2882,0.2238,0.6,299728320,40239256,-0.0358,0.4138,0
TXN-2024-0343,2024-05-02,Murabaha,Savdo,Buxoro,814,35,7.3,0.4898,1,0,5,Ko'chmas mulk,0.6845,0.882,0.1526,60,469849079,126956112,0.8246,0.3735,0.8336,0.0681,0.0291,1,0.4753,2,0,,0.1293,0.0661,0.0388,0.1491,0.0146,1.0705,0.3124,1187.4667,0.0972,1.1708,0.3353,0.1764,0.0,0.7526,0.0136,0.45,126956112,775522,-0.0134,0.1744,0
TXN-2021-0344,2021-03-23,Musharaka,Qurilish,Samarqand,850,22,7.7,0.4283,1,1,5,Ko'chmas mulk,0.5413,7.363,0.1705,60,221948414,154658256,0.4157,0.5862,0.7036,0.3784,0.0728,1,0.2203,2,0,,0.2425,0.0858,0.098,0.25,0.0367,1.0497,0.5746,1567.4972,0.4512,0.7002,0.2318,0.2379,0.999,0.3861,0.073,0.6,154658256,6778479,-0.0251,0.167,0
TXN-2024-0345,2024-06-22,Murabaha,Qurilish,Toshkent,696,30,7.8,0.5348,2,1,1,Tovar,0.6939,0.759,0.1704,36,189186310,191528494,0.6494,0.4551,0.879,0.1793,0.2192,1,0.2623,1,0,,0.1158,0.1268,0.01,0.25,0.1147,1.0246,0.4673,1001.5965,0.3985,1.4591,0.3711,0.3668,0.4998,0.5287,0.2015,0.45,191528494,17369557,-0.012,0.3486,0
TXN-2021-0346,2021-06-17,Musharaka,Ishlab chiqarish,Buxoro,629,44,0.5,0.2674,1,0,4,Sanoat uskunasi,0.738,3.113,0.1687,48,257679193,126472908,0.4323,0.378,0.9752,0.3156,0.0875,1,0.302,3,0,,0.2399,0.053,0.0467,0.25,0.055,0.9438,0.7402,851.1759,0.4031,0.7003,0.1973,0.2563,0.0,0.5821,0.1411,0.6,126472908,10704359,-0.0249,0.1612,0
TXN-2023-0347,2023-05-09,Musharaka,Qurilish,Andijon,690,52,18.5,0.3125,2,0,2,Sanoat uskunasi,0.4232,0.212,0.1644,48,105037978,67918504,0.7461,0.4579,0.7854,0.2237,0.1101,1,0.2377,3,0,,0.1972,0.1159,0.0643,0.1735,0.0408,0.9586,0.3962,1626.5711,0.3337,0.8297,0.1323,0.2251,0.0,0.5233,0.1299,0.6,67918504,5293961,-0.0204,0.1745,0
TXN-2024-0348,2024-09-08,Murabaha,Qishloq xo'jaligi,Namangan,720,33,10.1,0.0654,3,1,3,Sanoat uskunasi,0.7566,2.733,0.1773,48,239367808,46629176,0.6293,0.2687,0.8351,0.3232,0.0249,1,0.4138,1,0,,0.141,0.1067,0.0689,0.1846,0.0366,1.0663,0.8184,950.3456,0.348,1.2488,0.0495,0.2225,0.3332,0.5444,0.0406,0.45,46629176,852308,-0.0146,0.3356,0
TXN-2024-0349,2024-04-10,Murabaha,IT,Andijon,617,45,14.1,0.2759,2,0,3,Ko'chmas mulk,0.5086,1.54,0.1122,24,61250916,370375537,0.737,0.187,0.8837,0.1173,0.0442,1,0.608,4,0,,0.1565,0.0884,0.0598,0.137,0.0758,1.0837,0.3807,1210.6825,0.1614,0.7128,0.1403,0.1656,0.0,0.741,0.0382,0.45,370375537,6371320,-0.0162,-0.1135,0
TXN-2024-0350,2024-03-03,Musharaka,Qishloq xo'jaligi,Boshqa,797,21,0.5,0.5628,5,0,4,Tovar,0.6597,2.105,0.1186,48,366952987,95148478,0.6009,0.4898,0.6484,0.3008,0.0302,1,0.31,2,0,,0.158,0.0797,0.0587,0.25,0.078,1.0224,0.3426,1206.3182,0.331,0.7463,0.3713,0.2709,0.0,0.4338,0.1417,0.6,95148478,8092293,-0.0164,-0.0719,0
TXN-2023-0351,2023-12-07,Musharaka,Savdo,Boshqa,664,44,16.3,0.3919,0,0,3,Tovar,0.6509,0.509,0.2194,48,112569067,91851791,0.6314,0.3515,0.8041,0.3122,0.2961,1,0.6251,2,0,,0.2065,0.0994,0.0322,0.25,0.0772,0.9972,0.5595,1018.4981,0.6083,1.0572,0.2551,0.3172,0.0,0.315,0.2316,0.6,91851791,12766031,-0.0214,0.4327,0
TXN-2022-0352,2022-10-10,Sukuk,IT,Boshqa,687,29,10.0,0.1942,1,1,4,Sanoat uskunasi,0.5027,1.421,0.1041,24,243742754,52143767,0.7365,0.445,0.5361,0.0681,0.1869,1,0.4561,1,0,BBB,0.0921,0.094,0.0401,0.1521,0.0773,0.9604,0.7099,1363.847,0.2551,1.1181,0.0976,0.206,0.999,0.3994,0.0125,0.28,52143767,182630,-0.0095,-0.2812,0
TXN-2022-0353,2022-06-19,Ijara,Qishloq xo'jaligi,Samarqand,701,41,10.9,0.2505,2,0,3,Moliyaviy aktiv,0.6509,3.634,0.1246,36,596222349,134805472,0.4806,0.5915,0.753,0.17,0.0375,1,0.6561,5,1,,0.1008,0.0702,0.0635,0.25,0.068,1.1561,0.8157,1075.2842,0.2076,1.2248,0.1631,0.2567,0.0,0.5967,0.035,0.35,134805472,1651276,-0.0104,-0.0532,0
TXN-2022-0354,2022-02-23,Murabaha,Qishloq xo'jaligi,Toshkent,680,35,0.6,0.3711,4,1,1,Ko'chmas mulk,0.7043,3.643,0.126,36,255393524,216978820,0.4759,0.5051,0.8924,0.2046,0.2026,1,0.4964,0,0,,0.1498,0.1069,0.0712,0.25,0.0035,1.018,0.7713,964.0791,0.4071,0.8353,0.2614,0.2857,0.2499,0.5291,0.1803,0.45,216978820,17601455,-0.0155,-0.0268,0
TXN-2024-0355,2024-10-03,Murabaha,Qurilish,Boshqa,716,51,8.1,0.3229,3,0,4,Sanoat uskunasi,0.5498,0.678,0.1638,48,78562928,115009423,0.4538,0.3136,0.8773,0.0888,0.0525,1,0.053,0,0,,0.1436,0.0707,0.0606,0.2452,0.0666,0.9879,0.5821,1300.0155,0.1413,1.1327,0.1775,0.2553,0.0,0.7533,0.0179,0.45,115009423,928240,-0.0149,0.2355,0
TXN-2022-0356,2022-10-06,Ijara,Savdo,Buxoro,592,29,19.3,0.2761,3,1,4,Boshqa,0.6088,1.087,0.0789,48,264427818,189739488,0.4554,0.5201,0.8452,0.1419,0.242,1,0.5556,0,1,,0.12,0.128,0.0651,0.25,0.0554,1.2066,0.6726,970.7524,0.384,0.6519,0.1681,0.3129,0.3332,0.5207,0.0341,0.35,189739488,2267394,-0.0124,-0.4257,0
TXN-2022-0357,2022-05-04,Murabaha,Ishlab chiqarish,Toshkent,597,44,6.8,0.3556,1,1,4,Ko'chmas mulk,0.7343,0.01,0.0625,36,209906965,37213602,0.7892,0.5138,0.9019,0.1871,0.1369,1,0.5216,1,0,,0.1272,0.1169,0.0933,0.25,0.0544,0.9384,0.3992,811.9135,0.3239,0.4876,0.2611,0.2737,0.999,0.6098,0.0675,0.45,37213602,1129801,-0.0132,-0.5305,0
TXN-2022-0358,2022-06-28,Musharaka,Savdo,Toshkent,551,35,5.1,0.2576,2,1,4,Ko'chmas mulk,0.5628,0.236,0.1562,48,427965315,167229488,0.7193,0.1424,0.45,0.0462,0.079,1,0.5219,4,0,,0.2887,0.0805,0.0487,0.25,0.0388,0.9837,0.9008,977.237,0.1252,0.5391,0.145,0.2818,0.4998,0.3937,0.246,0.6,167229488,24681548,-0.0299,0.0907,0
TXN-2023-0359,2023-03-22,Sukuk,Ishlab chiqarish,Buxoro,682,36,17.5,0.4152,3,0,5,Tovar,0.8647,0.339,0.1157,24,228621032,111459604,0.4322,0.3104,0.7595,0.1554,0.2189,1,0.7733,3,0,AA,0.0846,0.0995,0.0624,0.25,0.0565,0.8011,0.4261,787.8098,0.3743,1.3514,0.359,0.2871,0.0,0.4752,0.0172,0.28,111459604,536731,-0.0088,-0.1685,1
TXN-2021-0360,2021-09-26,Musharaka,Savdo,Namangan,711,36,3.5,0.3459,1,1,3,Ko'chmas mulk,0.95,0.869,0.2547,24,477781268,54160366,0.3688,0.6,0.45,0.1,0.0906,1,0.4556,3,0,,0.3069,0.0988,0.0671,0.25,0.0881,0.9835,0.4579,747.6341,0.1906,0.8272,0.3286,0.2816,0.999,0.3642,0.5,0.6,54160366,16248189,-0.0318,0.4062,0
TXN-2024-0361,2024-10-07,Murabaha,Qurilish,Toshkent,683,29,5.5,0.4273,2,1,1,Tovar,0.7448,3.558,0.1619,24,317791315,47804186,0.6081,0.2483,0.9675,0.259,0.2059,1,0.4294,2,0,,0.1223,0.14,0.066,0.1838,0.015,1.2155,0.721,915.8565,0.4649,1.3131,0.3183,0.2578,0.4998,0.5177,0.1488,0.45,47804186,3201358,-0.0127,0.2609,0
TXN-2024-0362,2024-08-14,Ijara,Qishloq xo'jaligi,Toshkent,787,37,3.9,0.4029,2,0,4,Ko'chmas mulk,0.2264,1.785,0.0923,12,413611931,81318726,0.6577,0.4114,0.7055,0.3262,0.0746,0,0.4091,1,1,,0.1184,0.0539,0.0556,0.25,0.06,1.2022,0.7216,3460.6146,0.4008,0.7733,0.0912,0.2483,0.0,0.4227,0.01,0.35,81318726,283658,-0.0123,-0.3182,0
TXN-2022-0363,2022-09-07,Musharaka,IT,Andijon,644,37,16.2,0.4993,1,0,4,Sanoat uskunasi,0.6423,3.933,0.1251,48,231372102,63424735,0.6974,0.0971,0.7494,0.2237,0.0593,0,0.4316,0,0,,0.1751,0.124,0.0736,0.25,0.0507,1.047,0.6883,1001.0739,0.283,0.7107,0.3207,0.3004,0.0,0.5373,0.1979,0.6,63424735,7532677,-0.0181,-0.0279,0
TXN-2023-0364,2023-07-26,Musharaka,IT,Samarqand,701,40,0.5,0.4337,1,0,4,Transport,0.5636,3.515,0.2526,120,528534938,189248063,0.2201,0.5574,0.7221,0.2112,0.0868,1,0.4995,3,0,,0.3104,0.0821,0.0686,0.1495,0.0832,1.0272,0.6139,1241.6743,0.298,0.8114,0.2444,0.163,0.0,0.5069,0.2174,0.6,189248063,24685039,-0.0322,0.3951,0
TXN-2022-0365,2022-10-10,Sukuk,Xizmat,Andijon,552,38,4.2,0.4553,4,0,4,Ko'chmas mulk,0.7729,2.212,0.1226,36,180010143,201262849,0.3773,0.3207,0.5752,0.1734,0.2043,1,0.2172,0,0,BBB,0.0823,0.1066,0.0643,0.1769,0.0604,0.9677,0.6592,713.243,0.3776,1.4722,0.3519,0.2192,0.0,0.358,0.0889,0.28,201262849,5007186,-0.0085,-0.0895,0
TXN-2021-0366,2021-05-29,Murabaha,Qurilish,Buxoro,612,45,7.0,0.4373,3,0,3,Moliyaviy aktiv,0.5813,1.732,0.162,72,81475990,167384105,0.4549,0.2489,0.8916,0.0997,0.1449,1,0.6491,3,0,,0.1226,0.1038,0.0387,0.25,0.0306,0.9361,0.4621,1050.9514,0.2446,1.3106,0.2542,0.3151,0.0,0.6735,0.0924,0.45,167384105,6960025,-0.0127,0.2609,0
TXN-2021-0367,2021-01-20,Sukuk,Ishlab chiqarish,Andijon,704,47,9.4,0.4398,2,0,2,Tovar,0.7616,6.696,0.123,48,126819306,193140550,0.6525,0.1792,0.8086,0.1383,0.0588,1,0.6623,3,0,AA,0.0916,0.0963,0.0647,0.25,0.05,1.1173,0.3996,923.2137,0.1971,1.329,0.3349,0.2816,0.0,0.6492,0.0305,0.28,193140550,1648280,-0.0095,-0.0763,0
TXN-2023-0368,2023-07-28,Sukuk,Savdo,Namangan,717,27,5.2,0.4647,1,0,4,Ko'chmas mulk,0.7628,2.106,0.1042,24,263064706,49435079,0.8911,0.1905,0.7489,0.1556,0.054,1,0.4718,1,0,A,0.0771,0.107,0.0769,0.1448,0.0295,0.9729,0.3474,938.7483,0.2096,1.3337,0.3545,0.1749,0.0,0.5919,0.0141,0.28,49435079,195144,-0.008,-0.3341,0
TXN-2024-0369,2024-06-26,Murabaha,Qurilish,Samarqand,620,46,14.4,0.3995,2,0,3,Ko'chmas mulk,0.4256,1.648,0.1317,12,287854341,211790184,0.7654,0.3773,0.7134,0.2475,0.049,0,0.7756,2,0,,0.1438,0.0675,0.074,0.25,0.0685,0.9777,0.5917,1453.242,0.2965,0.9096,0.17,0.2435,0.0,0.5019,0.0647,0.45,211790184,6163359,-0.0149,0.0116,0
TXN-2024-0370,2024-02-28,Murabaha,Qishloq xo'jaligi,Buxoro,638,26,17.1,0.6596,3,0,3,Tovar,0.5479,5.084,0.1336,48,268601317,236681655,0.8113,0.3086,0.6538,0.0451,0.0995,1,0.5218,5,0,,0.0887,0.0599,0.024,0.25,0.062,0.934,0.7745,1162.43,0.1447,1.4893,0.3614,0.2859,0.0,0.5592,0.0662,0.45,236681655,7046590,-0.0092,0.0406,0
TXN-2021-0371,2021-07-24,Murabaha,Savdo,Andijon,515,43,0.5,0.4038,2,0,4,Tovar,0.7578,0.185,0.1655,48,508384770,179779904,0.4368,0.4675,0.59,0.0698,0.0285,1,0.381,0,0,,0.1056,0.0863,0.0682,0.25,0.0583,1.0695,0.397,678.6725,0.0983,1.553,0.3061,0.2681,0.0,0.532,0.1464,0.45,179779904,11840240,-0.0109,0.3362,0
TXN-2021-0372,2021-05-31,Murabaha,Qurilish,Toshkent,614,44,3.1,0.1692,2,1,4,Sanoat uskunasi,0.5819,2.668,0.1495,24,274076227,138562568,0.6177,0.5501,0.7661,0.1079,0.2558,1,0.3338,1,0,,0.1009,0.115,0.0707,0.25,0.0587,1.0424,0.6987,1053.3884,0.3636,1.4667,0.0985,0.2943,0.4998,0.4875,0.0396,0.45,138562568,2466185,-0.0105,0.193,0
TXN-2024-0373,2024-01-07,Murabaha,Ishlab chiqarish,Namangan,720,21,0.5,0.2865,4,0,4,Sanoat uskunasi,0.835,0.3,0.0614,36,298184756,88257344,0.5286,0.4644,0.8691,0.0988,0.0378,1,0.4212,7,0,,0.0992,0.0937,0.0518,0.25,0.0815,0.992,0.7286,861.216,0.1366,0.6127,0.2392,0.292,0.0,0.7504,0.0263,0.45,88257344,1046141,-0.0103,-0.6918,0
TXN-2022-0374,2022-03-13,Ijara,Ishlab chiqarish,Toshkent,693,38,2.4,0.4383,0,1,1,Ko'chmas mulk,0.588,4.285,0.1465,72,440558271,188117430,0.5226,0.5273,0.5931,0.2306,0.0934,1,0.6627,2,1,,0.1077,0.0656,0.0777,0.25,0.0921,1.0829,0.2992,1176.6426,0.3239,1.3473,0.2577,0.2379,1000.0,0.401,0.1311,0.35,188117430,8634694,-0.0112,0.1529,0
TXN-2023-0375,2023-11-03,Murabaha,Ishlab chiqarish,Namangan,687,33,4.6,0.396,1,1,5,Tovar,0.4957,3.934,0.1634,24,89482750,113566401,0.448,0.5748,0.75,0.0544,0.1521,1,0.157,3,0,,0.0882,0.0843,0.0375,0.1789,0.0097,1.0286,0.2686,1383.0238,0.2065,1.8326,0.1963,0.2257,0.999,0.5951,0.0211,0.45,113566401,1077766,-0.0091,0.3791,0
TXN-2022-0376,2022-06-28,Murabaha,Ishlab chiqarish,Toshkent,649,30,14.5,0.3835,2,0,4,Tovar,0.5813,1.751,0.153,60,377575130,283147256,0.8541,0.3866,0.8464,0.3251,0.0801,0,0.5051,2,0,,0.0873,0.0865,0.0607,0.25,0.0316,0.9643,0.6303,1114.5081,0.4052,1.7334,0.2229,0.2758,0.0,0.5034,0.031,0.45,283147256,3946292,-0.009,0.2639,0
TXN-2021-0377,2021-09-29,Ijara,Qishloq xo'jaligi,Toshkent,645,51,11.2,0.1906,3,0,3,Transport,0.6314,2.705,0.1623,24,539034627,180212425,0.8112,0.4397,0.8137,0.1062,0.0475,1,0.187,2,1,,0.0854,0.0594,0.0452,0.25,0.076,1.0689,0.7306,1019.9361,0.1537,1.8786,0.1203,0.2642,0.0,0.6886,0.0237,0.35,180212425,1495613,-0.0088,0.378,0
TXN-2022-0378,2022-12-16,Murabaha,Xizmat,Andijon,588,31,0.8,0.454,1,0,3,Transport,0.684,3.703,0.1077,36,376362681,131929756,0.7788,0.3817,0.8447,0.372,0.1493,1,0.4276,2,0,,0.1198,0.0936,0.0567,0.25,0.0545,1.0979,0.4613,858.3573,0.5213,0.8916,0.3105,0.2869,0.0,0.4044,0.0797,0.45,131929756,4730152,-0.0124,-0.1861,0
TXN-2021-0379,2021-05-21,Ijara,Savdo,Buxoro,704,29,0.6,0.2112,1,0,2,Sanoat uskunasi,0.7432,1.651,0.088,36,295598431,116757197,0.3943,0.3823,0.6659,0.1157,0.3276,1,0.5927,3,0,,0.1144,0.0903,0.0534,0.25,0.0861,0.8646,0.7417,945.9346,0.4432,0.7626,0.157,0.2869,0.0,0.3708,0.1035,0.35,116757197,4229581,-0.0119,-0.3669,0
TXN-2022-0380,2022-05-16,Murabaha,Ishlab chiqarish,Toshkent,680,38,5.3,0.6032,1,0,4,Tovar,0.6467,5.91,0.16,36,396114308,132817691,0.7223,0.1389,0.9424,0.1148,0.0202,1,0.6573,6,0,,0.1278,0.0861,0.0625,0.25,0.1051,0.985,0.429,1049.9231,0.135,1.2422,0.39,0.2735,0.0,0.8152,0.0299,0.45,132817691,1784611,-0.0132,0.2349,0
TXN-2023-0381,2023-01-27,Murabaha,Qishloq xo'jaligi,Namangan,686,44,4.6,0.322,2,0,3,Tovar,0.7876,1.436,0.1097,24,67512723,133266711,0.8932,0.1887,0.9106,0.0329,0.096,1,0.4864,5,0,,0.1378,0.0877,0.066,0.0838,0.0797,0.9021,0.5865,869.8448,0.1289,0.7907,0.2536,0.1054,0.0,0.7932,0.0437,0.45,133266711,2618123,-0.0143,-0.1471,0
TXN-2022-0382,2022-08-07,Ijara,Savdo,Toshkent,600,36,1.9,0.449,3,1,3,Tovar,0.3849,5.565,0.17,24,226381512,140542897,0.2347,0.3322,0.8254,0.087,0.1025,1,0.4947,2,1,,0.0852,0.1045,0.0687,0.25,0.0486,1.1727,0.6775,1554.9967,0.1895,1.9726,0.1728,0.2858,0.3332,0.6689,0.0586,0.35,140542897,2882630,-0.0088,0.4695,0
TXN-2021-0383,2021-11-20,Musharaka,Qurilish,Namangan,461,49,13.8,0.3068,1,0,3,Transport,0.535,2.185,0.1384,48,112282002,60078884,0.2841,0.6,0.8569,0.2226,0.1455,1,0.352,2,0,,0.1991,0.0938,0.0346,0.1227,0.1028,0.922,0.2983,860.1111,0.3681,0.6919,0.1641,0.1819,0.0,0.5415,0.3637,0.6,60078884,13111838,-0.0206,0.0422,1
TXN-2023-0384,2023-06-17,Sukuk,Qurilish,Buxoro,738,43,15.7,0.1396,0,0,4,Sanoat uskunasi,0.5533,1.389,0.082,24,307957676,175387135,0.2599,0.0519,0.6496,0.1713,0.0748,1,0.4244,0,0,A,0.0754,0.0795,0.055,0.171,0.0541,1.0578,0.551,1331.4671,0.2461,1.0744,0.0773,0.1955,0.0,0.4897,0.008,0.28,175387135,392236,-0.0078,-0.6364,0
TXN-2024-0385,2024-01-18,Ijara,Qurilish,Toshkent,604,21,3.1,0.261,1,1,4,Tovar,0.5655,0.01,0.1079,48,133961324,167206860,0.43,0.3283,0.7897,0.0288,0.0007,1,0.239,2,1,,0.1,0.0899,0.0535,0.1144,0.065,1.0231,0.5538,1066.2102,0.0295,1.0689,0.1476,0.1507,0.999,0.7664,0.0319,0.35,167206860,1864366,-0.0104,-0.2209,0
TXN-2024-0386,2024-12-11,Ijara,Ishlab chiqarish,Toshkent,571,32,13.3,0.3645,1,1,4,Ko'chmas mulk,0.7753,0.876,0.1111,60,407448382,65053403,0.6388,0.2517,0.8669,0.3709,0.1223,1,0.6075,1,1,,0.0815,0.0737,0.0617,0.25,0.0887,1.1286,0.5353,735.5837,0.4932,1.3458,0.2826,0.2619,0.999,0.4393,0.06,0.35,65053403,1365511,-0.0084,-0.2319,0
TXN-2022-0387,2022-09-12,Murabaha,Savdo,Namangan,703,32,2.9,0.1797,1,1,5,Transport,0.3179,5.061,0.1253,60,190638949,174368191,0.3011,0.5178,0.9249,0.3131,0.1601,0,0.3099,2,0,,0.049,0.0894,0.0473,0.25,0.0439,1.1246,0.7118,2204.1856,0.4732,2.5032,0.0571,0.2921,0.999,0.4872,0.0134,0.45,174368191,1049307,-0.0051,-0.0967,0
TXN-2024-0388,2024-06-06,Murabaha,Ishlab chiqarish,Toshkent,611,42,8.0,0.692,2,1,3,Sanoat uskunasi,0.4727,1.4,0.1295,24,113041532,147214870,0.5348,0.2716,0.7094,0.2939,0.103,1,0.4163,4,0,,0.0596,0.1024,0.046,0.25,0.0874,1.0535,0.7708,1289.783,0.3969,2.1367,0.3271,0.3064,0.4998,0.4279,0.1341,0.45,147214870,8884252,-0.0062,-0.0088,0
TXN-2024-0389,2024-09-01,Ijara,Qurilish,Boshqa,735,21,3.9,0.3942,1,0,4,Moliyaviy aktiv,0.7361,1.368,0.1091,48,138840101,83003088,0.6156,0.1984,0.6277,0.0931,0.011,1,0.4045,0,0,,0.1019,0.1065,0.0424,0.25,0.0936,0.9628,0.3887,997.1444,0.104,1.0601,0.2902,0.3141,0.0,0.5624,0.0393,0.35,83003088,1141649,-0.0106,-0.2047,0
TXN-2023-0390,2023-12-20,Ijara,Savdo,Samarqand,697,63,0.8,0.3469,3,1,2,Ko'chmas mulk,0.8888,1.68,0.0733,48,111283559,226881274,0.7809,0.2367,0.6088,0.137,0.3909,1,0.2009,3,1,,0.1162,0.1042,0.0294,0.2332,0.0517,0.9165,0.813,783.3564,0.5278,0.6254,0.3083,0.308,0.3332,0.2875,0.1399,0.35,226881274,11106187,-0.012,-0.4875,0
TXN-2021-0391,2021-01-17,Sukuk,Savdo,Toshkent,703,43,15.8,0.5473,0,1,4,Ko'chmas mulk,0.5463,0.843,0.1126,24,239562850,378934282,0.6611,0.278,0.6796,0.1503,0.113,1,0.433,4,0,A,0.0619,0.0787,0.056,0.25,0.0665,1.0084,0.3612,1284.3839,0.2633,1.7909,0.299,0.2727,1000.0,0.5006,0.0159,0.28,378934282,1683802,-0.0064,-0.2808,0
TXN-2024-0392,2024-09-29,Murabaha,Qishloq xo'jaligi,Toshkent,528,39,3.6,0.3633,6,0,4,Ko'chmas mulk,0.7079,1.691,0.1226,36,354227929,99392582,0.5785,0.3424,0.8675,0.1004,0.2522,1,0.4415,4,0,,0.1164,0.1187,0.0443,0.25,0.0837,0.9356,0.5753,744.8548,0.3526,1.0437,0.2572,0.3245,0.0,0.5616,0.1009,0.45,99392582,4514472,-0.0121,-0.0638,0
TXN-2024-0393,2024-02-10,Murabaha,Ishlab chiqarish,Boshqa,748,49,8.0,0.4868,1,0,3,Ko'chmas mulk,0.3342,1.178,0.1339,24,166170108,159724781,0.606,0.3474,0.7767,0.1858,0.0396,1,0.5206,1,0,,0.1603,0.1048,0.0751,0.25,0.071,0.954,0.6161,2231.7004,0.2253,0.8302,0.1627,0.2798,0.0,0.6017,0.0379,0.45,159724781,2722398,-0.0166,0.0242,0
TXN-2022-0394,2022-09-06,Ijara,Savdo,Toshkent,667,61,2.7,0.2164,2,0,3,Ko'chmas mulk,0.6766,6.004,0.0836,36,101967876,355733571,0.8437,0.2888,0.6066,0.1207,0.0728,1,0.7611,0,1,,0.1134,0.0934,0.0519,0.25,0.0531,1.1698,0.4507,984.3242,0.1935,0.7304,0.1464,0.2915,0.0,0.4892,0.0469,0.35,355733571,5836379,-0.0118,-0.4092,0
TXN-2024-0395,2024-09-20,Murabaha,Savdo,Namangan,613,46,0.5,0.5445,1,0,5,Sanoat uskunasi,0.6744,2.075,0.079,60,242676534,31985222,0.4785,0.2975,0.7511,0.151,0.3832,1,0.4229,1,0,,0.1157,0.0989,0.0361,0.25,0.0956,1.0983,0.3972,907.6566,0.5343,0.6768,0.3672,0.3128,0.0,0.3498,0.0766,0.45,31985222,1102896,-0.012,-0.4404,0
TXN-2021-0396,2021-08-01,Sukuk,Xizmat,Andijon,657,47,0.6,0.2475,2,0,2,Moliyaviy aktiv,0.5356,4.492,0.0976,72,239505491,558358915,0.795,0.1828,0.7844,0.2873,0.2264,1,0.2521,5,0,AA,0.0811,0.0871,0.0211,0.25,0.0464,1.0895,0.6976,1224.4555,0.5138,1.1899,0.1325,0.3161,0.0,0.3814,0.0237,0.28,558358915,3710820,-0.0084,-0.399,0
TXN-2021-0397,2021-10-03,Sukuk,Qishloq xo'jaligi,Samarqand,494,39,4.1,0.3704,1,0,3,Sanoat uskunasi,0.6186,2.903,0.1389,48,181381879,156999293,0.8986,0.1405,0.6166,0.3343,0.0551,1,0.5551,2,0,AA,0.0812,0.1122,0.0787,0.2499,0.0716,0.8058,0.6314,797.2351,0.3894,1.6902,0.2291,0.2834,0.0,0.3765,0.0676,0.28,156999293,2971285,-0.0084,0.1092,0
TXN-2022-0398,2022-06-26,Musharaka,Qishloq xo'jaligi,Boshqa,679,36,7.0,0.4067,2,0,5,Ko'chmas mulk,0.593,0.598,0.2712,36,152791873,252215623,0.6805,0.1807,0.8298,0.2854,0.0371,0,0.37,2,0,,0.2429,0.0924,0.067,0.2004,0.0611,0.9197,0.8906,1143.0996,0.3225,1.1119,0.2411,0.2257,0.0,0.5622,0.0866,0.6,252215623,13109765,-0.0252,0.5813,0
TXN-2021-0399,2021-08-25,Ijara,Xizmat,Buxoro,557,33,2.4,0.5721,0,0,4,Tovar,0.6559,5.056,0.0927,84,527329882,45085485,0.6088,0.4815,0.7224,0.5,0.0117,1,0.5379,3,1,,0.0689,0.0887,0.0679,0.25,0.1038,1.0337,0.5116,847.8888,0.5117,1.3272,0.3752,0.2709,0.0,0.3528,0.0565,0.35,45085485,891751,-0.0071,-0.5408,0
TXN-2021-0400,2021-08-08,Ijara,Savdo,Toshkent,530,29,7.1,0.4363,1,0,4,Sanoat uskunasi,0.8089,0.228,0.0978,48,171487372,57083619,0.6152,0.2241,0.8182,0.3755,0.0575,1,0.1307,1,1,,0.0954,0.0745,0.0716,0.1164,0.0532,1.0092,0.2354,654.4008,0.4331,1.0147,0.353,0.1192,0.0,0.4638,0.1216,0.35,57083619,2429144,-0.0099,-0.3375,0
TXN-2024-0401,2024-02-08,Murabaha,Ishlab chiqarish,Toshkent,515,31,7.2,0.413,2,1,5,Ko'chmas mulk,0.7747,1.488,0.1468,36,103063127,75531916,0.6372,0.4048,0.5554,0.1734,0.1384,1,0.6547,0,0,,0.1116,0.0727,0.07,0.25,0.0507,0.9934,0.8242,663.9005,0.3118,1.304,0.3199,0.2527,0.4998,0.3822,0.1106,0.45,75531916,3759382,-0.0116,0.1506,0
TXN-2021-0402,2021-11-15,Sukuk,Xizmat,Andijon,739,24,7.3,0.5416,2,0,3,Transport,0.799,0.683,0.04,60,232072490,70833889,0.4197,0.5845,0.8126,0.1635,0.1629,1,0.6428,3,0,AA,0.0815,0.0655,0.0567,0.25,0.0393,0.9676,0.9318,923.802,0.3264,0.4851,0.4327,0.2587,0.0,0.5474,0.0249,0.28,70833889,493467,-0.0084,-1.1046,1
TXN-2022-0403,2022-07-12,Musharaka,Ishlab chiqarish,Samarqand,591,37,4.1,0.2432,3,0,3,Tovar,0.4536,1.928,0.1448,24,335758939,29038662,0.4957,0.6,0.9473,0.0232,0.2047,1,0.2653,2,0,,0.2681,0.1022,0.0302,0.2415,0.0307,1.1113,0.3506,1300.1339,0.2279,0.5381,0.1103,0.3136,0.0,0.7314,0.1153,0.6,29038662,2008276,-0.0278,0.0553,0
TXN-2022-0404,2022-08-01,Ijara,Savdo,Boshqa,775,21,14.8,0.3351,0,0,4,Tovar,0.9053,0.892,0.1267,24,322612207,64472915,0.6621,0.6,0.7146,0.3306,0.2888,1,0.4718,4,1,,0.0888,0.1105,0.02,0.25,0.0551,0.9541,0.2909,855.1216,0.6193,1.4111,0.3034,0.3405,0.0,0.272,0.0336,0.35,64472915,757658,-0.0092,-0.0374,0
TXN-2024-0405,2024-05-23,Murabaha,Xizmat,Buxoro,599,39,4.0,0.5518,3,0,4,Sanoat uskunasi,0.7932,3.208,0.1308,60,93724019,82953834,0.6451,0.3234,0.8719,0.1492,0.2697,1,0.3483,1,0,,0.1347,0.1264,0.0496,0.25,0.0763,1.0461,0.6615,754.1944,0.4189,0.9642,0.4377,0.3268,0.0,0.5066,0.1113,0.45,82953834,4153933,-0.014,0.006,0
TXN-2022-0406,2022-03-08,Sukuk,Qurilish,Namangan,499,37,3.6,0.4657,1,0,2,Ko'chmas mulk,0.6669,6.908,0.0525,72,508119213,54406231,0.7466,0.3941,0.9377,0.2689,0.1284,1,0.4863,0,0,A,0.0876,0.1091,0.0735,0.0547,0.0627,0.9014,0.7739,747.0648,0.3973,0.5929,0.3106,0.0903,0.0,0.5652,0.0452,0.28,54406231,688952,-0.0091,-0.8845,0
TXN-2022-0407,2022-12-04,Murabaha,Qurilish,Buxoro,550,39,1.3,0.3838,2,0,3,Tovar,0.481,3.087,0.0669,12,277616116,420661804,0.6723,0.1797,0.702,0.3408,0.1379,0,0.5908,2,0,,0.1348,0.0682,0.0331,0.25,0.05,1.0908,0.2064,1141.0988,0.4787,0.4923,0.1846,0.2851,0.0,0.3659,0.1611,0.45,420661804,30497354,-0.014,-0.4684,0
TXN-2022-0408,2022-02-21,Murabaha,Qurilish,Buxoro,750,32,2.2,0.4935,1,0,3,Ko'chmas mulk,0.4383,1.097,0.0828,60,344639673,231879596,0.5708,0.1903,0.7275,0.0291,0.0592,1,0.4578,5,0,,0.0952,0.1137,0.0478,0.2222,0.0808,0.9586,0.6155,1707.1947,0.0883,0.8604,0.2163,0.2881,0.0,0.6632,0.0351,0.45,231879596,3659500,-0.0099,-0.4963,0
TXN-2024-0409,2024-11-08,Sukuk,Ishlab chiqarish,Toshkent,631,65,0.5,0.2902,2,0,5,Tovar,0.6472,2.291,0.0981,36,1201032557,88679938,0.7458,0.2932,0.8558,0.2273,0.2168,1,0.546,0,0,A,0.1029,0.094,0.0575,0.25,0.0847,0.9082,0.4949,973.4917,0.4441,0.944,0.1878,0.2865,0.0,0.4757,0.0128,0.28,88679938,318120,-0.0107,-0.3104,0
TXN-2024-0410,2024-07-22,Murabaha,Ishlab chiqarish,Toshkent,598,51,6.0,0.3321,2,0,3,Sanoat uskunasi,0.4165,5.485,0.1066,48,385805416,222786473,0.6825,0.5582,0.965,0.119,0.3365,1,0.405,4,0,,0.0903,0.1046,0.0486,0.25,0.0877,0.9143,0.309,1432.2554,0.4555,1.1667,0.1383,0.306,0.0,0.5254,0.0507,0.45,222786473,5081471,-0.0094,-0.2594,0
TXN-2022-0411,2022-06-25,Murabaha,Savdo,Toshkent,658,25,1.7,0.2927,1,0,5,Ko'chmas mulk,0.606,0.787,0.2023,24,344892633,187721922,0.6441,0.4487,0.8581,0.2912,0.0257,1,0.2446,2,0,,0.1544,0.0856,0.0583,0.25,0.0625,1.0638,0.8635,1084.1071,0.3169,1.3018,0.1774,0.2773,0.0,0.5862,0.037,0.45,187721922,3129547,-0.016,0.4681,0
TXN-2023-0412,2023-11-02,Sukuk,Ishlab chiqarish,Toshkent,687,40,2.2,0.4609,2,0,5,Ko'chmas mulk,0.5214,0.314,0.0666,84,213672824,44433480,0.8078,0.1934,0.6378,0.1711,0.0127,1,0.5422,6,0,AA,0.0859,0.1162,0.063,0.25,0.0689,1.1506,0.7972,1315.1556,0.1837,0.7665,0.2403,0.3032,0.0,0.5206,0.0099,0.28,44433480,123685,-0.0089,-0.7383,0
TXN-2023-0413,2023-09-28,Sukuk,Ishlab chiqarish,Namangan,739,31,8.8,0.2989,4,1,4,Ko'chmas mulk,0.3723,0.35,0.1307,72,243924042,200504381,0.6907,0.6,0.8994,0.0928,0.0195,1,0.597,3,0,AAA,0.0951,0.1091,0.0437,0.1392,0.0565,0.9162,0.494,1979.3972,0.1124,1.3596,0.1113,0.2047,0.2499,0.7984,0.0038,0.28,200504381,214665,-0.0099,0.0073,0
TXN-2022-0414,2022-05-30,Musharaka,Qishloq xo'jaligi,Andijon,768,27,2.4,0.5894,1,0,4,Ko'chmas mulk,0.3935,1.707,0.1078,36,118806205,110830333,0.5675,0.2663,0.87,0.3574,0.1671,1,0.5836,4,0,,0.2338,0.064,0.0774,0.25,0.0934,1.0276,0.6945,1946.9597,0.5244,0.4591,0.2319,0.2366,0.0,0.4137,0.1241,0.6,110830333,8254076,-0.0242,-0.0948,0
TXN-2021-0415,2021-04-15,Musharaka,Savdo,Toshkent,614,24,1.7,0.7755,2,1,3,Ko'chmas mulk,0.5747,3.293,0.3,72,257429822,240663598,0.466,0.2569,0.4637,0.3583,0.2569,1,0.6824,3,0,,0.1618,0.0907,0.0552,0.25,0.0627,1.0315,0.4299,1066.444,0.6151,1.8425,0.4457,0.2855,0.4998,0.1784,0.5832,0.6,240663598,84219228,-0.0168,1.0505,1
TXN-2021-0416,2021-07-09,Musharaka,Xizmat,Toshkent,532,42,1.1,0.3077,2,0,2,Sanoat uskunasi,0.5018,2.677,0.2197,72,649142493,69581753,0.8485,0.3638,0.8078,0.1854,0.1525,1,0.5709,3,0,,0.1991,0.0768,0.053,0.2202,0.0559,0.817,0.4498,1058.1344,0.3379,1.0984,0.1544,0.244,0.0,0.5349,0.2148,0.6,69581753,8968001,-0.0206,0.4508,0
TXN-2024-0417,2024-07-23,Murabaha,Ishlab chiqarish,Andijon,609,31,8.9,0.3985,1,0,4,Sanoat uskunasi,0.5923,1.512,0.0513,36,316029423,217174046,0.7587,0.5628,0.7214,0.1651,0.0335,1,0.2804,3,0,,0.1178,0.1198,0.056,0.25,0.0716,1.0192,0.479,1026.4325,0.1986,0.432,0.2361,0.3138,0.0,0.5781,0.0656,0.45,217174046,6413791,-0.0122,-0.6679,0
TXN-2023-0418,2023-05-18,Murabaha,Xizmat,Toshkent,667,47,0.8,0.481,1,1,3,Sanoat uskunasi,0.3536,3.267,0.1887,84,932669108,309814612,0.6327,0.5415,0.8178,0.2185,0.0777,1,0.2809,2,0,,0.1274,0.0982,0.0542,0.25,0.0929,0.9331,0.6906,1880.954,0.2962,1.4691,0.1701,0.2941,0.999,0.5755,0.0368,0.45,309814612,5135492,-0.0132,0.4604,0
TXN-2022-0419,2022-07-21,Ijara,Savdo,Toshkent,563,47,3.6,0.4651,1,0,3,Sanoat uskunasi,0.5028,2.513,0.1061,84,336247629,196156389,0.7131,0.1728,0.9418,0.2459,0.141,1,0.2862,2,1,,0.1141,0.0875,0.0713,0.25,0.0618,1.0006,0.7006,1117.4897,0.3869,0.9224,0.2339,0.2662,0.0,0.5774,0.0397,0.35,196156389,2724967,-0.0118,-0.2092,0
TXN-2021-0420,2021-04-01,Ijara,Savdo,Toshkent,563,51,4.2,0.3846,3,1,4,Tovar,0.673,2.474,0.1478,24,289469980,42335026,0.7828,0.5881,0.45,0.2677,0.1383,1,0.3536,1,1,,0.0586,0.0953,0.0541,0.25,0.0424,0.9668,0.316,835.2668,0.406,2.4822,0.2589,0.2912,0.3332,0.2673,0.0972,0.35,42335026,1440947,-0.0061,0.3045,0
TXN-2021-0421,2021-01-08,Ijara,Ishlab chiqarish,Andijon,674,29,7.0,0.428,1,0,3,Moliyaviy aktiv,0.6181,0.565,0.1197,12,225243707,829723589,0.4651,0.3764,0.9013,0.1858,0.1906,1,0.4024,3,1,,0.0993,0.1074,0.0546,0.25,0.0756,1.1171,0.687,1088.6003,0.3764,1.1927,0.2646,0.3028,0.0,0.5621,0.0497,0.35,829723589,14432603,-0.0103,-0.104,0
TXN-2022-0422,2022-11-15,Ijara,Ishlab chiqarish,Samarqand,640,42,6.0,0.5197,3,1,4,Ko'chmas mulk,0.9196,0.937,0.1093,36,798524265,225087277,0.7333,0.4146,0.9299,0.1081,0.0979,0,0.4286,1,1,,0.1243,0.1238,0.0774,0.25,0.0412,1.0722,0.592,695.2011,0.206,0.8728,0.4779,0.2964,0.3332,0.7384,0.0401,0.35,225087277,3159418,-0.0129,-0.1662,0
TXN-2021-0423,2021-09-25,Murabaha,Ishlab chiqarish,Andijon,647,44,10.0,0.4983,0,0,3,Sanoat uskunasi,0.674,1.056,0.1298,36,185167699,125534399,0.5808,0.537,0.916,0.0324,0.0761,1,0.251,4,0,,0.1797,0.0846,0.0576,0.0728,0.082,1.042,0.5508,958.4853,0.1085,0.7185,0.3358,0.0998,0.0,0.8166,0.0571,0.45,125534399,3222912,-0.0186,-0.0008,0
TXN-2024-0424,2024-07-28,Musharaka,Ishlab chiqarish,Toshkent,580,33,0.5,0.6182,1,1,2,Ko'chmas mulk,0.3929,4.128,0.1097,12,158186965,229603919,0.7163,0.355,0.738,0.1514,0.1249,1,0.1561,3,0,,0.3649,0.1039,0.0744,0.2433,0.0467,0.8754,0.7487,1472.4205,0.2763,0.2998,0.2429,0.2727,0.999,0.5341,0.4551,0.6,229603919,62695225,-0.0378,-0.0556,1
TXN-2022-0425,2022-06-21,Murabaha,Qurilish,Andijon,625,30,2.1,0.5307,1,0,3,Ko'chmas mulk,0.7011,3.73,0.1224,24,144167095,651026690,0.7004,0.2217,0.776,0.2474,0.3625,1,0.4497,3,0,,0.166,0.1022,0.0821,0.0734,0.045,1.0657,0.6365,890.2357,0.61,0.7327,0.372,0.0935,0.0,0.3027,0.1699,0.45,651026690,49764667,-0.0172,-0.046,0
TXN-2021-0426,2021-11-27,Musharaka,Savdo,Samarqand,566,54,2.0,0.3896,0,0,5,Sanoat uskunasi,0.8383,0.728,0.1025,84,950659141,55179334,0.5551,0.303,0.6157,0.2803,0.1571,1,0.6556,2,0,,0.2391,0.0696,0.0793,0.1464,0.1111,1.0624,0.2702,674.376,0.4375,0.4267,0.3266,0.1367,0.0,0.3464,0.2592,0.6,55179334,8580747,-0.0248,-0.1152,1
TXN-2023-0427,2023-06-24,Musharaka,Xizmat,Namangan,720,40,0.9,0.2715,3,1,5,Transport,0.6951,0.142,0.1517,48,267321326,318972614,0.5103,0.5273,0.6561,0.3124,0.0914,1,0.4298,1,0,,0.267,0.1099,0.0738,0.25,0.0997,1.038,0.9045,1034.3753,0.4039,0.566,0.1887,0.286,0.3332,0.3911,0.1199,0.6,318972614,22953350,-0.0277,0.0812,0
TXN-2024-0428,2024-02-04,Sukuk,Qishloq xo'jaligi,Boshqa,732,44,2.0,0.3488,3,0,3,Tovar,0.5862,3.65,0.1049,72,257358370,132095416,0.5998,0.3115,0.8681,0.1762,0.162,0,0.5576,4,0,AAA,0.0945,0.0869,0.0476,0.25,0.0484,1.0818,0.5548,1246.6959,0.3382,1.0986,0.2045,0.2893,0.0,0.5745,0.0142,0.28,132095416,524121,-0.0098,-0.2659,0
TXN-2024-0429,2024-12-16,Murabaha,Ishlab chiqarish,Toshkent,488,29,2.2,0.4517,1,0,3,Transport,0.8257,1.319,0.1823,84,334377933,118849876,0.7586,0.4086,0.9151,0.1176,0.0278,1,0.6251,5,0,,0.1433,0.14,0.0654,0.25,0.0577,1.0863,0.2694,590.3028,0.1454,1.2633,0.373,0.3246,0.0,0.782,0.1221,0.45,118849876,6528438,-0.0149,0.365,0
TXN-2023-0430,2023-05-26,Murabaha,Ishlab chiqarish,Toshkent,565,25,4.4,0.2537,1,1,5,Ko'chmas mulk,0.733,0.621,0.1995,36,210413840,123928202,0.7646,0.6,0.6824,0.161,0.114,1,0.3035,3,0,,0.1031,0.0772,0.0297,0.25,0.0629,1.0728,0.669,769.7081,0.2751,1.9152,0.1859,0.2975,0.999,0.4947,0.0421,0.45,123928202,2349897,-0.0107,0.6733,0
TXN-2024-0431,2024-02-23,Murabaha,Qurilish,Boshqa,517,32,6.5,0.3875,0,0,2,Tovar,0.8428,0.311,0.1395,48,154747976,34326064,0.8181,0.5138,0.699,0.2254,0.2491,0,0.4837,3,0,,0.1118,0.0878,0.01,0.25,0.09,1.189,0.8208,612.6913,0.4745,1.237,0.3266,0.3278,0.0,0.3673,0.2984,0.45,34326064,4608552,-0.0116,0.085,0
TXN-2021-0432,2021-01-20,Ijara,Qurilish,Toshkent,589,36,2.9,0.6797,1,0,3,Ko'chmas mulk,0.4979,0.032,0.0862,24,150345084,207754803,0.6612,0.3241,0.7788,0.2683,0.0207,1,0.454,2,1,,0.0814,0.0705,0.0663,0.25,0.069,0.8829,0.5374,1180.5334,0.289,1.0464,0.3384,0.2543,0.0,0.5538,0.0612,0.35,207754803,4450172,-0.0084,-0.5377,0
TXN-2021-0433,2021-08-18,Musharaka,Savdo,Andijon,637,27,7.6,0.7986,0,0,3,Ko'chmas mulk,0.6328,1.395,0.1769,48,147324563,27131966,0.7606,0.1558,0.7431,0.0569,0.0649,1,0.4199,2,0,,0.2753,0.0722,0.0309,0.25,0.0568,1.0441,0.2486,1005.0566,0.1218,0.6402,0.5054,0.2913,0.0,0.6525,0.379,0.6,27131966,6169636,-0.0285,0.1703,1
TXN-2021-0434,2021-06-04,Murabaha,Ishlab chiqarish,Toshkent,521,37,2.5,0.4534,0,0,4,Ko'chmas mulk,0.3266,1.038,0.1335,24,73611278,102939239,0.7621,0.1932,0.8868,0.0954,0.2257,1,0.7003,5,0,,0.1387,0.1037,0.0364,0.25,0.0538,1.2167,0.5217,1590.4139,0.321,0.9561,0.1481,0.3173,0.0,0.6021,0.0352,0.45,102939239,1632240,-0.0144,0.0254,0
TXN-2024-0435,2024-11-16,Murabaha,Ishlab chiqarish,Samarqand,566,21,2.1,0.1885,2,0,3,Boshqa,0.4574,2.981,0.1927,24,253483460,104383604,0.4488,0.3778,0.6657,0.0794,0.0992,1,0.1602,1,0,,0.1157,0.133,0.0663,0.1275,0.0503,1.0939,0.6127,1234.8037,0.1786,1.6511,0.0862,0.1942,0.0,0.5468,0.0726,0.45,104383604,3410962,-0.012,0.5419,0
TXN-2021-0436,2021-11-02,Ijara,Ishlab chiqarish,Buxoro,559,26,4.7,0.5188,1,0,2,Transport,0.5954,9.395,0.1463,12,96039202,113559855,0.671,0.3821,0.8849,0.1213,0.0874,1,0.334,1,1,,0.1052,0.0761,0.0201,0.25,0.049,0.9998,0.2963,937.3469,0.2087,1.3772,0.3089,0.306,0.0,0.7002,0.0857,0.35,113559855,3406110,-0.0109,0.1546,0
TXN-2024-0437,2024-01-23,Murabaha,Savdo,Toshkent,662,44,0.5,0.1874,4,0,4,Transport,0.4348,0.579,0.1493,48,340228368,32783482,0.7191,0.4452,0.794,0.1913,0.0977,1,0.1889,1,0,,0.1478,0.0924,0.048,0.1194,0.1086,1.1143,0.5835,1518.9574,0.289,1.0032,0.0815,0.1638,0.0,0.5645,0.0279,0.45,32783482,411940,-0.0153,0.1306,0
TXN-2021-0438,2021-03-15,Ijara,Savdo,Toshkent,650,44,0.5,0.3994,1,0,2,Tovar,0.1938,0.696,0.1656,84,404132458,276792176,0.2511,0.3126,0.8419,0.4846,0.1184,1,0.3855,2,1,,0.1092,0.1073,0.0445,0.25,0.0805,0.9758,0.6034,3336.2374,0.6029,1.5032,0.0774,0.3128,0.0,0.3343,0.0614,0.35,276792176,5951735,-0.0113,0.3262,0
TXN-2023-0439,2023-01-27,Ijara,Qishloq xo'jaligi,Samarqand,583,34,3.2,0.4518,2,0,4,Sanoat uskunasi,0.4726,1.029,0.1048,24,170449356,40917858,0.243,0.3386,0.6406,0.4781,0.1119,1,0.3728,3,1,,0.0602,0.0867,0.0659,0.25,0.0747,1.0837,0.6911,1230.8768,0.59,1.7126,0.2135,0.2708,0.0,0.2627,0.067,0.35,40917858,959936,-0.0062,-0.4182,0
TXN-2024-0440,2024-04-07,Murabaha,Ishlab chiqarish,Andijon,660,27,17.2,0.4951,1,0,4,Tovar,0.7808,1.568,0.1651,36,299456689,77604242,0.8206,0.3063,0.874,0.056,0.1228,1,0.3726,4,0,,0.12,0.1059,0.0524,0.25,0.0738,0.9601,0.662,844.2147,0.1788,1.3639,0.3865,0.3034,0.0,0.7177,0.0372,0.45,77604242,1297970,-0.0124,0.2922,0
TXN-2024-0441,2024-02-06,Murabaha,Ishlab chiqarish,Toshkent,598,27,7.7,0.6254,1,0,4,Transport,0.5504,2.991,0.1198,48,378415769,101333176,0.406,0.437,0.9462,0.4495,0.0926,1,0.5922,2,0,,0.1111,0.1091,0.0637,0.25,0.0585,1.0193,0.6303,1084.5114,0.542,1.069,0.3442,0.2954,0.0,0.4333,0.059,0.45,101333176,2691411,-0.0115,-0.0918,1
TXN-2021-0442,2021-10-31,Sukuk,Ishlab chiqarish,Toshkent,621,34,0.6,0.211,1,0,2,Boshqa,0.3109,1.085,0.0882,36,603529057,119093800,0.8097,0.2192,0.9781,0.1637,0.0623,1,0.3889,3,0,A,0.0723,0.0869,0.0779,0.25,0.0555,1.0744,0.7107,1991.0551,0.226,1.2038,0.0656,0.2589,0.0,0.757,0.0114,0.28,119093800,381255,-0.0075,-0.578,0
TXN-2023-0443,2023-05-31,Murabaha,Qishloq xo'jaligi,Buxoro,787,44,11.2,0.415,1,0,4,Tovar,0.6931,0.275,0.0573,72,193655156,193778622,0.7441,0.1759,0.9069,0.2132,0.0775,1,0.5155,4,0,,0.109,0.1009,0.0711,0.1197,0.1117,0.8963,0.476,1133.8673,0.2907,0.5207,0.2876,0.1494,0.0,0.6432,0.0242,0.45,193778622,2110185,-0.0113,-0.6672,0
TXN-2021-0444,2021-09-19,Murabaha,Savdo,Samarqand,758,47,7.9,0.2863,1,0,3,Transport,0.4385,3.276,0.144,24,104844880,150467003,0.8099,0.3497,0.7838,0.4175,0.133,1,0.3696,1,0,,0.0604,0.1226,0.0348,0.25,0.0614,1.0763,0.5329,1724.5351,0.5505,2.3454,0.1255,0.3378,0.0,0.3523,0.0326,0.45,150467003,2210169,-0.0063,0.2323,0
TXN-2021-0445,2021-03-27,Ijara,Qurilish,Boshqa,534,33,5.7,0.1576,1,0,3,Transport,0.8216,3.957,0.1239,12,142110775,573492768,0.5462,0.1152,0.9492,0.1143,0.0545,1,0.4542,3,1,,0.1227,0.0892,0.0467,0.25,0.0302,1.131,0.4228,649.1382,0.1687,1.0015,0.1295,0.2924,0.0,0.789,0.0608,0.35,573492768,12196304,-0.0127,-0.0499,0
TXN-2022-0446,2022-09-24,Sukuk,Xizmat,Samarqand,715,26,10.3,0.5282,0,1,4,Moliyaviy aktiv,0.3689,0.711,0.0966,36,90290341,189348294,0.4877,0.3233,0.8465,0.1828,0.1777,1,0.21,5,0,AA,0.0831,0.0887,0.076,0.1323,0.0682,1.0217,0.7774,1932.7187,0.3605,1.149,0.1949,0.145,1000.0,0.5413,0.0117,0.28,189348294,622884,-0.0086,-0.4024,0
TXN-2023-0447,2023-01-17,Sukuk,Qurilish,Boshqa,713,40,3.1,0.6999,2,0,4,Sanoat uskunasi,0.4119,0.368,0.1114,48,325690771,179975164,0.9039,0.219,0.5934,0.3104,0.0738,1,0.2204,2,0,AAA,0.1026,0.0998,0.0753,0.0598,0.043,0.9709,0.7454,1726.6312,0.3842,1.0751,0.2883,0.0842,0.0,0.3654,0.0211,0.28,179975164,1060831,-0.0106,-0.1818,0
TXN-2021-0448,2021-03-23,Ijara,Ishlab chiqarish,Andijon,547,29,1.5,0.4699,0,1,1,Sanoat uskunasi,0.6432,1.876,0.15,24,50000000,99183369,0.6605,0.4866,0.8067,0.1794,0.105,1,0.2054,0,1,,0.0676,0.1122,0.0498,0.25,0.0658,1.0978,0.7335,849.1064,0.2844,2.1872,0.3022,0.3124,1000.0,0.5773,0.1834,0.35,99183369,6367998,-0.007,0.2957,0
TXN-2023-0449,2023-01-03,Murabaha,Xizmat,Namangan,714,32,4.3,0.4594,3,0,2,Tovar,0.2041,0.584,0.1393,24,134089293,183509116,0.9008,0.3145,0.5318,0.3246,0.1086,0,0.3659,2,0,,0.102,0.1156,0.0642,0.25,0.0866,1.0898,0.7975,3480.9318,0.4332,1.352,0.0938,0.3015,0.0,0.3014,0.0842,0.45,183509116,6953967,-0.0106,0.0911,0
TXN-2022-0450,2022-03-07,Murabaha,Ishlab chiqarish,Samarqand,775,51,4.8,0.7193,1,0,3,Sanoat uskunasi,0.7635,1.172,0.1641,60,246456157,105429363,0.8103,0.151,0.6967,0.1567,0.1411,1,0.4569,0,0,,0.1021,0.0607,0.0509,0.115,0.0167,1.0603,0.3724,1013.6899,0.2978,1.5914,0.5492,0.1248,0.0,0.4892,0.081,0.45,105429363,3840899,-0.0106,0.3342,0
TXN-2024-0451,2024-10-28,Ijara,Qurilish,Andijon,549,46,4.6,0.1134,3,0,4,Ko'chmas mulk,0.6087,3.756,0.1312,24,128148443,106114560,0.6274,0.3417,0.7681,0.3173,0.0695,1,0.4241,1,1,,0.0995,0.1189,0.06,0.25,0.0473,1.0777,0.465,900.3761,0.3868,1.305,0.069,0.3089,0.0,0.471,0.0441,0.35,106114560,1638367,-0.0103,0.0121,0
TXN-2022-0452,2022-05-27,Musharaka,Savdo,Boshqa,567,39,5.0,0.4691,2,1,4,Ko'chmas mulk,0.7365,0.62,0.2446,36,146033209,1365829222,0.5045,0.3518,0.5363,0.2338,0.313,1,0.5825,4,0,,0.2203,0.0785,0.0692,0.25,0.0336,0.9492,0.6387,768.7636,0.5468,1.1053,0.3455,0.2594,0.4998,0.2431,0.4089,0.6,1365829222,335122384,-0.0228,0.5201,0
TXN-2024-0453,2024-09-27,Musharaka,Qurilish,Samarqand,731,25,17.8,0.3666,2,0,4,Sanoat uskunasi,0.5221,4.103,0.212,84,402413764,436998883,0.5635,0.6,0.6666,0.1036,0.3137,1,0.312,5,0,,0.272,0.0861,0.059,0.0299,0.0578,1.0458,0.5632,1397.411,0.4172,0.7765,0.1914,0.057,0.0,0.3885,0.0882,0.6,436998883,23129564,-0.0282,0.3014,0
TXN-2021-0454,2021-07-30,Sukuk,Xizmat,Buxoro,668,40,14.0,0.4649,3,0,4,Ko'chmas mulk,0.6154,2.802,0.1456,48,124971547,80790834,0.836,0.3244,0.9336,0.0917,0.3389,1,0.3466,1,0,BBB,0.1204,0.0808,0.0587,0.25,0.0613,1.0031,0.5873,1083.6894,0.4306,1.1989,0.2861,0.2722,0.0,0.5316,0.0098,0.28,80790834,222325,-0.0125,0.1292,0
TXN-2022-0455,2022-12-26,Murabaha,Savdo,Buxoro,691,48,12.5,0.4131,1,0,5,Transport,0.7671,0.62,0.1506,36,185978576,233764837,0.644,0.3787,0.6951,0.1125,0.1206,1,0.2583,1,0,,0.1172,0.0868,0.0472,0.25,0.1019,1.0426,0.5355,899.6107,0.2331,1.2741,0.3169,0.2896,0.0,0.533,0.0447,0.45,233764837,4697252,-0.0121,0.1757,0
TXN-2024-0456,2024-02-21,Musharaka,Qurilish,Andijon,673,34,9.7,0.3938,2,0,3,Tovar,0.4662,1.869,0.1238,36,427200517,179317733,0.4617,0.3304,0.7538,0.5,0.1054,1,0.891,8,0,,0.2853,0.1033,0.0508,0.1876,0.0758,0.9357,0.7939,1440.4287,0.6054,0.4323,0.1836,0.2401,0.0,0.2975,0.2459,0.6,179317733,26461871,-0.0296,-0.0219,0
TXN-2023-0457,2023-04-13,Murabaha,Xizmat,Toshkent,678,51,17.2,0.308,2,0,3,Ko'chmas mulk,0.4841,2.38,0.1905,36,195676665,93324777,0.6046,0.266,0.7379,0.058,0.2187,1,0.3651,0,0,,0.1056,0.1263,0.066,0.25,0.0639,1.079,0.3844,1397.7607,0.2767,1.7866,0.1491,0.3103,0.0,0.5337,0.046,0.45,93324777,1930907,-0.0109,0.5725,0
TXN-2024-0458,2024-06-25,Musharaka,IT,Samarqand,532,50,0.6,0.1302,1,0,5,Ko'chmas mulk,0.95,0.559,0.2185,48,1035166294,638408131,0.5548,0.1606,0.8389,0.0358,0.2644,1,0.4052,3,0,,0.3107,0.14,0.0421,0.25,0.0908,1.0935,0.3487,559.4111,0.3002,0.7009,0.1237,0.3479,0.0,0.5871,0.2665,0.6,638408131,102082164,-0.0322,0.2848,0
TXN-2021-0459,2021-11-13,Murabaha,Qurilish,Toshkent,734,54,1.8,0.2224,3,0,3,Tovar,0.7567,0.391,0.159,60,472122296,128975264,0.5487,0.2159,0.9212,0.2267,0.125,1,0.6448,3,0,,0.1344,0.0799,0.029,0.25,0.0783,0.9626,0.3477,968.677,0.3517,1.1741,0.1683,0.3009,0.0,0.5972,0.0283,0.45,128975264,1641390,-0.0139,0.2158,0
TXN-2022-0460,2022-04-30,Murabaha,Savdo,Namangan,744,41,4.1,0.2907,3,1,3,Sanoat uskunasi,0.485,1.894,0.0783,48,487457281,391324469,0.7273,0.4019,0.5332,0.4187,0.4,1,0.2823,3,0,,0.1315,0.0699,0.0618,0.25,0.053,1.0766,0.2231,1531.0052,0.8187,0.5908,0.141,0.2581,0.3332,0.0967,0.0938,0.45,391324469,16520281,-0.0136,-0.3932,0
TXN-2021-0461,2021-11-29,Murabaha,Xizmat,Namangan,625,43,11.2,0.4136,2,0,3,Ko'chmas mulk,0.9114,2.959,0.1996,60,106386830,93593420,0.6756,0.193,0.764,0.3364,0.0861,1,0.5907,3,0,,0.1167,0.0884,0.074,0.0581,0.0893,1.0702,0.5327,685.0078,0.4225,1.6948,0.377,0.0725,0.0,0.4412,0.1766,0.45,93593420,7437236,-0.0121,0.5957,0
TXN-2021-0462,2021-12-29,Ijara,Savdo,Andijon,641,52,4.2,0.348,4,1,5,Tovar,0.2979,1.564,0.15,12,230710457,320504296,0.7864,0.3534,0.5815,0.2283,0.0815,1,0.5401,3,1,,0.1184,0.1106,0.0803,0.25,0.0848,1.0284,0.6696,2144.8637,0.3097,1.2563,0.1037,0.2803,0.2499,0.4014,0.0177,0.35,320504296,1989085,-0.0123,0.1692,0
TXN-2023-0463,2023-04-25,Ijara,Ishlab chiqarish,Samarqand,514,42,8.3,0.2655,1,1,3,Sanoat uskunasi,0.2771,0.182,0.1294,12,206326943,378074988,0.5119,0.2507,0.6553,0.1657,0.0766,1,0.5642,4,1,,0.111,0.0871,0.0521,0.25,0.0632,0.8843,0.4269,1848.3511,0.2423,1.1551,0.0736,0.285,0.999,0.4965,0.0547,0.35,378074988,7234309,-0.0115,-0.0052,0
TXN-2021-0464,2021-02-20,Musharaka,Ishlab chiqarish,Andijon,688,32,0.9,0.2284,1,1,3,Ko'chmas mulk,0.5497,6.483,0.04,48,191640256,75271741,0.3401,0.5962,0.7918,0.0569,0.3716,1,0.4525,0,0,,0.3227,0.1391,0.0562,0.25,0.041,1.0861,0.5833,1249.2446,0.4286,0.1236,0.1256,0.333,0.999,0.4525,0.2041,0.6,75271741,9216851,-0.0334,-0.2788,0
TXN-2022-0465,2022-01-03,Sukuk,Savdo,Namangan,693,33,1.7,0.3862,4,1,4,Transport,0.7662,2.968,0.0915,24,177421607,117931386,0.7449,0.1897,0.6067,0.0972,0.1486,1,0.5918,6,0,AAA,0.0635,0.05,0.048,0.25,0.0384,1.0418,0.7177,903.2746,0.2458,1.4182,0.2959,0.252,0.2499,0.4575,0.0199,0.28,117931386,656148,-0.0066,-0.605,0
TXN-2022-0466,2022-11-12,Murabaha,Qurilish,Samarqand,639,40,7.9,0.3092,1,1,3,Ko'chmas mulk,0.9037,2.427,0.2165,72,225688335,139694835,0.4393,0.408,0.9511,0.2291,0.0992,1,0.3647,2,0,,0.1235,0.1017,0.0677,0.25,0.064,1.0276,0.452,706.2821,0.3283,1.7395,0.2795,0.2841,0.999,0.6389,0.082,0.45,139694835,5153508,-0.0128,0.7006,0
TXN-2023-0467,2023-04-24,Murabaha,Qurilish,Namangan,740,25,1.1,0.3083,0,0,5,Tovar,0.6052,2.579,0.1591,36,57906184,465932955,0.6335,0.3983,0.6641,0.3056,0.0302,1,0.5514,1,0,,0.1197,0.0875,0.0565,0.2348,0.0957,1.1656,0.6153,1220.6328,0.3358,1.318,0.1866,0.2658,0.0,0.4411,0.0233,0.45,465932955,4882781,-0.0124,0.2429,0
TXN-2024-0468,2024-10-03,Sukuk,Qishloq xo'jaligi,Namangan,616,36,2.6,0.4599,2,0,3,Transport,0.6943,1.271,0.0698,36,140306620,440169280,0.3872,0.2237,0.7796,0.158,0.1182,1,0.7606,4,0,AA,0.0733,0.0741,0.0708,0.2368,0.0755,1.0746,0.2832,885.9742,0.2762,0.9393,0.3193,0.2401,0.0,0.5643,0.0481,0.28,440169280,5931624,-0.0076,-0.8222,0
TXN-2022-0469,2022-05-24,Murabaha,Xizmat,Toshkent,692,48,1.8,0.2719,0,0,4,Sanoat uskunasi,0.7209,10.401,0.1177,60,671631809,112500785,0.5078,0.0894,0.8484,0.168,0.063,1,0.4233,6,0,,0.1245,0.1029,0.0726,0.25,0.0801,1.0785,0.4713,958.5645,0.231,0.9381,0.196,0.2804,0.0,0.6524,0.034,0.45,112500785,1720041,-0.0129,-0.0987,0
TXN-2022-0470,2022-07-01,Sukuk,Savdo,Andijon,558,21,2.6,0.4644,0,0,3,Moliyaviy aktiv,0.8018,0.356,0.09,48,177426586,113451899,0.6433,0.1975,0.912,0.5,0.3443,1,0.3116,2,0,AAA,0.089,0.0665,0.0694,0.0459,0.0404,0.956,0.7152,695.0567,0.8443,1.0007,0.3724,0.0431,0.0,0.142,0.0811,0.28,113451899,2575246,-0.0092,-0.4491,0
TXN-2021-0471,2021-11-23,Murabaha,Qurilish,Andijon,642,53,7.4,0.5211,1,0,5,Ko'chmas mulk,0.7038,3.359,0.1852,48,165297390,176199250,0.7985,0.6,0.7199,0.1462,0.0155,1,0.2758,2,0,,0.1339,0.1153,0.0247,0.25,0.0733,0.8794,0.7213,910.8499,0.1617,1.373,0.3668,0.3406,0.0,0.6034,0.0469,0.45,176199250,3715564,-0.0139,0.4121,0
TXN-2024-0472,2024-12-07,Sukuk,Qurilish,Andijon,630,49,2.8,0.4303,1,0,5,Ko'chmas mulk,0.6504,1.366,0.0623,48,235328644,49402542,0.6358,0.35,0.7488,0.1657,0.1854,1,0.2929,3,0,BBB,0.0839,0.1352,0.0709,0.25,0.0447,0.9838,0.5941,967.1091,0.3511,0.7335,0.2798,0.3143,0.0,0.4859,0.0154,0.28,49402542,212532,-0.0087,-0.8071,0
TXN-2021-0473,2021-08-10,Murabaha,Qurilish,Toshkent,664,33,4.9,0.2011,2,0,4,Ko'chmas mulk,0.7103,5.324,0.1823,36,249424112,361586675,0.6355,0.2128,0.6468,0.3667,0.1666,1,0.584,2,0,,0.0968,0.14,0.0568,0.0962,0.0853,1.1112,0.6997,933.5243,0.5334,1.8645,0.1428,0.1794,0.0,0.3018,0.0848,0.45,361586675,13803379,-0.01,0.5402,0
TXN-2023-0474,2023-02-23,Sukuk,Qurilish,Boshqa,613,43,0.6,0.3693,0,1,5,Ko'chmas mulk,0.6113,3.158,0.1197,72,63342323,81113204,0.4574,0.2812,0.6657,0.1364,0.0118,1,0.1204,4,0,AA,0.0837,0.0964,0.0385,0.2269,0.1047,1.0481,0.3512,1001.1825,0.1482,1.414,0.2257,0.2848,1000.0,0.567,0.0161,0.28,81113204,365798,-0.0087,-0.1226,0
TXN-2021-0475,2021-03-21,Musharaka,Savdo,Samarqand,633,38,9.8,0.396,5,0,2,Sanoat uskunasi,0.606,2.065,0.3,72,266291896,158877570,0.2918,0.2996,0.45,0.1313,0.4,1,0.3517,2,0,,0.1759,0.1054,0.0617,0.1926,0.063,1.1532,0.4597,1042.8674,0.5313,1.6962,0.24,0.2363,0.0,0.2109,0.5665,0.6,158877570,53999538,-0.0182,0.9666,0
TXN-2023-0476,2023-08-22,Sukuk,Qurilish,Andijon,715,50,2.8,0.4187,1,0,5,Sanoat uskunasi,0.5975,6.939,0.1133,36,339990407,395830737,0.7324,0.5077,0.6608,0.0784,0.0676,1,0.4475,1,0,AA,0.082,0.1133,0.0581,0.25,0.0844,0.9392,0.4628,1194.7015,0.146,1.3648,0.2502,0.3052,0.0,0.5643,0.0111,0.28,395830737,1227045,-0.0085,-0.2033,0
TXN-2022-0477,2022-04-01,Murabaha,Qurilish,Buxoro,607,47,6.3,0.2151,5,0,4,Ko'chmas mulk,0.3156,6.089,0.0904,60,348198342,202692817,0.2794,0.3429,0.7617,0.1244,0.2642,1,0.4912,0,0,,0.1058,0.1102,0.0421,0.25,0.0364,1.1198,0.5306,1917.546,0.3886,0.8465,0.0679,0.3181,0.0,0.4657,0.0215,0.45,202692817,1959760,-0.011,-0.3739,0
TXN-2022-0478,2022-02-13,Musharaka,Savdo,Namangan,508,23,7.8,0.5123,2,0,5,Ko'chmas mulk,0.3888,0.134,0.1771,72,139332667,112351423,0.7997,0.4815,0.9437,0.1316,0.0817,1,0.4895,2,0,,0.3074,0.1028,0.0548,0.25,0.0639,0.8948,0.6108,1303.0911,0.2134,0.5743,0.1992,0.298,0.0,0.7423,0.12,0.6,112351423,8087055,-0.0319,0.1533,0
TXN-2023-0479,2023-08-01,Sukuk,Savdo,Samarqand,793,43,1.4,0.591,5,1,4,Ko'chmas mulk,0.6937,0.535,0.0752,48,616926267,72536682,0.8434,0.2018,0.8603,0.0549,0.0313,1,0.2357,0,0,AAA,0.0769,0.1273,0.0762,0.25,0.1008,1.0339,0.7596,1141.5197,0.0863,0.9653,0.41,0.3011,0.2,0.786,0.008,0.28,72536682,163451,-0.008,-0.7121,0
TXN-2022-0480,2022-12-18,Musharaka,Ishlab chiqarish,Andijon,762,35,13.0,0.2154,2,0,3,Boshqa,0.7944,2.818,0.2033,48,576272747,142817362,0.6419,0.3802,0.8189,0.3588,0.1232,1,0.3757,4,0,,0.1926,0.0791,0.0748,0.108,0.0528,0.8559,0.6649,958.0384,0.482,1.0501,0.1711,0.1123,0.0,0.4242,0.11,0.6,142817362,9422968,-0.02,0.3806,0
TXN-2022-0481,2022-09-18,Musharaka,Savdo,Toshkent,535,38,5.7,0.2587,2,0,4,Sanoat uskunasi,0.5961,6.372,0.2846,48,546661175,121205128,0.7038,0.3587,0.784,0.1899,0.3716,1,0.3434,1,0,,0.2834,0.0995,0.0588,0.25,0.0652,0.8839,0.3172,895.9701,0.5615,1.0007,0.1542,0.2906,0.0,0.3438,0.1921,0.6,121205128,13971267,-0.0294,0.5454,0
TXN-2022-0482,2022-04-12,Ijara,Ishlab chiqarish,Andijon,703,30,3.4,0.3319,4,0,2,Sanoat uskunasi,0.5521,1.407,0.0943,24,392559636,931974243,0.612,0.2863,0.7795,0.4709,0.0724,1,0.7459,0,1,,0.0976,0.0756,0.062,0.1132,0.072,1.0319,0.2462,1271.0663,0.5433,0.9555,0.1832,0.1269,0.0,0.356,0.0409,0.35,931974243,13337478,-0.0101,-0.366,0
TXN-2022-0483,2022-04-02,Musharaka,Savdo,Toshkent,602,55,1.2,0.2359,1,0,4,Ko'chmas mulk,0.4529,0.098,0.2359,12,198592854,84460025,0.5992,0.4167,0.6747,0.1825,0.2996,1,0.3848,3,0,,0.2346,0.136,0.0588,0.25,0.0411,0.9071,0.3902,1326.3136,0.4821,1.0013,0.1068,0.3272,0.0,0.3494,0.3324,0.6,84460025,16843759,-0.0243,0.4514,0
TXN-2021-0484,2021-02-18,Musharaka,Savdo,Boshqa,667,48,17.1,0.1876,3,0,3,Transport,0.4067,2.577,0.1429,60,245322990,102269590,0.6432,0.4369,0.7832,0.0147,0.0758,0,0.6351,2,0,,0.2281,0.0882,0.0261,0.1355,0.1058,0.9536,0.3765,1636.1531,0.0906,0.6235,0.0763,0.1976,0.0,0.7123,0.054,0.6,102269590,3310733,-0.0236,0.0563,1
TXN-2024-0485,2024-09-13,Musharaka,Xizmat,Andijon,670,30,8.4,0.5402,0,0,2,Ko'chmas mulk,0.4754,0.541,0.087,48,574915376,73581681,0.8067,0.1507,0.7131,0.2686,0.0349,1,0.4957,1,0,,0.2132,0.074,0.0501,0.1211,0.0919,1.0653,0.4248,1406.4671,0.3035,0.406,0.2568,0.1449,0.0,0.4967,0.1823,0.6,73581681,8049397,-0.0221,-0.2019,0
TXN-2022-0486,2022-01-31,Sukuk,Xizmat,Samarqand,625,24,1.4,0.2134,2,0,5,Boshqa,0.419,2.009,0.14,24,62258912,123782808,0.7809,0.2394,0.7001,0.0998,0.012,0,0.283,2,0,A,0.0897,0.0846,0.0964,0.25,0.0864,1.0173,0.6622,1487.9961,0.1118,1.5435,0.0894,0.2382,0.0,0.6218,0.0053,0.28,123782808,184190,-0.0093,0.1111,0
TXN-2023-0487,2023-03-28,Murabaha,Ishlab chiqarish,Namangan,578,34,2.5,0.6454,4,0,5,Tovar,0.4987,1.214,0.1493,36,157817707,213886151,0.8942,0.3036,0.7596,0.3227,0.0826,0,0.2195,2,0,,0.1127,0.0789,0.0641,0.25,0.0799,0.9763,0.6374,1156.5815,0.4053,1.3134,0.3219,0.2648,0.0,0.4517,0.0705,0.45,213886151,6786275,-0.0117,0.1713,0
TXN-2022-0488,2022-11-04,Murabaha,Qurilish,Toshkent,586,42,10.0,0.22,1,1,5,Sanoat uskunasi,0.5074,2.041,0.1597,24,322294186,76523254,0.8494,0.1032,0.816,0.2931,0.2397,1,0.4636,1,0,,0.1329,0.09,0.0785,0.25,0.049,1.1205,0.2908,1152.6407,0.5328,1.1927,0.1116,0.2615,0.999,0.3812,0.0366,0.45,76523254,1259502,-0.0138,0.2232,0
TXN-2022-0489,2022-07-25,Sukuk,Ishlab chiqarish,Namangan,567,40,7.1,0.5082,4,0,4,Sanoat uskunasi,0.4404,6.737,0.1215,72,213457115,189991402,0.4742,0.2969,0.93,0.1949,0.0502,1,0.091,2,0,AAA,0.0851,0.0957,0.01,0.25,0.0934,0.9286,0.8966,1284.6389,0.2451,1.4112,0.2238,0.3357,0.0,0.7021,0.0159,0.28,189991402,848165,-0.0088,-0.0993,0
TXN-2021-0490,2021-05-23,Sukuk,Qishloq xo'jaligi,Toshkent,574,50,8.7,0.1407,3,0,4,Transport,0.6107,1.663,0.0575,36,192434483,63523480,0.732,0.6,0.9563,0.098,0.1478,1,0.4948,2,0,A,0.0931,0.05,0.0495,0.25,0.0642,1.0888,0.2233,938.3528,0.2458,0.611,0.0859,0.2505,0.0,0.7212,0.0104,0.28,63523480,185103,-0.0096,-0.779,0
TXN-2022-0491,2022-07-26,Musharaka,Qishloq xo'jaligi,Boshqa,639,45,3.5,0.3588,5,0,4,Ko'chmas mulk,0.7013,0.088,0.1641,48,649154640,285053475,0.8481,0.5435,0.7856,0.2732,0.0268,1,0.6803,4,0,,0.2496,0.0999,0.0636,0.2061,0.0364,0.9349,0.7662,909.8572,0.3,0.6546,0.2517,0.2424,0.0,0.5499,0.1852,0.6,285053475,31682455,-0.0259,0.1364,1
TXN-2022-0492,2022-12-21,Musharaka,Ishlab chiqarish,Toshkent,584,47,7.6,0.4705,1,0,2,Ko'chmas mulk,0.4944,2.174,0.0814,24,403957313,107765281,0.3738,0.6,0.8071,0.1998,0.0744,0,0.4432,2,0,,0.1489,0.0809,0.0397,0.1308,0.052,1.0877,0.3489,1178.7275,0.2741,0.5434,0.2326,0.1721,0.0,0.5858,0.3064,0.6,107765281,19810288,-0.0154,-0.3262,0
TXN-2024-0493,2024-08-06,Murabaha,Savdo,Boshqa,702,41,2.9,0.3154,2,1,5,Transport,0.6928,0.985,0.1191,60,435679488,118055536,0.5009,0.208,0.7697,0.2714,0.0296,1,0.7411,3,0,,0.1368,0.05,0.0642,0.25,0.0423,0.9576,0.6384,1011.8481,0.301,0.8639,0.2185,0.2358,0.4998,0.538,0.0216,0.45,118055536,1145699,-0.0142,-0.0799,0
TXN-2023-0494,2023-11-10,Murabaha,Qishloq xo'jaligi,Andijon,771,24,1.4,0.2277,0,0,5,Ko'chmas mulk,0.6902,3.764,0.186,72,153926191,397363032,0.4685,0.2737,0.7914,0.0993,0.0956,1,0.4051,1,0,,0.1125,0.1039,0.0448,0.25,0.1032,1.0899,0.663,1115.4708,0.1949,1.6383,0.1572,0.3092,0.0,0.6372,0.0236,0.45,397363032,4223956,-0.0117,0.4974,0
TXN-2023-0495,2023-03-30,Musharaka,Qishloq xo'jaligi,Samarqand,595,36,6.0,0.215,1,1,4,Ko'chmas mulk,0.9089,1.587,0.207,60,175389315,109352225,0.4647,0.2345,0.9093,0.284,0.1851,1,0.3188,0,0,,0.2291,0.1117,0.0457,0.25,0.099,0.9494,0.335,653.9482,0.4691,0.8994,0.1954,0.316,0.999,0.4827,0.2744,0.6,109352225,18001936,-0.0237,0.3359,0
TXN-2024-0496,2024-10-23,Murabaha,Savdo,Boshqa,665,48,22.4,0.2825,1,0,5,Sanoat uskunasi,0.5558,3.381,0.1153,36,311218145,195979215,0.8179,0.3432,0.7864,0.2092,0.1324,1,0.3772,1,0,,0.1742,0.1018,0.0606,0.25,0.1081,0.9884,0.5095,1194.265,0.3415,0.6582,0.157,0.2912,0.0,0.5178,0.0255,0.45,195979215,2251609,-0.0181,-0.0843,0
TXN-2024-0497,2024-01-04,Musharaka,Savdo,Namangan,687,37,2.2,0.6112,3,1,4,Moliyaviy aktiv,0.6463,5.987,0.1815,60,317259024,243294792,0.7781,0.4834,0.6824,0.1772,0.0323,1,0.6821,1,0,,0.3044,0.0799,0.0669,0.1379,0.0675,1.0139,0.8432,1061.3959,0.2095,0.5942,0.395,0.1509,0.3332,0.5395,0.1957,0.6,243294792,28571787,-0.0315,0.1691,1
TXN-2022-0498,2022-11-10,Murabaha,Qurilish,Andijon,685,43,3.7,0.6471,3,0,3,Moliyaviy aktiv,0.4948,1.125,0.1342,24,742450422,368993508,0.8104,0.1142,0.7488,0.0522,0.0726,1,0.126,3,0,,0.1268,0.0894,0.045,0.1388,0.0399,0.9173,0.4815,1381.5642,0.1248,1.0503,0.3202,0.1833,0.0,0.6554,0.0718,0.45,368993508,11928133,-0.0131,0.033,0
TXN-2021-0499,2021-02-26,Sukuk,Savdo,Namangan,651,34,6.7,0.2805,1,0,5,Ko'chmas mulk,0.6164,11.362,0.1078,24,305708342,186751696,0.382,0.4253,0.6844,0.0977,0.1046,1,0.2233,4,0,A,0.074,0.0787,0.0521,0.25,0.059,1.0045,0.6224,1054.4069,0.2023,1.4372,0.1729,0.2767,0.0,0.5459,0.0138,0.28,186751696,720122,-0.0077,-0.3003,0
TXN-2021-0500,2021-08-25,Sukuk,Savdo,Boshqa,708,27,4.7,0.3086,2,0,3,Ko'chmas mulk,0.5816,0.406,0.0844,36,662059539,118880993,0.4783,0.3639,0.45,0.2868,0.0841,1,0.387,2,0,A,0.0804,0.1165,0.0718,0.165,0.068,1.1633,0.6487,1215.1975,0.3709,1.0363,0.1795,0.2097,0.0,0.2831,0.0219,0.28,118880993,728745,-0.0083,-0.5674,0
TXN-2022-0501,2022-06-19,Ijara,Qurilish,Namangan,685,36,11.1,0.3195,3,0,4,Sanoat uskunasi,0.6366,2.582,0.1163,24,361550110,102984901,0.9104,0.1494,0.7668,0.0916,0.1676,1,0.3863,1,1,,0.0535,0.077,0.0258,0.2371,0.0524,0.9169,0.774,1074.3868,0.2592,2.1325,0.2034,0.2883,0.0,0.568,0.0112,0.35,102984901,403972,-0.0055,-0.2553,0
TXN-2022-0502,2022-01-01,Musharaka,Ishlab chiqarish,Toshkent,539,41,8.6,0.4327,5,0,3,Tovar,0.4683,0.088,0.1891,24,213262782,185005485,0.7628,0.1618,0.6717,0.2337,0.16,0,0.5323,3,0,,0.3027,0.1191,0.0503,0.25,0.0752,1.0995,0.435,1148.4343,0.3936,0.6226,0.2027,0.3188,0.0,0.4073,0.4083,0.6,185005485,45326945,-0.0314,0.1952,0
TXN-2024-0503,2024-04-04,Murabaha,Ishlab chiqarish,Buxoro,718,31,0.5,0.5309,0,0,4,Boshqa,0.8475,0.599,0.157,48,153474627,87243495,0.5316,0.483,0.6324,0.0816,0.1694,1,0.1734,4,0,,0.0967,0.1348,0.0549,0.25,0.0607,0.8522,0.5332,846.1581,0.251,1.6073,0.4499,0.3299,0.0,0.4737,0.1001,0.45,87243495,3930997,-0.01,0.2795,0
TXN-2022-0504,2022-06-28,Ijara,Qurilish,Namangan,720,35,30.0,0.7143,1,1,4,Tovar,0.8098,2.511,0.1266,36,396364959,216624995,0.4761,0.162,0.8642,0.328,0.3052,1,0.7452,3,1,,0.0709,0.1026,0.0537,0.25,0.0658,1.0807,0.8711,887.9719,0.6332,1.7605,0.5784,0.2989,0.999,0.317,0.0509,0.35,216624995,3861483,-0.0073,-0.0482,0
TXN-2021-0505,2021-03-20,Ijara,Xizmat,Samarqand,580,28,8.4,0.3319,2,0,4,Sanoat uskunasi,0.3096,0.118,0.0709,60,196248709,170842177,0.4687,0.2492,0.7361,0.2217,0.015,1,0.3354,3,1,,0.0772,0.1155,0.0184,0.2248,0.049,1.1978,0.5359,1867.3789,0.2367,0.9058,0.1028,0.3219,0.0,0.5619,0.0259,0.35,170842177,1547019,-0.008,-0.7657,0
TXN-2021-0506,2021-08-11,Murabaha,Qishloq xo'jaligi,Toshkent,648,49,12.0,0.4897,4,0,4,Ko'chmas mulk,0.6949,0.268,0.0896,24,228582383,65574923,0.6608,0.6,0.8187,0.2971,0.0434,1,0.1463,1,0,,0.1058,0.0934,0.0522,0.25,0.0666,1.0033,0.6848,931.1104,0.3405,0.8393,0.3403,0.2912,0.0,0.54,0.0725,0.45,65574923,2140516,-0.011,-0.3819,0
TXN-2024-0507,2024-05-06,Sukuk,Ishlab chiqarish,Boshqa,703,35,6.3,0.3969,0,1,3,Ko'chmas mulk,0.5514,0.86,0.1156,120,149149834,62804023,0.7339,0.5135,0.6261,0.1194,0.3495,1,0.3021,4,0,BBB,0.0841,0.1065,0.0952,0.0749,0.0662,1.0084,0.7776,1272.5516,0.4689,1.3581,0.2188,0.0862,1000.0,0.3325,0.0229,0.28,62804023,401922,-0.0087,-0.1712,0
TXN-2023-0508,2023-06-09,Ijara,Savdo,Boshqa,627,52,11.6,0.4193,1,0,4,Ko'chmas mulk,0.6961,2.143,0.1124,36,245245345,157259554,0.3847,0.1128,0.877,0.2684,0.0119,1,0.5048,2,1,,0.0982,0.1064,0.0522,0.25,0.0575,0.8883,0.5256,899.4966,0.2803,1.1324,0.2918,0.3042,0.0,0.6312,0.0554,0.35,157259554,3049791,-0.0102,-0.1794,0
TXN-2022-0509,2022-12-09,Sukuk,Ishlab chiqarish,Samarqand,736,53,0.7,0.2746,0,1,5,Sanoat uskunasi,0.5589,0.04,0.0889,36,349388973,121384338,0.7407,0.4096,0.7929,0.1327,0.0747,1,0.407,3,0,AAA,0.0646,0.1061,0.0502,0.25,0.0736,0.8947,0.3495,1314.5505,0.2074,1.3556,0.1535,0.3059,1000.0,0.6284,0.0023,0.28,121384338,79220,-0.0067,-0.6365,0
TXN-2022-0510,2022-10-05,Ijara,Savdo,Buxoro,845,37,2.6,0.3661,1,0,1,Ko'chmas mulk,0.3713,1.646,0.1125,24,191947581,262695270,0.5498,0.1983,0.824,0.2105,0.3234,1,0.6095,5,1,,0.0845,0.1274,0.0223,0.25,0.0297,1.065,0.8119,2269.9352,0.5339,1.3152,0.1359,0.3551,0.0,0.3841,0.0352,0.35,262695270,3239347,-0.0088,-0.2075,0
TXN-2023-0511,2023-06-13,Musharaka,Savdo,Toshkent,578,27,12.5,0.5099,2,0,2,Tovar,0.5276,2.457,0.1648,48,159563763,78090975,0.6542,0.1263,0.9057,0.0724,0.1524,1,0.3945,1,0,,0.1782,0.14,0.0462,0.2481,0.065,1.0744,0.9075,1093.5275,0.2249,0.9201,0.269,0.3419,0.0,0.702,0.3005,0.6,78090975,14078348,-0.0185,0.1955,0
TXN-2024-0512,2024-05-26,Murabaha,Qurilish,Namangan,527,21,1.4,0.4677,0,0,2,Sanoat uskunasi,0.8622,1.288,0.0693,84,254715470,247690312,0.5452,0.4698,0.8811,0.4627,0.1054,1,0.3714,2,0,,0.137,0.0924,0.0644,0.25,0.1172,1.0797,0.2488,610.5372,0.5681,0.5022,0.4032,0.2779,0.0,0.3805,0.3419,0.45,247690312,38112889,-0.0142,-0.443,0
TXN-2023-0513,2023-11-14,Sukuk,Qishloq xo'jaligi,Toshkent,670,23,0.5,0.476,1,1,5,Ko'chmas mulk,0.5805,0.175,0.1432,48,323949546,252665463,0.7894,0.2367,0.4708,0.3474,0.0987,1,0.402,4,0,BBB,0.0902,0.1046,0.0684,0.25,0.0716,1.0548,0.6053,1152.1364,0.4461,1.5711,0.2763,0.2861,0.999,0.2608,0.024,0.28,252665463,1694752,-0.0093,0.1467,0
TXN-2021-0514,2021-08-25,Sukuk,Qurilish,Toshkent,706,24,9.3,0.477,0,1,4,Moliyaviy aktiv,0.648,2.36,0.0972,24,243281707,64877877,0.4352,0.1862,0.8996,0.0087,0.0991,1,0.1905,3,0,AAA,0.0999,0.0596,0.0613,0.25,0.0546,0.9442,0.5448,1087.8322,0.1078,0.9635,0.3091,0.2483,1000.0,0.8027,0.0116,0.28,64877877,211239,-0.0103,-0.3286,0
TXN-2023-0515,2023-02-28,Murabaha,Savdo,Boshqa,625,51,10.8,0.3633,2,2,5,Transport,0.258,2.327,0.1406,36,761843744,126983260,0.5421,0.2912,0.7899,0.2028,0.1764,1,0.5508,3,0,,0.1156,0.0844,0.0512,0.1733,0.1016,1.0104,0.3642,2412.9532,0.3792,1.2059,0.0937,0.2065,0.9995,0.4904,0.024,0.45,126983260,1373328,-0.012,0.0915,0
TXN-2024-0516,2024-03-26,Murabaha,Savdo,Samarqand,768,39,1.1,0.7421,2,0,4,Moliyaviy aktiv,0.7309,1.763,0.1432,36,259927341,386208581,0.6399,0.3361,0.9502,0.1326,0.2113,1,0.5442,2,0,,0.1219,0.104,0.0606,0.25,0.0462,0.8797,0.5543,1049.3876,0.3439,1.1643,0.5424,0.2934,0.0,0.6235,0.0442,0.45,386208581,7680046,-0.0126,0.1078,0
TXN-2022-0517,2022-01-25,Murabaha,Qurilish,Buxoro,531,41,11.6,0.5674,2,1,3,Moliyaviy aktiv,0.7181,2.953,0.1785,12,333623136,196462521,0.5811,0.4812,0.8648,0.128,0.0858,1,0.5453,0,0,,0.129,0.0943,0.0315,0.25,0.0281,0.9945,0.8558,738.4426,0.2138,1.3733,0.4075,0.3128,0.4998,0.6799,0.1257,0.45,196462521,11109904,-0.0134,0.3759,0
TXN-2022-0518,2022-06-06,Ijara,Ishlab chiqarish,Buxoro,703,21,7.0,0.4255,1,0,4,Ko'chmas mulk,0.1876,0.582,0.1405,72,415718030,138515657,0.5795,0.3378,0.8198,0.355,0.2339,1,0.138,3,1,,0.1128,0.1336,0.0702,0.1826,0.0915,1.1258,0.5955,3727.5452,0.5889,1.2346,0.0798,0.2461,0.0,0.337,0.0134,0.35,138515657,647678,-0.0117,0.0931,0
TXN-2021-0519,2021-04-01,Sukuk,Savdo,Buxoro,593,26,4.4,0.386,2,0,2,Transport,0.5978,2.837,0.0981,36,310419836,270625806,0.4998,0.575,0.6873,0.1747,0.0896,0,0.6969,2,0,AAA,0.0515,0.0924,0.056,0.25,0.0684,0.9632,0.4603,990.3706,0.2643,1.8698,0.2308,0.2864,0.0,0.5056,0.0643,0.28,270625806,4871737,-0.0053,-0.6189,1
TXN-2024-0520,2024-12-22,Murabaha,Ishlab chiqarish,Toshkent,791,46,10.6,0.4437,3,1,3,Ko'chmas mulk,0.8174,0.44,0.1051,36,136955067,105218930,0.5015,0.1714,0.7757,0.3189,0.0767,1,0.405,3,0,,0.1053,0.1235,0.0646,0.25,0.0783,1.0199,0.5646,966.4912,0.3956,0.9885,0.3627,0.3089,0.3332,0.4688,0.0712,0.45,105218930,3373442,-0.0109,-0.2364,0
TXN-2023-0521,2023-06-13,Musharaka,Qurilish,Samarqand,814,40,3.3,0.3733,4,0,3,Tovar,0.5123,1.247,0.2542,24,149046478,117979322,0.7841,0.5142,0.8853,0.0752,0.0532,1,0.4573,0,0,,0.2257,0.0778,0.0502,0.25,0.0499,1.1523,0.6005,1585.7713,0.1285,1.1213,0.1912,0.2776,0.0,0.7716,0.042,0.6,117979322,2972921,-0.0234,0.5502,0
TXN-2021-0522,2021-01-04,Murabaha,Qishloq xo'jaligi,Toshkent,579,36,1.3,0.4148,1,0,3,Transport,0.5739,0.175,0.1422,24,126124127,166996494,0.4402,0.2286,0.45,0.2919,0.1091,1,0.1804,1,0,,0.0792,0.114,0.0391,0.25,0.0477,0.9326,0.346,1007.0796,0.401,1.7738,0.238,0.325,0.0,0.2696,0.1703,0.45,166996494,12799434,-0.0082,0.1546,0
TXN-2023-0523,2023-12-01,Sukuk,Qurilish,Andijon,598,43,2.0,0.5105,0,0,3,Moliyaviy aktiv,0.6619,4.275,0.1149,72,110849138,401279791,0.6403,0.244,0.5809,0.0963,0.1969,1,0.7219,1,0,A,0.0947,0.1115,0.071,0.25,0.083,1.0769,0.6526,902.1604,0.2931,1.2004,0.3379,0.2905,0.0,0.4106,0.0568,0.28,401279791,6382058,-0.0098,-0.1597,0
TXN-2024-0524,2024-01-08,Ijara,Savdo,Andijon,718,54,4.2,0.4063,2,1,2,Ko'chmas mulk,0.6068,1.932,0.0875,12,288276355,77900083,0.6641,0.4569,0.8623,0.2519,0.0383,1,0.3245,1,1,,0.0657,0.0611,0.0471,0.25,0.0515,0.8898,0.4393,1181.2546,0.2902,1.3113,0.2465,0.2639,0.4998,0.6121,0.0374,0.35,77900083,1019524,-0.0068,-0.6473,0
TXN-2024-0525,2024-11-07,Ijara,Ishlab chiqarish,Samarqand,612,35,4.5,0.4138,2,0,3,Sanoat uskunasi,0.4543,8.855,0.1395,36,515010008,206331191,0.783,0.2887,0.7639,0.273,0.1291,1,0.4027,5,1,,0.0699,0.0885,0.0327,0.0698,0.0489,1.109,0.5408,1344.0786,0.4021,1.9663,0.188,0.1256,0.0,0.4567,0.0452,0.35,206331191,3265263,-0.0072,0.1354,0
TXN-2024-0526,2024-10-05,Musharaka,Qishloq xo'jaligi,Samarqand,641,38,9.8,0.5687,1,0,3,Boshqa,0.5123,7.132,0.0945,48,376446997,112199106,0.6006,0.6,0.863,0.0885,0.0472,1,0.4501,4,0,,0.2175,0.1337,0.072,0.25,0.0724,0.9433,0.7033,1248.8167,0.1356,0.4325,0.2913,0.3117,0.0,0.746,0.1555,0.6,112199106,10471083,-0.0225,-0.1632,0
TXN-2022-0527,2022-02-08,Murabaha,Qurilish,Samarqand,647,39,9.4,0.2367,2,2,4,Sanoat uskunasi,0.95,12.0,0.1241,36,373426273,354199972,0.9313,0.6,0.6849,0.2407,0.1597,1,0.336,4,0,,0.1113,0.1106,0.0487,0.2364,0.1145,1.214,0.8518,680.3365,0.4003,1.1052,0.2248,0.2984,0.9995,0.4107,0.0774,0.45,354199972,12338654,-0.0115,-0.0529,0
TXN-2023-0528,2023-01-16,Murabaha,Qishloq xo'jaligi,Samarqand,481,61,5.2,0.3406,0,0,3,Ko'chmas mulk,0.6176,0.267,0.1453,36,132240536,253658806,0.6059,0.2779,0.7977,0.2242,0.0172,1,0.6278,3,0,,0.1526,0.1246,0.0641,0.1312,0.0586,0.9386,0.2,777.5288,0.2414,0.9458,0.2104,0.1917,0.0,0.6051,0.1304,0.45,253658806,14885906,-0.0158,0.1003,0
TXN-2023-0529,2023-06-03,Murabaha,Savdo,Namangan,643,21,9.1,0.3689,2,0,3,Sanoat uskunasi,0.6302,2.332,0.2095,48,328936829,140677333,0.7298,0.3044,0.9107,0.4265,0.0462,1,0.4517,5,0,,0.1685,0.0728,0.0542,0.25,0.0318,1.0812,0.5037,1018.6375,0.4727,1.236,0.2325,0.2685,0.0,0.4802,0.0744,0.45,140677333,4707452,-0.0175,0.4717,0
TXN-2021-0530,2021-05-24,Sukuk,Ishlab chiqarish,Toshkent,586,44,1.3,0.6353,0,0,2,Ko'chmas mulk,0.7554,1.309,0.1165,120,336190479,225410979,0.9105,0.4353,0.7297,0.1451,0.0801,1,0.3857,2,0,AAA,0.0808,0.0769,0.055,0.2091,0.0666,1.1752,0.4415,774.7295,0.2252,1.4232,0.4799,0.2311,0.0,0.5653,0.0769,0.28,225410979,4851138,-0.0084,-0.1675,0
TXN-2024-0531,2024-09-22,Ijara,IT,Boshqa,603,36,0.5,0.4064,4,1,4,Ko'chmas mulk,0.7059,1.902,0.1631,60,668702872,99140340,0.8507,0.3756,0.7934,0.1465,0.2478,1,0.7173,4,0,,0.0842,0.0831,0.0473,0.25,0.0935,1.0016,0.3898,853.0173,0.3943,1.9152,0.2868,0.2858,0.2499,0.4806,0.0628,0.35,99140340,2179426,-0.0087,0.3934,0
TXN-2022-0532,2022-11-08,Sukuk,Qishloq xo'jaligi,Toshkent,767,43,12.4,0.3474,1,0,4,Ko'chmas mulk,0.313,0.923,0.1115,84,299557259,95241524,0.6715,0.5804,0.7568,0.1523,0.0787,1,0.3169,3,0,A,0.0602,0.1195,0.0589,0.25,0.0591,1.1465,0.6416,2442.4325,0.231,1.8213,0.1088,0.3105,0.0,0.582,0.0034,0.28,95241524,91758,-0.0062,-0.3071,0
TXN-2024-0533,2024-06-30,Sukuk,Savdo,Samarqand,538,31,0.5,0.2794,1,0,5,Ko'chmas mulk,0.4488,0.123,0.0723,48,694515110,868129020,0.819,0.1234,0.6588,0.2692,0.1767,1,0.5036,0,0,A,0.0874,0.1132,0.0399,0.25,0.0366,1.105,0.5536,1196.0195,0.4458,0.8172,0.1254,0.3234,0.0,0.3651,0.0166,0.28,868129020,4035173,-0.0091,-0.6605,0
TXN-2022-0534,2022-10-05,Musharaka,IT,Toshkent,714,37,1.7,0.3407,4,0,5,Tovar,0.7312,3.075,0.1137,24,263702543,114323898,0.6709,0.5463,0.9172,0.1288,0.2275,1,0.658,2,0,,0.1792,0.0789,0.0688,0.134,0.0824,1.1233,0.6597,975.1143,0.3562,0.6312,0.2491,0.1441,0.0,0.5905,0.0426,0.6,114323898,2924613,-0.0186,-0.0907,0
TXN-2024-0535,2024-09-20,Ijara,Xizmat,Samarqand,621,45,7.1,0.5206,3,0,3,Transport,0.5747,8.44,0.1428,24,320152049,168109777,0.6352,0.2919,0.7773,0.2253,0.242,1,0.246,4,1,,0.0924,0.1012,0.078,0.25,0.1067,1.0262,0.4222,1078.648,0.4672,1.5294,0.2992,0.2732,0.0,0.4141,0.0505,0.35,168109777,2971388,-0.0096,0.139,0
TXN-2021-0536,2021-09-13,Sukuk,Savdo,Boshqa,621,65,3.2,0.2951,2,0,2,Tovar,0.5027,1.9,0.075,60,492222556,112747787,0.5037,0.2869,0.6104,0.263,0.1836,1,0.3638,4,0,BBB,0.094,0.124,0.085,0.1161,0.0247,1.156,0.4705,1232.8434,0.4466,0.789,0.1484,0.1551,0.0,0.3378,0.0516,0.28,112747787,1630540,-0.0097,-0.5854,0
TXN-2022-0537,2022-09-08,Ijara,Ishlab chiqarish,Samarqand,712,46,12.5,0.4609,3,0,2,Ko'chmas mulk,0.785,1.0,0.0737,36,284357250,60362803,0.841,0.5506,0.6346,0.2615,0.0622,1,0.2632,2,1,,0.1094,0.123,0.0983,0.214,0.1037,0.9364,0.8497,905.8105,0.3237,0.6675,0.3618,0.2387,0.0,0.4292,0.0823,0.35,60362803,1739786,-0.0113,-0.5147,0
TXN-2023-0538,2023-11-05,Murabaha,Qishloq xo'jaligi,Namangan,673,29,2.1,0.6305,2,0,5,Ko'chmas mulk,0.4827,6.963,0.101,36,98627928,72642916,0.7164,0.1179,0.9344,0.1272,0.0422,1,0.6353,3,0,,0.1004,0.101,0.0875,0.1804,0.0923,1.0327,0.4647,1391.2944,0.1694,0.9955,0.3044,0.1939,0.0,0.7761,0.0183,0.45,72642916,597044,-0.0104,-0.2892,0
TXN-2022-0539,2022-09-26,Musharaka,Qurilish,Buxoro,693,33,0.5,0.4131,0,1,4,Ko'chmas mulk,0.5625,1.134,0.1961,84,134868871,188087341,0.6642,0.5083,0.8666,0.032,0.0586,1,0.4347,2,0,,0.2846,0.1101,0.0503,0.25,0.0543,1.0459,0.2679,1229.7522,0.0906,0.6865,0.2324,0.3098,1000.0,0.7881,0.0709,0.6,188087341,8005236,-0.0295,0.2322,0
TXN-2024-0540,2024-09-27,Murabaha,Savdo,Toshkent,727,33,2.1,0.347,1,0,1,Ko'chmas mulk,0.6131,6.149,0.1082,12,1210474117,55257779,0.6396,0.5218,0.6395,0.4489,0.0053,1,0.3745,0,0,,0.1008,0.1112,0.0541,0.25,0.0698,1.173,0.3151,1183.8072,0.4543,1.0632,0.2128,0.3071,0.0,0.349,0.1333,0.45,55257779,3315063,-0.0104,-0.2157,0
TXN-2023-0541,2023-04-17,Sukuk,Qurilish,Boshqa,616,21,5.2,0.2416,2,1,2,Transport,0.6192,4.839,0.1314,36,259817229,90202954,0.4749,0.4158,0.8304,0.1267,0.0498,1,0.373,6,0,AA,0.0977,0.0729,0.0425,0.25,0.0605,1.0075,0.619,993.2521,0.1765,1.3307,0.1496,0.2804,0.4998,0.6838,0.0406,0.28,90202954,1024566,-0.0101,0.0141,0
TXN-2022-0542,2022-10-31,Musharaka,Savdo,Boshqa,592,34,2.8,0.472,1,0,4,Sanoat uskunasi,0.8484,1.881,0.2056,60,371229849,234288685,0.6818,0.3465,0.9179,0.1738,0.3146,1,0.2295,4,0,,0.2051,0.086,0.0663,0.25,0.0595,0.9603,0.7401,696.9268,0.4884,0.9978,0.4005,0.2697,0.0,0.4696,0.2401,0.6,234288685,33752426,-0.0213,0.3687,0
TXN-2023-0543,2023-04-05,Murabaha,Qishloq xo'jaligi,Boshqa,552,45,4.6,0.4701,4,0,3,Boshqa,0.7411,2.824,0.1476,48,129131223,173905334,0.5779,0.3758,0.8035,0.2289,0.2683,1,0.5054,6,0,,0.1477,0.14,0.0422,0.25,0.0455,1.069,0.5674,743.8724,0.4972,0.9926,0.3484,0.3478,0.0,0.404,0.2177,0.45,173905334,17038689,-0.0153,0.119,1
TXN-2024-0544,2024-11-28,Ijara,Ishlab chiqarish,Buxoro,574,25,12.6,0.222,1,0,5,Transport,0.5882,3.013,0.1316,36,300090460,111197881,0.7879,0.3819,0.6422,0.4175,0.0977,1,0.188,3,1,,0.0817,0.1374,0.0665,0.2206,0.032,1.0197,0.2993,974.1898,0.5152,1.5921,0.1306,0.2915,0.0,0.3113,0.0404,0.35,111197881,1572935,-0.0085,0.02,0
TXN-2022-0545,2022-08-29,Musharaka,Savdo,Toshkent,850,48,14.6,0.1467,0,1,4,Ko'chmas mulk,0.4549,2.562,0.2162,36,543544323,108818506,0.6721,0.5522,0.8936,0.0721,0.1217,1,0.4559,0,0,,0.2922,0.0958,0.0458,0.25,0.0865,1.1273,0.7039,1864.4199,0.1938,0.7376,0.0667,0.3,1000.0,0.7205,0.02,0.6,108818506,1308876,-0.0303,0.2951,0
TXN-2024-0546,2024-02-10,Murabaha,Savdo,Buxoro,750,42,1.9,0.4516,1,0,4,Ko'chmas mulk,0.6377,0.438,0.1647,12,79755114,72180631,0.4058,0.3442,0.6849,0.2195,0.2709,1,0.3036,0,0,,0.1332,0.0856,0.0604,0.25,0.0939,1.1306,0.6002,1174.2358,0.4904,1.2271,0.288,0.2752,0.0,0.349,0.0708,0.45,72180631,2300730,-0.0138,0.2606,0
TXN-2021-0547,2021-09-18,Murabaha,Savdo,Buxoro,530,30,3.7,0.3821,3,1,3,Moliyaviy aktiv,0.5839,2.95,0.1073,36,277371312,706595460,0.5214,0.5325,0.759,0.3482,0.3001,1,0.3639,1,0,,0.1006,0.074,0.0734,0.25,0.0661,0.9617,0.659,906.1034,0.6483,1.0561,0.2231,0.2506,0.3332,0.2669,0.2155,0.45,706595460,68534216,-0.0104,-0.2254,1
TXN-2022-0548,2022-01-28,Ijara,Ishlab chiqarish,Toshkent,532,36,4.8,0.5749,4,0,3,Sanoat uskunasi,0.466,0.008,0.1578,48,276038380,74591922,0.7895,0.3054,0.8709,0.1876,0.1796,1,0.6512,2,0,,0.1353,0.14,0.0605,0.25,0.0773,0.832,0.6389,1139.2055,0.3672,1.1575,0.2679,0.3295,0.0,0.5511,0.0961,0.35,74591922,2509495,-0.014,0.2055,0
TXN-2023-0549,2023-05-12,Musharaka,Qishloq xo'jaligi,Buxoro,685,53,17.9,0.2257,0,0,4,Tovar,0.8619,3.095,0.2177,72,297077411,301085834,0.6661,0.3182,0.8846,0.2532,0.0519,1,0.1708,4,0,,0.1695,0.0979,0.0719,0.2225,0.0942,1.0711,0.3248,793.7977,0.3051,1.2764,0.1945,0.2485,0.0,0.6147,0.0999,0.6,301085834,18046433,-0.0176,0.5171,0
TXN-2024-0550,2024-09-23,Ijara,Savdo,Toshkent,691,45,30.0,0.6521,1,0,4,Ko'chmas mulk,0.5787,2.023,0.1082,24,871385403,31589457,0.8926,0.3809,0.4586,0.2777,0.1543,0,0.1353,3,1,,0.0915,0.1188,0.0649,0.25,0.0328,1.0361,0.4155,1191.9753,0.432,1.1695,0.3774,0.3039,0.0,0.2605,0.0729,0.35,31589457,806350,-0.0095,-0.2388,1
TXN-2023-0551,2023-02-16,Musharaka,Qurilish,Andijon,691,38,1.6,0.4134,3,0,3,Ko'chmas mulk,0.9295,0.752,0.2264,60,209063547,273891114,0.6016,0.503,0.8529,0.3675,0.1413,1,0.8333,3,0,,0.1901,0.0978,0.0545,0.2496,0.0118,1.1427,0.4842,742.6248,0.5089,1.1842,0.3842,0.2929,0.0,0.4189,0.2693,0.6,273891114,44256545,-0.0197,0.5067,0
TXN-2024-0552,2024-10-19,Sukuk,Qishloq xo'jaligi,Buxoro,623,35,7.8,0.4267,8,0,4,Ko'chmas mulk,0.8509,4.071,0.0667,48,184453034,294149128,0.5625,0.4992,0.5614,0.0416,0.0326,1,0.3368,0,0,AAA,0.0824,0.1203,0.0314,0.2009,0.0757,0.9284,0.5615,731.3014,0.0742,0.7994,0.363,0.2898,0.0,0.5198,0.0332,0.28,294149128,2734456,-0.0085,-0.768,0
TXN-2021-0553,2021-12-23,Musharaka,Savdo,Samarqand,634,38,2.8,0.5662,1,0,5,Tovar,0.5024,1.299,0.2313,48,220362435,77278802,0.8362,0.26,0.7919,0.0677,0.0532,1,0.1964,3,0,,0.2616,0.0721,0.0552,0.25,0.0428,1.0447,0.6475,1259.4083,0.1208,0.8807,0.2845,0.2669,0.0,0.6962,0.0819,0.6,77278802,3799408,-0.0271,0.3872,0
TXN-2024-0554,2024-06-14,Musharaka,Qishloq xo'jaligi,Boshqa,672,32,0.5,0.588,0,0,2,Ko'chmas mulk,0.7807,1.663,0.1973,36,1012967949,96334644,0.3861,0.6,0.8207,0.1736,0.3141,1,0.4441,2,0,,0.1882,0.0889,0.0699,0.25,0.0219,0.9101,0.4437,859.6184,0.4877,1.0424,0.4591,0.2691,0.0,0.4205,0.4945,0.6,96334644,28582398,-0.0195,0.3574,0
TXN-2024-0555,2024-03-11,Sukuk,Qishloq xo'jaligi,Namangan,652,21,0.5,0.3533,1,0,4,Sanoat uskunasi,0.5837,0.07,0.0464,36,269118775,313439519,0.652,0.3321,0.5666,0.1836,0.0481,0,0.1791,3,0,AA,0.0771,0.1091,0.0377,0.25,0.0612,0.988,0.7259,1115.1304,0.2317,0.5936,0.2062,0.3214,0.0,0.4353,0.0265,0.28,313439519,2328046,-0.008,-1.0837,1
TXN-2022-0556,2022-09-09,Murabaha,Savdo,Toshkent,456,58,3.7,0.4975,2,0,3,Transport,0.4658,1.283,0.2199,48,346279804,66739226,0.6431,0.4244,0.7758,0.0778,0.1864,1,0.2141,2,0,,0.1548,0.1297,0.0957,0.132,0.0847,0.95,0.6254,976.8454,0.2643,1.4113,0.2318,0.166,0.0,0.5708,0.17,0.45,66739226,5105970,-0.016,0.5807,1
TXN-2023-0557,2023-04-12,Murabaha,Savdo,Boshqa,625,39,4.0,0.378,2,0,4,Transport,0.7178,0.458,0.0877,120,61759951,201497886,0.5155,0.5249,0.6947,0.2179,0.0103,1,0.2127,3,0,,0.1312,0.092,0.0697,0.25,0.1054,1.091,0.613,869.504,0.2282,0.6637,0.2713,0.2722,0.0,0.5361,0.0732,0.45,201497886,6635930,-0.0136,-0.3223,1
TXN-2024-0558,2024-01-28,Murabaha,Savdo,Toshkent,572,41,0.5,0.2515,4,0,1,Ko'chmas mulk,0.7011,0.808,0.163,36,261781221,92392159,0.8006,0.1682,0.8573,0.0415,0.1403,1,0.097,2,0,,0.1587,0.0963,0.0588,0.1146,0.0132,1.0999,0.4992,814.7099,0.1819,1.0204,0.1763,0.1521,0.0,0.7014,0.2158,0.45,92392159,8972631,-0.0164,0.2077,0
TXN-2021-0559,2021-01-01,Ijara,Xizmat,Toshkent,659,37,7.0,0.4838,3,0,4,Sanoat uskunasi,0.3591,0.726,0.1624,72,220595069,278782522,0.704,0.3987,0.5839,0.0635,0.1554,1,0.409,5,1,,0.1059,0.1248,0.0281,0.25,0.0112,0.9439,0.7912,1829.8378,0.2189,1.5196,0.1737,0.3467,0.0,0.456,0.0249,0.35,278782522,2431917,-0.011,0.3062,0
TXN-2022-0560,2022-09-15,Musharaka,Ishlab chiqarish,Andijon,850,30,2.1,0.3632,2,0,2,Ko'chmas mulk,0.9001,0.118,0.04,48,258673429,546611427,0.634,0.4592,0.8824,0.4146,0.1173,1,0.1543,2,0,,0.1635,0.1207,0.0562,0.25,0.036,0.851,0.5467,943.3345,0.5319,0.2432,0.3269,0.3146,0.0,0.413,0.2402,0.6,546611427,78784821,-0.0169,-0.5505,0
TXN-2022-0561,2022-08-11,Ijara,IT,Toshkent,676,36,4.9,0.6077,2,1,2,Boshqa,0.5349,1.543,0.127,60,201717871,73387036,0.7623,0.2569,0.8523,0.0519,0.1231,1,0.463,0,1,,0.0798,0.1009,0.036,0.25,0.0754,1.0457,0.6093,1261.3414,0.175,1.5711,0.3251,0.3149,0.4998,0.7031,0.0612,0.35,73387036,1572093,-0.0083,-0.0378,0
TXN-2022-0562,2022-03-07,Murabaha,Ishlab chiqarish,Samarqand,618,22,2.1,0.4799,5,0,4,Ko'chmas mulk,0.6607,1.848,0.1754,24,112643156,224131932,0.4865,0.4817,0.7612,0.1196,0.0749,1,0.3216,3,0,,0.1187,0.0809,0.0604,0.0892,0.0936,1.1485,0.2966,934.003,0.1944,1.4662,0.317,0.1098,0.0,0.6132,0.0629,0.45,224131932,6340975,-0.0123,0.383,0
TXN-2023-0563,2023-05-31,Murabaha,Ishlab chiqarish,Toshkent,723,60,1.1,0.3781,1,1,4,Ko'chmas mulk,0.7402,2.116,0.1846,60,207777617,294356227,0.1855,0.4965,0.9047,0.1883,0.0489,1,0.5547,3,0,,0.0938,0.1322,0.0662,0.25,0.0274,1.0216,0.4399,975.4669,0.2372,1.9487,0.2798,0.316,0.999,0.6901,0.0487,0.45,294356227,6445673,-0.0097,0.5828,0
TXN-2024-0564,2024-04-02,Murabaha,Qurilish,Toshkent,686,25,3.1,0.3683,1,0,5,Ko'chmas mulk,0.4586,1.551,0.1887,60,605093103,36744143,0.7241,0.2631,0.6685,0.2065,0.1051,1,0.21,2,0,,0.121,0.0726,0.0839,0.25,0.0999,1.0862,0.6521,1492.6176,0.3115,1.5467,0.1689,0.2387,0.0,0.4603,0.0251,0.45,36744143,415196,-0.0125,0.4849,0
TXN-2024-0565,2024-05-27,Murabaha,Ishlab chiqarish,Andijon,680,27,1.6,0.5568,2,0,4,Tovar,0.7077,5.091,0.177,60,263564925,299791186,0.7417,0.578,0.6638,0.1396,0.0164,1,0.4738,2,0,,0.1444,0.1268,0.0835,0.25,0.1021,1.1004,0.6207,959.4402,0.1559,1.2178,0.394,0.2933,0.0,0.5603,0.0585,0.45,299791186,7898232,-0.015,0.3258,0
TXN-2024-0566,2024-09-02,Musharaka,Qishloq xo'jaligi,Toshkent,696,33,4.6,0.3242,1,0,4,Ko'chmas mulk,0.4733,0.096,0.1598,60,83268052,189674644,0.498,0.3669,0.9399,0.3978,0.2242,0,0.1184,1,0,,0.3178,0.0793,0.0462,0.1813,0.0185,1.0172,0.2,1467.3959,0.622,0.5014,0.1534,0.2144,0.0,0.3553,0.1176,0.6,189674644,13388827,-0.0329,0.0939,0
TXN-2022-0567,2022-10-22,Murabaha,Ishlab chiqarish,Toshkent,819,50,1.3,0.6576,0,0,4,Transport,0.8056,2.379,0.1584,36,120948182,232478215,0.5572,0.5099,0.8455,0.0276,0.0316,1,0.5893,1,0,,0.1166,0.0893,0.0442,0.0147,0.0664,1.0737,0.9056,1015.4198,0.0592,1.3471,0.5298,0.0598,0.0,0.7955,0.0341,0.45,232478215,3562543,-0.0121,0.2434,0
TXN-2023-0568,2023-08-11,Musharaka,IT,Buxoro,548,38,4.3,0.3555,2,0,3,Ko'chmas mulk,0.7137,5.027,0.3,36,289603107,41349425,0.5119,0.2084,0.7872,0.2408,0.0409,1,0.1804,3,0,,0.204,0.0843,0.0648,0.25,0.0535,0.8051,0.281,766.7927,0.2816,1.4634,0.2537,0.2695,0.0,0.5655,0.3351,0.6,41349425,8314081,-0.0211,0.8333,0
TXN-2023-0569,2023-06-24,Sukuk,Qishloq xo'jaligi,Samarqand,685,25,1.0,0.3834,1,0,1,Ko'chmas mulk,0.7916,0.105,0.1316,24,129405569,249816720,0.3384,0.3697,0.638,0.1777,0.3967,1,0.3839,4,0,BBB,0.0916,0.1215,0.0564,0.2307,0.0566,0.933,0.5396,864.1979,0.5744,1.4206,0.3035,0.2958,0.0,0.2715,0.097,0.28,249816720,6788171,-0.0095,0.0174,0
TXN-2023-0570,2023-06-25,Murabaha,Qurilish,Samarqand,566,50,6.7,0.407,0,0,3,Sanoat uskunasi,0.5018,1.714,0.1133,36,281538883,130577185,0.5139,0.4296,0.6652,0.0618,0.0523,0,0.3644,2,0,,0.1339,0.1099,0.0513,0.25,0.1025,1.1079,0.6763,1125.7122,0.1141,0.8398,0.2042,0.3086,0.0,0.5893,0.0711,0.45,130577185,4179405,-0.0139,-0.1245,0
TXN-2024-0571,2024-10-15,Musharaka,Savdo,Boshqa,692,45,8.4,0.3257,0,0,3,Ko'chmas mulk,0.6459,2.223,0.2439,36,518050880,66865660,0.3531,0.6,0.7248,0.2674,0.1124,0,0.3262,1,0,,0.2429,0.0915,0.0383,0.25,0.0991,1.07,0.5579,1069.798,0.3799,1.0,0.2103,0.3033,0.0,0.4495,0.2029,0.6,66865660,8140849,-0.0252,0.469,0
TXN-2022-0572,2022-03-14,Ijara,Qishloq xo'jaligi,Buxoro,566,43,0.7,0.2693,0,0,3,Sanoat uskunasi,0.6068,0.53,0.1607,24,324873965,242468026,0.4004,0.0891,0.8161,0.1889,0.0261,1,0.433,3,1,,0.0872,0.1318,0.0788,0.25,0.0551,1.073,0.5663,931.2661,0.215,1.8217,0.1634,0.303,0.0,0.6406,0.0649,0.35,242468026,5506412,-0.009,0.3518,0
TXN-2023-0573,2023-11-13,Murabaha,Xizmat,Toshkent,609,45,3.8,0.1667,1,0,5,Tovar,0.7659,0.728,0.1048,48,135805874,261859654,0.7722,0.4711,0.57,0.0458,0.2607,1,0.2601,2,0,,0.0713,0.0826,0.0388,0.25,0.0477,1.0477,0.579,794.14,0.3066,1.45,0.1277,0.2938,0.0,0.3953,0.0428,0.45,261859654,5039410,-0.0074,-0.3533,0
TXN-2023-0574,2023-08-28,Musharaka,Ishlab chiqarish,Namangan,619,61,0.5,0.4948,1,0,5,Tovar,0.7825,3.85,0.1787,48,271105616,140648028,0.8032,0.3599,0.7939,0.15,0.0908,1,0.2597,2,0,,0.2625,0.0605,0.0715,0.1667,0.0954,1.0851,0.5334,790.0635,0.2408,0.6784,0.3872,0.1557,0.0,0.6027,0.1273,0.6,140648028,10744080,-0.0272,0.1857,0
TXN-2021-0575,2021-12-14,Sukuk,Savdo,Buxoro,727,59,5.5,0.5399,0,2,5,Ko'chmas mulk,0.4189,2.095,0.0929,24,381940068,191330801,0.7338,0.2504,0.8444,0.3402,0.1048,0,0.3441,1,0,AA,0.084,0.0761,0.01,0.25,0.0854,1.0386,0.486,1731.3826,0.445,1.0927,0.2262,0.3161,2000.0,0.4686,0.0074,0.28,191330801,395683,-0.0087,-0.4423,0
TXN-2024-0576,2024-09-11,Sukuk,Qishloq xo'jaligi,Toshkent,723,31,1.8,0.6191,2,0,5,Transport,0.7081,0.949,0.1231,48,158247823,132525724,0.5799,0.281,0.6274,0.3213,0.3077,1,0.3871,1,0,BBB,0.112,0.0949,0.06,0.0962,0.0703,0.9032,0.8808,1019.5918,0.629,1.0899,0.4384,0.1311,0.0,0.2328,0.016,0.28,132525724,593368,-0.0116,-0.0615,0
TXN-2021-0577,2021-06-23,Murabaha,IT,Toshkent,539,54,4.5,0.6068,0,0,3,Moliyaviy aktiv,0.6526,3.618,0.1236,24,128008313,56674127,0.553,0.4275,0.5727,0.1097,0.0587,1,0.4409,4,0,,0.1087,0.084,0.075,0.2333,0.0709,1.0573,0.6345,824.6796,0.1683,1.1265,0.396,0.2423,0.0,0.4763,0.2443,0.45,56674127,6231328,-0.0113,-0.0587,0
TXN-2022-0578,2022-08-05,Sukuk,Savdo,Boshqa,649,41,4.4,0.2722,2,1,3,Tovar,0.5121,3.433,0.0843,24,231906353,134155429,0.8545,0.5408,0.8925,0.0836,0.178,1,0.7065,1,0,AA,0.0829,0.0837,0.0798,0.25,0.0484,0.9357,0.2503,1264.775,0.2616,1.0044,0.1394,0.2539,0.4998,0.659,0.0106,0.28,134155429,399634,-0.0086,-0.5515,0
TXN-2023-0579,2023-11-22,Musharaka,Qishloq xo'jaligi,Namangan,584,42,15.5,0.3345,2,0,4,Ko'chmas mulk,0.805,1.059,0.2455,48,620288812,343742508,0.5024,0.1854,0.9171,0.2669,0.3458,1,0.5287,4,0,,0.261,0.098,0.0322,0.25,0.0759,0.9687,0.4351,724.5785,0.6127,0.937,0.2692,0.3158,0.0,0.3552,0.3653,0.6,343742508,75333113,-0.027,0.4425,0
TXN-2024-0580,2024-09-21,Murabaha,Savdo,Buxoro,538,21,4.8,0.3912,3,0,5,Transport,0.8721,1.677,0.0918,36,135511527,347183940,0.3359,0.306,0.9451,0.5,0.18,1,0.4663,5,0,,0.1425,0.0591,0.0517,0.1753,0.0279,1.0676,0.3706,616.2232,0.68,0.6396,0.3412,0.1827,0.0,0.3024,0.1122,0.45,347183940,17529035,-0.0148,-0.2681,0
TXN-2024-0581,2024-07-20,Musharaka,Savdo,Toshkent,626,36,5.2,0.3501,2,0,3,Moliyaviy aktiv,0.528,2.73,0.1911,48,188275347,83276557,0.7792,0.2975,0.6654,0.2843,0.1467,1,0.3419,2,0,,0.2921,0.1086,0.0708,0.1284,0.0472,0.8916,0.3825,1183.3562,0.431,0.6521,0.1848,0.1661,0.0,0.3786,0.2539,0.6,83276557,12684760,-0.0303,0.2093,0
TXN-2024-0582,2024-06-22,Sukuk,Qishloq xo'jaligi,Andijon,618,29,3.1,0.4967,1,0,4,Transport,0.7453,1.051,0.0818,24,119767190,175500374,0.5924,0.1778,0.45,0.2169,0.0216,1,0.4058,0,0,AAA,0.1002,0.0909,0.079,0.25,0.087,1.0664,0.7232,828.0762,0.2385,0.8081,0.3702,0.262,0.0,0.3427,0.0433,0.28,175500374,2126929,-0.0104,-0.4813,0
TXN-2022-0583,2022-11-18,Musharaka,Ishlab chiqarish,Andijon,850,46,17.9,0.5754,2,0,2,Tovar,0.7746,2.479,0.2455,48,155712714,156600866,0.4547,0.6,0.8307,0.2203,0.2991,1,0.3019,1,0,,0.2724,0.1094,0.056,0.25,0.0755,0.9296,0.5904,1095.9032,0.5194,0.8979,0.4457,0.3034,0.0,0.3992,0.3259,0.6,156600866,30621319,-0.0282,0.4239,0
TXN-2021-0584,2021-07-11,Murabaha,Ishlab chiqarish,Toshkent,681,48,9.0,0.2694,2,0,3,Transport,0.4712,0.723,0.1155,24,226256275,209761113,0.51,0.4519,0.7622,0.2711,0.1432,1,0.5377,2,0,,0.1317,0.081,0.043,0.25,0.067,1.0191,0.7251,1442.1757,0.4143,0.8706,0.1269,0.288,0.0,0.4464,0.053,0.45,209761113,5004241,-0.0136,-0.1098,0
TXN-2022-0585,2022-04-27,Musharaka,Savdo,Boshqa,527,21,2.0,0.1408,4,0,3,Ko'chmas mulk,0.7402,0.863,0.1822,24,223942761,153923633,0.7628,0.3463,0.6144,0.0547,0.2913,1,0.2903,1,0,,0.3099,0.1055,0.0714,0.1398,0.0794,1.0776,0.3047,711.0392,0.3459,0.586,0.1042,0.1738,0.0,0.4018,0.3908,0.6,153923633,36088047,-0.0321,0.1684,1
TXN-2024-0586,2024-10-09,Murabaha,Qurilish,Andijon,596,37,11.2,0.5765,2,0,3,Ko'chmas mulk,0.529,0.93,0.0444,36,50000000,246049741,0.6162,0.3477,0.8467,0.321,0.1616,1,0.4166,4,0,,0.1242,0.1249,0.0601,0.25,0.0299,1.0162,0.4812,1124.5823,0.4826,0.3542,0.305,0.3148,0.0,0.4381,0.1147,0.45,246049741,12700417,-0.0129,-0.6893,0
TXN-2022-0587,2022-09-28,Murabaha,Ishlab chiqarish,Boshqa,731,49,3.4,0.5237,1,0,5,Ko'chmas mulk,0.6748,6.874,0.1401,60,213032516,111085729,0.578,0.3354,0.8935,0.2383,0.1494,1,0.4622,1,0,,0.1184,0.114,0.05,0.25,0.1181,1.0123,0.6502,1081.6288,0.3877,1.1727,0.3534,0.3141,0.0,0.5471,0.0404,0.45,111085729,2018209,-0.0123,0.085,0
TXN-2022-0588,2022-04-06,Murabaha,Ishlab chiqarish,Buxoro,822,36,10.6,0.2642,3,0,2,Ko'chmas mulk,0.6183,4.484,0.1329,24,705472733,321289170,0.7216,0.4382,0.6807,0.3358,0.2738,1,0.7742,2,0,,0.1554,0.061,0.0725,0.2237,0.0578,1.0636,0.6151,1327.2666,0.6096,0.8498,0.1633,0.2122,0.0,0.2658,0.0647,0.45,321289170,9351569,-0.0161,0.0189,0
TXN-2022-0589,2022-02-12,Murabaha,Savdo,Namangan,510,45,10.4,0.3081,2,1,5,Moliyaviy aktiv,0.7098,2.082,0.1429,24,266520662,102329949,0.763,0.6,0.8725,0.3094,0.0639,1,0.0492,2,0,,0.1466,0.1331,0.0525,0.25,0.0731,1.1231,0.3988,717.492,0.3733,0.9678,0.2187,0.3306,0.4998,0.5468,0.06,0.45,102329949,2763273,-0.0152,0.0877,0
TXN-2021-0590,2021-10-29,Murabaha,Savdo,Buxoro,485,41,1.3,0.1675,0,1,1,Sanoat uskunasi,0.278,2.075,0.1921,12,211279596,169822371,0.3852,0.3205,0.9284,0.3342,0.1531,1,0.6556,2,0,,0.1068,0.1031,0.072,0.25,0.0793,1.1301,0.7426,1738.3333,0.4873,1.7813,0.0466,0.281,1000.0,0.476,0.2023,0.45,169822371,15461561,-0.0111,0.581,0
TXN-2021-0591,2021-02-20,Murabaha,Savdo,Buxoro,804,41,7.2,0.51,0,0,5,Tovar,0.3017,0.144,0.1639,36,173979541,236504335,0.3283,0.6,0.7846,0.4945,0.1978,1,0.223,3,0,,0.1144,0.085,0.0503,0.25,0.0641,1.0641,0.3907,2656.3478,0.6924,1.4203,0.1538,0.2846,0.0,0.2414,0.0161,0.45,236504335,1713501,-0.0119,0.2965,0
TXN-2021-0592,2021-04-05,Ijara,Qishloq xo'jaligi,Toshkent,678,35,2.1,0.4333,0,1,4,Sanoat uskunasi,0.6912,2.621,0.1319,24,140571636,172798308,0.4661,0.2433,0.5664,0.124,0.2603,1,0.4315,2,1,,0.0999,0.0845,0.0667,0.1848,0.0597,1.1938,0.6389,979.5055,0.3843,1.3072,0.2995,0.2026,1000.0,0.3487,0.0718,0.35,172798308,4341854,-0.0104,0.0187,0
TXN-2022-0593,2022-05-17,Murabaha,Qurilish,Buxoro,571,25,2.1,0.05,1,0,4,Transport,0.659,0.994,0.1105,24,260901192,28802811,0.9446,0.4138,0.4729,0.0329,0.0422,0,0.7264,2,0,,0.1375,0.1016,0.1,0.25,0.0689,0.9191,0.5699,865.1299,0.0751,0.7974,0.033,0.2516,0.0,0.4374,0.0532,0.45,28802811,688976,-0.0142,-0.1421,0
TXN-2023-0594,2023-09-01,Murabaha,Savdo,Toshkent,690,26,2.1,0.3805,2,0,3,Ko'chmas mulk,0.5196,2.369,0.2255,120,320847538,182980604,0.4656,0.3985,0.7404,0.1654,0.251,1,0.3016,1,0,,0.1044,0.0804,0.0445,0.1122,0.0619,0.9995,0.5444,1325.4324,0.4164,2.1386,0.1977,0.1481,0.0,0.4321,0.075,0.45,182980604,6174746,-0.0108,0.9141,0
TXN-2024-0595,2024-06-05,Sukuk,Savdo,Toshkent,420,45,7.8,0.2339,1,0,4,Moliyaviy aktiv,0.4321,4.585,0.054,24,694549194,240462038,0.4366,0.3955,0.77,0.1142,0.058,1,0.3571,2,0,A,0.0517,0.0973,0.01,0.25,0.07,0.9836,0.6848,969.7881,0.1722,1.0264,0.1011,0.3373,0.0,0.6374,0.026,0.28,240462038,1748960,-0.0054,-1.4701,0
TXN-2021-0596,2021-05-30,Musharaka,Savdo,Toshkent,645,38,1.6,0.553,4,0,5,Transport,0.7061,0.116,0.1082,36,156815334,182831808,0.8248,0.4009,0.8812,0.4576,0.0589,1,0.5091,2,0,,0.29,0.1372,0.0534,0.25,0.0981,1.0258,0.3504,912.2311,0.5165,0.3719,0.3904,0.3338,0.0,0.4261,0.2361,0.6,182831808,25896355,-0.03,-0.0751,0
TXN-2023-0597,2023-07-22,Ijara,Qishloq xo'jaligi,Boshqa,672,36,0.5,0.6885,0,1,2,Transport,0.2195,2.335,0.0971,120,532741275,286834775,0.6076,0.5149,0.8224,0.0135,0.216,1,0.5168,3,0,,0.0934,0.0576,0.0799,0.2081,0.0554,1.1394,0.2546,3047.3853,0.2295,1.0286,0.1511,0.1857,1000.0,0.6337,0.0307,0.35,286834775,3078999,-0.0097,-0.3527,0
TXN-2023-0598,2023-04-29,Murabaha,Qishloq xo'jaligi,Samarqand,723,33,7.5,0.5266,3,0,2,Boshqa,0.6307,2.076,0.1476,12,520572705,337082320,0.5553,0.3601,0.914,0.2283,0.1198,1,0.5448,1,0,,0.0885,0.1078,0.0577,0.25,0.0665,0.9506,0.3047,1144.4418,0.3481,1.6495,0.3322,0.3001,0.0,0.5958,0.0808,0.45,337082320,12257792,-0.0092,0.1989,0
TXN-2024-0599,2024-07-13,Murabaha,Qurilish,Toshkent,558,34,1.1,0.4458,2,0,3,Transport,0.3631,0.579,0.1417,48,191951567,91253830,0.6527,0.6,0.9008,0.2431,0.2004,1,0.2503,2,0,,0.0814,0.1221,0.0401,0.25,0.0454,1.0749,0.659,1532.5892,0.4434,1.7201,0.1619,0.332,0.0,0.5013,0.0583,0.45,91253830,2393562,-0.0084,0.1442,1
TXN-2024-0600,2024-03-24,Murabaha,Ishlab chiqarish,Andijon,652,48,0.7,0.4618,1,0,2,Tovar,0.7329,2.599,0.1098,36,157857463,44711145,0.692,0.3837,0.7431,0.0497,0.1003,1,0.4536,0,0,,0.1498,0.0947,0.1,0.25,0.0582,0.973,0.4562,888.3594,0.1499,0.7284,0.3384,0.2447,0.0,0.6317,0.1549,0.45,44711145,3116424,-0.0155,-0.1347,0
TXN-2022-0601,2022-02-03,Murabaha,Savdo,Toshkent,566,34,1.6,0.4457,5,0,2,Tovar,0.3888,2.023,0.147,72,103422121,64090061,0.5048,0.4627,0.8263,0.2273,0.2103,1,0.4261,1,0,,0.1488,0.1028,0.0434,0.236,0.0018,0.9518,0.4175,1452.0032,0.4376,0.9815,0.1733,0.2954,0.0,0.4647,0.1109,0.45,64090061,3197810,-0.0154,0.1145,0
TXN-2024-0602,2024-11-27,Murabaha,IT,Toshkent,666,24,2.9,0.4367,4,1,4,Ko'chmas mulk,0.8422,3.645,0.1863,72,249539180,156011471,0.4996,0.3232,0.6484,0.4812,0.0295,1,0.4205,2,0,,0.128,0.1033,0.0556,0.25,0.0784,0.8847,0.6296,789.8868,0.5108,1.4445,0.3677,0.2977,0.2499,0.3172,0.1378,0.45,156011471,9677373,-0.0133,0.44,0
TXN-2023-0603,2023-02-26,Murabaha,Qishloq xo'jaligi,Samarqand,568,45,3.9,0.2448,0,2,3,Ko'chmas mulk,0.3412,0.293,0.1422,36,205920823,227932016,0.7825,0.3561,0.9573,0.3901,0.0078,1,0.485,4,0,,0.1072,0.1121,0.0263,0.1113,0.0776,1.037,0.4383,1659.9285,0.3978,1.3148,0.0835,0.1972,2000.0,0.5765,0.0424,0.45,227932016,4352283,-0.0111,0.1141,0
TXN-2023-0604,2023-10-10,Murabaha,Ishlab chiqarish,Buxoro,610,35,0.5,0.342,0,0,4,Boshqa,0.8387,1.466,0.0896,24,465442750,135987945,0.7599,0.3376,0.7124,0.0935,0.222,1,0.6393,2,0,,0.1119,0.1047,0.0582,0.25,0.052,0.8876,0.9275,726.4506,0.3155,0.7936,0.2868,0.2965,0.0,0.4876,0.073,0.45,135987945,4464854,-0.0116,-0.3605,0
TXN-2023-0605,2023-03-30,Murabaha,Qurilish,Namangan,560,38,21.2,0.4049,4,0,5,Transport,0.95,12.0,0.1358,36,302414523,56369471,0.5263,0.1681,0.8185,0.0449,0.109,1,0.4526,2,0,,0.1042,0.1179,0.0347,0.1824,0.1025,1.0277,0.6158,588.8538,0.1539,1.2907,0.3847,0.2656,0.0,0.6926,0.0914,0.45,56369471,2317375,-0.0108,0.056,1
TXN-2022-0606,2022-05-15,Musharaka,Qurilish,Toshkent,700,54,7.6,0.1728,0,0,4,Ko'chmas mulk,0.5401,2.922,0.1309,84,74501259,182693541,0.5482,0.2376,0.8195,0.0521,0.0515,1,0.5831,1,0,,0.2081,0.1134,0.085,0.25,0.074,1.0195,0.5434,1293.7628,0.1035,0.6262,0.0933,0.2784,0.0,0.7346,0.0453,0.6,182693541,4960329,-0.0216,0.0045,0
TXN-2021-0607,2021-10-30,Murabaha,Savdo,Toshkent,717,37,2.3,0.4495,1,1,2,Transport,0.5803,2.882,0.0841,24,235428377,149596113,0.8487,0.1815,0.901,0.2368,0.038,1,0.3753,1,0,,0.1116,0.1162,0.039,0.25,0.0618,1.0007,0.4936,1233.5399,0.2748,0.7466,0.2608,0.3272,0.999,0.6534,0.0555,0.45,149596113,3734465,-0.0116,-0.4113,1
TXN-2024-0608,2024-09-05,Murabaha,Qurilish,Toshkent,625,40,2.3,0.1916,1,0,4,Sanoat uskunasi,0.564,0.956,0.1415,120,294115875,166106274,0.6994,0.0654,0.7546,0.1147,0.0993,1,0.816,2,0,,0.0929,0.1016,0.0604,0.25,0.0079,0.9762,0.4437,1106.2569,0.2139,1.5078,0.108,0.2913,0.0,0.5932,0.0356,0.45,166106274,2658844,-0.0096,0.1243,0
TXN-2024-0609,2024-11-09,Musharaka,Qishloq xo'jaligi,Buxoro,648,26,3.6,0.5379,3,1,3,Tovar,0.454,0.246,0.1257,60,213089558,526760850,0.6695,0.6,0.7326,0.3548,0.0504,1,0.4857,2,0,,0.1877,0.0759,0.0612,0.1798,0.0403,1.1575,0.6169,1424.1184,0.4052,0.6661,0.2442,0.1946,0.3332,0.4358,0.2345,0.6,526760850,74116269,-0.0195,-0.0228,0
TXN-2021-0610,2021-01-12,Ijara,Qurilish,Toshkent,521,35,5.9,0.3712,2,0,3,Moliyaviy aktiv,0.5808,7.464,0.1101,24,417544598,263185365,0.7815,0.3055,0.5722,0.0413,0.2838,1,0.0595,1,1,,0.067,0.0658,0.0608,0.25,0.0881,0.9622,0.9059,895.4539,0.3251,1.6198,0.2156,0.255,0.0,0.3862,0.0756,0.35,263185365,6965331,-0.0069,-0.2975,1
TXN-2021-0611,2021-08-07,Murabaha,Qurilish,Toshkent,619,44,0.9,0.6491,3,1,3,Moliyaviy aktiv,0.7786,0.279,0.1569,60,174398981,135129434,0.5246,0.5576,0.7277,0.0726,0.0136,0,0.3898,3,0,,0.0855,0.1084,0.0712,0.25,0.0357,1.0032,0.6956,793.9536,0.0861,1.8137,0.5054,0.2872,0.3332,0.6651,0.1946,0.45,135129434,11833595,-0.0089,0.3144,0
TXN-2023-0612,2023-05-21,Ijara,Savdo,Samarqand,640,22,1.3,0.6174,0,0,5,Moliyaviy aktiv,0.7341,12.0,0.1296,12,455976872,58657399,0.6489,0.2426,0.8811,0.203,0.3165,1,0.2118,6,1,,0.0835,0.0913,0.0707,0.2132,0.0884,1.0178,0.3839,870.6286,0.5195,1.5335,0.4532,0.2339,0.0,0.4234,0.0494,0.35,58657399,1013587,-0.0087,-0.0045,0
TXN-2022-0613,2022-03-25,Musharaka,Qishloq xo'jaligi,Samarqand,850,40,11.8,0.4014,2,0,4,Ko'chmas mulk,0.6763,0.336,0.2523,36,175425623,380454525,0.7164,0.1697,0.8729,0.2325,0.0084,1,0.5065,2,0,,0.1746,0.0896,0.0562,0.25,0.0525,1.1011,0.5449,1254.988,0.2408,1.4366,0.2715,0.2834,0.0,0.6626,0.0578,0.6,380454525,13189751,-0.0181,0.7003,0
TXN-2021-0614,2021-12-27,Murabaha,Qurilish,Toshkent,550,39,1.8,0.2882,1,0,2,Sanoat uskunasi,0.7693,0.469,0.0712,36,200715060,43097183,0.6691,0.3897,0.7564,0.1213,0.2083,0,0.1409,3,0,,0.1354,0.1013,0.033,0.25,0.0561,1.0772,0.6983,714.0286,0.3296,0.5216,0.2217,0.3183,0.0,0.5071,0.1208,0.45,43097183,2341805,-0.014,-0.4343,0
TXN-2024-0615,2024-11-26,Sukuk,Xizmat,Toshkent,769,38,2.9,0.3497,1,1,4,Ko'chmas mulk,0.3683,0.922,0.0949,36,787561133,121860865,0.3209,0.2298,0.7119,0.0317,0.0563,1,0.5744,0,0,AA,0.075,0.0832,0.0398,0.25,0.0688,0.9628,0.389,2082.5026,0.088,1.2485,0.1288,0.2933,0.999,0.6492,0.0055,0.28,121860865,186933,-0.0078,-0.468,0
TXN-2023-0616,2023-11-27,Sukuk,Qishloq xo'jaligi,Samarqand,729,48,12.3,0.3439,4,1,3,Ko'chmas mulk,0.4838,1.796,0.1253,36,110964247,64066368,0.5401,0.3028,0.7884,0.3381,0.1312,1,0.6926,5,0,A,0.0851,0.0912,0.0538,0.25,0.0614,1.092,0.4154,1503.8367,0.4693,1.4548,0.1664,0.2874,0.2499,0.4184,0.0192,0.28,64066368,344724,-0.0088,-0.0552,0
TXN-2023-0617,2023-08-10,Murabaha,Savdo,Boshqa,668,41,6.5,0.5305,2,0,5,Tovar,0.4762,3.906,0.0728,36,258861030,111540522,0.9459,0.6,0.7753,0.4074,0.0076,1,0.5963,2,0,,0.1116,0.1204,0.0598,0.0781,0.0717,1.0286,0.5637,1399.9171,0.4149,0.6465,0.2526,0.1387,0.0,0.4536,0.034,0.45,111540522,1707588,-0.0116,-0.5121,0
TXN-2021-0618,2021-04-13,Murabaha,Qishloq xo'jaligi,Andijon,794,52,2.5,0.4626,3,0,5,Transport,0.5897,8.852,0.1332,48,301519814,139288051,0.5776,0.3136,0.8782,0.0924,0.2206,1,0.1609,1,0,,0.1043,0.0918,0.039,0.25,0.08,1.0945,0.6261,1344.0738,0.3129,1.2647,0.2728,0.3028,0.0,0.6034,0.0193,0.45,139288051,1212182,-0.0108,0.0304,0
TXN-2024-0619,2024-02-16,Ijara,IT,Samarqand,676,28,6.9,0.6853,0,1,3,Moliyaviy aktiv,0.3959,1.111,0.126,48,169057382,59097956,0.6569,0.1918,0.932,0.3066,0.1868,1,0.3948,4,1,,0.1182,0.0861,0.0338,0.25,0.0711,0.9531,0.6339,1703.3718,0.4934,1.0573,0.2713,0.3022,1000.0,0.4722,0.0443,0.35,59097956,915673,-0.0122,-0.0337,0
TXN-2022-0620,2022-05-26,Ijara,Ishlab chiqarish,Toshkent,678,39,0.5,0.432,1,1,3,Ko'chmas mulk,0.6132,0.052,0.0871,84,324203643,26724662,0.5628,0.2548,0.4991,0.2071,0.0543,1,0.4164,3,1,,0.0864,0.0959,0.1,0.25,0.0684,1.0199,0.326,1103.9145,0.2614,0.997,0.2649,0.2459,0.999,0.3686,0.0737,0.35,26724662,688996,-0.0089,-0.4966,0
TXN-2021-0621,2021-09-06,Murabaha,Savdo,Toshkent,640,38,8.0,0.1036,3,0,4,Tovar,0.837,2.397,0.113,60,380639968,75463730,0.8396,0.4047,0.7735,0.069,0.0393,1,0.2798,1,0,,0.1019,0.1242,0.0475,0.25,0.0424,1.0763,0.5742,763.7236,0.1084,1.0983,0.0867,0.3266,0.0,0.6897,0.0324,0.45,75463730,1098573,-0.0106,-0.1673,0
TXN-2023-0622,2023-07-24,Murabaha,Qurilish,Toshkent,749,27,4.0,0.6621,1,0,4,Ko'chmas mulk,0.5004,3.102,0.0924,48,289347755,57532741,0.4907,0.414,0.7927,0.153,0.0463,1,0.4019,1,0,,0.132,0.0769,0.057,0.25,0.0691,1.0476,0.6024,1493.6859,0.1993,0.6948,0.3313,0.2699,0.0,0.6347,0.035,0.45,57532741,907258,-0.0137,-0.2845,0
TXN-2021-0623,2021-10-01,Murabaha,Savdo,Toshkent,738,47,10.1,0.5574,0,0,3,Ko'chmas mulk,0.5901,1.266,0.1512,36,275098525,75957105,0.4651,0.5777,0.7868,0.4825,0.0832,0,0.5329,2,0,,0.1125,0.1352,0.0743,0.25,0.0553,1.0763,0.4879,1248.5149,0.5657,1.3313,0.3289,0.3109,0.0,0.3417,0.0869,0.45,75957105,2969769,-0.0117,0.188,0
TXN-2023-0624,2023-08-10,Musharaka,Qishloq xo'jaligi,Namangan,591,61,18.6,0.517,1,1,4,Transport,0.6439,0.507,0.04,24,334921142,121756555,0.5842,0.5509,0.9592,0.3386,0.017,1,0.4939,0,0,,0.2798,0.0946,0.0647,0.2182,0.0544,1.1172,0.2486,916.4152,0.3555,0.1425,0.3329,0.2481,0.999,0.6182,0.2194,0.6,121756555,16028355,-0.029,-0.3217,0
TXN-2024-0625,2024-09-29,Musharaka,Qurilish,Toshkent,532,37,15.6,0.5232,2,0,3,Transport,0.5851,0.913,0.1341,12,155790384,430565954,0.8054,0.3605,0.757,0.0918,0.0483,1,0.171,2,0,,0.2247,0.1148,0.0458,0.25,0.0892,1.0638,0.6,907.7708,0.14,0.594,0.3061,0.319,0.0,0.651,0.2834,0.6,430565954,73219005,-0.0233,0.0181,0
TXN-2023-0626,2023-12-24,Murabaha,Ishlab chiqarish,Toshkent,627,43,14.4,0.361,2,0,4,Transport,0.3696,2.666,0.1112,36,167570905,97591569,0.4946,0.6,0.9387,0.0839,0.2222,1,0.476,1,0,,0.0752,0.1113,0.0688,0.25,0.0478,1.0267,0.3546,1691.7998,0.3061,1.4593,0.1334,0.2925,0.0,0.6514,0.019,0.45,97591569,835608,-0.0078,-0.2498,0
TXN-2024-0627,2024-02-19,Musharaka,Ishlab chiqarish,Toshkent,576,38,4.3,0.5163,3,0,3,Moliyaviy aktiv,0.4394,1.704,0.2345,48,322968344,102403184,0.8331,0.433,0.6778,0.1192,0.0545,1,0.5447,1,0,,0.2188,0.1114,0.0794,0.25,0.1136,1.0231,0.4211,1307.9465,0.1737,1.0667,0.2269,0.282,0.0,0.5601,0.2047,0.6,102403184,12578042,-0.0227,0.4774,0
TXN-2024-0628,2024-05-04,Ijara,Xizmat,Toshkent,639,30,2.7,0.3192,2,0,4,Sanoat uskunasi,0.6311,3.401,0.0731,48,196107565,137936002,0.6935,0.309,0.6282,0.3902,0.0668,1,0.7282,5,1,,0.1146,0.1212,0.0465,0.1553,0.1147,1.0302,0.7958,1010.9806,0.4571,0.6328,0.2014,0.23,0.0,0.3411,0.05,0.35,137936002,2415466,-0.0119,-0.4961,0
TXN-2022-0629,2022-10-12,Murabaha,Savdo,Samarqand,750,21,3.8,0.1102,3,0,4,Ko'chmas mulk,0.4268,0.615,0.1919,84,237401304,235879490,0.7526,0.1943,0.6628,0.1936,0.1543,1,0.6094,2,0,,0.0841,0.0803,0.0785,0.25,0.0986,0.9821,0.6436,1753.2686,0.3479,2.2551,0.047,0.2519,0.0,0.4322,0.0136,0.45,235879490,1445622,-0.0087,0.7356,0
TXN-2023-0630,2023-06-26,Murabaha,Ishlab chiqarish,Samarqand,606,30,7.0,0.3759,0,0,4,Ko'chmas mulk,0.5593,4.613,0.1699,36,53826193,219869556,0.5842,0.6,0.8322,0.3906,0.1162,1,0.6413,3,0,,0.1124,0.1017,0.0688,0.25,0.0807,0.8893,0.4194,1081.5451,0.5068,1.4984,0.2102,0.2829,0.0,0.4104,0.0884,0.45,219869556,8751183,-0.0116,0.3549,0
TXN-2024-0631,2024-06-08,Ijara,Qishloq xo'jaligi,Buxoro,641,24,12.9,0.3413,2,0,4,Transport,0.5056,0.424,0.1514,48,366002162,38737919,0.8713,0.2167,0.4722,0.1164,0.3118,1,0.4013,3,1,,0.0624,0.1059,0.0524,0.25,0.0693,0.9747,0.8302,1265.235,0.4282,2.3873,0.1726,0.3035,0.0,0.27,0.0391,0.35,38737919,530043,-0.0065,0.3421,0
TXN-2023-0632,2023-10-31,Sukuk,Qurilish,Andijon,649,55,1.4,0.4087,3,0,3,Transport,0.6007,1.001,0.0893,72,541948105,71422974,0.5937,0.2726,0.7286,0.0895,0.2465,1,0.418,2,0,AAA,0.0777,0.0912,0.051,0.25,0.0443,0.9725,0.5509,1078.5747,0.336,1.1357,0.2455,0.2902,0.0,0.4838,0.0172,0.28,71422974,343184,-0.008,-0.5237,0
TXN-2023-0633,2023-05-24,Musharaka,Savdo,Buxoro,717,36,15.0,0.4542,3,1,2,Sanoat uskunasi,0.7837,2.236,0.1548,36,353280892,322276275,0.6716,0.0919,0.7339,0.0479,0.0985,1,0.2685,4,0,,0.2638,0.1008,0.0979,0.25,0.0083,0.9817,0.6912,913.7492,0.1464,0.5846,0.356,0.2528,0.3332,0.6265,0.3145,0.6,322276275,60815640,-0.0273,0.094,0
TXN-2024-0634,2024-01-28,Musharaka,Savdo,Toshkent,454,34,10.1,0.3177,1,0,3,Ko'chmas mulk,0.6934,3.338,0.1328,36,387394528,103034871,0.9333,0.6,0.8342,0.4253,0.0872,1,0.3387,4,0,,0.207,0.1256,0.0735,0.25,0.058,1.0168,0.2938,653.7566,0.5125,0.6383,0.2203,0.3021,0.0,0.4066,0.3128,0.6,103034871,19340570,-0.0215,0.0134,1
TXN-2023-0635,2023-07-03,Murabaha,Xizmat,Toshkent,593,46,23.1,0.3737,3,0,3,Tovar,0.5259,0.774,0.1632,72,426358205,291249442,0.1812,0.2932,0.8872,0.1788,0.165,1,0.5954,3,0,,0.1301,0.0843,0.0472,0.25,0.0667,1.0075,0.6937,1125.4443,0.3439,1.2451,0.1965,0.2872,0.0,0.5821,0.0975,0.45,291249442,12779260,-0.0135,0.2554,0
TXN-2021-0636,2021-11-22,Musharaka,IT,Toshkent,662,26,12.7,0.2889,0,0,2,Ko'chmas mulk,0.3404,7.397,0.1589,48,219026471,245194817,0.4385,0.2379,0.9598,0.0476,0.3267,1,0.2892,2,0,,0.1258,0.1173,0.0423,0.25,0.0423,1.1214,0.5443,1938.9613,0.3742,1.2528,0.0984,0.325,0.0,0.6006,0.143,0.6,245194817,21032334,-0.013,0.2296,1
TXN-2023-0637,2023-08-31,Musharaka,Ishlab chiqarish,Buxoro,747,30,2.0,0.4618,1,1,4,Sanoat uskunasi,0.2513,3.061,0.1315,60,143404851,30871135,0.5786,0.2096,0.6668,0.1401,0.0403,1,0.5077,2,0,,0.3628,0.0966,0.0299,0.0336,0.0436,0.9927,0.4617,2960.6233,0.1804,0.3616,0.116,0.1003,0.999,0.5464,0.0662,0.6,30871135,1226122,-0.0376,0.0043,0
TXN-2023-0638,2023-07-11,Murabaha,Ishlab chiqarish,Namangan,603,38,0.7,0.5122,0,1,3,Sanoat uskunasi,0.8063,0.614,0.1258,72,334440958,46549382,0.7486,0.3495,0.8687,0.2137,0.1887,1,0.6372,2,0,,0.15,0.0923,0.0369,0.25,0.0515,1.0134,0.6604,746.905,0.4024,0.8335,0.413,0.3054,1000.0,0.5191,0.1245,0.45,46549382,2607513,-0.0155,-0.0278,0
TXN-2022-0639,2022-06-15,Murabaha,Xizmat,Toshkent,485,48,0.7,0.5221,3,0,2,Ko'chmas mulk,0.6361,3.234,0.1548,48,463963022,117535907,0.7246,0.2999,0.6792,0.2294,0.2277,1,0.2098,3,0,,0.1369,0.0919,0.0681,0.1045,0.0622,1.021,0.3029,761.2726,0.4572,1.1227,0.3321,0.1282,0.0,0.3687,0.3601,0.45,117535907,19048136,-0.0142,0.1814,1
TXN-2022-0640,2022-05-22,Murabaha,Qishloq xo'jaligi,Namangan,697,43,2.1,0.2799,0,1,5,Tovar,0.4774,2.98,0.0895,24,127702794,196439719,0.4789,0.1829,0.8564,0.3911,0.0557,1,0.3508,3,0,,0.1415,0.0807,0.0642,0.25,0.0424,0.927,0.4129,1457.0508,0.4467,0.6277,0.1336,0.2665,1000.0,0.4738,0.0283,0.45,196439719,2497778,-0.0147,-0.2864,0
TXN-2024-0641,2024-07-29,Murabaha,Ishlab chiqarish,Buxoro,590,40,5.7,0.2208,1,0,4,Sanoat uskunasi,0.8339,3.493,0.102,60,376567461,123075839,0.6299,0.3056,0.8821,0.3473,0.2952,1,0.4194,4,0,,0.1356,0.1066,0.0467,0.25,0.1119,0.962,0.5949,706.6615,0.6425,0.7465,0.1841,0.3099,0.0,0.3154,0.1045,0.45,123075839,5789790,-0.014,-0.2069,0
TXN-2022-0642,2022-07-22,Murabaha,Xizmat,Andijon,543,38,9.8,0.3337,1,0,3,Sanoat uskunasi,0.6178,6.189,0.194,60,290881917,129478941,0.7101,0.3096,0.8502,0.1043,0.1109,1,0.6225,0,0,,0.1326,0.0508,0.0617,0.25,0.0656,1.0102,0.6605,877.566,0.2152,1.452,0.2061,0.2391,0.0,0.6673,0.0887,0.45,129478941,5165992,-0.0137,0.4825,0
TXN-2023-0643,2023-12-04,Murabaha,IT,Andijon,591,42,13.8,0.4151,2,0,3,Transport,0.9145,3.11,0.1037,24,228979935,152068019,0.6583,0.2349,0.7671,0.1383,0.1505,1,0.5028,1,0,,0.1504,0.0859,0.017,0.25,0.0675,1.0294,0.7305,645.5572,0.2888,0.6853,0.3796,0.3189,0.0,0.5455,0.1294,0.45,152068019,8856879,-0.0156,-0.1747,0
TXN-2023-0644,2023-09-20,Murabaha,Qishloq xo'jaligi,Namangan,629,40,5.9,0.4247,0,1,2,Moliyaviy aktiv,0.4427,1.084,0.1979,36,208895134,138297186,0.5711,0.5719,0.8473,0.0788,0.1716,1,0.5854,2,0,,0.1064,0.0984,0.0743,0.25,0.1114,0.9905,0.653,1417.6491,0.2504,1.8419,0.188,0.2741,1000.0,0.6352,0.051,0.45,138297186,3175827,-0.011,0.6378,0
TXN-2024-0645,2024-07-07,Murabaha,Xizmat,Toshkent,593,27,0.5,0.3291,1,0,3,Sanoat uskunasi,0.5106,3.908,0.1189,36,288230292,145053043,0.6533,0.5057,0.45,0.204,0.1527,1,0.244,0,0,,0.0911,0.0757,0.086,0.25,0.0722,0.931,0.8089,1159.1721,0.3567,1.2918,0.168,0.2397,0.0,0.2895,0.1229,0.45,145053043,8019290,-0.0094,-0.1217,1
TXN-2022-0646,2022-05-05,Sukuk,Qurilish,Toshkent,457,38,1.2,0.2419,1,1,5,Transport,0.8016,2.976,0.0661,60,166392012,28233050,0.7273,0.5479,0.6315,0.0828,0.3304,1,0.4605,3,0,A,0.0508,0.1006,0.071,0.25,0.0794,1.0402,0.4938,569.418,0.4132,1.2767,0.1939,0.2796,0.999,0.3706,0.0244,0.28,28233050,192714,-0.0053,-1.2578,0
TXN-2022-0647,2022-07-17,Musharaka,IT,Andijon,721,27,0.6,0.428,2,1,3,Ko'chmas mulk,0.7021,2.135,0.2622,24,1503737253,119331242,0.4634,0.4362,0.778,0.2723,0.0891,1,0.751,1,0,,0.2609,0.1045,0.0621,0.0856,0.1027,1.088,0.4251,1025.5275,0.3614,1.0013,0.3005,0.1279,0.4998,0.4969,0.2407,0.6,119331242,17233241,-0.027,0.5068,0
TXN-2023-0648,2023-06-20,Ijara,Savdo,Toshkent,753,38,2.7,0.3921,0,0,4,Ko'chmas mulk,0.5827,1.092,0.1724,36,110270199,118571461,0.6421,0.2813,0.9098,0.2086,0.0902,1,0.5057,3,1,,0.1112,0.101,0.0683,0.25,0.1207,1.0784,0.5859,1289.982,0.2988,1.5357,0.2285,0.2827,0.0,0.6379,0.0141,0.35,118571461,585083,-0.0115,0.3807,0
TXN-2021-0649,2021-06-08,Ijara,Qishloq xo'jaligi,Boshqa,700,33,4.2,0.4992,1,0,5,Ko'chmas mulk,0.7329,6.347,0.1026,48,53082722,70297569,0.561,0.3546,0.8539,0.1153,0.2223,1,0.2737,2,1,,0.1138,0.0978,0.0116,0.1409,0.1049,1.1355,0.6799,953.7531,0.3376,0.8938,0.3659,0.2271,0.0,0.5657,0.0213,0.35,70297569,524667,-0.0118,-0.241,0
TXN-2022-0650,2022-08-09,Musharaka,Savdo,Samarqand,548,63,0.5,0.77,3,0,4,Boshqa,0.6452,1.797,0.2456,36,291470061,86812037,0.6299,0.2956,0.7271,0.5,0.1514,1,0.4361,3,0,,0.1795,0.0993,0.0664,0.25,0.025,1.0838,0.6035,848.0952,0.6514,1.3608,0.4968,0.2829,0.0,0.2535,0.5029,0.6,86812037,26193932,-0.0186,0.6439,0
TXN-2022-0651,2022-04-26,Murabaha,Qishloq xo'jaligi,Samarqand,627,37,2.6,0.2807,1,1,3,Transport,0.6352,2.473,0.1441,84,258141695,46161944,0.5732,0.5298,0.7935,0.4168,0.1157,1,0.5108,0,0,,0.1062,0.1087,0.0401,0.25,0.029,0.99,0.3791,985.5797,0.5325,1.3441,0.1783,0.3186,0.999,0.371,0.0838,0.45,46161944,1740542,-0.011,0.1329,0
TXN-2022-0652,2022-07-11,Musharaka,Qurilish,Toshkent,644,23,1.2,0.3304,1,0,4,Moliyaviy aktiv,0.5789,1.342,0.1895,84,337057793,194445338,0.9258,0.3349,0.45,0.5,0.1086,1,0.3874,3,0,,0.2075,0.14,0.0797,0.1398,0.0993,1.1269,0.5618,1110.4501,0.6086,0.9086,0.1913,0.2001,0.0,0.1761,0.2248,0.6,194445338,26227955,-0.0215,0.2865,1
TXN-2022-0653,2022-11-19,Musharaka,Qurilish,Toshkent,695,36,6.2,0.5136,1,0,5,Ko'chmas mulk,0.4038,3.795,0.1988,12,50000000,66227940,0.6953,0.4126,0.6976,0.2554,0.0294,0,0.3718,2,0,,0.2536,0.0957,0.075,0.25,0.0317,1.1884,0.6582,1716.929,0.2848,0.7811,0.2074,0.2707,0.0,0.4989,0.0896,0.6,66227940,3560372,-0.0263,0.2714,0
TXN-2022-0654,2022-10-17,Ijara,Savdo,Toshkent,701,43,3.7,0.3606,1,1,4,Transport,0.3102,1.043,0.1206,24,81444838,136377987,0.6805,0.5752,0.8254,0.2937,0.0743,1,0.3757,1,1,,0.0903,0.0691,0.073,0.25,0.0505,0.9484,0.6207,2252.8446,0.368,1.3203,0.1118,0.2461,0.999,0.5216,0.0186,0.35,136377987,886724,-0.0094,-0.104,0
TXN-2024-0655,2024-01-12,Musharaka,Ishlab chiqarish,Namangan,582,54,4.1,0.2783,2,1,5,Boshqa,0.8063,4.16,0.1861,12,187329766,105262630,0.6139,0.2848,0.6764,0.2026,0.0615,1,0.4757,1,0,,0.221,0.0986,0.0468,0.2035,0.0732,0.9739,0.3042,720.89,0.2641,0.8384,0.2244,0.2553,0.4998,0.4978,0.2166,0.6,105262630,13681426,-0.0229,0.254,0
TXN-2021-0656,2021-06-15,Murabaha,Savdo,Buxoro,651,32,3.3,0.2875,0,0,4,Ko'chmas mulk,0.7439,0.286,0.1402,36,414527719,130369717,0.3395,0.6,0.6881,0.1379,0.1426,1,0.4227,2,0,,0.1279,0.1133,0.0405,0.25,0.1334,1.0112,0.7189,873.9851,0.2805,1.0882,0.2139,0.3228,0.0,0.4951,0.0971,0.45,130369717,5698201,-0.0133,0.0801,0
TXN-2021-0657,2021-10-11,Murabaha,Qishloq xo'jaligi,Samarqand,683,22,18.7,0.2325,4,1,5,Sanoat uskunasi,0.5078,3.086,0.117,48,82274737,280679900,0.6631,0.3674,0.813,0.4416,0.1407,1,0.2201,6,0,,0.124,0.1058,0.0693,0.2145,0.1217,1.0402,0.5932,1342.467,0.5823,0.9353,0.1181,0.251,0.2499,0.3396,0.0279,0.45,280679900,3519323,-0.0129,-0.1051,0
TXN-2021-0658,2021-11-05,Murabaha,Qishloq xo'jaligi,Toshkent,768,46,1.5,0.4136,2,0,5,Moliyaviy aktiv,0.5786,1.62,0.1117,36,320267732,88818016,0.3547,0.4065,0.7997,0.1789,0.1505,1,0.6429,1,0,,0.1303,0.127,0.0464,0.25,0.0451,0.9859,0.5866,1324.9705,0.3294,0.8504,0.2393,0.3306,0.0,0.5363,0.0288,0.45,88818016,1149689,-0.0135,-0.1405,0
TXN-2022-0659,2022-04-19,Ijara,Ishlab chiqarish,Toshkent,704,24,4.4,0.4376,2,0,4,Moliyaviy aktiv,0.7309,3.0,0.0855,12,211143712,138376058,0.5206,0.342,0.7107,0.2444,0.1725,1,0.6258,4,1,,0.103,0.081,0.0408,0.2053,0.037,0.9764,0.4151,961.8764,0.4169,0.8225,0.3198,0.2455,0.0,0.4144,0.0527,0.35,138376058,2554738,-0.0107,-0.4318,0
TXN-2023-0660,2023-02-24,Musharaka,Savdo,Toshkent,712,33,8.0,0.493,2,0,4,Tovar,0.7875,1.895,0.0669,24,269158885,231978333,0.5727,0.3064,0.94,0.1473,0.3738,1,0.3397,3,0,,0.1758,0.0976,0.0323,0.1611,0.1071,0.9308,0.4936,903.0276,0.5211,0.3784,0.3882,0.2264,0.0,0.4502,0.1531,0.6,231978333,21310313,-0.0182,-0.3591,0
TXN-2024-0661,2024-11-22,Murabaha,Savdo,Toshkent,652,35,4.9,0.4463,1,0,4,Tovar,0.5956,0.361,0.1363,24,240851462,165312381,0.3513,0.3937,0.7112,0.0696,0.0642,1,0.4099,3,0,,0.083,0.0774,0.0897,0.25,0.1045,1.014,0.408,1092.8947,0.1338,1.6234,0.2658,0.2377,0.0,0.6161,0.0445,0.45,165312381,3307841,-0.0086,0.0765,0
TXN-2021-0662,2021-11-09,Sukuk,Savdo,Boshqa,764,37,15.9,0.6006,4,0,4,Sanoat uskunasi,0.3554,1.62,0.0789,36,242083475,85117844,0.7701,0.6,0.9274,0.5,0.2398,1,0.3342,3,0,AA,0.0895,0.1213,0.0447,0.142,0.0246,0.9311,0.7052,2143.8601,0.7398,0.8721,0.2134,0.2185,0.0,0.2413,0.0124,0.28,85117844,295969,-0.0093,-0.5705,0
TXN-2024-0663,2024-12-17,Musharaka,Qurilish,Buxoro,679,44,2.8,0.2683,3,0,5,Ko'chmas mulk,0.4247,8.35,0.0817,48,241432949,50132626,0.291,0.3593,0.8803,0.2737,0.178,1,0.6122,2,0,,0.2474,0.1014,0.0716,0.2435,0.0544,1.0968,0.3143,1594.8557,0.4517,0.3291,0.114,0.2733,0.0,0.4827,0.0818,0.6,50132626,2461623,-0.0256,-0.1951,0
TXN-2022-0664,2022-03-15,Murabaha,Qurilish,Namangan,571,31,3.7,0.3234,1,0,1,Tovar,0.4221,3.515,0.1071,36,474666132,82607796,0.8171,0.219,0.7765,0.0727,0.0806,1,0.6209,0,0,,0.1477,0.0546,0.0503,0.25,0.0514,1.0474,0.5027,1349.4905,0.1534,0.7204,0.1365,0.2543,0.0,0.6574,0.1033,0.45,82607796,3841114,-0.0153,-0.155,0
TXN-2021-0665,2021-05-12,Murabaha,Savdo,Toshkent,764,35,0.6,0.3879,3,2,4,Boshqa,0.3745,0.892,0.1187,24,249847966,168506391,0.4619,0.1501,0.8085,0.1216,0.0393,1,0.2446,2,0,,0.1424,0.0791,0.0493,0.25,0.0824,0.9939,0.6536,2034.3501,0.1608,0.8281,0.1453,0.2798,0.6664,0.6785,0.0172,0.45,168506391,1301202,-0.0148,-0.079,0
TXN-2023-0666,2023-04-30,Murabaha,Qishloq xo'jaligi,Toshkent,704,37,5.6,0.4341,2,0,4,Transport,0.5101,7.211,0.118,60,450562767,143722406,0.631,0.0989,0.8803,0.1893,0.3439,1,0.5805,6,0,,0.1221,0.0964,0.0793,0.25,0.1209,1.018,0.6786,1377.5253,0.5332,0.9589,0.2214,0.2671,0.0,0.4109,0.0414,0.45,143722406,2678784,-0.0126,-0.0981,0
TXN-2023-0667,2023-04-15,Murabaha,Savdo,Buxoro,607,39,2.0,0.6897,1,0,4,Ko'chmas mulk,0.5454,3.773,0.1957,60,187878106,231897358,0.4965,0.4254,0.9101,0.1962,0.0317,1,0.4943,4,0,,0.1435,0.0557,0.0631,0.25,0.0553,1.0345,0.5043,1110.9141,0.2279,1.3545,0.3762,0.2426,0.0,0.7027,0.0595,0.45,231897358,6206124,-0.0149,0.4579,0
TXN-2022-0668,2022-11-09,Murabaha,Savdo,Samarqand,604,38,1.0,0.3962,3,0,4,Sanoat uskunasi,0.3731,1.133,0.1162,24,478533350,117670676,0.7735,0.1471,0.8927,0.2486,0.1792,0,0.6534,1,0,,0.1618,0.0713,0.0655,0.25,0.0307,0.9787,0.7395,1614.6458,0.4278,0.7137,0.1478,0.2558,0.0,0.5108,0.0497,0.45,117670676,2633535,-0.0168,-0.0853,0
TXN-2024-0669,2024-01-17,Murabaha,Savdo,Toshkent,670,42,4.7,0.5531,5,0,1,Sanoat uskunasi,0.5668,2.313,0.1978,36,212374505,86297301,0.4968,0.3409,0.7345,0.1878,0.0269,1,0.4976,3,0,,0.121,0.0634,0.071,0.25,0.0704,1.1203,0.5572,1180.0349,0.2147,1.6222,0.3135,0.2424,0.0,0.5768,0.1829,0.45,86297301,7103017,-0.0125,0.5607,0
TXN-2023-0670,2023-08-13,Murabaha,Ishlab chiqarish,Samarqand,684,46,4.6,0.3562,4,0,3,Ko'chmas mulk,0.5168,1.391,0.11,12,213876010,52481158,0.6261,0.1927,0.7182,0.0906,0.2705,0,0.3426,1,0,,0.0915,0.0993,0.0709,0.25,0.1003,1.1267,0.3296,1320.9196,0.3611,1.1885,0.1841,0.2784,0.0,0.4588,0.0649,0.45,52481158,1531656,-0.0095,-0.219,0
TXN-2023-0671,2023-05-02,Murabaha,Savdo,Toshkent,661,41,0.5,0.419,0,1,5,Sanoat uskunasi,0.95,0.254,0.1593,24,84282443,63545095,0.5644,0.5328,0.812,0.1518,0.253,1,0.4843,0,0,,0.1229,0.1057,0.0488,0.0648,0.047,1.0766,0.4797,695.0578,0.4048,1.2852,0.398,0.1217,1000.0,0.4833,0.0599,0.45,63545095,1711765,-0.0127,0.2382,0
TXN-2021-0672,2021-05-08,Sukuk,Ishlab chiqarish,Boshqa,671,42,7.2,0.4373,1,0,5,Sanoat uskunasi,0.519,4.1,0.075,60,142358427,71282871,0.4599,0.4998,0.7491,0.1502,0.0849,1,0.4843,0,0,AAA,0.0895,0.077,0.0514,0.25,0.0864,1.0244,0.6764,1290.4334,0.2352,0.8285,0.227,0.2756,0.0,0.5729,0.0102,0.28,71282871,204221,-0.0093,-0.6145,0
TXN-2022-0673,2022-02-28,Murabaha,Ishlab chiqarish,Namangan,789,22,5.9,0.6179,1,1,3,Sanoat uskunasi,0.5826,0.53,0.2086,36,160636077,371396880,0.4974,0.4358,0.8029,0.1374,0.2098,1,0.3154,0,0,,0.1385,0.091,0.076,0.25,0.0583,1.1549,0.5705,1351.9653,0.3472,1.4954,0.36,0.265,0.999,0.5241,0.0462,0.45,371396880,7728257,-0.0144,0.5676,1
TXN-2023-0674,2023-05-11,Musharaka,Qishloq xo'jaligi,Toshkent,736,38,1.3,0.5181,3,0,4,Ko'chmas mulk,0.6086,1.531,0.2535,48,82646429,64882168,0.7236,0.2899,0.7591,0.1169,0.1424,1,0.3571,3,0,,0.2154,0.1219,0.0903,0.25,0.0517,1.0763,0.7947,1207.4278,0.2592,1.1713,0.3153,0.2816,0.0,0.5623,0.1771,0.6,64882168,6893521,-0.0223,0.5733,1
TXN-2023-0675,2023-03-09,Murabaha,Qurilish,Samarqand,661,42,3.8,0.3738,1,0,5,Ko'chmas mulk,0.7959,3.032,0.1699,84,145793164,65417088,0.6469,0.3999,0.9435,0.092,0.0238,1,0.7909,1,0,,0.0982,0.0818,0.0516,0.25,0.0597,1.1016,0.7068,829.48,0.1158,1.7129,0.2975,0.2802,0.0,0.8342,0.032,0.45,65417088,943354,-0.0102,0.4066,0
TXN-2024-0676,2024-04-11,Sukuk,Ishlab chiqarish,Andijon,725,45,7.6,0.4662,3,0,4,Sanoat uskunasi,0.5722,6.728,0.1494,48,369506517,90173177,0.5921,0.4357,0.719,0.2354,0.0877,1,0.3234,2,0,A,0.0761,0.0655,0.0945,0.2295,0.051,0.953,0.3823,1264.7813,0.3231,1.937,0.2668,0.2005,0.0,0.4867,0.0124,0.28,90173177,313197,-0.0079,0.2552,0
TXN-2024-0677,2024-11-25,Murabaha,Savdo,Samarqand,557,31,4.5,0.4201,3,0,4,Sanoat uskunasi,0.5818,0.162,0.1748,36,394621058,305666018,0.5099,0.3523,0.9745,0.2644,0.1418,1,0.4132,2,0,,0.1581,0.0802,0.058,0.1571,0.0277,0.948,0.2392,955.7103,0.4062,1.0987,0.2444,0.1794,0.0,0.5787,0.0622,0.45,305666018,8558309,-0.0164,0.2833,0
TXN-2021-0678,2021-02-10,Murabaha,Qishloq xo'jaligi,Buxoro,678,31,3.0,0.3305,1,1,1,Ko'chmas mulk,0.7387,1.249,0.1575,36,89021035,206485972,0.6156,0.3941,0.626,0.0602,0.1162,1,0.4905,1,0,,0.1154,0.1068,0.0558,0.1155,0.0906,1.0825,0.4762,916.5368,0.1764,1.3531,0.2441,0.1665,0.999,0.5156,0.2097,0.45,206485972,19486249,-0.012,0.2386,0
TXN-2024-0679,2024-03-25,Sukuk,Qurilish,Boshqa,798,32,2.3,0.3237,1,0,4,Ko'chmas mulk,0.8123,2.384,0.0661,24,663485084,124083294,0.7838,0.2945,0.6171,0.0376,0.1573,1,0.3908,1,0,BBB,0.0816,0.112,0.0834,0.25,0.0747,1.0191,0.6436,981.2301,0.1948,0.8008,0.2629,0.2787,0.0,0.4968,0.0151,0.28,124083294,525922,-0.0085,-0.7829,0
TXN-2023-0680,2023-02-19,Sukuk,Qurilish,Samarqand,626,43,5.7,0.3683,1,0,4,Ko'chmas mulk,0.863,3.777,0.0411,60,404815025,49046481,0.4206,0.1898,0.873,0.433,0.1058,1,0.4147,5,0,AAA,0.0871,0.1231,0.0461,0.152,0.0626,1.0337,0.397,724.5331,0.5388,0.4665,0.3179,0.229,0.0,0.4026,0.0341,0.28,49046481,468639,-0.009,-1.0206,0
TXN-2023-0681,2023-09-04,Ijara,Ishlab chiqarish,Andijon,572,48,16.8,0.4195,4,0,4,Transport,0.5077,6.344,0.0812,24,852503561,135346014,0.7348,0.3169,0.9602,0.4781,0.0211,1,0.3943,4,1,,0.1079,0.0552,0.0756,0.1358,0.0928,0.8987,0.6796,1124.4845,0.4992,0.7456,0.213,0.1154,0.0,0.4809,0.0337,0.35,135346014,1595108,-0.0112,-0.4527,0
TXN-2021-0682,2021-01-13,Murabaha,Ishlab chiqarish,Buxoro,589,33,6.7,0.4372,1,0,4,Boshqa,0.7405,0.001,0.0725,12,475279565,242361442,0.7691,0.5244,0.627,0.2954,0.0738,1,0.438,5,0,,0.1347,0.1125,0.0784,0.25,0.0794,0.955,0.5175,794.2864,0.3692,0.5345,0.3237,0.2841,0.0,0.3955,0.1383,0.45,242361442,15083697,-0.014,-0.4265,0
TXN-2022-0683,2022-12-22,Murabaha,Qishloq xo'jaligi,Samarqand,552,47,0.5,0.2054,3,0,3,Tovar,0.4042,2.471,0.108,24,761412258,351619844,0.6878,0.2216,0.6504,0.1108,0.0655,1,0.1851,0,0,,0.1165,0.0745,0.0814,0.25,0.0985,1.0053,0.4414,1362.1796,0.1764,0.9191,0.083,0.2431,0.0,0.5357,0.0665,0.45,351619844,10529164,-0.0121,-0.1888,0
TXN-2022-0684,2022-09-04,Ijara,Xizmat,Samarqand,578,39,3.7,0.5568,4,0,5,Tovar,0.8039,0.017,0.1528,24,314576923,28760743,0.6361,0.271,0.8752,0.2861,0.1605,1,0.3164,1,1,,0.0957,0.1202,0.0489,0.25,0.0906,1.0694,0.4284,718.0583,0.4466,1.5812,0.4476,0.3213,0.0,0.4843,0.0709,0.35,28760743,714019,-0.0099,0.2386,0
TXN-2023-0685,2023-03-10,Sukuk,Xizmat,Boshqa,613,36,13.3,0.4738,1,0,4,Transport,0.8488,3.869,0.0733,48,153570072,76842526,0.5395,0.2996,0.7212,0.1408,0.0037,1,0.1689,1,0,AA,0.0702,0.1032,0.0654,0.25,0.1039,1.0318,0.6394,721.3327,0.1446,1.0303,0.4022,0.2878,0.0,0.6169,0.0572,0.28,76842526,1231205,-0.0073,-0.8073,0
TXN-2023-0686,2023-05-09,Musharaka,Qurilish,Toshkent,525,35,0.6,0.2963,2,0,4,Transport,0.5537,0.405,0.1523,60,286226619,141097637,0.8151,0.4756,0.7397,0.3963,0.2228,1,0.4072,1,0,,0.2657,0.0908,0.0795,0.25,0.114,1.0499,0.2467,946.4025,0.6191,0.571,0.1641,0.2613,0.0,0.2818,0.2974,0.6,141097637,25180211,-0.0275,0.0838,0
TXN-2024-0687,2024-01-08,Musharaka,Qishloq xo'jaligi,Andijon,646,45,27.0,0.4093,0,0,5,Ko'chmas mulk,0.3617,5.625,0.1834,120,63889561,315896761,0.7883,0.2864,0.85,0.1138,0.1666,0,0.6266,1,0,,0.3529,0.0816,0.0575,0.0875,0.0075,1.1008,0.4172,1780.8462,0.2804,0.5183,0.1481,0.1116,0.0,0.6116,0.0907,0.6,315896761,17197244,-0.0366,0.1514,0
TXN-2024-0688,2024-01-24,Murabaha,Ishlab chiqarish,Samarqand,721,41,17.9,0.3576,0,0,5,Sanoat uskunasi,0.7057,0.421,0.1437,48,222175353,52376011,0.47,0.2098,0.5223,0.2664,0.3527,1,0.2551,1,0,,0.1435,0.0506,0.0647,0.25,0.0812,1.0359,0.7731,1020.224,0.6191,0.9943,0.2523,0.2359,0.0,0.1989,0.054,0.45,52376011,1272106,-0.0149,0.0954,0
TXN-2024-0689,2024-05-20,Ijara,Qishloq xo'jaligi,Toshkent,567,60,0.5,0.6318,2,1,5,Transport,0.2401,3.613,0.1022,24,238142330,60902986,0.7511,0.6,0.7268,0.0194,0.0662,1,0.4764,3,1,,0.0803,0.0849,0.037,0.25,0.0952,1.0477,0.6496,2351.7815,0.0855,1.2564,0.1517,0.2978,0.4998,0.6646,0.0235,0.35,60902986,500821,-0.0083,-0.346,0
TXN-2022-0690,2022-03-28,Murabaha,Savdo,Toshkent,774,29,16.3,0.232,1,0,4,Tovar,0.3128,0.854,0.1875,24,436711017,94736803,0.4405,0.3593,0.7806,0.3737,0.1558,1,0.547,4,0,,0.1302,0.089,0.0492,0.1187,0.077,1.0767,0.6145,2466.6859,0.5295,1.4294,0.0726,0.1586,0.0,0.3673,0.0229,0.45,94736803,975534,-0.0135,0.4419,0
TXN-2023-0691,2023-09-27,Murabaha,Savdo,Toshkent,688,43,2.7,0.4612,2,0,4,Transport,0.7448,2.037,0.141,24,277061877,49145441,0.7328,0.519,0.8905,0.0393,0.0067,1,0.4491,3,0,,0.1093,0.1179,0.035,0.25,0.036,1.108,0.5255,922.4752,0.046,1.2778,0.3435,0.3328,0.0,0.8495,0.0433,0.45,49145441,958658,-0.0113,0.1004,0
TXN-2022-0692,2022-03-26,Musharaka,Xizmat,Buxoro,732,32,11.2,0.4928,3,0,3,Ko'chmas mulk,0.423,2.344,0.1902,24,187771171,33113435,0.6804,0.3899,0.8898,0.5,0.0957,1,0.3905,0,0,,0.2302,0.102,0.0588,0.25,0.0783,1.1145,0.2188,1726.2629,0.5957,0.823,0.2085,0.2932,0.0,0.3597,0.148,0.6,33113435,2941364,-0.0239,0.2617,0
TXN-2022-0693,2022-07-13,Musharaka,Xizmat,Namangan,589,29,3.3,0.5575,0,0,3,Ko'chmas mulk,0.8543,0.579,0.3,48,105783031,578240029,0.5731,0.3709,0.6555,0.1027,0.2597,1,0.6634,3,0,,0.2651,0.0943,0.0649,0.25,0.0897,1.05,0.44,688.6207,0.3624,1.1272,0.4763,0.2793,0.0,0.4179,0.5335,0.6,578240029,185078084,-0.0275,0.6411,1
TXN-2023-0694,2023-06-12,Murabaha,Qurilish,Buxoro,717,37,3.5,0.1553,1,0,4,Tovar,0.8824,0.887,0.2095,72,155788210,109818242,0.304,0.4155,0.6935,0.1638,0.039,1,0.6266,3,0,,0.109,0.14,0.1,0.25,0.0381,1.085,0.3809,811.5913,0.2028,1.9051,0.137,0.29,0.0,0.5529,0.0513,0.45,109818242,2535079,-0.0113,0.7294,0
TXN-2023-0695,2023-09-22,Murabaha,Savdo,Toshkent,552,39,6.0,0.5516,0,1,4,Ko'chmas mulk,0.5081,0.284,0.1408,48,213921863,82970352,0.5497,0.3075,0.5982,0.3827,0.0548,1,0.6135,4,0,,0.1121,0.0799,0.0184,0.25,0.07,1.0243,0.5737,1084.1619,0.4374,1.2444,0.2803,0.3115,1000.0,0.3365,0.1034,0.45,82970352,3858774,-0.0116,0.096,0
TXN-2021-0696,2021-03-01,Musharaka,Qishloq xo'jaligi,Samarqand,720,65,8.9,0.415,3,1,3,Ko'chmas mulk,0.291,0.013,0.2128,60,160428519,57135551,0.7323,0.3702,0.7186,0.0386,0.1952,1,0.6532,5,0,,0.1943,0.1119,0.0577,0.25,0.046,1.0116,0.3547,2465.8098,0.2338,1.0897,0.1208,0.3042,0.3332,0.5505,0.0702,0.6,57135551,2407314,-0.0201,0.4261,0
TXN-2023-0697,2023-03-08,Murabaha,Qishloq xo'jaligi,Toshkent,659,36,0.5,0.2484,3,0,5,Moliyaviy aktiv,0.5211,0.684,0.1031,36,50737277,127609669,0.3856,0.5282,0.6163,0.058,0.1209,1,0.3453,1,0,,0.1172,0.14,0.0536,0.25,0.0417,0.9764,0.4803,1262.2429,0.1788,0.8721,0.1294,0.3364,0.0,0.506,0.0398,0.45,127609669,2284075,-0.0121,-0.2292,0
TXN-2022-0698,2022-11-20,Musharaka,Xizmat,Buxoro,692,26,5.4,0.3068,1,0,4,Sanoat uskunasi,0.7575,1.814,0.0547,36,242984066,89107677,0.5071,0.2616,0.7633,0.3525,0.0395,1,0.2649,4,0,,0.2488,0.1052,0.0208,0.25,0.0712,1.0,0.6787,912.335,0.392,0.2188,0.2324,0.3344,0.0,0.4641,0.1761,0.6,89107677,9416016,-0.0258,-0.3028,0
TXN-2024-0699,2024-10-01,Murabaha,Ishlab chiqarish,Namangan,545,40,1.2,0.4352,2,0,4,Ko'chmas mulk,0.9289,3.126,0.1673,72,184996180,227063982,0.5512,0.3752,0.788,0.2067,0.2192,1,0.6992,3,0,,0.1346,0.0968,0.0488,0.0659,0.0409,0.9245,0.8598,586.1116,0.4259,1.2338,0.4043,0.1139,0.0,0.4524,0.1042,0.45,227063982,10649947,-0.0139,0.2769,0
TXN-2024-0700,2024-10-22,Musharaka,IT,Namangan,568,21,2.5,0.4495,1,0,3,Ko'chmas mulk,0.5164,3.944,0.1166,48,182929364,61685513,0.5747,0.3891,0.8041,0.1496,0.2524,1,0.4092,0,0,,0.1488,0.1026,0.0394,0.0382,0.0498,1.1375,0.7873,1097.8738,0.402,0.778,0.2321,0.1013,0.0,0.4808,0.2765,0.6,61685513,10234605,-0.0154,-0.0903,0
TXN-2023-0701,2023-04-09,Musharaka,Ishlab chiqarish,Samarqand,695,37,2.6,0.4144,1,0,2,Ko'chmas mulk,0.7816,0.181,0.2139,36,270014332,129138554,0.6674,0.5333,0.8065,0.161,0.2169,1,0.7872,1,0,,0.2602,0.1017,0.0624,0.25,0.0767,1.0989,0.6664,888.06,0.3779,0.8189,0.3239,0.2893,0.0,0.5017,0.2319,0.6,129138554,17970236,-0.027,0.3223,0
TXN-2021-0702,2021-12-05,Murabaha,Savdo,Boshqa,564,38,3.8,0.5043,3,1,5,Sanoat uskunasi,0.6738,0.795,0.2259,36,186129687,125303194,0.6132,0.3103,0.8416,0.264,0.3482,1,0.2699,1,0,,0.0931,0.0805,0.0543,0.1336,0.0721,1.0418,0.5347,835.8244,0.6122,2.4011,0.3398,0.1599,0.3332,0.3263,0.0677,0.45,125303194,3817052,-0.0096,1.0302,0
TXN-2023-0703,2023-08-16,Murabaha,Qurilish,Samarqand,684,45,2.4,0.4651,8,1,3,Tovar,0.6852,3.677,0.065,12,467041714,190252626,0.8687,0.414,0.863,0.1876,0.0626,1,0.3359,1,0,,0.0634,0.1308,0.036,0.25,0.0614,0.9424,0.3428,996.8441,0.2502,1.0091,0.3187,0.3448,0.125,0.6471,0.0364,0.45,190252626,3112322,-0.0066,-1.0261,0
TXN-2021-0704,2021-09-19,Murabaha,Qurilish,Toshkent,528,47,0.7,0.6213,2,0,4,Ko'chmas mulk,0.6951,1.639,0.0488,60,157201966,115044684,0.611,0.3323,0.6423,0.1273,0.1583,1,0.398,0,0,,0.1452,0.1178,0.0605,0.25,0.098,1.1053,0.3914,758.4668,0.2857,0.3339,0.4319,0.3073,0.0,0.4588,0.1835,0.45,115044684,9500751,-0.0151,-0.5587,0
TXN-2024-0705,2024-06-28,Murabaha,Qurilish,Boshqa,717,32,0.9,0.4026,2,0,4,Tovar,0.6605,0.503,0.1033,24,149401673,195530766,0.6177,0.1407,0.6468,0.2058,0.1693,1,0.1325,1,0,,0.128,0.0925,0.1,0.25,0.0779,1.0416,0.8145,1083.8264,0.3751,0.8005,0.2659,0.2425,0.0,0.4042,0.0473,0.45,195530766,4163933,-0.0133,-0.2089,0
TXN-2023-0706,2023-12-30,Sukuk,Ishlab chiqarish,Toshkent,540,36,0.5,0.5945,2,0,4,Ko'chmas mulk,0.3587,1.245,0.1203,36,155267556,160795462,0.4844,0.5548,0.45,0.135,0.0102,1,0.2016,3,0,AA,0.1056,0.0919,0.0476,0.25,0.0302,0.9525,0.6758,1501.1568,0.1452,1.1276,0.2133,0.2943,0.0,0.3847,0.0431,0.28,160795462,1941145,-0.0109,-0.0922,0
TXN-2021-0707,2021-02-25,Murabaha,Qishloq xo'jaligi,Samarqand,691,30,3.8,0.2786,3,0,4,Ko'chmas mulk,0.6109,0.787,0.19,48,272113618,238199716,0.667,0.455,0.8039,0.1197,0.0863,1,0.4035,6,0,,0.1301,0.1017,0.0726,0.25,0.0556,1.1554,0.6356,1129.2507,0.206,1.4493,0.1702,0.2791,0.0,0.6383,0.0263,0.45,238199716,2823564,-0.0135,0.4612,0
TXN-2023-0708,2023-03-18,Ijara,Ishlab chiqarish,Toshkent,698,26,18.5,0.2968,2,0,3,Boshqa,0.3334,0.13,0.1443,48,269632587,197478134,0.741,0.351,0.5992,0.2431,0.151,1,0.1541,1,1,,0.1127,0.1103,0.0792,0.25,0.0617,0.9897,0.3457,2087.5049,0.3941,1.269,0.099,0.2811,0.0,0.3631,0.0473,0.35,197478134,3269207,-0.0117,0.1265,0
TXN-2024-0709,2024-04-27,Murabaha,Qishloq xo'jaligi,Toshkent,585,41,0.7,0.3155,0,0,3,Ko'chmas mulk,0.5719,3.606,0.1515,12,174884559,114794486,0.7533,0.4388,0.8954,0.3791,0.2437,0,0.4281,1,0,,0.0741,0.1189,0.0546,0.25,0.0894,1.0485,0.5366,1021.0573,0.6228,2.0163,0.1805,0.3143,0.0,0.3377,0.102,0.45,114794486,5266813,-0.0077,0.2901,0
TXN-2024-0710,2024-03-01,Ijara,Qishloq xo'jaligi,Toshkent,694,25,17.5,0.5913,1,0,4,Moliyaviy aktiv,0.4749,0.862,0.1205,12,242777861,416922443,0.5013,0.2126,0.9393,0.29,0.0576,1,0.269,1,1,,0.1134,0.0893,0.0533,0.25,-0.0095,1.111,0.6152,1458.3177,0.3476,1.0531,0.2808,0.286,0.0,0.6128,0.0231,0.35,416922443,3363557,-0.0118,-0.0837,0
TXN-2024-0711,2024-09-19,Ijara,Ishlab chiqarish,Toshkent,667,33,7.9,0.2612,2,0,4,Sanoat uskunasi,0.86,7.257,0.1237,48,307468502,91334570,0.539,0.2692,0.802,0.1513,0.0551,1,0.4906,2,1,,0.0964,0.0762,0.0987,0.1402,0.0625,0.8614,0.7141,774.7,0.2064,1.2702,0.2246,0.1177,0.0,0.6365,0.0375,0.35,91334570,1197918,-0.01,-0.0652,0
TXN-2021-0712,2021-02-25,Musharaka,Qurilish,Andijon,599,28,6.1,0.3733,0,0,3,Ko'chmas mulk,0.866,5.476,0.251,36,350566724,382491016,0.758,0.5566,0.7155,0.1341,0.2023,1,0.4859,1,0,,0.2288,0.0995,0.0948,0.2098,0.0833,0.915,0.4063,690.9279,0.3364,1.0923,0.3232,0.2145,0.0,0.4748,0.391,0.6,382491016,89732908,-0.0237,0.5289,1
TXN-2021-0713,2021-06-21,Musharaka,IT,Samarqand,559,43,6.2,0.1218,2,0,3,Transport,0.7245,3.149,0.1413,24,228212908,279691988,0.8585,0.3254,0.9568,0.247,0.2982,0,0.0841,4,0,,0.2645,0.1115,0.0845,0.1334,0.0704,0.989,0.8239,770.4593,0.5451,0.5324,0.0883,0.1603,0.0,0.4352,0.2519,0.6,279691988,42276503,-0.0274,0.0429,0
TXN-2024-0714,2024-08-09,Murabaha,Qurilish,Buxoro,478,56,10.5,0.3864,4,0,2,Transport,0.7575,0.989,0.1417,120,152462643,210802213,0.5874,0.2171,0.9278,0.0789,0.0834,1,0.5739,4,0,,0.1242,0.1083,0.044,0.25,0.0233,1.1337,0.3228,630.2009,0.1624,1.1316,0.2927,0.3143,0.0,0.7771,0.1712,0.45,210802213,16239689,-0.0129,0.0939,0
TXN-2023-0715,2023-05-28,Murabaha,Savdo,Toshkent,674,24,0.7,0.3469,4,0,4,Moliyaviy aktiv,0.4027,0.821,0.0938,60,152587664,130977009,0.546,0.1432,0.5083,0.0582,0.0548,1,0.2958,1,0,,0.1086,0.0866,0.0398,0.25,0.0809,1.135,0.572,1669.352,0.1131,0.8557,0.1397,0.2968,0.0,0.4508,0.0362,0.45,130977009,2135929,-0.0113,-0.333,0
TXN-2021-0716,2021-10-05,Sukuk,Ishlab chiqarish,Toshkent,511,21,4.2,0.1358,2,0,3,Transport,0.5507,1.612,0.109,48,286501530,85447004,0.5668,0.1434,0.7284,0.0551,0.0657,0,0.8917,1,0,A,0.0931,0.0892,0.0284,0.1379,0.0458,1.1251,0.6187,926.1574,0.1209,1.1579,0.0748,0.1987,0.0,0.6403,0.0292,0.28,85447004,698071,-0.0096,-0.2257,0
TXN-2023-0717,2023-08-04,Ijara,Qishloq xo'jaligi,Samarqand,653,36,7.2,0.4921,0,0,2,Transport,0.7106,1.095,0.1205,48,378013041,160480477,0.9205,0.4986,0.771,0.2436,0.0439,1,0.4362,1,1,,0.0936,0.0864,0.0369,0.25,0.0415,0.9669,0.5416,917.6124,0.2875,1.2745,0.3497,0.2995,0.0,0.5493,0.0618,0.35,160480477,3473029,-0.0097,-0.101,0
TXN-2022-0718,2022-01-08,Sukuk,Xizmat,Samarqand,622,38,5.3,0.5085,2,0,4,Ko'chmas mulk,0.7059,5.786,0.1647,24,267853977,159384278,0.5143,0.4606,0.9566,0.1449,0.0428,1,0.4544,4,0,A,0.1077,0.1039,0.0259,0.2285,0.0684,1.0064,0.6547,879.8515,0.1877,1.5142,0.359,0.3064,0.0,0.7771,0.0131,0.28,159384278,585911,-0.0112,0.3216,0
TXN-2021-0719,2021-04-13,Murabaha,Savdo,Namangan,702,40,10.7,0.4133,0,0,3,Sanoat uskunasi,0.5135,0.33,0.0809,84,194034306,130359287,0.382,0.5841,0.908,0.1401,0.1023,1,0.2501,3,0,,0.1143,0.05,0.0671,0.205,0.0208,1.0731,0.6409,1364.4735,0.2424,0.7014,0.2122,0.1878,0.0,0.6879,0.0456,0.45,130359287,2676993,-0.0118,-0.4296,0
TXN-2022-0720,2022-06-17,Ijara,Savdo,Buxoro,619,33,0.5,0.2082,3,1,4,Ko'chmas mulk,0.7146,3.223,0.1481,120,173842104,204557966,0.9505,0.2443,0.671,0.0603,0.1023,1,0.3724,3,1,,0.1,0.1172,0.0347,0.0931,0.0749,0.9614,0.3213,864.9705,0.1626,1.4666,0.1488,0.1756,0.3332,0.5619,0.0215,0.35,204557966,1539248,-0.0104,0.1812,0
TXN-2023-0721,2023-02-16,Sukuk,Qishloq xo'jaligi,Samarqand,616,35,7.0,0.4874,2,0,3,Ko'chmas mulk,0.7218,2.36,0.0872,48,397020041,263754949,0.4249,0.14,0.6164,0.2124,0.27,1,0.1392,4,0,AAA,0.0818,0.0864,0.0391,0.2048,0.073,1.0582,0.2506,852.2684,0.4824,1.0533,0.3518,0.2522,0.0,0.319,0.0616,0.28,263754949,4552347,-0.0085,-0.5234,0
TXN-2022-0722,2022-11-02,Murabaha,Ishlab chiqarish,Samarqand,707,41,4.6,0.4502,1,0,5,Boshqa,0.826,4.104,0.173,48,117155204,78160446,0.5978,0.1714,0.9127,0.0667,0.1222,1,0.5839,0,0,,0.1054,0.0533,0.0361,0.25,0.0695,1.0453,0.5076,854.8472,0.1889,1.625,0.3719,0.2672,0.0,0.7403,0.0221,0.45,78160446,777061,-0.0109,0.4075,0
TXN-2022-0723,2022-03-10,Murabaha,Qurilish,Andijon,673,48,2.9,0.3832,2,1,3,Ko'chmas mulk,0.8733,1.955,0.17,48,183958703,88187410,0.8172,0.3814,0.8641,0.0752,0.0906,1,0.2125,3,0,,0.1421,0.103,0.0512,0.25,0.0766,0.991,0.406,769.7886,0.1658,1.1878,0.3346,0.3018,0.4998,0.7208,0.0625,0.45,88187410,2480957,-0.0147,0.2812,0
TXN-2023-0724,2023-07-21,Ijara,Ishlab chiqarish,Toshkent,671,21,2.5,0.5579,3,0,3,Ko'chmas mulk,0.5969,2.483,0.1113,48,580557151,57654114,0.589,0.5997,0.8462,0.0901,0.1601,1,0.3417,3,1,,0.1156,0.0952,0.1,0.1516,0.0839,1.0135,0.6073,1122.2733,0.2502,0.9549,0.333,0.1468,0.0,0.6345,0.0621,0.35,57654114,1253083,-0.012,-0.1616,0
TXN-2022-0725,2022-11-01,Musharaka,Savdo,Toshkent,684,34,5.8,0.3236,2,0,5,Sanoat uskunasi,0.494,8.225,0.1181,36,493569601,182008282,0.655,0.2619,0.8296,0.2242,0.1262,1,0.4335,1,0,,0.1481,0.0601,0.0605,0.25,0.1075,0.9882,0.5916,1381.9524,0.3504,0.7923,0.1599,0.2496,0.0,0.539,0.0484,0.6,182008282,5284152,-0.0153,-0.0803,0
TXN-2022-0726,2022-11-23,Ijara,Qurilish,Andijon,514,40,13.3,0.3615,2,0,3,Tovar,0.776,0.241,0.0883,36,275920075,420311248,0.6833,0.6,0.6587,0.2624,0.0483,1,0.2497,4,1,,0.0696,0.0888,0.0177,0.25,0.0363,1.0917,0.2435,661.557,0.3107,1.2501,0.2805,0.3211,0.0,0.454,0.1303,0.35,420311248,19174358,-0.0072,-0.5986,0
TXN-2023-0727,2023-02-16,Murabaha,Ishlab chiqarish,Toshkent,709,28,4.1,0.4609,1,0,4,Ko'chmas mulk,0.7716,0.277,0.1442,24,182796178,55814100,0.438,0.1708,0.7215,0.0672,0.2555,0,0.6525,3,0,,0.0669,0.1256,0.0506,0.25,0.0438,1.1529,0.699,917.6217,0.3227,2.1244,0.3556,0.325,0.0,0.4887,0.0727,0.45,55814100,1827193,-0.0069,0.2124,0
TXN-2022-0728,2022-07-24,Ijara,Ishlab chiqarish,Toshkent,697,55,10.4,0.4706,1,0,3,Ko'chmas mulk,0.7441,1.251,0.0983,36,210194271,82552667,0.5647,0.3282,0.45,0.4847,0.2161,1,0.2462,0,0,,0.0799,0.0827,0.0315,0.1691,0.0924,1.0766,0.645,935.4325,0.7009,1.2152,0.3502,0.2203,0.0,0.1346,0.1451,0.35,82552667,4192666,-0.0083,-0.3965,0
TXN-2023-0729,2023-05-14,Murabaha,Qurilish,Namangan,558,31,3.1,0.4038,2,0,2,Ko'chmas mulk,0.3419,1.6,0.1308,36,257700978,53900414,0.7003,0.1603,0.6756,0.1555,0.0435,1,0.3554,4,0,,0.085,0.1008,0.034,0.25,0.0714,1.1336,0.2328,1627.1351,0.199,1.5215,0.1381,0.3167,0.0,0.5411,0.1225,0.45,53900414,2971184,-0.0088,0.0093,1
TXN-2022-0730,2022-06-01,Murabaha,Qishloq xo'jaligi,Samarqand,624,37,0.6,0.5555,1,0,4,Ko'chmas mulk,0.7217,0.557,0.0903,24,866661995,97102778,0.6766,0.3255,0.8933,0.3778,0.0241,1,0.4532,2,0,,0.1123,0.1389,0.0464,0.25,0.0643,1.088,0.726,863.3733,0.4019,0.7971,0.401,0.3425,0.0,0.5343,0.0923,0.45,97102778,4034727,-0.0116,-0.3529,0
TXN-2021-0731,2021-06-17,Murabaha,Ishlab chiqarish,Toshkent,641,43,0.5,0.1512,1,0,5,Sanoat uskunasi,0.5668,0.216,0.1603,60,452403739,33150897,0.6287,0.4103,0.9481,0.016,0.2891,1,0.3017,4,0,,0.1312,0.1146,0.066,0.2047,0.0756,1.2202,0.7513,1128.8802,0.3051,1.2126,0.0857,0.2533,0.0,0.6589,0.0222,0.45,33150897,330877,-0.0136,0.231,0
TXN-2023-0732,2023-08-22,Ijara,Qishloq xo'jaligi,Samarqand,633,32,0.5,0.7167,0,0,3,Sanoat uskunasi,0.6828,0.056,0.0932,36,417879805,318195179,0.7657,0.4761,0.7362,0.0452,0.0584,1,0.4592,2,1,,0.1501,0.1278,0.069,0.0799,0.1097,1.0729,0.567,925.7162,0.1036,0.6171,0.4894,0.1387,0.0,0.6599,0.0931,0.35,318195179,10371561,-0.0156,-0.2451,0
TXN-2021-0733,2021-02-09,Ijara,Qishloq xo'jaligi,Toshkent,673,21,2.9,0.709,2,0,4,Sanoat uskunasi,0.4056,3.616,0.1075,48,222929608,237690760,0.5672,0.3602,0.8649,0.1528,0.1515,1,0.5835,3,1,,0.0775,0.1076,0.0721,0.25,0.0643,0.8347,0.6256,1655.3258,0.3043,1.3695,0.2876,0.2855,0.0,0.6017,0.0289,0.35,237690760,2400540,-0.008,-0.2902,0
TXN-2024-0734,2024-01-10,Musharaka,Qurilish,Toshkent,766,33,2.5,0.5077,1,0,4,Transport,0.3488,1.659,0.259,24,181674785,168808971,0.6887,0.5942,0.5315,0.2566,0.3507,1,0.5048,2,0,,0.2744,0.0763,0.0385,0.25,0.0413,0.9883,0.6024,2189.5411,0.6072,0.9403,0.1771,0.2879,0.0,0.2087,0.0968,0.6,168808971,9802157,-0.0284,0.4699,0
TXN-2021-0735,2021-04-17,Murabaha,Qurilish,Buxoro,736,48,7.6,0.4713,4,0,3,Tovar,0.3912,4.635,0.1459,36,217438898,278494710,0.6271,0.2263,0.8087,0.2784,0.1208,1,0.4879,3,0,,0.1581,0.0995,0.0729,0.25,0.0699,1.0161,0.6425,1876.6656,0.3991,0.9172,0.1844,0.2766,0.0,0.4859,0.0344,0.45,278494710,4316384,-0.0164,0.1008,0
TXN-2022-0736,2022-12-18,Sukuk,Ishlab chiqarish,Toshkent,533,34,8.1,0.3998,1,0,4,Transport,0.6487,1.119,0.1189,60,444674474,268358591,0.6444,0.5023,0.4639,0.0408,0.0331,1,0.2874,5,0,A,0.069,0.1061,0.0471,0.25,0.0554,0.9427,0.2204,820.3233,0.0739,1.6977,0.2593,0.309,0.0,0.4296,0.0515,0.28,268358591,3870460,-0.0072,-0.1609,0
TXN-2022-0737,2022-04-05,Murabaha,Qurilish,Samarqand,697,29,0.5,0.2613,2,1,3,Moliyaviy aktiv,0.7368,3.039,0.1018,36,649122263,141777460,0.7923,0.6,0.6518,0.3033,0.0494,1,0.4868,2,0,,0.1836,0.0859,0.0709,0.1976,0.0526,1.073,0.5197,944.7454,0.3527,0.5515,0.1925,0.2125,0.4998,0.4219,0.0707,0.45,141777460,4508554,-0.019,-0.1537,0
TXN-2024-0738,2024-08-24,Ijara,Savdo,Buxoro,757,47,1.5,0.5566,0,0,3,Transport,0.8441,1.676,0.1283,48,146657843,57731406,0.47,0.6,0.865,0.4438,0.0994,1,0.3149,2,1,,0.1172,0.0868,0.0595,0.25,0.0614,1.1013,0.2,895.7661,0.5433,1.0858,0.4698,0.2773,0.0,0.3951,0.0692,0.35,57731406,1397430,-0.0121,-0.0144,1
TXN-2021-0739,2021-05-21,Musharaka,Qishloq xo'jaligi,Boshqa,677,34,1.9,0.2867,0,0,3,Tovar,0.4279,2.367,0.2059,48,61679392,87319117,0.6306,0.5187,0.8657,0.1363,0.3522,1,0.2951,4,0,,0.2002,0.111,0.0881,0.0803,0.0771,1.0724,0.7971,1578.6276,0.4885,1.0234,0.1227,0.1031,0.0,0.4429,0.1244,0.6,87319117,6519282,-0.0207,0.379,0
TXN-2024-0740,2024-08-27,Murabaha,Ishlab chiqarish,Toshkent,737,32,4.8,0.2609,2,0,5,Transport,0.1292,1.156,0.1014,36,210514949,139565222,0.3972,0.2784,0.9213,0.1086,0.085,1,0.4076,1,0,,0.1095,0.0781,0.0444,0.25,0.0343,0.961,0.354,5660.5603,0.1936,0.9172,0.0337,0.2837,0.0,0.7429,0.0053,0.45,139565222,332823,-0.0114,-0.2613,0
TXN-2021-0741,2021-03-24,Musharaka,Savdo,Boshqa,816,39,0.9,0.6972,0,0,3,Transport,0.6436,0.212,0.1837,36,462480818,86135368,0.5818,0.3974,0.7197,0.4597,0.4,1,0.4092,2,0,,0.3094,0.0894,0.0547,0.25,0.0905,0.998,0.4254,1265.8633,0.8597,0.5917,0.4487,0.2847,0.0,0.101,0.4158,0.6,86135368,21486827,-0.0321,0.1734,1
TXN-2021-0742,2021-03-05,Murabaha,Savdo,Boshqa,732,45,0.9,0.2202,4,0,4,Tovar,0.534,7.361,0.1232,12,173752710,497696335,0.6609,0.3213,0.9165,0.2675,0.2734,0,0.3159,3,0,,0.0936,0.1059,0.0812,0.2377,0.0908,1.093,0.7638,1368.2426,0.5409,1.3021,0.1176,0.2625,0.0,0.4208,0.0133,0.45,497696335,2969862,-0.0097,-0.073,0
TXN-2022-0743,2022-05-22,Ijara,Qurilish,Samarqand,666,61,17.3,0.2833,1,0,3,Ko'chmas mulk,0.6028,4.521,0.1282,48,321051216,165664550,0.7956,0.4362,0.9041,0.2345,0.1673,1,0.2505,2,1,,0.0732,0.0655,0.0579,0.25,0.0391,1.1066,0.6934,1102.9598,0.4018,1.7275,0.1708,0.2577,0.0,0.5408,0.0327,0.35,165664550,1895873,-0.0076,-0.0251,0
TXN-2022-0744,2022-02-13,Musharaka,Qishloq xo'jaligi,Boshqa,733,46,9.8,0.4453,0,0,3,Sanoat uskunasi,0.6589,0.935,0.1006,48,124599909,159536490,0.6205,0.6,0.8269,0.0428,0.1901,1,0.3819,0,0,,0.2206,0.0778,0.0451,0.171,0.1166,1.1755,0.4018,1110.703,0.2329,0.4541,0.2934,0.2036,0.0,0.6343,0.1422,0.6,159536490,13614268,-0.0229,-0.1332,0
TXN-2021-0745,2021-02-11,Murabaha,Savdo,Namangan,657,49,1.2,0.3404,0,0,4,Sanoat uskunasi,0.8182,7.967,0.098,48,205106827,288003112,0.5311,0.4876,0.8309,0.0558,0.0609,1,0.5483,4,0,,0.0964,0.1015,0.0538,0.1716,0.0573,1.0601,0.6419,801.9899,0.1167,1.0059,0.2785,0.2193,0.0,0.7339,0.0428,0.45,288003112,5552693,-0.01,-0.3316,0
TXN-2024-0746,2024-06-26,Sukuk,Ishlab chiqarish,Toshkent,647,32,3.1,0.0568,0,0,4,Tovar,0.8995,0.893,0.0652,24,152445644,180159061,0.7117,0.2576,0.6785,0.3791,0.1759,1,0.234,2,0,AA,0.1037,0.1346,0.0888,0.25,0.0643,1.1199,0.6063,718.4562,0.555,0.6224,0.0511,0.2958,0.0,0.302,0.036,0.28,180159061,1814335,-0.0107,-0.625,0
TXN-2021-0747,2021-11-09,Murabaha,Ishlab chiqarish,Boshqa,615,27,2.6,0.376,4,0,3,Sanoat uskunasi,0.7903,1.463,0.094,24,223258452,123284588,0.4544,0.3357,0.8088,0.2542,0.0895,1,0.77,3,0,,0.1097,0.0793,0.0307,0.25,0.0857,0.9376,0.636,777.16,0.3437,0.8491,0.2972,0.2986,0.0,0.5308,0.0939,0.45,123284588,5210870,-0.0114,-0.3283,0
TXN-2022-0748,2022-05-04,Musharaka,Qishloq xo'jaligi,Toshkent,777,38,9.4,0.4875,3,0,3,Transport,0.7589,3.518,0.1425,24,276390914,428248073,0.6067,0.2143,0.6434,0.0781,0.0756,1,0.4226,4,0,,0.2026,0.0909,0.0523,0.1094,0.037,1.0086,0.6099,1022.5157,0.1537,0.6997,0.37,0.1479,0.0,0.5445,0.212,0.6,428248073,54460415,-0.021,0.0615,0
TXN-2021-0749,2021-09-16,Sukuk,Savdo,Toshkent,575,39,4.3,0.7928,1,0,5,Ko'chmas mulk,0.6466,0.924,0.1128,12,370394404,201151163,0.585,0.6,0.888,0.4171,0.3248,1,0.3027,3,0,AA,0.0548,0.0916,0.0733,0.2322,0.104,0.88,0.5638,887.9255,0.7419,2.0229,0.5126,0.2506,0.0,0.2292,0.0318,0.28,201151163,1789990,-0.0057,-0.3135,0
TXN-2023-0750,2023-08-28,Musharaka,Qurilish,Buxoro,775,27,0.8,0.2781,2,0,2,Moliyaviy aktiv,0.7334,0.981,0.1855,36,190251477,105032220,0.7238,0.6,0.8468,0.0562,0.0254,1,0.4439,1,0,,0.1628,0.14,0.057,0.2425,0.0771,0.962,0.2565,1055.2159,0.0816,1.133,0.204,0.3255,0.0,0.7777,0.1089,0.6,105032220,6860681,-0.0169,0.3411,0
TXN-2024-0751,2024-10-03,Murabaha,Qishloq xo'jaligi,Toshkent,687,36,8.1,0.2339,1,0,4,Transport,0.4347,1.319,0.1436,24,123731837,168143768,0.7316,0.4673,0.8177,0.3999,0.2782,1,0.4861,5,0,,0.0755,0.108,0.0854,0.25,0.0708,1.0174,0.7061,1576.9188,0.6781,1.8764,0.1016,0.2726,0.0,0.2632,0.0352,0.45,168143768,2665195,-0.0078,0.1795,0
TXN-2021-0752,2021-08-23,Sukuk,Qishloq xo'jaligi,Andijon,526,41,3.0,0.3192,2,0,4,Tovar,0.6521,1.58,0.0756,48,98261479,102415458,0.7157,0.4716,0.7481,0.2417,0.3124,1,0.5485,3,0,BBB,0.107,0.0969,0.048,0.1154,0.0487,1.0878,0.2749,805.375,0.5541,0.7002,0.2082,0.1643,0.0,0.3336,0.0376,0.28,102415458,1079375,-0.0111,-0.5085,0
TXN-2024-0753,2024-03-01,Musharaka,Ishlab chiqarish,Buxoro,676,41,1.8,0.3216,1,0,4,Ko'chmas mulk,0.6848,0.33,0.1787,84,468473770,83575540,0.6846,0.3112,0.7306,0.1056,0.1174,1,0.4417,3,0,,0.2843,0.1,0.0643,0.25,0.083,0.9993,0.5898,985.6712,0.223,0.6261,0.2202,0.2857,0.0,0.5677,0.1686,0.6,83575540,8456700,-0.0295,0.1711,0
TXN-2022-0754,2022-03-23,Murabaha,Ishlab chiqarish,Boshqa,466,43,2.8,0.3167,3,1,5,Ko'chmas mulk,0.8195,0.044,0.1903,12,150057124,257974202,0.8744,0.3572,0.5312,0.3269,0.0082,1,0.1807,1,0,,0.1529,0.0863,0.0829,0.25,0.1268,0.8381,0.6035,567.969,0.3351,1.236,0.2596,0.2535,0.3332,0.3532,0.1565,0.45,257974202,18163438,-0.0158,0.394,0
TXN-2023-0755,2023-08-11,Murabaha,Ishlab chiqarish,Buxoro,698,40,4.1,0.6196,0,0,4,Ko'chmas mulk,0.537,6.288,0.1518,72,333413117,104490325,0.5486,0.4443,0.8993,0.1157,0.2649,0,0.0844,4,0,,0.1579,0.0876,0.077,0.1602,0.0525,1.1297,0.2249,1297.3351,0.3806,0.9555,0.3327,0.1707,0.0,0.5571,0.0423,0.45,104490325,1988833,-0.0164,0.1381,0
TXN-2024-0756,2024-12-03,Ijara,Xizmat,Namangan,720,32,2.5,0.4762,0,0,3,Sanoat uskunasi,0.4851,1.089,0.1443,48,94156713,86738379,0.5488,0.2154,0.7683,0.294,0.0556,1,0.149,4,0,,0.101,0.1096,0.0297,0.1812,0.0922,1.0624,0.6278,1481.2557,0.3496,1.4155,0.231,0.261,0.0,0.4997,0.0386,0.35,86738379,1171794,-0.0105,0.1418,0
TXN-2022-0757,2022-06-09,Musharaka,Xizmat,Toshkent,594,32,1.7,0.1679,0,0,3,Ko'chmas mulk,0.5988,0.268,0.1497,60,627636397,168451533,0.4277,0.3155,0.6204,0.0644,0.0121,1,0.5956,4,0,,0.2267,0.1275,0.08,0.25,0.0884,0.9451,0.5644,990.3838,0.0765,0.6572,0.1005,0.2975,0.0,0.573,0.2642,0.6,168451533,26699475,-0.0235,0.0868,0
TXN-2023-0758,2023-01-26,Musharaka,Xizmat,Samarqand,655,26,3.0,0.316,4,0,3,Ko'chmas mulk,0.6732,3.559,0.1512,24,1300149250,309248324,0.7504,0.4496,0.9205,0.1303,0.2348,1,0.4656,1,0,,0.3217,0.0995,0.0578,0.25,0.0632,0.9428,0.6604,971.5741,0.3651,0.4686,0.2127,0.2917,0.0,0.5845,0.1734,0.6,309248324,32172527,-0.0333,0.066,0
TXN-2021-0759,2021-12-10,Sukuk,Xizmat,Toshkent,811,55,0.5,0.1207,2,0,1,Ko'chmas mulk,0.5521,0.874,0.113,72,298171844,34120061,0.5097,0.5556,0.8627,0.0833,0.0259,1,0.5804,3,0,AA,0.097,0.14,0.0425,0.25,0.117,1.0102,0.4775,1466.3189,0.1093,1.1529,0.0666,0.3475,0.0,0.7684,0.0135,0.28,34120061,128693,-0.0101,-0.1748,0
TXN-2024-0760,2024-05-25,Ijara,Qishloq xo'jaligi,Toshkent,602,38,8.9,0.6403,0,1,5,Ko'chmas mulk,0.6853,0.501,0.0919,84,205688362,89389651,0.5997,0.6,0.7745,0.1101,0.0335,1,0.4663,2,1,,0.1033,0.0949,0.0459,0.25,0.0074,1.084,0.6949,877.2014,0.1436,0.8808,0.4388,0.299,1000.0,0.6632,0.038,0.35,89389651,1188849,-0.0107,-0.3693,0
TXN-2024-0761,2024-05-28,Murabaha,Qurilish,Toshkent,554,35,1.1,0.2492,2,0,2,Ko'chmas mulk,0.8451,8.216,0.1352,72,580141938,31058349,0.7767,0.456,0.7309,0.1311,0.1597,1,0.327,4,0,,0.0854,0.0981,0.0435,0.224,0.048,1.1358,0.9276,654.7831,0.2908,1.5645,0.2106,0.2787,0.0,0.5184,0.1695,0.45,31058349,2368610,-0.0088,0.0606,0
TXN-2021-0762,2021-08-23,Murabaha,Ishlab chiqarish,Boshqa,770,28,0.5,0.3894,2,1,4,Ko'chmas mulk,0.4195,6.331,0.1475,60,181700324,20000000,0.6062,0.3533,0.8437,0.1902,0.1882,1,0.2154,2,0,,0.1237,0.0926,0.0404,0.2326,0.0769,0.9912,0.4754,1831.2918,0.3784,1.1825,0.1634,0.2848,0.4998,0.5244,0.021,0.45,20000000,189266,-0.0128,0.1413,0
TXN-2021-0763,2021-12-02,Murabaha,Ishlab chiqarish,Toshkent,811,65,6.4,0.6473,3,0,4,Tovar,0.7862,0.279,0.1244,12,252200525,153461718,0.546,0.3478,0.5396,0.0796,0.2048,1,0.2735,3,0,,0.1082,0.0791,0.0786,0.25,0.0596,0.9654,0.3572,1030.2353,0.2844,1.139,0.5089,0.2506,0.0,0.3861,0.0573,0.45,153461718,3955997,-0.0112,-0.0519,0
TXN-2022-0764,2022-09-30,Ijara,Qishloq xo'jaligi,Buxoro,645,27,8.9,0.3067,3,1,5,Transport,0.3486,5.739,0.0947,24,50000000,58992356,0.8458,0.2757,0.6718,0.0383,0.1212,0,0.5573,2,1,,0.0548,0.0968,0.0932,0.1645,0.0556,0.9754,0.7641,1844.9405,0.1595,1.6952,0.1069,0.1682,0.3332,0.5646,0.0073,0.35,58992356,150411,-0.0057,-0.6444,0
TXN-2021-0765,2021-08-10,Murabaha,Qurilish,Toshkent,730,33,10.1,0.3549,1,0,4,Transport,0.7405,5.538,0.114,72,233635979,253640971,0.7228,0.2895,0.837,0.3114,0.1019,1,0.4717,0,0,,0.1134,0.1147,0.0583,0.25,0.0836,0.9944,0.4864,984.5056,0.4133,0.9967,0.2628,0.3064,0.0,0.491,0.0433,0.45,253640971,4944979,-0.0117,-0.1412,0
TXN-2024-0766,2024-03-31,Musharaka,IT,Boshqa,759,42,4.1,0.2716,1,0,4,Boshqa,0.5453,2.515,0.0973,24,489773760,64042214,0.7264,0.1276,0.9347,0.3843,0.0033,1,0.5544,2,0,,0.1779,0.0781,0.0844,0.25,0.0499,1.1199,0.4413,1389.2949,0.3875,0.5442,0.1481,0.2437,0.0,0.5725,0.0331,0.6,64042214,1270554,-0.0184,-0.1837,0
TXN-2021-0767,2021-02-22,Ijara,Savdo,Toshkent,581,44,1.4,0.6243,1,1,3,Transport,0.7069,1.886,0.1283,36,185638340,223892379,0.7177,0.3315,0.9475,0.1854,0.1827,0,0.4837,3,1,,0.0654,0.1324,0.0789,0.25,0.0812,0.9611,0.5732,820.7218,0.3682,1.933,0.4414,0.3035,0.999,0.5987,0.0915,0.35,223892379,7170171,-0.0068,-0.0257,0
TXN-2022-0768,2022-10-01,Sukuk,Savdo,Toshkent,603,47,8.0,0.2118,0,0,4,Moliyaviy aktiv,0.4543,0.613,0.1209,12,187454253,181728361,0.658,0.5301,0.8668,0.2563,0.1212,1,0.3057,2,0,AA,0.0726,0.1242,0.0374,0.25,0.0766,1.0317,0.4315,1324.458,0.3775,1.6411,0.0962,0.3368,0.0,0.5395,0.0164,0.28,181728361,835375,-0.0075,-0.1258,0
TXN-2024-0769,2024-03-25,Murabaha,Savdo,Buxoro,749,56,7.2,0.6027,1,1,3,Ko'chmas mulk,0.593,0.324,0.1198,48,188322599,77125643,0.5557,0.5096,0.8403,0.3606,0.1513,1,0.4856,0,0,,0.113,0.1231,0.0531,0.25,0.0608,0.8585,0.6704,1261.0047,0.5119,1.051,0.3574,0.32,0.999,0.4102,0.0851,0.45,77125643,2953748,-0.0117,-0.0903,0
TXN-2024-0770,2024-10-19,Ijara,Ishlab chiqarish,Toshkent,788,43,1.7,0.3782,1,0,5,Transport,0.6389,2.331,0.2021,48,794472417,104310846,0.3975,0.3617,0.661,0.1325,0.1522,1,0.3607,2,1,,0.0938,0.1148,0.0778,0.25,0.0705,1.0104,0.3751,1231.4393,0.2846,2.1312,0.2416,0.287,0.0,0.4729,0.0251,0.35,104310846,917471,-0.0097,0.7685,0
TXN-2023-0771,2023-02-08,Murabaha,Savdo,Boshqa,692,27,14.0,0.4139,0,2,2,Transport,0.2232,4.314,0.1097,84,280455900,167590780,0.7907,0.2392,0.6408,0.1096,0.0289,1,0.1601,1,0,,0.1295,0.0883,0.0772,0.25,0.0458,1.1938,0.5181,3086.3203,0.1385,0.8402,0.0924,0.2611,2000.0,0.5521,0.0385,0.45,167590780,2905700,-0.0134,-0.157,0
TXN-2023-0772,2023-03-24,Ijara,Qurilish,Andijon,570,35,0.7,0.7266,2,0,3,Transport,0.9164,2.917,0.0977,72,250462973,215133669,0.5048,0.6,0.7483,0.304,0.0545,1,0.6762,1,1,,0.1083,0.0992,0.04,0.25,0.0692,1.0046,0.6571,621.3419,0.3585,0.8941,0.6659,0.3091,0.0,0.48,0.1608,0.35,215133669,12105765,-0.0112,-0.2977,1
TXN-2022-0773,2022-02-11,Murabaha,Savdo,Namangan,813,41,24.3,0.4298,1,0,4,Sanoat uskunasi,0.6484,0.499,0.1708,36,191933394,385444538,0.8308,0.4713,0.9005,0.1873,0.0484,1,0.2315,2,0,,0.1199,0.1258,0.0333,0.25,0.0714,1.0074,0.8177,1251.885,0.2357,1.4121,0.2787,0.3425,0.0,0.6882,0.0183,0.45,385444538,3168555,-0.0124,0.34,0
TXN-2021-0774,2021-06-05,Murabaha,Savdo,Boshqa,599,58,11.8,0.3139,2,0,4,Ko'chmas mulk,0.735,0.856,0.1648,48,453469352,172454651,0.49,0.4807,0.6825,0.3039,0.0377,1,0.2022,1,0,,0.1149,0.1005,0.0706,0.25,0.0509,0.9122,0.7004,813.8863,0.3416,1.4226,0.2307,0.2799,0.0,0.4494,0.1207,0.45,172454651,9365631,-0.0119,0.3032,1
TXN-2024-0775,2024-04-27,Ijara,Savdo,Boshqa,616,24,7.0,0.4437,5,0,4,Tovar,0.6788,1.976,0.1401,36,150890592,143741449,0.7454,0.2698,0.606,0.3399,0.2806,1,0.6373,2,1,,0.1253,0.0725,0.0448,0.25,0.1066,0.9807,0.9474,906.1313,0.6205,1.1092,0.3012,0.2777,0.0,0.23,0.0801,0.35,143741449,4032161,-0.013,0.0806,0
TXN-2024-0776,2024-11-15,Murabaha,Ishlab chiqarish,Samarqand,674,50,16.8,0.281,2,0,3,Transport,0.4749,2.452,0.1829,24,520428290,150862129,0.2133,0.1645,0.8159,0.1048,0.0104,1,0.4403,2,0,,0.0935,0.1037,0.057,0.2269,0.0879,1.0962,0.3085,1416.2635,0.1152,1.9342,0.1335,0.2736,0.0,0.7219,0.0587,0.45,150862129,3986150,-0.0097,0.565,0
TXN-2024-0777,2024-07-08,Murabaha,Ishlab chiqarish,Namangan,777,39,7.7,0.3633,0,1,2,Ko'chmas mulk,0.4705,0.187,0.1027,60,228077131,124122884,0.8136,0.3016,0.7269,0.2345,0.2216,1,0.3899,2,0,,0.0777,0.0976,0.0482,0.25,0.0626,1.0148,0.4151,1647.9375,0.4562,1.3057,0.1709,0.2994,1000.0,0.3953,0.0841,0.45,124122884,4696614,-0.008,-0.351,0
TXN-2022-0778,2022-05-13,Ijara,Qishloq xo'jaligi,Buxoro,717,46,1.3,0.5809,3,0,3,Sanoat uskunasi,0.6676,2.38,0.1312,36,494151568,106943958,0.8089,0.3372,0.5364,0.2096,0.2528,1,0.3719,3,1,,0.1029,0.066,0.0458,0.25,0.0617,0.927,0.7125,1072.429,0.4624,1.2631,0.3878,0.2702,0.0,0.2884,0.0457,0.35,106943958,1711429,-0.0107,0.0116,0
TXN-2021-0779,2021-07-28,Ijara,Savdo,Boshqa,680,36,3.5,0.5031,1,0,4,Tovar,0.6934,3.333,0.078,36,196099937,77215690,0.7116,0.2585,0.8345,0.133,0.102,1,0.5228,1,1,,0.0664,0.1107,0.0564,0.2345,0.1315,0.9726,0.2039,979.269,0.235,1.1572,0.3489,0.2888,0.0,0.6384,0.0334,0.35,77215690,903076,-0.0069,-0.7824,0
TXN-2024-0780,2024-11-28,Ijara,Qishloq xo'jaligi,Samarqand,684,29,0.5,0.4852,0,0,4,Ko'chmas mulk,0.5071,0.5,0.152,12,399802105,194454659,0.2232,0.3997,0.7842,0.2806,0.3195,1,0.3035,3,1,,0.0977,0.1001,0.0668,0.25,0.0611,1.0387,0.2849,1346.07,0.6001,1.5401,0.2461,0.2834,0.0,0.3136,0.0631,0.35,194454659,4291386,-0.0101,0.2249,0
TXN-2022-0781,2022-09-10,Ijara,Qishloq xo'jaligi,Samarqand,648,45,3.0,0.2314,3,0,3,Ko'chmas mulk,0.6003,0.707,0.1499,48,338263921,82337071,0.741,0.402,0.8065,0.1309,0.0613,1,0.6051,0,1,,0.1143,0.0935,0.0973,0.25,0.0098,1.1042,0.5115,1077.5757,0.1922,1.2999,0.1389,0.2462,0.0,0.6515,0.0428,0.35,82337071,1234434,-0.0118,0.1738,0
TXN-2024-0782,2024-11-02,Musharaka,Savdo,Andijon,692,44,8.1,0.615,1,0,4,Tovar,0.7337,0.749,0.2426,36,236076248,167414635,0.2118,0.6,0.6772,0.476,0.1643,1,0.7227,3,0,,0.2266,0.0626,0.0398,0.2454,0.0795,0.9386,0.7656,941.8579,0.6404,1.066,0.4512,0.2681,0.0,0.2435,0.3097,0.6,167414635,31112170,-0.0235,0.4969,1
TXN-2024-0783,2024-05-14,Murabaha,IT,Toshkent,429,47,2.9,0.4027,1,1,3,Boshqa,0.4706,7.026,0.1379,24,556289950,144837989,0.5018,0.4951,0.6046,0.1377,0.2136,1,0.2243,1,0,,0.1116,0.1236,0.0451,0.25,0.0023,1.1594,0.424,909.7502,0.3513,1.2247,0.1895,0.3286,0.999,0.3922,0.199,0.45,144837989,12972202,-0.0116,0.0707,0
TXN-2021-0784,2021-09-05,Murabaha,Qurilish,Toshkent,619,37,2.4,0.4474,3,0,5,Ko'chmas mulk,0.4795,1.306,0.1811,72,532480920,232602501,0.4094,0.4259,0.9159,0.449,0.1768,1,0.6366,0,0,,0.1506,0.0787,0.0468,0.25,0.0873,1.001,0.516,1288.3375,0.6259,1.1945,0.2145,0.2819,0.0,0.3427,0.0385,0.45,232602501,4032215,-0.0156,0.3392,0
TXN-2024-0785,2024-03-05,Murabaha,Ishlab chiqarish,Buxoro,665,32,5.4,0.2962,0,0,3,Moliyaviy aktiv,0.5672,1.891,0.1467,24,166196890,175149912,0.8081,0.5292,0.8256,0.0643,0.305,1,0.1523,1,0,,0.1101,0.14,0.0643,0.25,0.0835,1.0625,0.667,1170.2767,0.3694,1.3211,0.168,0.3257,0.0,0.5206,0.0557,0.45,175149912,4387188,-0.0114,0.1519,0
TXN-2021-0786,2021-03-26,Sukuk,Qishloq xo'jaligi,Andijon,547,22,12.3,0.6511,5,1,4,Transport,0.7555,3.221,0.1346,36,159147399,86230386,0.9109,0.4782,0.6895,0.4456,0.1386,1,0.199,2,0,BBB,0.0734,0.117,0.0407,0.0609,0.0746,0.9923,0.6979,723.0717,0.5842,1.8101,0.4919,0.1371,0.2,0.2867,0.068,0.28,86230386,1642718,-0.0076,0.0624,0
TXN-2022-0787,2022-12-13,Musharaka,Ishlab chiqarish,Andijon,677,46,0.5,0.4445,1,0,4,Moliyaviy aktiv,0.6474,1.161,0.1615,60,211648214,68267950,0.6297,0.1365,0.9417,0.226,0.1373,1,0.4932,1,0,,0.2407,0.1279,0.0642,0.25,0.1173,1.0818,0.5332,1044.1482,0.3634,0.668,0.2877,0.3136,0.0,0.5995,0.1747,0.6,68267950,7155129,-0.0249,0.1307,0
TXN-2023-0788,2023-12-28,Murabaha,Savdo,Andijon,627,42,2.9,0.4987,1,0,3,Sanoat uskunasi,0.4779,0.279,0.1271,60,204656261,306990782,0.8735,0.0956,0.8049,0.2778,0.3425,1,0.1759,0,0,,0.1727,0.1011,0.0196,0.25,0.0846,0.9866,0.7458,1309.3787,0.6203,0.7315,0.2383,0.3315,0.0,0.3056,0.1066,0.45,306990782,14729809,-0.0179,-0.0169,0
TXN-2023-0789,2023-05-28,Musharaka,Savdo,Samarqand,794,28,1.0,0.3845,3,0,3,Moliyaviy aktiv,0.3374,2.656,0.2057,60,456536018,110516875,0.4316,0.1394,0.793,0.1009,0.1137,1,0.4517,0,0,,0.201,0.1054,0.0363,0.1399,0.0814,0.9807,0.641,2346.2702,0.2146,1.018,0.1297,0.2091,0.0,0.6229,0.0773,0.6,110516875,5125308,-0.0208,0.3764,0
TXN-2024-0790,2024-09-16,Sukuk,Ishlab chiqarish,Toshkent,778,32,7.1,0.2192,1,0,3,Tovar,0.6348,2.751,0.0684,72,303434024,394708647,0.8244,0.4843,0.8874,0.3802,0.0354,1,0.2215,1,0,AA,0.079,0.0912,0.0541,0.25,0.0819,0.8141,0.3595,1223.7184,0.4156,0.8559,0.1392,0.2871,0.0,0.5186,0.0084,0.28,394708647,925169,-0.0082,-0.7793,0
TXN-2023-0791,2023-01-29,Murabaha,Qurilish,Samarqand,605,33,0.7,0.4339,5,0,3,Ko'chmas mulk,0.7582,0.755,0.1305,24,142639558,23687354,0.6262,0.4373,0.6363,0.219,0.3911,1,0.1726,0,0,,0.0807,0.1037,0.0426,0.25,0.0512,0.9701,0.4598,796.9338,0.6101,1.5972,0.329,0.3111,0.0,0.2481,0.2071,0.45,23687354,2207303,-0.0084,0.0066,0
TXN-2021-0792,2021-05-22,Musharaka,Savdo,Toshkent,632,23,6.6,0.2483,4,0,4,Ko'chmas mulk,0.4752,0.09,0.1769,84,146668625,168476666,0.7583,0.5397,0.6819,0.3927,0.2299,1,0.5605,5,0,,0.1685,0.0773,0.0719,0.1926,0.0854,1.1587,0.5246,1327.2284,0.6225,1.0441,0.118,0.198,0.0,0.2574,0.1459,0.6,168476666,14743906,-0.0175,0.2786,0
TXN-2023-0793,2023-11-03,Musharaka,Ishlab chiqarish,Buxoro,638,29,2.0,0.4626,1,0,3,Transport,0.5474,2.737,0.0998,12,261818238,270135152,0.6213,0.3252,0.8358,0.2444,0.1147,1,0.174,3,0,,0.2948,0.05,0.0529,0.25,0.0823,0.942,0.806,1163.312,0.359,0.3374,0.2532,0.2471,0.0,0.5357,0.2094,0.6,270135152,33943882,-0.0306,-0.1024,1
TXN-2024-0794,2024-08-19,Musharaka,Qurilish,Samarqand,606,26,1.3,0.4898,0,0,3,Ko'chmas mulk,0.3079,3.039,0.1859,24,411468177,157757759,0.6633,0.4224,0.6683,0.0454,0.0491,0,0.311,2,0,,0.2,0.0958,0.0432,0.25,0.0488,0.909,0.2266,1961.574,0.0944,0.9252,0.1508,0.3026,0.0,0.6052,0.1488,0.6,157757759,14082651,-0.0207,0.2797,0
TXN-2022-0795,2022-11-30,Murabaha,Qishloq xo'jaligi,Toshkent,661,33,16.5,0.2123,0,1,3,Transport,0.7239,0.066,0.1598,12,625727239,172150518,0.6445,0.3819,0.7934,0.5,0.0715,0,0.3744,4,0,,0.1262,0.0607,0.0539,0.25,0.0471,0.9923,0.8191,911.7935,0.5715,1.2561,0.1537,0.2568,1000.0,0.3399,0.0871,0.45,172150518,6747397,-0.0131,0.236,0
TXN-2021-0796,2021-01-26,Sukuk,Qurilish,Boshqa,580,30,0.5,0.295,0,0,3,Boshqa,0.4654,2.954,0.1209,84,271247389,221520154,0.7603,0.4462,0.7321,0.017,0.048,1,0.5658,1,0,A,0.0717,0.1025,0.0663,0.25,0.0783,1.0933,0.8652,1243.5267,0.065,1.662,0.1373,0.2862,0.0,0.6845,0.0223,0.28,221520154,1382805,-0.0074,-0.1267,0
TXN-2023-0797,2023-05-11,Sukuk,Qishloq xo'jaligi,Boshqa,548,21,3.5,0.6319,1,0,2,Ko'chmas mulk,0.6993,6.989,0.0626,36,227111534,264775600,0.6867,0.3087,0.8921,0.2076,0.1696,1,0.459,1,0,BBB,0.1162,0.0882,0.0778,0.1461,0.0891,1.0125,0.5993,782.5615,0.3772,0.5336,0.4418,0.1565,0.0,0.5556,0.0702,0.28,264775600,5207488,-0.012,-0.5802,0
TXN-2023-0798,2023-10-01,Musharaka,Qishloq xo'jaligi,Boshqa,697,58,0.5,0.3686,3,1,2,Transport,0.8036,0.492,0.2408,36,213941162,226432957,0.8307,0.2519,0.8686,0.0242,0.0823,1,0.0977,3,0,,0.2922,0.0959,0.0689,0.0877,0.0394,1.0293,0.2212,866.2995,0.1065,0.8213,0.2962,0.1147,0.3332,0.7761,0.1929,0.6,226432957,26204633,-0.0303,0.3792,0
TXN-2021-0799,2021-08-05,Ijara,Savdo,Samarqand,698,50,4.0,0.5909,2,0,4,Transport,0.6869,1.842,0.0577,24,158029373,350767292,0.6327,0.4827,0.4625,0.2041,0.0797,1,0.5447,4,1,,0.0998,0.0878,0.0668,0.25,0.0556,1.0504,0.6724,1014.6572,0.2838,0.5724,0.4059,0.271,0.0,0.3312,0.0719,0.35,350767292,8822650,-0.0103,-0.7242,0
TXN-2023-0800,2023-06-07,Sukuk,Savdo,Buxoro,576,30,4.2,0.5454,2,0,4,Sanoat uskunasi,0.7398,2.983,0.0773,24,233531735,106599472,0.7738,0.4701,0.7852,0.2927,0.1001,1,0.2879,1,0,AA,0.084,0.1211,0.0857,0.25,0.0402,1.0856,0.7717,777.5581,0.3928,0.9098,0.4035,0.2854,0.0,0.4768,0.0495,0.28,106599472,1478554,-0.0087,-0.6269,0
TXN-2023-0801,2023-01-12,Ijara,Ishlab chiqarish,Namangan,721,40,2.3,0.6583,0,1,5,Ko'chmas mulk,0.3648,0.654,0.1812,48,182697415,477973305,0.6964,0.4458,0.717,0.3272,0.0988,1,0.3679,2,1,,0.0717,0.0795,0.0289,0.2149,0.0486,0.9832,0.5098,1971.2813,0.426,2.4937,0.2401,0.2655,1000.0,0.4116,0.0118,0.35,477973305,1980635,-0.0074,0.7148,0
TXN-2024-0802,2024-07-25,Murabaha,Savdo,Samarqand,591,42,0.9,0.4424,0,0,2,Ko'chmas mulk,0.7692,3.481,0.1462,12,191480413,71985779,0.5592,0.4206,0.7014,0.4486,0.1717,1,0.5638,2,0,,0.1247,0.1255,0.0591,0.1262,0.0423,1.0253,0.5635,767.3554,0.6203,1.1624,0.3403,0.1927,0.0,0.2663,0.3449,0.45,71985779,11173801,-0.0129,0.1295,1
TXN-2023-0803,2023-07-31,Musharaka,Ishlab chiqarish,Samarqand,666,49,2.8,0.4967,2,1,2,Tovar,0.8338,5.064,0.1173,48,349612887,290214088,0.8377,0.2657,0.7583,0.1561,0.2028,0,0.492,4,0,,0.2228,0.1021,0.0543,0.1635,0.0622,0.9926,0.6043,797.7488,0.3589,0.5241,0.4142,0.2114,0.4998,0.4861,0.353,0.6,290214088,61469245,-0.0231,-0.0571,1
TXN-2024-0804,2024-12-19,Musharaka,Ishlab chiqarish,Buxoro,714,29,6.7,0.2894,1,1,2,Tovar,0.6228,4.212,0.0983,60,103150166,195612270,0.4459,0.4532,0.758,0.1893,0.1481,1,0.3752,2,0,,0.3247,0.0706,0.0613,0.25,0.0489,1.0116,0.9401,1144.5148,0.3373,0.3017,0.1802,0.2593,0.999,0.5023,0.3242,0.6,195612270,38045350,-0.0336,-0.0978,1
TXN-2021-0805,2021-11-10,Musharaka,Savdo,Toshkent,642,48,9.2,0.5615,3,0,4,Tovar,0.8451,0.749,0.104,48,77491972,712484009,0.7041,0.5312,0.7617,0.3768,0.0266,1,0.2453,3,0,,0.243,0.0859,0.0493,0.25,0.0618,0.9223,0.6051,758.7458,0.4033,0.4264,0.4745,0.2866,0.0,0.4545,0.2388,0.6,712484009,102077354,-0.0252,-0.1069,0
TXN-2023-0806,2023-06-11,Ijara,Qurilish,Toshkent,683,32,4.5,0.5038,1,0,4,Tovar,0.4411,4.077,0.0916,60,138271147,182915185,0.3677,0.3935,0.8975,0.2992,0.1028,1,0.6934,0,1,,0.0816,0.0646,0.0546,0.25,0.0396,0.9945,0.6811,1545.0376,0.402,1.1089,0.2222,0.26,0.0,0.5367,0.0304,0.35,182915185,1944028,-0.0085,-0.4707,0
TXN-2021-0807,2021-12-27,Sukuk,Qishloq xo'jaligi,Namangan,601,24,5.3,0.3993,2,0,3,Transport,0.2061,1.333,0.1244,24,393454308,240063350,0.6033,0.6,0.6505,0.154,0.3789,1,0.347,1,0,A,0.1007,0.0676,0.0691,0.25,0.0864,1.0481,0.8197,2902.2677,0.5329,1.2231,0.0823,0.2485,0.0,0.3039,0.0289,0.28,240063350,1941328,-0.0104,-0.056,0
TXN-2023-0808,2023-12-05,Sukuk,Savdo,Samarqand,628,45,1.3,0.6017,2,1,4,Sanoat uskunasi,0.6019,0.775,0.1137,12,301896718,46664088,0.408,0.5915,0.7533,0.0959,0.021,1,0.4606,0,0,AA,0.0685,0.086,0.0731,0.1561,0.0353,0.9879,0.342,1041.6746,0.1169,1.637,0.3622,0.1689,0.4998,0.6652,0.0383,0.28,46664088,500853,-0.0071,-0.2381,0
TXN-2024-0809,2024-08-25,Musharaka,Qishloq xo'jaligi,Toshkent,627,50,2.0,0.5288,4,1,4,Transport,0.3422,0.46,0.244,48,430281814,269901552,0.6454,0.6,0.7575,0.2188,0.0167,1,0.4317,0,0,,0.1849,0.108,0.0528,0.25,0.0642,0.9544,0.9334,1826.844,0.2355,1.3127,0.181,0.3052,0.2499,0.5791,0.1019,0.6,269901552,16509866,-0.0192,0.6167,0
TXN-2022-0810,2022-07-08,Murabaha,Ishlab chiqarish,Buxoro,581,63,1.1,0.4101,4,0,5,Ko'chmas mulk,0.562,5.992,0.0977,60,90908769,180778046,0.6406,0.3304,0.8916,0.2321,0.2304,1,0.1574,4,0,,0.1236,0.1386,0.0329,0.25,0.0533,0.8778,0.7357,1031.8842,0.4625,0.7837,0.2305,0.3557,0.0,0.4792,0.0525,0.45,180778046,4267869,-0.0128,-0.2616,0
TXN-2024-0811,2024-06-15,Sukuk,Savdo,Toshkent,629,26,1.7,0.4467,4,0,2,Transport,0.5674,1.392,0.0502,36,332745698,248512493,0.6685,0.2269,0.7515,0.1859,0.2006,1,0.7946,5,0,A,0.0732,0.105,0.0788,0.2304,0.0938,1.0558,0.5637,1106.6983,0.3865,0.6765,0.2534,0.2566,0.0,0.461,0.0437,0.28,248512493,3042659,-0.0076,-1.0908,0
TXN-2024-0812,2024-01-08,Ijara,IT,Buxoro,513,44,1.5,0.3564,1,0,2,Ko'chmas mulk,0.4794,5.02,0.1392,60,103256023,76169870,0.7876,0.6,0.7038,0.1159,0.134,0,0.2813,3,1,,0.0921,0.0935,0.0454,0.25,0.0823,1.0232,0.3362,1067.9038,0.2499,1.495,0.1708,0.298,0.0,0.5279,0.0896,0.35,76169870,2387632,-0.0095,0.0996,1
TXN-2023-0813,2023-09-18,Murabaha,Ishlab chiqarish,Buxoro,603,33,4.4,0.4237,1,1,3,Transport,0.3945,0.435,0.1374,36,127898576,104672286,0.6874,0.3414,0.6238,0.155,0.0677,1,0.3985,3,0,,0.087,0.083,0.0344,0.1778,0.1173,0.9989,0.4157,1524.5775,0.2227,1.5612,0.1672,0.2264,0.999,0.4849,0.0729,0.45,104672286,3432800,-0.009,0.0854,0
TXN-2023-0814,2023-08-11,Sukuk,Savdo,Toshkent,620,45,5.0,0.2147,3,1,1,Ko'chmas mulk,0.95,3.642,0.0801,24,112363847,168513959,0.3001,0.3937,0.7208,0.2295,0.0876,1,0.2041,1,0,AAA,0.0641,0.05,0.0634,0.25,0.0462,1.0504,0.6718,651.9453,0.3171,1.2304,0.2039,0.2366,0.3332,0.4922,0.1523,0.28,168513959,7187362,-0.0066,-0.7783,1
TXN-2023-0815,2023-06-12,Sukuk,Qurilish,Toshkent,623,23,17.4,0.3806,2,0,5,Sanoat uskunasi,0.3029,0.291,0.1249,36,124248294,141200014,0.3566,0.262,0.9016,0.3713,0.1658,1,0.4127,4,0,A,0.0728,0.0813,0.0639,0.1929,0.0637,1.0606,0.8218,2049.9349,0.5372,1.6927,0.1153,0.2102,0.0,0.4173,0.0077,0.28,141200014,305705,-0.0075,-0.0702,0
TXN-2024-0816,2024-04-28,Musharaka,Ishlab chiqarish,Samarqand,624,25,1.3,0.1461,2,0,3,Transport,0.6881,0.044,0.2579,24,1194252315,179628691,0.5778,0.3255,0.6985,0.0248,0.2338,1,0.8461,1,0,,0.1545,0.0967,0.0819,0.25,0.087,1.1086,0.5682,905.495,0.2586,1.6582,0.1005,0.2648,0.0,0.5178,0.1344,0.6,179628691,14480215,-0.016,0.8276,0
TXN-2022-0817,2022-07-04,Musharaka,Savdo,Toshkent,639,30,6.2,0.2044,2,1,4,Sanoat uskunasi,0.4113,12.0,0.2834,36,336451772,166628000,0.8979,0.3623,0.908,0.2564,0.0447,1,0.3863,1,0,,0.2164,0.1119,0.0522,0.25,0.0514,0.939,0.7539,1549.8234,0.3011,1.3034,0.0841,0.3097,0.4998,0.6346,0.0586,0.6,166628000,5860715,-0.0224,0.7088,0
TXN-2022-0818,2022-10-23,Murabaha,Ishlab chiqarish,Samarqand,685,38,10.2,0.6675,2,0,3,Transport,0.4277,0.191,0.0988,24,80734408,104858694,0.7079,0.1627,0.715,0.1818,0.0675,1,0.3009,5,0,,0.1409,0.1153,0.0618,0.25,0.0428,0.9878,0.6299,1597.9581,0.2493,0.6958,0.2855,0.3035,0.0,0.5367,0.0643,0.45,104858694,3031853,-0.0146,-0.2217,0
TXN-2022-0819,2022-05-18,Murabaha,Ishlab chiqarish,Boshqa,719,31,4.9,0.3254,1,0,3,Moliyaviy aktiv,0.6694,1.548,0.1892,24,95275363,125546120,0.656,0.6,0.8443,0.1467,0.173,1,0.4359,2,0,,0.1103,0.0845,0.0637,0.25,0.0478,1.1021,0.3677,1072.5156,0.3198,1.7001,0.2178,0.2708,0.0,0.5743,0.0344,0.45,125546120,1941536,-0.0114,0.5365,0
TXN-2021-0820,2021-06-27,Murabaha,Savdo,Toshkent,589,44,1.8,0.4613,1,0,2,Ko'chmas mulk,0.8223,5.267,0.1556,72,256829459,87987261,0.5005,0.186,0.67,0.2504,0.2094,1,0.6566,3,0,,0.072,0.1152,0.0506,0.1304,0.0717,0.8771,0.5916,715.3752,0.4598,2.1328,0.3794,0.195,0.0,0.3619,0.2143,0.45,87987261,8483210,-0.0075,0.3555,0
TXN-2022-0821,2022-07-26,Ijara,Qurilish,Samarqand,542,48,1.8,0.4119,1,1,3,Sanoat uskunasi,0.7362,4.278,0.1013,24,270667928,1022519492,0.6007,0.3013,0.8508,0.3639,0.1234,1,0.2049,1,0,,0.1167,0.14,0.0499,0.1684,0.0544,1.1118,0.6826,735.2126,0.4873,0.8612,0.3033,0.2586,0.999,0.4362,0.16,0.35,1022519492,57266597,-0.0121,-0.2458,1
TXN-2023-0822,2023-07-13,Murabaha,Qurilish,Samarqand,556,43,0.5,0.521,1,1,4,Sanoat uskunasi,0.6717,1.593,0.1884,24,167068645,188256275,0.6403,0.4225,0.7977,0.3657,0.1721,0,0.838,0,0,,0.0786,0.1357,0.0796,0.25,0.1262,0.9623,0.4107,826.5306,0.5379,2.3655,0.35,0.3061,0.999,0.3687,0.1287,0.45,188256275,10899848,-0.0081,0.7423,0
TXN-2022-0823,2022-05-15,Murabaha,Savdo,Toshkent,603,54,2.2,0.4825,6,0,5,Boshqa,0.794,2.359,0.1046,120,674151238,507401903,0.7386,0.5917,0.6297,0.0594,0.1369,0,0.895,4,0,,0.1322,0.1363,0.048,0.25,0.0741,0.8922,0.7885,758.455,0.1963,0.7852,0.3831,0.3384,0.0,0.5061,0.0666,0.45,507401903,15198029,-0.0137,-0.1921,0
TXN-2023-0824,2023-08-10,Murabaha,IT,Samarqand,615,42,8.2,0.6213,1,0,4,Transport,0.5929,2.484,0.1149,48,143449220,71648163,0.7318,0.4032,0.7466,0.1676,0.0495,0,0.4295,2,0,,0.1277,0.0879,0.0467,0.25,0.0467,1.0052,0.5978,1035.5144,0.2171,0.8924,0.3684,0.2913,0.0,0.5845,0.0612,0.45,71648163,1971747,-0.0132,-0.1183,0
TXN-2024-0825,2024-03-13,Musharaka,Qurilish,Andijon,579,25,0.5,0.1959,4,0,4,Ko'chmas mulk,0.7228,0.291,0.2342,48,427308582,139502807,0.4255,0.13,0.847,0.2838,0.2242,1,0.4427,2,0,,0.1634,0.0727,0.0823,0.124,0.0904,0.9967,0.5284,799.9774,0.508,1.4245,0.1416,0.1144,0.0,0.4167,0.3095,0.6,139502807,25906141,-0.0169,0.6376,0
TXN-2024-0826,2024-06-03,Sukuk,Ishlab chiqarish,Toshkent,534,51,1.5,0.335,0,1,1,Ko'chmas mulk,0.5113,0.838,0.0846,60,398514119,108605039,0.4988,0.416,0.8959,0.0517,0.0356,1,0.0465,3,0,AA,0.0712,0.0705,0.032,0.25,0.0579,1.0787,0.5098,1042.3646,0.0873,1.1716,0.1713,0.2885,1000.0,0.8177,0.0521,0.28,108605039,1582849,-0.0074,-0.637,0
TXN-2024-0827,2024-09-30,Murabaha,Savdo,Samarqand,606,31,7.3,0.5529,2,0,5,Ko'chmas mulk,0.8104,0.895,0.1563,36,1034781325,195812120,0.7758,0.0523,0.45,0.1833,0.1462,1,0.3571,1,0,,0.1446,0.1094,0.0699,0.25,0.0881,1.0104,0.7487,746.8936,0.3295,1.0733,0.448,0.2895,0.0,0.3017,0.1187,0.45,195812120,10456942,-0.015,0.1816,0
TXN-2023-0828,2023-02-16,Murabaha,Savdo,Toshkent,660,47,9.2,0.2505,1,0,1,Transport,0.4673,1.188,0.1201,24,1061659375,171211645,0.4299,0.3145,0.9023,0.1367,0.0869,1,0.0929,3,0,,0.106,0.14,0.0765,0.2001,0.0671,0.9763,0.846,1409.4728,0.2235,1.1224,0.117,0.2636,0.0,0.7006,0.0745,0.45,171211645,5742757,-0.011,-0.0939,0
TXN-2022-0829,2022-11-20,Ijara,Ishlab chiqarish,Boshqa,695,53,3.6,0.4185,3,0,5,Tovar,0.5737,0.8,0.1252,36,371079489,66968189,0.6223,0.0818,0.569,0.2897,0.1927,1,0.3499,2,1,,0.0675,0.0933,0.0343,0.25,0.081,0.9656,0.541,1209.308,0.4825,1.8281,0.2401,0.3089,0.0,0.2945,0.0453,0.35,66968189,1061926,-0.007,-0.0709,0
TXN-2021-0830,2021-02-28,Musharaka,Qishloq xo'jaligi,Samarqand,597,42,7.2,0.2903,1,1,4,Ko'chmas mulk,0.6397,0.724,0.1948,60,250051789,207077028,0.8754,0.12,0.5728,0.1822,0.1181,1,0.4884,3,0,,0.3008,0.0887,0.045,0.25,0.048,1.0421,0.6067,931.8627,0.3003,0.6454,0.1857,0.2937,0.999,0.4008,0.2619,0.6,207077028,32545292,-0.0312,0.2154,0
TXN-2023-0831,2023-10-10,Murabaha,Ishlab chiqarish,Samarqand,609,23,2.9,0.4954,1,0,2,Ko'chmas mulk,0.8874,1.095,0.1017,72,303197068,178982529,0.4263,0.1116,0.9136,0.0734,0.1319,1,0.5035,3,0,,0.1073,0.1349,0.0493,0.25,0.09,1.0336,0.4672,685.497,0.2052,0.9382,0.4396,0.3355,0.0,0.7261,0.1469,0.45,178982529,11828243,-0.0111,-0.264,1
TXN-2022-0832,2022-10-28,Musharaka,Ishlab chiqarish,Samarqand,566,28,1.0,0.2931,0,0,3,Ko'chmas mulk,0.7552,1.192,0.1924,24,353813205,182400168,0.602,0.3914,0.7878,0.0647,0.1737,1,0.3529,4,0,,0.3233,0.1079,0.0838,0.1725,0.0484,1.0344,0.8703,748.4488,0.2384,0.5935,0.2214,0.1965,0.0,0.6,0.2897,0.6,182400168,31700967,-0.0335,0.1932,0
TXN-2022-0833,2022-01-08,Murabaha,Qishloq xo'jaligi,Andijon,642,51,3.0,0.0513,4,1,5,Ko'chmas mulk,0.4454,1.67,0.119,24,80159959,332498666,0.8005,0.3319,0.5637,0.13,0.2399,1,0.4011,0,0,,0.1141,0.109,0.0677,0.25,0.0751,0.9847,0.2652,1438.1279,0.37,1.0333,0.0229,0.2913,0.2499,0.3552,0.0285,0.45,332498666,4266835,-0.0118,-0.0967,0
TXN-2023-0834,2023-09-26,Murabaha,Qurilish,Boshqa,572,36,5.2,0.5379,4,1,3,Moliyaviy aktiv,0.8402,0.476,0.1017,36,99594008,288134069,0.7788,0.5781,0.9735,0.1546,0.0284,1,0.6403,0,0,,0.1139,0.0997,0.0797,0.25,0.1006,1.0808,0.4815,679.9614,0.183,0.8852,0.452,0.27,0.2499,0.7953,0.1233,0.45,288134069,15987237,-0.0118,-0.2479,0
TXN-2022-0835,2022-03-11,Musharaka,Savdo,Toshkent,693,38,17.7,0.6497,2,0,3,Tovar,0.4701,3.882,0.1132,48,439163241,462948165,0.5756,0.5721,0.5441,0.1966,0.0737,1,0.2767,3,0,,0.2501,0.1137,0.075,0.0745,0.0833,0.992,0.213,1470.9649,0.2702,0.4507,0.3054,0.1132,0.0,0.3971,0.3312,0.6,462948165,91988519,-0.0259,-0.0673,0
TXN-2022-0836,2022-12-28,Murabaha,Savdo,Toshkent,493,45,0.5,0.2784,0,0,2,Ko'chmas mulk,0.648,4.927,0.0959,24,555540298,188152484,0.5594,0.6,0.9375,0.3029,0.1083,0,0.6031,5,0,,0.1212,0.0867,0.0476,0.25,0.087,1.0814,0.6406,759.6619,0.4111,0.7848,0.1804,0.2891,0.0,0.5521,0.1697,0.45,188152484,14367433,-0.0126,-0.2814,0
TXN-2022-0837,2022-06-14,Sukuk,Qishloq xo'jaligi,Boshqa,614,44,4.2,0.5328,3,0,4,Ko'chmas mulk,0.7061,0.713,0.0848,72,597292009,281392007,0.3824,0.5734,0.8455,0.4501,0.3161,1,0.5985,1,0,AA,0.0579,0.0921,0.0845,0.25,0.0953,1.1373,0.6528,868.2914,0.7662,1.4405,0.3762,0.2576,0.0,0.1977,0.0392,0.28,281392007,3088032,-0.006,-0.7799,0
TXN-2022-0838,2022-11-29,Murabaha,IT,Toshkent,670,40,2.4,0.1511,1,0,2,Moliyaviy aktiv,0.3272,0.329,0.163,84,215344444,129899740,0.6549,0.1542,0.7108,0.266,0.2237,1,0.6922,1,0,,0.0845,0.1009,0.0406,0.25,0.0959,1.0539,0.2114,2041.5319,0.4897,1.906,0.0494,0.3104,0.0,0.3627,0.0735,0.45,129899740,4297104,-0.0088,0.3901,0
TXN-2022-0839,2022-07-27,Musharaka,Ishlab chiqarish,Toshkent,660,35,4.3,0.2891,1,0,4,Ko'chmas mulk,0.5643,3.203,0.0982,48,297808555,169763416,0.6004,0.3673,0.7842,0.227,0.0135,1,0.5387,4,0,,0.1811,0.1304,0.0557,0.2389,0.0465,0.9676,0.5477,1167.4957,0.2405,0.5392,0.1631,0.3137,0.0,0.5956,0.1134,0.6,169763416,11550825,-0.0188,-0.1758,0
TXN-2024-0840,2024-05-05,Musharaka,Qurilish,Andijon,850,34,0.5,0.3571,0,0,5,Sanoat uskunasi,0.8736,6.451,0.185,84,185866861,222895679,0.8468,0.5585,0.7958,0.1601,0.4,1,0.2134,3,0,,0.3398,0.1079,0.0548,0.1709,0.0809,1.0602,0.7768,971.8572,0.5601,0.5429,0.312,0.224,0.0,0.3501,0.1077,0.6,222895679,14402478,-0.0352,0.1619,0
TXN-2024-0841,2024-12-07,Murabaha,IT,Samarqand,674,46,2.3,0.3137,5,0,5,Moliyaviy aktiv,0.7766,0.089,0.155,24,737699911,105006560,0.4554,0.4192,0.5614,0.2281,0.0164,0,0.2926,4,0,,0.081,0.14,0.0592,0.2036,0.0446,0.9954,0.6142,866.7339,0.2444,1.8901,0.2436,0.2845,0.0,0.4242,0.0759,0.45,105006560,3585267,-0.0084,0.3085,0
TXN-2022-0842,2022-07-20,Ijara,Savdo,Namangan,559,43,10.3,0.4777,4,1,2,Transport,0.8186,0.036,0.15,60,193820935,154966787,0.6527,0.5435,0.786,0.2027,0.321,1,0.3142,1,1,,0.0844,0.0888,0.0874,0.25,0.05,1.0168,0.5256,682.0115,0.5237,1.7572,0.3911,0.2514,0.2499,0.3744,0.2087,0.35,154966787,11319645,-0.0087,0.2372,0
TXN-2024-0843,2024-02-13,Murabaha,Ishlab chiqarish,Namangan,636,35,4.8,0.2958,2,0,4,Ko'chmas mulk,0.5485,0.507,0.1182,48,153049814,60521230,0.6795,0.364,0.6896,0.2828,0.2762,1,0.8292,3,0,,0.12,0.1046,0.0411,0.0382,0.0731,0.9298,0.7722,1157.3896,0.559,0.9766,0.1623,0.1018,0.0,0.3041,0.0631,0.45,60521230,1718529,-0.0124,-0.0983,1
TXN-2021-0844,2021-01-21,Sukuk,Savdo,Buxoro,494,48,3.6,0.6378,2,0,2,Ko'chmas mulk,0.8478,2.886,0.1041,24,222337786,352047905,0.4918,0.3581,0.8085,0.0936,0.0583,1,0.3769,1,0,AA,0.0652,0.054,0.0573,0.074,0.0558,1.0465,0.7475,581.9856,0.152,1.571,0.5407,0.0707,0.0,0.6856,0.1106,0.28,352047905,10902176,-0.0068,-0.3974,0
TXN-2023-0845,2023-11-25,Murabaha,Savdo,Andijon,638,36,2.0,0.2621,3,0,4,Moliyaviy aktiv,0.4552,8.365,0.0938,36,193492296,359279716,0.8884,0.5285,0.8951,0.4726,0.1468,0,0.3495,2,0,,0.1348,0.1116,0.0607,0.2016,0.0841,1.0054,0.7872,1398.4323,0.6194,0.6906,0.1193,0.2525,0.0,0.3407,0.0347,0.45,359279716,5609316,-0.014,-0.2686,0
TXN-2022-0846,2022-01-27,Murabaha,Savdo,Toshkent,574,29,2.1,0.2549,2,0,5,Ko'chmas mulk,0.6504,3.47,0.0879,36,234371645,63474115,0.6162,0.3099,0.9512,0.0755,0.0625,0,0.4489,4,0,,0.1151,0.05,0.0562,0.25,0.1156,1.0487,0.4669,881.1146,0.138,0.7575,0.1658,0.2438,0.0,0.8199,0.0307,0.45,63474115,876473,-0.0119,-0.3657,0
TXN-2021-0847,2021-06-25,Murabaha,Ishlab chiqarish,Boshqa,722,30,2.9,0.2701,3,0,4,Transport,0.5134,2.128,0.1545,60,420450157,333754755,0.4015,0.5952,0.8905,0.2143,0.2982,0,0.3962,3,0,,0.1135,0.124,0.0583,0.25,0.0517,0.8865,0.5306,1403.5314,0.5126,1.3494,0.1387,0.3156,0.0,0.434,0.0279,0.45,333754755,4196183,-0.0118,0.2158,0
TXN-2022-0848,2022-05-10,Sukuk,Qurilish,Samarqand,598,28,10.8,0.3185,2,1,5,Tovar,0.3548,3.015,0.1517,72,264077528,292246829,0.556,0.6,0.8432,0.1183,0.1177,1,0.3565,3,0,AA,0.0926,0.1217,0.0166,0.25,0.0436,1.0031,0.353,1680.7485,0.236,1.6205,0.113,0.3551,0.4998,0.6442,0.0071,0.28,292246829,580797,-0.0096,0.2344,0
TXN-2023-0849,2023-04-13,Musharaka,Qurilish,Samarqand,635,35,20.5,0.3433,1,0,5,Tovar,0.6732,0.656,0.2196,48,171560803,185665168,0.538,0.2567,0.7809,0.277,0.0799,1,0.5308,2,0,,0.1383,0.0873,0.0574,0.2127,0.0721,0.8538,0.7368,941.8975,0.3569,1.5762,0.2311,0.2425,0.0,0.5023,0.1237,0.6,185665168,13775210,-0.0143,0.6478,0
TXN-2023-0850,2023-09-28,Musharaka,Ishlab chiqarish,Toshkent,590,50,3.5,0.462,1,0,3,Transport,0.7265,2.916,0.1071,48,165318122,185982766,0.3988,0.2498,0.7548,0.1049,0.0645,0,0.3606,2,0,,0.1728,0.0716,0.0647,0.2068,0.0439,1.0334,0.2,811.0366,0.1694,0.6159,0.3356,0.2136,0.0,0.627,0.3944,0.6,185982766,44010595,-0.0179,-0.1326,0
TXN-2024-0851,2024-02-12,Murabaha,Savdo,Toshkent,792,29,3.0,0.4908,2,0,4,Ko'chmas mulk,0.6286,0.969,0.0949,24,177388770,221581538,0.5572,0.6,0.6498,0.1251,0.1574,1,0.279,1,0,,0.1458,0.0787,0.0541,0.25,0.0742,1.0913,0.6108,1257.8687,0.2825,0.6465,0.3085,0.2746,0.0,0.4662,0.0436,0.45,221581538,4346175,-0.0151,-0.2409,0
TXN-2022-0852,2022-05-08,Ijara,Ishlab chiqarish,Buxoro,617,39,11.2,0.2879,0,0,1,Sanoat uskunasi,0.8068,0.629,0.1385,48,76192318,59157415,0.7056,0.1868,0.5323,0.1265,0.1096,1,0.2817,2,1,,0.0779,0.0687,0.0643,0.25,0.0767,1.0412,0.4076,763.7944,0.2361,1.7553,0.2323,0.2544,0.0,0.4066,0.1748,0.35,59157415,3620128,-0.0081,0.1088,0
TXN-2024-0853,2024-11-15,Murabaha,Savdo,Samarqand,800,31,3.3,0.3771,1,0,3,Ko'chmas mulk,0.5897,0.675,0.1688,48,420895742,744601502,0.3774,0.5498,0.5557,0.118,0.0502,1,0.6275,3,0,,0.0931,0.0899,0.0518,0.0518,0.1321,0.9772,0.3985,1354.2415,0.1682,1.7946,0.2224,0.0898,0.0,0.4623,0.0456,0.45,744601502,15270885,-0.0096,0.4171,0
TXN-2023-0854,2023-09-03,Sukuk,Xizmat,Andijon,714,35,4.8,0.6502,0,0,3,Ko'chmas mulk,0.5252,2.755,0.1014,24,354340582,32504367,0.8444,0.284,0.621,0.063,0.1447,1,0.2155,1,0,BBB,0.0909,0.0954,0.0438,0.1256,0.0784,1.1071,0.5845,1356.8241,0.2077,1.103,0.3415,0.1771,0.0,0.492,0.0391,0.28,32504367,355481,-0.0094,-0.3149,0
TXN-2024-0855,2024-08-15,Murabaha,Ishlab chiqarish,Toshkent,685,22,1.6,0.6102,0,1,5,Tovar,0.8242,3.644,0.1316,84,623145309,53326307,0.5118,0.3236,0.5974,0.0605,0.138,1,0.3283,2,0,,0.0887,0.0913,0.0513,0.25,0.0555,1.0419,0.5527,830.1368,0.1984,1.4674,0.5029,0.29,1000.0,0.4788,0.0678,0.45,53326307,1627746,-0.0092,0.0177,1
TXN-2024-0856,2024-12-28,Murabaha,Qishloq xo'jaligi,Toshkent,676,35,8.2,0.1802,2,1,3,Ko'chmas mulk,0.7883,2.18,0.1609,36,307485452,312004414,0.7396,0.0557,0.6261,0.0844,0.1864,1,0.3512,2,0,,0.1103,0.1246,0.0707,0.2045,0.0579,0.9273,0.4276,856.4299,0.2708,1.4462,0.142,0.2583,0.4998,0.4565,0.065,0.45,312004414,9128237,-0.0114,0.2801,0
TXN-2023-0857,2023-10-03,Murabaha,Ishlab chiqarish,Andijon,678,36,4.6,0.1992,3,0,4,Ko'chmas mulk,0.7422,0.165,0.0987,60,99097263,282133428,0.6409,0.2352,0.9426,0.4975,0.3849,1,0.3481,0,0,,0.105,0.1042,0.0454,0.2289,0.0562,1.0305,0.7799,912.2712,0.8824,0.9317,0.1478,0.2877,0.0,0.1109,0.0691,0.45,282133428,8776448,-0.0109,-0.2977,0
TXN-2023-0858,2023-07-07,Musharaka,Qurilish,Andijon,481,43,9.9,0.2832,5,0,4,Ko'chmas mulk,0.7841,0.097,0.2416,36,268045528,489248073,0.4265,0.6,0.703,0.1371,0.4,1,0.084,2,0,,0.2855,0.114,0.0755,0.25,0.0819,0.9727,0.6369,612.6386,0.5371,0.8435,0.2221,0.2885,0.0,0.3254,0.5095,0.6,489248073,149554893,-0.0296,0.3911,0
TXN-2021-0859,2021-02-05,Musharaka,Xizmat,Toshkent,621,40,9.1,0.4324,2,0,4,Transport,0.8126,0.612,0.2012,72,273319593,159672656,0.6119,0.3149,0.8427,0.1079,0.2382,0,0.4355,2,0,,0.2864,0.0968,0.0836,0.25,-0.0165,0.8455,0.8239,763.2717,0.346,0.7002,0.3513,0.2632,0.0,0.5511,0.2137,0.6,159672656,20477688,-0.0297,0.2487,0
TXN-2021-0860,2021-07-10,Murabaha,Savdo,Boshqa,716,26,1.5,0.35,0,2,4,Sanoat uskunasi,0.3821,0.844,0.1077,24,381865819,77780306,0.7392,0.5917,0.9209,0.2865,0.0619,1,0.4326,4,0,,0.1255,0.0872,0.0554,0.25,0.0818,0.9728,0.3938,1868.8818,0.3484,0.8515,0.1337,0.2817,2000.0,0.6,0.0177,0.45,77780306,618960,-0.013,-0.1773,0
TXN-2022-0861,2022-08-26,Ijara,Ishlab chiqarish,Toshkent,640,48,7.5,0.2621,3,0,3,Tovar,0.8517,1.297,0.1175,36,719626365,155346912,0.4818,0.1354,0.7887,0.215,0.1026,1,0.2161,3,1,,0.122,0.082,0.0255,0.25,0.0617,1.0595,0.584,750.561,0.3177,0.9548,0.2233,0.3066,0.0,0.5382,0.08,0.35,155346912,4349959,-0.0126,-0.1027,0
TXN-2022-0862,2022-03-30,Musharaka,Savdo,Samarqand,525,40,9.7,0.469,1,0,4,Sanoat uskunasi,0.6015,0.198,0.3,12,116629167,269492723,0.9024,0.374,0.8227,0.3049,0.1691,1,0.4946,1,0,,0.1887,0.0728,0.0909,0.25,0.0788,0.968,0.8581,871.3949,0.474,1.5817,0.2821,0.2319,0.0,0.4328,0.2605,0.6,269492723,42125044,-0.0196,0.9009,0
TXN-2023-0863,2023-04-09,Musharaka,Savdo,Andijon,640,39,2.5,0.6328,3,0,4,Sanoat uskunasi,0.6466,3.229,0.1624,24,343824972,91251531,0.5175,0.1089,0.5449,0.3468,0.0394,0,0.2969,2,0,,0.2156,0.1268,0.0929,0.2063,0.0587,0.9164,0.2519,988.3335,0.3862,0.7498,0.4091,0.2402,0.0,0.3345,0.3607,0.6,91251531,19748104,-0.0223,0.1502,0
TXN-2024-0864,2024-11-17,Musharaka,Savdo,Samarqand,789,37,1.1,0.2003,1,0,4,Sanoat uskunasi,0.9113,3.108,0.2138,24,221185092,70343687,0.6346,0.5167,0.7916,0.1347,0.1927,1,0.6764,1,0,,0.3655,0.0832,0.0628,0.25,0.0818,0.9723,0.3996,864.8136,0.3274,0.5833,0.1826,0.2704,0.0,0.5324,0.139,0.6,70343687,5867438,-0.0379,0.2292,0
TXN-2022-0865,2022-05-14,Murabaha,Ishlab chiqarish,Buxoro,750,32,0.5,0.3893,1,0,1,Ko'chmas mulk,0.8262,1.064,0.1734,36,1142737163,151742252,0.6431,0.3604,0.8095,0.3625,0.1266,1,0.6391,5,0,,0.1342,0.0998,0.0869,0.25,0.0517,0.9759,0.3514,906.6589,0.4891,1.2824,0.3216,0.2628,0.0,0.4135,0.2176,0.45,151742252,14861646,-0.0139,0.3232,1
TXN-2022-0866,2022-09-20,Musharaka,IT,Samarqand,639,40,3.6,0.3197,1,0,3,Transport,0.4872,2.07,0.1915,60,415374284,89517135,0.4637,0.2757,0.8841,0.4195,0.3441,1,0.4976,1,0,,0.2921,0.1161,0.0483,0.1898,0.0322,0.9594,0.5881,1308.9921,0.7636,0.6535,0.1557,0.2576,0.0,0.209,0.285,0.6,89517135,15306820,-0.0303,0.2107,0
TXN-2024-0867,2024-09-21,Murabaha,Ishlab chiqarish,Samarqand,725,42,2.6,0.5355,3,0,5,Sanoat uskunasi,0.534,0.266,0.1239,36,208987527,131396169,0.7433,0.2313,0.9519,0.1405,0.0366,1,0.3407,3,0,,0.1401,0.0944,0.0645,0.25,0.0666,1.0448,0.3789,1355.2243,0.1771,0.8783,0.286,0.2798,0.0,0.7833,0.0182,0.45,131396169,1076233,-0.0145,-0.0434,0
TXN-2024-0868,2024-04-06,Murabaha,Ishlab chiqarish,Samarqand,613,21,4.9,0.2257,2,0,3,Ko'chmas mulk,0.6001,1.341,0.1109,48,553126789,96312166,0.5752,0.5035,0.7816,0.2195,0.082,1,0.2466,4,0,,0.1527,0.0765,0.0421,0.25,0.0667,0.9478,0.905,1019.7643,0.3015,0.7216,0.1355,0.2844,0.0,0.5459,0.0677,0.45,96312166,2932667,-0.0158,-0.1252,0
TXN-2023-0869,2023-01-26,Sukuk,Qishloq xo'jaligi,Samarqand,500,32,1.2,0.3116,2,0,3,Ko'chmas mulk,0.5912,4.872,0.0956,72,211151282,223135636,0.7747,0.4262,0.8247,0.084,0.3836,1,0.2562,1,0,BBB,0.094,0.0888,0.0739,0.25,0.0665,1.0763,0.7516,844.2392,0.4676,1.0069,0.1842,0.2649,0.0,0.4391,0.0368,0.28,223135636,2299117,-0.0097,-0.3656,0
TXN-2023-0870,2023-08-28,Sukuk,Savdo,Samarqand,566,35,11.8,0.5715,2,0,3,Transport,0.4342,2.702,0.0964,60,368024712,108324213,0.7554,0.3529,0.5839,0.1599,0.0298,1,0.3276,3,0,AA,0.0708,0.1375,0.0632,0.25,0.018,1.0083,0.6345,1300.6973,0.1896,1.3431,0.2481,0.3243,0.0,0.4732,0.0407,0.28,108324213,1235237,-0.0073,-0.4741,0
TXN-2024-0871,2024-02-08,Murabaha,Ishlab chiqarish,Toshkent,777,40,1.8,0.3267,1,0,2,Transport,0.5834,0.274,0.191,12,194095353,103279343,0.6213,0.2968,0.9145,0.1453,0.2163,1,0.2267,1,0,,0.0844,0.1134,0.0374,0.25,0.0734,0.9957,0.5912,1329.5546,0.3616,2.2377,0.1906,0.326,0.0,0.5838,0.0321,0.45,103279343,1489890,-0.0087,0.723,0
TXN-2023-0872,2023-12-24,Murabaha,Ishlab chiqarish,Namangan,621,49,1.5,0.4073,1,0,3,Transport,0.4568,4.703,0.204,24,255900576,243140600,0.6194,0.3823,0.7422,0.3406,0.345,1,0.1668,2,0,,0.1451,0.08,0.0405,0.25,0.0658,0.8569,0.6586,1356.5528,0.6856,1.3967,0.186,0.2895,0.0,0.2333,0.0779,0.45,243140600,8527909,-0.015,0.5101,0
TXN-2022-0873,2022-12-06,Ijara,Qishloq xo'jaligi,Samarqand,624,30,3.9,0.2026,1,0,4,Sanoat uskunasi,0.6352,2.854,0.1743,12,525367008,68225414,0.8106,0.1983,0.9286,0.2286,0.1233,1,0.5839,2,1,,0.132,0.1122,0.0389,0.25,0.0745,0.9574,0.7113,980.7874,0.3518,1.3112,0.1287,0.3233,0.0,0.6019,0.027,0.35,68225414,645799,-0.0137,0.3359,0
TXN-2023-0874,2023-05-22,Murabaha,Qishloq xo'jaligi,Toshkent,619,33,4.1,0.3647,0,0,5,Transport,0.7448,1.509,0.126,12,196351731,78714856,0.5208,0.3876,0.7252,0.1146,0.0878,1,0.513,4,0,,0.1448,0.1148,0.0678,0.0681,0.0617,1.0949,0.5125,829.9966,0.2023,0.8641,0.2716,0.1152,0.0,0.5785,0.0631,0.45,78714856,2234528,-0.015,-0.0279,0
TXN-2024-0875,2024-02-02,Murabaha,Savdo,Boshqa,806,32,1.5,0.4372,2,0,3,Moliyaviy aktiv,0.5193,2.945,0.182,36,50000000,188129860,0.4613,0.2689,0.5576,0.1652,0.0438,1,0.4329,1,0,,0.1333,0.14,0.0596,0.25,0.1192,1.0212,0.5167,1549.151,0.2089,1.3547,0.227,0.3304,0.0,0.4411,0.0594,0.45,188129860,5029442,-0.0138,0.3898,0
TXN-2022-0876,2022-11-09,Murabaha,Qishloq xo'jaligi,Buxoro,783,29,1.9,0.4819,2,0,3,Transport,0.6757,0.474,0.1512,48,155459210,80440025,0.8347,0.327,0.9511,0.2556,0.1917,1,0.611,1,0,,0.1586,0.118,0.0624,0.234,0.0664,0.9538,0.6625,1157.1627,0.4473,0.9472,0.3256,0.2896,0.0,0.5257,0.0318,0.45,80440025,1149574,-0.0164,0.1335,0
TXN-2022-0877,2022-12-22,Ijara,Savdo,Toshkent,833,34,1.1,0.2552,3,0,4,Transport,0.8742,1.999,0.0876,24,595789029,368940851,0.6376,0.2876,0.8246,0.0617,0.0753,1,0.3746,4,1,,0.1064,0.1106,0.065,0.1111,0.0866,1.1592,0.3262,951.7989,0.1371,0.8157,0.2231,0.1567,0.0,0.7116,0.022,0.35,368940851,2840638,-0.011,-0.3979,0
TXN-2024-0878,2024-12-10,Ijara,Qishloq xo'jaligi,Namangan,631,45,7.6,0.4092,2,0,3,Ko'chmas mulk,0.4789,2.405,0.0755,36,633405721,71000784,0.7011,0.6,0.6505,0.2378,0.173,1,0.4231,3,0,,0.0739,0.1031,0.0612,0.25,0.1082,1.0382,0.7839,1314.8069,0.4108,1.0081,0.196,0.2919,0.0,0.3832,0.0439,0.35,71000784,1090160,-0.0077,-0.7379,0
TXN-2023-0879,2023-07-19,Murabaha,Qishloq xo'jaligi,Buxoro,670,27,8.8,0.4445,1,0,5,Ko'chmas mulk,0.5696,6.569,0.1271,36,159217204,136512461,0.5189,0.5436,0.7497,0.0113,0.2214,0,0.4839,4,0,,0.1364,0.1031,0.0682,0.1602,0.085,1.1382,0.378,1174.2318,0.2326,0.9247,0.2532,0.1952,0.0,0.5753,0.0288,0.45,136512461,1766989,-0.0141,-0.0213,0
TXN-2022-0880,2022-07-09,Murabaha,Ishlab chiqarish,Andijon,516,42,3.7,0.3721,0,1,3,Tovar,0.7671,0.173,0.1343,48,94047617,80840312,0.5744,0.3944,0.7898,0.1257,0.2703,1,0.3634,3,0,,0.1296,0.0721,0.0584,0.25,0.0716,1.0535,0.6582,671.7538,0.396,1.0288,0.2855,0.2637,1000.0,0.477,0.156,0.45,80840312,5675360,-0.0134,0.0333,0
TXN-2022-0881,2022-09-20,Murabaha,Qurilish,Buxoro,770,21,7.5,0.3159,1,0,4,Ko'chmas mulk,0.6684,1.174,0.1042,72,184845276,413217743,0.3281,0.5437,0.7649,0.5,0.0556,1,0.5715,2,0,,0.1126,0.064,0.0417,0.25,0.1094,1.041,0.7696,1150.2999,0.5556,0.9173,0.2111,0.2724,0.0,0.3399,0.0404,0.45,413217743,7516710,-0.0117,-0.2287,0
TXN-2022-0882,2022-05-30,Ijara,Savdo,Andijon,545,32,8.0,0.2415,2,1,4,Ko'chmas mulk,0.7863,6.904,0.1571,120,436890402,70851766,0.4054,0.05,0.8473,0.137,0.1943,1,0.746,1,1,,0.1004,0.0972,0.0327,0.25,0.0429,1.0569,0.5475,692.2073,0.3313,1.5485,0.1899,0.3145,0.4998,0.5666,0.0735,0.35,70851766,1821792,-0.0104,0.2697,0
TXN-2022-0883,2022-04-18,Murabaha,Qishloq xo'jaligi,Toshkent,663,34,0.9,0.4482,0,1,4,Transport,0.3245,0.612,0.1995,48,214541017,568153269,0.5969,0.4091,0.5436,0.2877,0.0377,1,0.1985,2,0,,0.1614,0.1176,0.0654,0.25,0.0859,0.9785,0.4757,2037.1445,0.3253,1.2286,0.1454,0.3022,1000.0,0.3668,0.0581,0.45,568153269,14851447,-0.0167,0.4307,1
TXN-2021-0884,2021-09-05,Murabaha,IT,Toshkent,551,54,20.3,0.4504,2,0,4,Ko'chmas mulk,0.4441,4.194,0.1325,36,74152627,157319393,0.6297,0.05,0.7383,0.1764,0.1735,1,0.5097,3,0,,0.1369,0.0834,0.081,0.25,0.0413,1.0616,0.3607,1237.9439,0.3499,0.9609,0.2,0.2524,0.0,0.4799,0.0591,0.45,157319393,4184666,-0.0142,0.0184,0
TXN-2022-0885,2022-01-30,Ijara,Xizmat,Namangan,594,35,10.3,0.5374,1,1,3,Transport,0.4093,0.004,0.1659,48,343900758,130425079,0.5594,0.2948,0.6989,0.2417,0.1223,1,0.4601,3,1,,0.1155,0.0797,0.0539,0.1877,0.0719,0.9876,0.4522,1447.6546,0.364,1.4237,0.22,0.2134,0.999,0.4445,0.0803,0.35,130425079,3667151,-0.012,0.3108,0
TXN-2022-0886,2022-10-09,Murabaha,Qurilish,Boshqa,573,21,1.4,0.3003,2,0,2,Ko'chmas mulk,0.4494,0.066,0.157,48,454545727,34452991,0.4983,0.6,0.7374,0.2422,0.3227,0,0.2035,3,0,,0.1025,0.077,0.1,0.2264,0.046,0.9257,0.357,1272.2573,0.5648,1.5171,0.135,0.2034,0.0,0.3209,0.122,0.45,34452991,1892085,-0.0106,0.2636,1
TXN-2021-0887,2021-09-02,Ijara,Qurilish,Toshkent,593,21,1.2,0.5153,3,0,5,Transport,0.6947,0.992,0.0611,36,632538953,476369296,0.5321,0.5964,0.8079,0.3677,0.0801,1,0.2101,4,1,,0.0649,0.1001,0.0524,0.25,0.024,1.0265,0.8255,852.3903,0.4479,0.9282,0.358,0.2977,0.0,0.4461,0.0416,0.35,476369296,6941671,-0.0067,-1.0614,0
TXN-2024-0888,2024-01-03,Murabaha,Ishlab chiqarish,Toshkent,599,38,0.8,0.1945,1,0,5,Tovar,0.654,3.658,0.0587,48,71024674,211773143,0.5814,0.2969,0.7713,0.3167,0.0445,1,0.3369,2,0,,0.1388,0.0763,0.0999,0.25,0.0272,0.9346,0.7416,914.533,0.3613,0.4202,0.1272,0.2264,0.0,0.4927,0.0299,0.45,211773143,2847717,-0.0144,-0.5132,0
TXN-2024-0889,2024-11-14,Murabaha,Savdo,Toshkent,598,44,0.9,0.2606,0,0,1,Sanoat uskunasi,0.448,0.275,0.1536,36,486367346,63224574,0.3772,0.4086,0.8108,0.1451,0.3045,1,0.5409,7,0,,0.0894,0.14,0.0562,0.1842,0.1049,0.8911,0.2697,1331.9544,0.4496,1.6994,0.1167,0.2679,0.0,0.4463,0.1786,0.45,63224574,5082440,-0.0093,0.2644,0
TXN-2022-0890,2022-01-15,Murabaha,Qurilish,Samarqand,715,41,8.3,0.527,4,0,5,Transport,0.5607,1.207,0.1338,120,273632852,103045017,0.8328,0.3018,0.8216,0.0498,0.0137,1,0.6179,3,0,,0.1426,0.08,0.0786,0.25,0.0428,1.0829,0.418,1272.9981,0.0634,0.9317,0.2955,0.2514,0.0,0.7695,0.0134,0.45,103045017,619111,-0.0148,0.0268,0
TXN-2022-0891,2022-01-28,Ijara,Qurilish,Namangan,551,39,3.8,0.3464,0,0,4,Sanoat uskunasi,0.5277,0.352,0.092,12,164661741,46618972,0.7576,0.3306,0.654,0.1067,0.2808,1,0.5272,0,1,,0.0666,0.1328,0.0493,0.25,0.0616,1.0748,0.6641,1042.168,0.3875,1.3609,0.1828,0.3335,0.0,0.4006,0.0406,0.35,46618972,662902,-0.0069,-0.5696,0
TXN-2022-0892,2022-03-20,Sukuk,Savdo,Toshkent,663,49,9.2,0.4867,3,0,4,Tovar,0.855,0.633,0.1109,36,91049490,86097049,0.7545,0.5064,0.8323,0.311,0.0769,1,0.3564,4,0,BBB,0.0874,0.1276,0.0458,0.25,0.0508,1.1207,0.682,774.4904,0.3879,1.2552,0.4161,0.3318,0.0,0.5094,0.0368,0.28,86097049,886989,-0.0091,-0.2184,0
TXN-2023-0893,2023-09-19,Ijara,Ishlab chiqarish,Buxoro,748,32,8.2,0.6467,0,0,1,Tovar,0.6336,1.748,0.1857,36,80386445,136994118,0.2391,0.1485,0.7149,0.2472,0.0648,1,0.1649,0,1,,0.1235,0.0916,0.062,0.25,0.0966,0.9651,0.6155,1178.6166,0.312,1.4915,0.4098,0.2796,0.0,0.4918,0.1817,0.35,136994118,8710156,-0.0128,0.4507,0
TXN-2022-0894,2022-07-21,Murabaha,Xizmat,Samarqand,601,46,5.6,0.5647,1,0,4,Ko'chmas mulk,0.4563,0.961,0.1428,60,154329655,466744196,0.6577,0.6,0.6559,0.2984,0.0432,1,0.2882,2,0,,0.1397,0.0953,0.068,0.25,0.0281,0.9703,0.335,1314.2009,0.3417,1.0156,0.2577,0.2773,0.0,0.4318,0.0898,0.45,466744196,18854661,-0.0145,0.092,0
TXN-2024-0895,2024-04-22,Ijara,Qishloq xo'jaligi,Buxoro,583,21,7.0,0.2988,1,0,3,Ko'chmas mulk,0.3326,0.595,0.1073,24,150036082,849122325,0.4958,0.2149,0.6545,0.1958,0.1334,1,0.5783,0,1,,0.0959,0.1262,0.0559,0.25,0.0487,1.0565,0.3995,1747.36,0.3291,1.1072,0.0994,0.3203,0.0,0.4391,0.0426,0.35,849122325,12674539,-0.0099,-0.2369,0
TXN-2023-0896,2023-12-11,Murabaha,Qurilish,Samarqand,625,28,0.5,0.39,1,2,4,Ko'chmas mulk,0.7085,1.25,0.112,36,229573899,215556106,0.5137,0.5628,0.7886,0.0732,0.1544,1,0.5593,2,0,,0.1509,0.0775,0.0332,0.25,0.1507,0.9766,0.556,880.8901,0.2276,0.737,0.2763,0.2943,1.998,0.6092,0.0738,0.45,215556106,7156205,-0.0156,-0.1194,0
TXN-2024-0897,2024-05-07,Murabaha,Qishloq xo'jaligi,Toshkent,745,21,2.2,0.7437,3,0,1,Ko'chmas mulk,0.5646,3.019,0.0926,48,594919417,49908084,0.8739,0.5697,0.7936,0.0774,0.1442,1,0.4213,4,0,,0.108,0.1088,0.0662,0.25,0.101,0.9244,0.3343,1317.1037,0.2215,0.8499,0.4199,0.2927,0.0,0.6178,0.0967,0.45,49908084,2170997,-0.0112,-0.3462,0
TXN-2022-0898,2022-08-03,Sukuk,IT,Toshkent,661,35,6.1,0.2735,0,0,4,Ko'chmas mulk,0.3421,0.318,0.1204,48,234578491,757908199,0.3488,0.5089,0.8333,0.2682,0.0362,0,0.1566,7,0,AA,0.0718,0.05,0.0973,0.25,0.0435,0.9725,0.3017,1926.6995,0.3044,1.6535,0.0936,0.2027,0.0,0.5796,0.007,0.28,757908199,1476602,-0.0074,-0.1342,0
TXN-2021-0899,2021-07-25,Murabaha,Qurilish,Toshkent,599,37,0.5,0.5631,0,0,1,Ko'chmas mulk,0.5488,1.633,0.1229,36,97002209,42922464,0.7491,0.2002,0.865,0.1114,0.0663,1,0.4063,4,0,,0.1517,0.0937,0.0572,0.1243,0.0952,0.9081,0.6665,1089.3898,0.1778,0.8048,0.3091,0.1608,0.0,0.7112,0.1657,0.45,42922464,3199580,-0.0157,-0.0466,0
TXN-2022-0900,2022-02-02,Murabaha,Savdo,Toshkent,686,39,0.5,0.3921,1,1,3,Tovar,0.6715,0.803,0.1345,36,132813713,270761633,0.7172,0.4226,0.7797,0.3152,0.1714,1,0.6023,2,0,,0.0887,0.1134,0.0623,0.25,0.0579,0.99,0.4814,1020.1371,0.4865,1.4994,0.2633,0.3011,0.999,0.4003,0.1192,0.45,270761633,14529290,-0.0092,0.0508,0
TXN-2022-0901,2022-08-30,Murabaha,Ishlab chiqarish,Buxoro,551,38,11.5,0.714,2,0,3,Transport,0.5926,1.19,0.1236,60,299187741,155409543,0.7521,0.1816,0.7813,0.2386,0.21,0,0.7683,4,0,,0.1026,0.0661,0.0272,0.25,0.0808,1.208,0.2977,928.3045,0.4487,1.194,0.4231,0.289,0.0,0.4308,0.1999,0.45,155409543,13977327,-0.0106,-0.0619,0
TXN-2022-0902,2022-04-11,Murabaha,IT,Buxoro,702,28,6.9,0.3816,3,1,2,Ko'chmas mulk,0.5708,4.309,0.2042,48,155790534,351793042,0.6179,0.2575,0.8973,0.1659,0.1261,1,0.5317,3,0,,0.1068,0.1044,0.0831,0.25,0.0396,0.8755,0.4919,1227.7705,0.292,1.8931,0.2178,0.2714,0.3332,0.6353,0.0814,0.45,351793042,12882629,-0.0111,0.6941,0
TXN-2023-0903,2023-01-10,Murabaha,Savdo,Toshkent,679,36,1.9,0.3546,4,0,4,Sanoat uskunasi,0.3048,6.639,0.0832,72,228181019,87458457,0.4767,0.1756,0.5965,0.1352,0.0788,0,0.1921,2,0,,0.1288,0.0656,0.064,0.25,0.0624,0.905,0.6733,2220.3131,0.214,0.641,0.1081,0.2516,0.0,0.4689,0.0302,0.45,87458457,1187796,-0.0133,-0.3633,0
TXN-2022-0904,2022-01-03,Musharaka,Qurilish,Samarqand,618,23,7.0,0.5123,2,0,3,Tovar,0.5552,0.696,0.2211,48,488853198,306235392,0.8403,0.2649,0.8492,0.0715,0.1381,1,0.056,5,0,,0.2898,0.0878,0.0759,0.2003,0.0811,1.25,0.6141,1111.1332,0.2096,0.7604,0.2844,0.2122,0.0,0.6713,0.205,0.6,306235392,37673501,-0.03,0.3145,0
TXN-2022-0905,2022-09-12,Musharaka,Ishlab chiqarish,Buxoro,573,51,9.4,0.577,1,1,5,Transport,0.8538,2.485,0.2322,24,361341722,409873613,0.4751,0.2638,0.7533,0.0959,0.2019,1,0.3708,2,0,,0.193,0.14,0.0503,0.1383,0.0408,1.0774,0.5346,670.3147,0.2977,1.197,0.4927,0.228,0.999,0.529,0.3518,0.6,409873613,86508307,-0.02,0.5296,1
TXN-2021-0906,2021-01-29,Sukuk,Savdo,Namangan,569,34,2.2,0.3897,1,1,4,Transport,0.625,2.823,0.0815,48,176044041,197762719,0.7992,0.5839,0.7366,0.234,0.0683,1,0.3556,4,0,AAA,0.075,0.1234,0.0611,0.2235,0.0595,1.0877,0.5987,908.8847,0.3023,1.0735,0.2436,0.2858,0.999,0.5139,0.0253,0.28,197762719,1401578,-0.0078,-0.6462,0
TXN-2024-0907,2024-12-21,Ijara,Savdo,Samarqand,690,33,0.5,0.3345,5,0,4,Ko'chmas mulk,0.2193,4.621,0.1382,12,135776832,149775242,0.5874,0.4998,0.45,0.1738,0.0684,1,0.5131,2,1,,0.1043,0.1031,0.0497,0.2187,0.0726,0.982,0.7547,3131.7986,0.2422,1.3125,0.0734,0.2721,0.0,0.341,0.0165,0.35,149775242,864726,-0.0108,0.0785,0
TXN-2023-0908,2023-12-30,Murabaha,Savdo,Andijon,749,53,16.2,0.6041,0,0,3,Sanoat uskunasi,0.6697,5.733,0.1332,36,797600087,303177554,0.553,0.2872,0.6802,0.1689,0.348,1,0.2716,2,0,,0.1294,0.0935,0.017,0.1229,0.0843,0.9985,0.8883,1116.6983,0.5169,1.0215,0.4046,0.1994,0.0,0.3286,0.0737,0.45,303177554,10053583,-0.0134,0.0248,0
TXN-2021-0909,2021-09-17,Murabaha,Qishloq xo'jaligi,Andijon,590,25,2.5,0.3636,2,0,3,Transport,0.4592,1.578,0.1726,36,160731147,379748888,0.8516,0.4206,0.9162,0.2986,0.3635,1,0.4088,1,0,,0.1817,0.0914,0.0571,0.25,0.0756,1.0411,0.8571,1281.9533,0.6621,0.9444,0.167,0.2843,0.0,0.3096,0.0644,0.45,379748888,11000281,-0.0188,0.2342,0
TXN-2022-0910,2022-07-16,Murabaha,Savdo,Toshkent,683,26,0.7,0.4817,2,0,2,Transport,0.7311,10.125,0.1012,60,1027420916,107123086,0.6175,0.3376,0.9319,0.2067,0.2195,1,0.1757,3,0,,0.1606,0.0682,0.057,0.25,0.0832,1.0076,0.5877,932.9515,0.4262,0.6265,0.3521,0.2612,0.0,0.5347,0.1224,0.45,107123086,5900571,-0.0166,-0.1791,0
TXN-2021-0911,2021-04-04,Musharaka,Qurilish,Boshqa,467,27,4.1,0.2583,4,0,4,Transport,0.5497,8.836,0.1962,24,646494951,95173548,0.7013,0.3674,0.9365,0.074,0.0193,1,0.3006,2,0,,0.2214,0.0893,0.0719,0.0791,0.0172,1.0852,0.6715,847.9456,0.0933,0.8822,0.142,0.0965,0.0,0.8491,0.1224,0.6,95173548,6986896,-0.0229,0.2989,0
TXN-2021-0912,2021-04-22,Murabaha,Qurilish,Toshkent,595,37,8.8,0.3012,4,0,3,Sanoat uskunasi,0.61,1.765,0.1429,48,231877289,94503792,0.4012,0.1828,0.68,0.3156,0.0791,1,0.3141,3,0,,0.111,0.0886,0.0328,0.25,0.0098,0.8823,0.3663,973.7961,0.3946,1.2764,0.1837,0.3058,0.0,0.4116,0.1443,0.45,94503792,6135906,-0.0115,0.1163,1
TXN-2024-0913,2024-02-08,Musharaka,Savdo,Toshkent,642,42,1.5,0.4822,1,0,4,Sanoat uskunasi,0.7278,1.952,0.2125,24,117694273,30776976,0.6577,0.3508,0.7478,0.1152,0.1084,0,0.3799,2,0,,0.2754,0.14,0.0532,0.25,0.0628,0.9731,0.6167,880.9299,0.2236,0.769,0.3509,0.3368,0.0,0.5806,0.2983,0.6,30776976,5509213,-0.0285,0.2997,0
TXN-2022-0914,2022-08-22,Murabaha,Qurilish,Namangan,567,45,1.9,0.2864,4,0,3,Transport,0.5906,2.755,0.0447,84,250407642,285241754,0.6859,0.5882,0.5266,0.0449,0.3138,1,0.5555,1,0,,0.1442,0.0922,0.0469,0.25,0.0948,1.0244,0.3244,958.3981,0.3587,0.308,0.1692,0.2952,0.0,0.3377,0.1054,0.45,285241754,13522850,-0.0149,-0.5912,0
TXN-2024-0915,2024-11-29,Musharaka,Xizmat,Boshqa,565,63,1.7,0.2053,0,0,5,Ko'chmas mulk,0.3222,1.17,0.1369,36,539294668,147742011,0.4305,0.3482,0.938,0.1098,0.1131,0,0.2639,3,0,,0.2668,0.0847,0.0124,0.25,0.0549,0.973,0.5023,1748.0834,0.2229,0.5112,0.0661,0.3223,0.0,0.7289,0.0966,0.6,147742011,8561890,-0.0276,0.0258,0
TXN-2021-0916,2021-09-16,Musharaka,Qurilish,Toshkent,588,21,28.7,0.4228,2,1,3,Sanoat uskunasi,0.8137,2.712,0.2151,48,194806761,121640402,0.6908,0.3966,0.8467,0.3193,0.1515,1,0.1898,3,0,,0.2609,0.0929,0.0514,0.25,0.0404,1.1174,0.5586,721.7405,0.4708,0.8213,0.344,0.2915,0.4998,0.4481,0.389,0.6,121640402,28387477,-0.027,0.3263,0
TXN-2024-0917,2024-07-30,Murabaha,Savdo,Toshkent,669,44,1.3,0.7396,2,0,1,Tovar,0.4264,1.805,0.2101,48,111000602,108798283,0.4902,0.5008,0.8133,0.0823,0.2469,1,0.6706,1,0,,0.1418,0.1113,0.074,0.25,0.0125,1.113,0.7536,1565.4103,0.3292,1.4712,0.3154,0.2873,0.0,0.5456,0.1479,0.45,108798283,7242354,-0.0147,0.5646,0
TXN-2023-0918,2023-10-03,Sukuk,Qishloq xo'jaligi,Andijon,629,32,5.1,0.2987,3,0,4,Tovar,0.8234,0.09,0.1262,36,174965572,201615413,0.3498,0.2712,0.8446,0.2577,0.0277,0,0.3002,2,0,A,0.0843,0.1044,0.0443,0.25,0.0668,1.0027,0.6013,762.9931,0.2854,1.4789,0.2459,0.3101,0.0,0.6036,0.0307,0.28,201615413,1735713,-0.0087,-0.0451,0
TXN-2021-0919,2021-07-30,Ijara,Qurilish,Toshkent,454,32,15.6,0.5007,1,0,5,Boshqa,0.495,4.789,0.1321,72,309249181,93319609,0.6678,0.1687,0.5757,0.2153,0.0997,1,0.314,3,1,,0.0855,0.1138,0.0602,0.25,0.0272,1.1209,0.5172,915.2306,0.315,1.5274,0.2479,0.3036,0.0,0.3944,0.0711,0.35,93319609,2321623,-0.0089,0.0247,0
TXN-2021-0920,2021-01-26,Murabaha,Qurilish,Namangan,464,31,1.0,0.5146,2,1,4,Ko'chmas mulk,0.8218,7.052,0.1061,48,324637030,278180008,0.5961,0.5233,0.7565,0.2057,0.2712,1,0.5545,4,0,,0.1236,0.1335,0.0628,0.25,0.047,0.8979,0.3105,563.9157,0.4769,0.8514,0.4229,0.3206,0.4998,0.3957,0.363,0.45,278180008,45440100,-0.0128,-0.1933,0
TXN-2024-0921,2024-03-21,Sukuk,Xizmat,Buxoro,593,28,21.2,0.3249,4,1,2,Ko'chmas mulk,0.7688,0.066,0.1075,36,256951288,113942745,0.7887,0.135,0.7053,0.2858,0.3642,1,0.406,0,0,BBB,0.0877,0.0949,0.0598,0.25,0.05,0.8448,0.6718,770.3535,0.65,1.2115,0.2498,0.2851,0.2499,0.2469,0.0706,0.28,113942745,2253213,-0.0091,-0.2569,1
TXN-2022-0922,2022-08-06,Musharaka,Qurilish,Boshqa,683,54,17.7,0.2786,1,0,4,Transport,0.4517,3.893,0.2151,36,184990917,66462467,0.5875,0.4616,0.6643,0.0344,0.0758,1,0.1514,2,0,,0.2933,0.1104,0.0474,0.25,0.013,1.0459,0.8321,1508.8791,0.1102,0.7309,0.1259,0.313,0.0,0.5911,0.0914,0.6,66462467,3644866,-0.0304,0.2902,0
TXN-2023-0923,2023-08-20,Sukuk,Savdo,Andijon,411,46,13.0,0.27,3,0,5,Ko'chmas mulk,0.3985,1.219,0.1445,72,227383815,226661000,0.5612,0.3638,0.8173,0.1734,0.2204,1,0.1624,1,0,BBB,0.0807,0.0888,0.0638,0.0609,0.0572,0.8774,0.2,1028.6917,0.3938,1.7692,0.1076,0.0859,0.0,0.4955,0.0255,0.28,226661000,1618945,-0.0084,0.1799,0
TXN-2023-0924,2023-09-08,Ijara,IT,Samarqand,602,38,1.4,0.36,3,1,1,Ko'chmas mulk,0.2174,2.203,0.0934,12,185652038,80771016,0.3267,0.4676,0.8146,0.2831,0.0883,1,0.5004,4,1,,0.1176,0.0748,0.0568,0.25,0.1123,1.0243,0.6545,2756.2623,0.3714,0.7879,0.0783,0.268,0.3332,0.512,0.086,0.35,80771016,2431768,-0.0122,-0.3108,0
TXN-2023-0925,2023-06-22,Musharaka,Savdo,Samarqand,600,51,6.0,0.5071,2,1,2,Transport,0.4296,1.733,0.1573,36,265377144,141248803,0.8232,0.565,0.803,0.2308,0.1544,1,0.2112,3,0,,0.2408,0.0852,0.0384,0.25,0.1211,1.0387,0.6531,1393.2566,0.3851,0.6505,0.2179,0.2968,0.4998,0.4938,0.2373,0.6,141248803,20114392,-0.025,0.1133,0
TXN-2022-0926,2022-11-29,Murabaha,Savdo,Samarqand,763,22,8.6,0.244,1,0,5,Ko'chmas mulk,0.2468,2.004,0.2204,60,286469973,285611178,0.3754,0.4939,0.8807,0.3446,0.1441,1,0.583,2,0,,0.084,0.1297,0.0639,0.25,0.1053,0.9594,0.9052,3079.199,0.4888,2.5941,0.0602,0.3157,0.0,0.4503,0.0101,0.45,285611178,1292974,-0.0087,1.0766,0
TXN-2022-0927,2022-01-13,Murabaha,Ishlab chiqarish,Andijon,612,24,25.6,0.61,6,0,5,Ko'chmas mulk,0.5066,1.709,0.1321,12,211394955,153539220,0.4042,0.2866,0.8034,0.0693,0.2264,1,0.6588,2,0,,0.1153,0.1134,0.0738,0.25,0.0397,1.0887,0.3579,1205.5569,0.2957,1.1358,0.309,0.2897,0.0,0.5658,0.0565,0.45,153539220,3901466,-0.0119,0.0178,0
TXN-2021-0928,2021-04-16,Musharaka,Savdo,Andijon,677,21,1.2,0.4037,0,0,4,Boshqa,0.7924,4.8,0.2094,48,147605560,160099513,0.4427,0.6,0.45,0.4928,0.0846,1,0.0754,2,0,,0.1171,0.1219,0.0441,0.0612,0.1119,1.0513,0.6147,853.2532,0.5774,1.7728,0.3199,0.139,0.0,0.1902,0.367,0.6,160099513,35255328,-0.0121,0.678,1
TXN-2022-0929,2022-06-02,Musharaka,Ishlab chiqarish,Toshkent,657,31,8.7,0.3606,1,0,5,Ko'chmas mulk,0.3678,2.876,0.1164,36,518329288,109181789,0.6322,0.3495,0.6581,0.3241,0.0158,1,0.2237,2,0,,0.2701,0.0958,0.0678,0.0638,0.0567,1.0372,0.7598,1781.4366,0.3399,0.4295,0.1326,0.0918,0.0,0.4344,0.1467,0.6,109181789,9611664,-0.028,-0.0502,0
TXN-2023-0930,2023-09-06,Murabaha,Qurilish,Samarqand,463,39,2.5,0.3863,0,2,2,Ko'chmas mulk,0.5561,1.33,0.1263,24,292600135,166965018,0.782,0.3459,0.843,0.1169,0.0395,0,0.3849,2,0,,0.0952,0.1141,0.0943,0.25,0.0386,1.0018,0.8787,831.1368,0.1565,1.3126,0.2148,0.2698,2000.0,0.7111,0.1306,0.45,166965018,9812826,-0.0099,-0.0388,0
TXN-2021-0931,2021-08-22,Murabaha,Savdo,Toshkent,710,39,1.2,0.3738,0,0,4,Ko'chmas mulk,0.4515,2.916,0.153,48,376115005,95896932,0.5764,0.437,0.8009,0.0944,0.3996,1,0.2867,2,0,,0.0746,0.1324,0.0772,0.25,0.0544,0.9317,0.5989,1568.9733,0.494,2.0232,0.1688,0.3052,0.0,0.4053,0.0362,0.45,95896932,1561772,-0.0077,0.3082,0
TXN-2021-0932,2021-05-14,Ijara,Savdo,Toshkent,663,39,3.3,0.4942,2,0,4,Tovar,0.5465,8.384,0.1086,60,156767658,214658114,0.6291,0.5149,0.864,0.0777,0.0163,1,0.4129,5,1,,0.0707,0.0998,0.0676,0.25,0.0836,1.0726,0.5112,1211.0606,0.094,1.5151,0.2701,0.2822,0.0,0.7827,0.0358,0.35,214658114,2686145,-0.0073,-0.303,0
TXN-2023-0933,2023-04-01,Sukuk,Qurilish,Andijon,688,23,9.5,0.382,0,0,4,Sanoat uskunasi,0.4471,0.209,0.1045,36,231853146,117321378,0.7381,0.4887,0.8985,0.2316,0.068,1,0.234,2,0,AA,0.0844,0.0964,0.0644,0.25,0.0448,1.0635,0.3002,1535.3166,0.2996,1.2241,0.1708,0.282,0.0,0.6293,0.0071,0.28,117321378,233470,-0.0087,-0.3017,0
TXN-2023-0934,2023-10-05,Musharaka,Ishlab chiqarish,Toshkent,850,46,3.8,0.6015,2,0,4,Ko'chmas mulk,0.5184,1.228,0.1953,24,154805853,130075015,0.7113,0.3578,0.5823,0.0941,0.1884,1,0.6736,2,0,,0.1821,0.1035,0.0454,0.2167,0.0685,1.0778,0.5552,1636.351,0.2825,1.0669,0.3119,0.2747,0.0,0.4178,0.0714,0.6,130075015,5573910,-0.0189,0.3588,0
TXN-2021-0935,2021-06-01,Murabaha,Savdo,Buxoro,467,40,4.6,0.4809,1,1,5,Ko'chmas mulk,0.3486,5.109,0.1428,36,571702004,73346448,0.7143,0.4048,0.7292,0.1619,0.0696,1,0.2768,1,0,,0.1027,0.1019,0.0463,0.25,0.0451,1.1399,0.4154,1335.6228,0.2315,1.3778,0.1677,0.3056,0.999,0.5604,0.061,0.45,73346448,2014688,-0.0106,0.125,0
TXN-2024-0936,2024-03-27,Murabaha,Qishloq xo'jaligi,Samarqand,791,45,30.0,0.1471,1,0,3,Tovar,0.8853,3.359,0.11,120,127798568,213170313,0.7699,0.2805,0.8024,0.2062,0.0435,1,0.6005,0,0,,0.1238,0.1072,0.0648,0.25,0.1039,1.1472,0.7836,892.4573,0.2497,0.8812,0.1302,0.2923,0.0,0.6021,0.0285,0.45,213170313,2735628,-0.0128,-0.1613,0
TXN-2024-0937,2024-07-13,Murabaha,Qurilish,Samarqand,620,21,3.1,0.3487,2,0,1,Ko'chmas mulk,0.5256,6.831,0.1731,24,133634813,101446836,0.5051,0.4948,0.6341,0.139,0.0883,1,0.4877,2,0,,0.0945,0.092,0.0578,0.25,0.0779,1.0857,0.6512,1177.474,0.2273,1.8134,0.1833,0.2842,0.0,0.4899,0.1382,0.45,101446836,6310497,-0.0098,0.4565,0
TXN-2024-0938,2024-11-06,Sukuk,Ishlab chiqarish,Buxoro,669,41,5.7,0.5112,1,1,3,Boshqa,0.7997,0.102,0.1045,24,254871185,69035914,0.8421,0.4938,0.7831,0.1752,0.2224,1,0.2158,0,0,A,0.082,0.1085,0.0893,0.25,0.0505,1.195,0.5662,835.5672,0.3976,1.2596,0.4088,0.2692,0.999,0.4717,0.0231,0.28,69035914,447127,-0.0085,-0.3106,0
TXN-2021-0939,2021-04-20,Murabaha,Savdo,Samarqand,641,26,2.7,0.4219,3,0,4,Transport,0.632,4.965,0.1134,120,121480131,103241431,0.7703,0.2771,0.8739,0.1082,0.3694,1,0.5182,6,0,,0.1451,0.0853,0.0357,0.2169,0.0439,1.0854,0.8084,1012.6497,0.4776,0.7762,0.2667,0.2665,0.0,0.4566,0.0296,0.45,103241431,1375887,-0.015,-0.1146,0
TXN-2021-0940,2021-11-07,Musharaka,Ishlab chiqarish,Toshkent,608,34,3.0,0.5348,0,0,3,Ko'chmas mulk,0.4617,3.923,0.1317,72,571047167,262459705,0.7355,0.4004,0.8028,0.2768,0.2249,1,0.382,0,0,,0.2317,0.1347,0.0398,0.25,0.0869,1.0629,0.7217,1314.1315,0.5018,0.5659,0.2469,0.3448,0.0,0.4,0.3283,0.6,262459705,51696734,-0.024,0.0072,0
TXN-2021-0941,2021-11-02,Murabaha,Qurilish,Namangan,596,43,7.1,0.47,4,0,5,Tovar,0.9026,4.219,0.0988,48,105012828,222735630,0.6906,0.3463,0.9136,0.1547,0.3032,1,0.3247,0,0,,0.121,0.0724,0.0315,0.25,0.0793,1.0509,0.7374,659.5772,0.458,0.8094,0.4242,0.2908,0.0,0.4952,0.0678,0.45,222735630,6799497,-0.0125,-0.2579,0
TXN-2024-0942,2024-02-27,Musharaka,Ishlab chiqarish,Samarqand,673,38,16.7,0.4647,1,0,3,Ko'chmas mulk,0.5894,2.274,0.2523,24,212171368,31003338,0.379,0.2327,0.9504,0.2629,0.0378,1,0.5647,2,0,,0.3439,0.0916,0.0844,0.25,0.0489,1.0135,0.4735,1139.8456,0.3007,0.7315,0.2739,0.2572,0.0,0.6646,0.2057,0.6,31003338,3826993,-0.0356,0.3556,0
TXN-2022-0943,2022-09-15,Ijara,Qishloq xo'jaligi,Andijon,516,29,4.7,0.2872,2,0,1,Ko'chmas mulk,0.6822,0.133,0.0986,24,190511811,91281782,0.4225,0.3449,0.6022,0.2338,0.4,1,0.5136,5,1,,0.1045,0.1182,0.0271,0.25,0.0458,1.0455,0.4736,755.299,0.6338,0.9347,0.1959,0.3412,0.0,0.2205,0.3515,0.35,91281782,11229849,-0.0108,-0.3005,0
TXN-2021-0944,2021-06-24,Ijara,Ishlab chiqarish,Boshqa,708,38,8.8,0.5266,2,1,4,Ko'chmas mulk,0.7824,1.937,0.0927,24,293075424,406262491,0.5889,0.5089,0.8862,0.1276,0.1001,1,0.3142,0,1,,0.1047,0.0836,0.0529,0.25,0.0109,1.0303,0.4038,903.7458,0.2277,0.8774,0.412,0.2808,0.4998,0.6844,0.0206,0.35,406262491,2935121,-0.0108,-0.3563,0
TXN-2022-0945,2022-05-24,Murabaha,Qishloq xo'jaligi,Boshqa,609,22,0.6,0.3722,2,0,4,Tovar,0.5139,1.31,0.1004,48,151205820,357431617,0.4433,0.327,0.6442,0.2095,0.0987,1,0.3225,0,0,,0.173,0.0682,0.0468,0.25,0.0675,0.9978,0.7037,1182.6791,0.3082,0.5773,0.1913,0.2714,0.0,0.4456,0.0911,0.45,357431617,14649827,-0.0179,-0.1709,0
TXN-2021-0946,2021-08-31,Murabaha,Savdo,Samarqand,548,49,1.4,0.2826,1,0,3,Ko'chmas mulk,0.3993,1.872,0.0604,36,285584344,61721693,0.3992,0.2723,0.4963,0.3313,0.1635,1,0.5594,1,0,,0.1205,0.1124,0.0141,0.25,0.0746,1.0196,0.8637,1368.8634,0.4948,0.4973,0.1129,0.3483,0.0,0.2507,0.1907,0.45,61721693,5296269,-0.0125,-0.5771,0
TXN-2024-0947,2024-02-17,Murabaha,Savdo,Toshkent,606,35,4.2,0.1621,3,0,4,Transport,0.5686,3.371,0.2282,12,145972172,278363566,0.6266,0.5675,0.45,0.3145,0.1815,1,0.4223,0,0,,0.1204,0.1092,0.0317,0.25,0.0434,1.0681,0.6073,1063.9481,0.496,1.8794,0.0921,0.3275,0.0,0.2268,0.1206,0.45,278363566,15101644,-0.0125,0.8151,0
TXN-2023-0948,2023-05-03,Sukuk,Qurilish,Namangan,751,49,0.5,0.4509,2,0,3,Ko'chmas mulk,0.5125,2.266,0.1022,24,133538921,54230346,0.884,0.2017,0.6975,0.1295,0.1751,1,0.4541,4,0,AA,0.0914,0.0961,0.0508,0.1219,0.0489,0.947,0.7126,1462.5576,0.3045,1.1062,0.2311,0.1673,0.0,0.4851,0.0113,0.28,54230346,172228,-0.0095,-0.3038,0
TXN-2024-0949,2024-05-26,Sukuk,Qurilish,Samarqand,599,32,1.7,0.4679,2,0,3,Tovar,0.2646,0.865,0.0779,60,213659529,82623268,0.6266,0.246,0.836,0.3949,0.0386,1,0.484,3,0,A,0.0728,0.1006,0.0538,0.25,0.1017,1.1334,0.5758,2255.3854,0.4335,1.0544,0.1238,0.2968,0.0,0.4736,0.0171,0.28,82623268,395306,-0.0075,-0.7157,0
TXN-2024-0950,2024-05-05,Musharaka,Savdo,Toshkent,675,32,4.4,0.3682,2,0,2,Ko'chmas mulk,0.3186,2.288,0.1594,60,229821177,70133553,0.6582,0.6,0.6939,0.1812,0.203,1,0.276,3,0,,0.1874,0.0897,0.069,0.25,0.0637,1.0255,0.8772,2112.2546,0.3842,0.8457,0.1173,0.2707,0.0,0.4273,0.205,0.6,70133553,8625201,-0.0194,0.1566,0
TXN-2024-0951,2024-06-20,Musharaka,Qishloq xo'jaligi,Andijon,582,30,0.5,0.5629,1,0,4,Ko'chmas mulk,0.7996,0.217,0.1046,48,206765449,248797090,0.5727,0.1871,0.8024,0.401,0.0967,1,0.714,4,0,,0.0932,0.1201,0.0553,0.2067,0.0673,1.0561,0.4406,726.9448,0.4978,1.1106,0.4501,0.2715,0.0,0.403,0.3742,0.6,248797090,55860520,-0.0097,-0.2725,0
TXN-2022-0952,2022-04-08,Ijara,Ishlab chiqarish,Buxoro,709,46,1.8,0.392,0,0,3,Sanoat uskunasi,0.5762,0.013,0.1255,12,193910477,151916457,0.5042,0.4396,0.8602,0.2335,0.1298,1,0.3723,7,1,,0.1361,0.1304,0.047,0.25,0.0342,1.0041,0.6242,1228.3891,0.3633,0.9158,0.2259,0.3334,0.0,0.5477,0.0448,0.35,151916457,2382011,-0.0141,-0.0328,0
TXN-2023-0953,2023-12-07,Murabaha,Qurilish,Toshkent,703,30,4.3,0.1634,1,0,5,Sanoat uskunasi,0.5919,1.283,0.1339,72,554856893,211636944,0.6982,0.4858,0.7008,0.149,0.2031,1,0.1805,3,0,,0.0988,0.1087,0.0712,0.25,0.0471,1.1054,0.4427,1185.6214,0.3521,1.3419,0.0967,0.2875,0.0,0.4541,0.0197,0.45,211636944,1880573,-0.0102,0.0399,0
TXN-2023-0954,2023-02-19,Sukuk,Xizmat,Toshkent,802,44,5.1,0.5087,3,1,4,Tovar,0.7051,3.539,0.1278,36,293251057,37636747,0.3628,0.5151,0.7774,0.1845,0.1352,0,0.1508,1,0,AAA,0.0742,0.1181,0.0847,0.25,0.0729,1.0523,0.5233,1135.8038,0.3198,1.7011,0.3587,0.2834,0.3332,0.5288,0.0111,0.28,37636747,117479,-0.0077,-0.0291,0
TXN-2023-0955,2023-07-12,Murabaha,Qurilish,Boshqa,630,34,15.6,0.1912,2,0,3,Ko'chmas mulk,0.7342,4.324,0.112,36,283302023,275491947,0.5213,0.3885,0.798,0.0553,0.0101,1,0.8004,4,0,,0.0754,0.1053,0.0328,0.2168,0.082,1.0867,0.7194,856.8646,0.0654,1.4663,0.1404,0.2893,0.0,0.7458,0.0527,0.45,275491947,6528826,-0.0078,-0.2382,0
TXN-2023-0956,2023-06-26,Murabaha,Savdo,Andijon,701,21,6.2,0.3177,2,0,3,Tovar,0.6245,1.995,0.1545,72,466085826,466433938,0.3886,0.5213,0.9135,0.1461,0.0231,1,0.3491,2,0,,0.1314,0.133,0.0512,0.2414,0.0764,1.0537,0.3121,1120.7077,0.1692,1.1666,0.1984,0.3232,0.0,0.7589,0.0402,0.45,466433938,8430670,-0.0136,0.1861,0
TXN-2022-0957,2022-09-01,Musharaka,Qurilish,Boshqa,653,32,3.2,0.735,2,0,2,Transport,0.5732,5.063,0.1811,12,108189836,175637182,0.6944,0.2792,0.6555,0.2295,0.0704,1,0.7494,0,0,,0.3148,0.0863,0.0836,0.1423,0.046,1.2475,0.6922,1137.2855,0.2999,0.5736,0.4213,0.145,0.0,0.4589,0.4202,0.6,175637182,44282810,-0.0326,0.1624,0
TXN-2024-0958,2024-04-20,Murabaha,Qurilish,Toshkent,755,26,16.0,0.5039,3,0,4,Ko'chmas mulk,0.6312,0.336,0.1057,48,851707313,596190102,0.7607,0.4172,0.6807,0.0097,0.1427,1,0.5179,2,0,,0.1625,0.0896,0.0467,0.1921,0.0754,0.9576,0.6474,1194.3343,0.1525,0.6467,0.318,0.235,0.0,0.5769,0.0351,0.45,596190102,9423997,-0.0168,-0.1494,0
TXN-2023-0959,2023-05-29,Murabaha,Ishlab chiqarish,Buxoro,583,38,9.2,0.1711,2,0,4,Tovar,0.656,8.318,0.1544,60,89347506,273015299,0.7777,0.2251,0.8991,0.1069,0.0474,1,0.3317,3,0,,0.1484,0.1057,0.0486,0.25,0.0457,1.0406,0.748,887.3291,0.1544,1.0335,0.1122,0.3071,0.0,0.7603,0.0405,0.45,273015299,4979511,-0.0154,0.1643,0
TXN-2022-0960,2022-09-18,Ijara,Savdo,Toshkent,708,26,1.3,0.5289,2,0,4,Transport,0.533,6.37,0.1176,12,512268947,525759590,0.6795,0.2302,0.6937,0.1173,0.1574,1,0.4565,6,1,,0.0991,0.0934,0.1,0.2388,0.0499,0.9491,0.4633,1325.869,0.2746,1.1753,0.2819,0.2322,0.0,0.5031,0.0232,0.35,525759590,4277036,-0.0103,-0.1252,0
TXN-2024-0961,2024-03-10,Murabaha,Qurilish,Boshqa,628,47,0.8,0.3131,0,1,3,Sanoat uskunasi,0.3838,2.286,0.1798,36,89314589,126352734,0.7972,0.5255,0.9085,0.3262,0.1037,0,0.5075,0,0,,0.1573,0.0971,0.0638,0.25,0.0729,1.0574,0.5,1632.1921,0.43,1.1359,0.1202,0.2833,1000.0,0.5179,0.0467,0.45,126352734,2656849,-0.0163,0.3167,0
TXN-2024-0962,2024-06-25,Musharaka,Qurilish,Toshkent,639,37,6.8,0.5151,2,0,3,Moliyaviy aktiv,0.5742,0.151,0.2041,84,235404632,185755880,0.7784,0.5134,0.7166,0.3249,0.1009,1,0.344,3,0,,0.2246,0.1177,0.0557,0.25,0.0849,1.0156,0.8389,1110.9024,0.4257,0.9048,0.2958,0.312,0.0,0.4115,0.3374,0.6,185755880,37599411,-0.0233,0.33,0
TXN-2021-0963,2021-05-04,Murabaha,IT,Samarqand,652,36,4.9,0.534,2,0,2,Sanoat uskunasi,0.6926,1.514,0.1208,24,168861446,92310138,0.5147,0.3359,0.9509,0.1822,0.1196,1,0.2436,1,0,,0.1316,0.0721,0.079,0.25,0.1172,1.1206,0.2,940.0875,0.3018,0.911,0.3698,0.2431,0.0,0.6639,0.1101,0.45,92310138,4571985,-0.0136,-0.0697,0
TXN-2024-0964,2024-06-02,Murabaha,Ishlab chiqarish,Andijon,666,44,9.4,0.3526,2,0,3,Ko'chmas mulk,0.6466,0.494,0.1756,36,611781087,53725713,0.5804,0.2686,0.7674,0.0296,0.1494,1,0.4583,2,0,,0.1158,0.0937,0.0722,0.0392,0.1319,0.9478,0.4379,1028.3472,0.179,1.5027,0.228,0.0606,0.0,0.63,0.0408,0.45,53725713,987080,-0.012,0.3933,0
TXN-2021-0965,2021-07-23,Murabaha,Ishlab chiqarish,Toshkent,635,47,8.1,0.5502,2,1,3,Tovar,0.7194,2.475,0.1516,48,388625880,84012910,0.5153,0.5125,0.9162,0.0962,0.2405,1,0.3691,3,0,,0.1304,0.1012,0.1,0.1855,0.0536,1.0578,0.6311,881.4146,0.3367,1.1535,0.3958,0.1867,0.4998,0.6077,0.0695,0.45,84012910,2626501,-0.0135,0.1654,0
TXN-2022-0966,2022-03-02,Murabaha,Qurilish,Buxoro,663,37,5.9,0.4115,1,0,5,Ko'chmas mulk,0.7878,0.527,0.1192,36,205953496,181142737,0.8545,0.3546,0.5763,0.1873,0.2714,1,0.4868,1,0,,0.1,0.0977,0.0789,0.25,0.1015,0.9753,0.4837,840.5108,0.4588,1.18,0.3242,0.2688,0.0,0.3119,0.0598,0.45,181142737,4871651,-0.0104,-0.1081,0
TXN-2024-0967,2024-07-05,Ijara,Savdo,Samarqand,779,30,25.8,0.3567,2,0,4,Transport,0.7898,1.643,0.1484,36,336630475,61447712,0.896,0.1634,0.7985,0.0837,0.3138,1,0.4469,3,1,,0.0479,0.084,0.0395,0.25,0.0811,0.9179,0.4756,985.0911,0.3975,3.0375,0.2818,0.2945,0.0,0.481,0.0207,0.35,61447712,444532,-0.005,0.3843,0
TXN-2022-0968,2022-03-09,Murabaha,Qurilish,Namangan,728,21,4.6,0.4513,2,1,4,Ko'chmas mulk,0.3173,0.576,0.1747,12,289772627,160695059,0.6875,0.2469,0.589,0.0153,0.016,1,0.2898,6,0,,0.1577,0.054,0.0441,0.1206,0.0325,0.8906,0.4992,2287.3764,0.0313,1.1008,0.1432,0.1305,0.4998,0.5706,0.0201,0.45,160695059,1456077,-0.0163,0.2834,0
TXN-2022-0969,2022-06-26,Musharaka,Qurilish,Buxoro,718,31,0.7,0.4105,1,0,3,Ko'chmas mulk,0.7245,0.502,0.1258,24,372798958,32370066,0.62,0.2485,0.5799,0.4245,0.2582,0,0.5142,2,0,,0.1537,0.1107,0.0678,0.25,0.0629,0.8387,0.6951,989.7102,0.6827,0.813,0.2974,0.2929,0.0,0.184,0.357,0.6,32370066,6934632,-0.0159,-0.0276,0
TXN-2024-0970,2024-09-14,Musharaka,Qishloq xo'jaligi,Toshkent,606,31,10.6,0.5783,2,0,2,Sanoat uskunasi,0.8557,0.712,0.1363,72,217453270,117750260,0.762,0.4523,0.9063,0.3497,0.0909,1,0.5429,1,0,,0.2936,0.1384,0.0765,0.25,0.0924,1.0863,0.6021,707.3608,0.4407,0.4627,0.4948,0.3119,0.0,0.5069,0.5054,0.6,117750260,35709398,-0.0304,0.0216,1
TXN-2021-0971,2021-06-16,Ijara,Qishloq xo'jaligi,Toshkent,569,39,1.7,0.3407,4,0,3,Transport,0.5522,0.074,0.1237,60,161333412,178084554,0.5244,0.5612,0.9006,0.0645,0.1371,1,0.263,2,1,,0.1548,0.0975,0.0798,0.2072,0.0673,0.929,0.931,1028.5442,0.2016,0.7939,0.1882,0.225,0.0,0.7191,0.0551,0.35,178084554,3434903,-0.016,-0.0406,0
TXN-2021-0972,2021-11-18,Sukuk,Qishloq xo'jaligi,Toshkent,726,34,9.0,0.2696,3,0,3,Sanoat uskunasi,0.6033,3.148,0.0912,36,66502801,90618089,0.778,0.6,0.7893,0.2007,0.2241,1,0.2939,1,0,AAA,0.0666,0.1249,0.0711,0.1632,0.0915,1.25,0.6685,1201.4491,0.4248,1.349,0.1626,0.217,0.0,0.454,0.0135,0.28,90618089,342629,-0.0069,-0.5833,0
TXN-2022-0973,2022-05-07,Ijara,IT,Toshkent,719,44,18.9,0.5693,1,0,4,Tovar,0.8058,0.916,0.1103,36,198999086,119189955,0.7219,0.3996,0.7711,0.1484,0.118,1,0.307,1,1,,0.1093,0.05,0.0577,0.25,0.0619,1.0368,0.745,891.1745,0.2664,1.0,0.4588,0.2423,0.0,0.5657,0.0345,0.35,119189955,1441006,-0.0113,-0.1801,0
TXN-2021-0974,2021-12-22,Murabaha,Ishlab chiqarish,Samarqand,770,31,7.2,0.5002,1,0,3,Ko'chmas mulk,0.332,2.994,0.1082,36,265242630,146368264,0.8796,0.5009,0.8605,0.059,0.0586,1,0.138,0,0,,0.1192,0.1115,0.0725,0.25,0.0553,0.9827,0.6734,2312.0021,0.1175,0.9,0.1661,0.2891,0.0,0.7593,0.0308,0.45,146368264,2028176,-0.0124,-0.1826,1
TXN-2024-0975,2024-02-05,Murabaha,Ishlab chiqarish,Andijon,593,37,5.4,0.4126,3,1,5,Sanoat uskunasi,0.5549,2.65,0.1469,36,134233029,113034326,0.2962,0.6,0.5775,0.2974,0.0987,1,0.2439,1,0,,0.1181,0.1203,0.0955,0.25,0.051,0.9407,0.4627,1066.714,0.396,1.2335,0.229,0.2749,0.3332,0.3488,0.1027,0.45,113034326,5222111,-0.0122,0.143,0
TXN-2021-0976,2021-06-03,Murabaha,Qurilish,Samarqand,625,49,3.7,0.3205,0,0,5,Tovar,0.4593,0.171,0.1489,48,233841233,181261065,0.5425,0.1869,0.7686,0.0852,0.1874,1,0.2936,2,0,,0.1262,0.1265,0.064,0.2237,0.0292,1.119,0.6264,1357.8324,0.2725,1.1708,0.1472,0.2862,0.0,0.5591,0.0339,0.45,181261065,2761926,-0.0131,0.1497,0
TXN-2021-0977,2021-11-17,Musharaka,Savdo,Samarqand,505,41,2.7,0.4594,2,2,3,Sanoat uskunasi,0.5305,0.935,0.0941,12,477443782,45457394,0.4782,0.4333,0.9856,0.1267,0.269,0,0.1019,0,0,,0.3305,0.0934,0.0665,0.25,0.109,1.0652,0.485,950.1191,0.3956,0.2838,0.2437,0.2769,0.9995,0.5957,0.3147,0.6,45457394,8584120,-0.0342,-0.1087,0
TXN-2021-0978,2021-01-06,Murabaha,IT,Boshqa,611,37,2.6,0.3882,2,0,4,Transport,0.4512,2.092,0.1245,72,258144793,64686895,0.7535,0.301,0.5148,0.0965,0.1715,1,0.7219,0,0,,0.1009,0.1263,0.0618,0.25,0.0352,0.9442,0.4917,1351.1233,0.268,1.222,0.1751,0.3145,0.0,0.3768,0.0698,0.45,64686895,2031997,-0.0105,-0.054,0
TXN-2023-0979,2023-04-17,Musharaka,Savdo,Toshkent,729,31,6.1,0.5021,3,0,4,Transport,0.713,6.265,0.1462,36,157096263,72379828,0.3252,0.5414,0.7876,0.1839,0.1388,1,0.3987,2,0,,0.3399,0.0884,0.0525,0.1108,0.0998,1.0561,0.3252,1021.0697,0.3227,0.4289,0.358,0.1468,0.0,0.5335,0.2003,0.6,72379828,8700527,-0.0352,0.0477,1
TXN-2023-0980,2023-07-12,Musharaka,Savdo,Samarqand,605,31,8.3,0.264,1,1,3,Transport,0.8247,1.283,0.1966,72,425776437,127941711,0.3733,0.3402,0.6636,0.041,0.1716,1,0.4682,3,0,,0.2525,0.0668,0.0661,0.25,0.0856,0.9795,0.4459,732.7023,0.2126,0.7756,0.2177,0.2507,0.999,0.5225,0.3637,0.6,127941711,27921164,-0.0262,0.2638,0
TXN-2024-0981,2024-11-12,Murabaha,Savdo,Toshkent,699,29,6.8,0.4925,2,0,5,Transport,0.3569,1.757,0.1629,36,279090229,525989865,0.2823,0.6,0.6738,0.1342,0.1587,1,0.3734,1,0,,0.1013,0.1055,0.0768,0.25,0.0683,0.9771,0.5497,1953.2291,0.2929,1.5926,0.1757,0.2787,0.0,0.4764,0.0267,0.45,525989865,6324281,-0.0105,0.3245,0
TXN-2024-0982,2024-05-01,Ijara,Qurilish,Namangan,628,32,1.3,0.4843,1,0,3,Ko'chmas mulk,0.8732,3.467,0.1417,60,274314050,222604178,0.6233,0.3353,0.8478,0.1655,0.1064,1,0.6697,2,1,,0.0524,0.1142,0.0496,0.25,0.0909,1.0221,0.8752,718.3617,0.2719,2.6551,0.4229,0.3145,0.0,0.6173,0.0635,0.35,222604178,4948229,-0.0054,0.2234,0
TXN-2023-0983,2023-08-21,Murabaha,Qishloq xo'jaligi,Toshkent,672,45,4.1,0.4074,3,0,4,Sanoat uskunasi,0.4971,4.065,0.1252,60,189187310,44651652,0.2839,0.2454,0.7179,0.2006,0.13,1,0.4575,1,0,,0.1239,0.1094,0.0486,0.2294,0.0752,1.0707,0.7322,1349.0129,0.3306,1.0026,0.2025,0.2902,0.0,0.4806,0.0923,0.45,44651652,1854858,-0.0128,-0.0388,0
TXN-2022-0984,2022-08-20,Murabaha,Xizmat,Toshkent,547,35,9.4,0.3555,1,0,3,Ko'chmas mulk,0.8893,6.421,0.1614,36,114884278,171768467,0.8132,0.3591,0.5853,0.106,0.155,1,0.4261,1,0,,0.1023,0.1221,0.0688,0.2394,0.0596,1.0023,0.8175,614.383,0.261,1.5619,0.3161,0.2927,0.0,0.4325,0.2136,0.45,171768467,16507054,-0.0106,0.3069,0
TXN-2021-0985,2021-03-08,Ijara,Qurilish,Toshkent,652,24,3.9,0.3321,0,1,3,Boshqa,0.592,1.719,0.075,48,283158547,100897603,0.2212,0.5673,0.7081,0.3751,0.1318,1,0.3225,2,1,,0.0892,0.1009,0.0525,0.1382,0.0569,1.0948,0.2577,1099.4177,0.5069,0.8313,0.1966,0.1867,1000.0,0.3492,0.0695,0.35,100897603,2453980,-0.0092,-0.6166,0
TXN-2022-0986,2022-04-20,Musharaka,Savdo,Namangan,390,55,4.6,0.2864,1,0,3,Tovar,0.4475,0.539,0.2599,48,305080244,107946636,0.5103,0.1761,0.6582,0.0581,0.0116,1,0.1735,0,0,,0.269,0.1279,0.1,0.25,0.0937,1.0484,0.7016,869.5471,0.0697,0.9626,0.1282,0.2779,0.0,0.6124,0.395,0.6,107946636,25582940,-0.0279,0.4829,0
TXN-2022-0987,2022-08-14,Ijara,Savdo,Andijon,629,41,8.8,0.5175,2,0,5,Ko'chmas mulk,0.4935,3.614,0.0992,36,159143779,89147059,0.4901,0.6,0.6904,0.3358,0.1032,1,0.1996,3,1,,0.0825,0.099,0.0699,0.25,0.0271,1.0874,0.694,1271.9502,0.4391,1.1874,0.2554,0.2791,0.0,0.3872,0.0318,0.35,89147059,990855,-0.0085,-0.3737,0
TXN-2024-0988,2024-12-18,Musharaka,Savdo,Samarqand,506,23,6.5,0.5033,1,0,2,Ko'chmas mulk,0.5739,0.335,0.0992,36,268687551,121982137,0.5434,0.2322,0.9827,0.1444,0.0477,1,0.4684,3,0,,0.2527,0.0773,0.0627,0.25,0.0121,1.1043,0.3594,880.1611,0.1921,0.3909,0.2888,0.2646,0.0,0.7939,0.3195,0.6,121982137,23383665,-0.0262,-0.122,0
TXN-2022-0989,2022-08-03,Murabaha,Ishlab chiqarish,Boshqa,747,33,3.2,0.451,3,0,2,Sanoat uskunasi,0.63,1.355,0.1124,36,428746423,42463677,0.8548,0.3475,0.7406,0.4247,0.1836,1,0.5003,3,0,,0.114,0.0924,0.0854,0.25,0.0813,1.0243,0.5388,1183.8971,0.6084,0.9779,0.2841,0.257,0.0,0.29,0.0811,0.45,42463677,1549982,-0.0118,-0.154,0
TXN-2024-0990,2024-12-10,Ijara,Qurilish,Samarqand,711,39,13.5,0.621,1,0,3,Tovar,0.8099,2.474,0.1634,36,132986727,136257363,0.9367,0.153,0.8573,0.1119,0.1423,1,0.5296,1,1,,0.1267,0.1149,0.0455,0.25,0.0614,0.964,0.2535,876.7843,0.2542,1.2799,0.503,0.3194,0.0,0.6394,0.0501,0.35,136257363,2390154,-0.0131,0.2636,0
TXN-2023-0991,2023-07-19,Ijara,Savdo,Toshkent,684,55,1.1,0.4176,4,0,2,Boshqa,0.3521,2.943,0.139,36,315244817,185091807,0.7357,0.6,0.7868,0.2997,0.1851,0,0.1973,4,1,,0.1033,0.0997,0.0918,0.25,0.0809,1.0767,0.5131,1937.0655,0.4848,1.3325,0.147,0.2579,0.0,0.4054,0.0611,0.35,185091807,3959236,-0.0107,0.0875,1
TXN-2021-0992,2021-05-26,Ijara,Savdo,Andijon,774,26,30.0,0.407,2,0,4,Ko'chmas mulk,0.8023,3.302,0.1737,12,230435860,84648429,0.6902,0.4214,0.45,0.1731,0.0544,1,0.5241,2,1,,0.1043,0.0786,0.0974,0.25,0.0388,0.8406,0.7583,963.5141,0.2275,1.6496,0.3265,0.2312,0.0,0.3476,0.0276,0.35,84648429,818355,-0.0108,0.419,0
TXN-2024-0993,2024-11-08,Murabaha,Savdo,Boshqa,564,47,0.8,0.3802,2,0,4,Ko'chmas mulk,0.817,0.538,0.152,72,435252222,102438855,0.7683,0.2437,0.7304,0.3387,0.0802,0,0.2448,1,0,,0.1064,0.0991,0.0605,0.25,0.0513,1.0287,0.8963,689.4754,0.4189,1.4157,0.3106,0.2886,0.0,0.4245,0.1009,0.45,102438855,4649819,-0.011,0.2071,0
TXN-2022-0994,2022-04-24,Musharaka,Savdo,Toshkent,793,51,0.5,0.4571,0,0,5,Moliyaviy aktiv,0.2353,9.995,0.2614,48,467000168,64306795,0.6488,0.4088,0.8413,0.1701,0.3298,1,0.517,4,0,,0.2497,0.1109,0.0617,0.25,0.091,1.0171,0.6696,3355.2758,0.4999,1.0427,0.1076,0.2992,0.0,0.4207,0.0302,0.6,64306795,1164468,-0.0259,0.5263,0
TXN-2022-0995,2022-06-26,Murabaha,Savdo,Toshkent,724,31,13.2,0.5626,2,0,4,Ko'chmas mulk,0.5109,0.491,0.1257,36,253912352,111702968,0.4913,0.5839,0.8855,0.2378,0.0488,1,0.2531,4,0,,0.1542,0.0906,0.0479,0.25,0.0604,1.0753,0.8432,1414.4466,0.2866,0.81,0.2874,0.2927,0.0,0.6317,0.0328,0.45,111702968,1649018,-0.016,-0.0281,0
TXN-2024-0996,2024-07-04,Murabaha,Ishlab chiqarish,Andijon,624,35,1.7,0.3449,6,0,5,Sanoat uskunasi,0.8562,0.253,0.0877,12,244316149,157982203,0.7671,0.2626,0.6261,0.1295,0.0753,1,0.2619,1,0,,0.1307,0.0969,0.0155,0.25,0.0458,0.941,0.6008,727.9336,0.2048,0.6659,0.2953,0.3314,0.0,0.4979,0.0542,0.45,157982203,3855821,-0.0135,-0.3235,0
TXN-2024-0997,2024-04-22,Sukuk,Ishlab chiqarish,Toshkent,741,27,7.8,0.4375,1,0,4,Ko'chmas mulk,0.4675,2.727,0.1091,48,213955945,129984503,0.5821,0.6,0.8449,0.3609,0.152,1,0.3112,4,0,AAA,0.0973,0.0853,0.0716,0.25,-0.0043,1.0466,0.4819,1581.4961,0.5129,1.1108,0.2045,0.2637,0.0,0.4115,0.0102,0.28,129984503,370960,-0.0101,-0.2144,0
TXN-2024-0998,2024-09-16,Murabaha,Xizmat,Toshkent,550,35,10.0,0.3329,0,1,5,Tovar,0.7041,6.02,0.143,12,129668883,234586474,0.5432,0.5194,0.9114,0.0969,0.0736,1,0.3414,1,0,,0.1502,0.0962,0.0115,0.25,0.0984,1.1042,0.6985,779.9844,0.1705,0.9456,0.2344,0.3347,1000.0,0.756,0.0396,0.45,234586474,4180613,-0.0156,0.0864,0
TXN-2022-0999,2022-02-10,Sukuk,Savdo,Andijon,574,37,11.8,0.3754,1,0,3,Ko'chmas mulk,0.3333,2.049,0.1125,48,309909948,289451899,0.4788,0.5289,0.7804,0.2754,0.1761,1,0.3807,5,0,A,0.0806,0.0873,0.0614,0.25,0.0713,1.0356,0.5143,1717.2571,0.4515,1.379,0.1251,0.2759,0.0,0.4281,0.0281,0.28,289451899,2280223,-0.0084,-0.217,0
TXN-2023-1000,2023-05-21,Musharaka,IT,Toshkent,593,44,28.7,0.2471,0,0,4,Sanoat uskunasi,0.3807,2.263,0.2299,12,253833919,98175297,0.4924,0.2702,0.7335,0.3072,0.0242,1,0.7416,4,0,,0.3313,0.098,0.0574,0.25,0.0783,1.1378,0.4305,1553.7257,0.3313,0.6919,0.0941,0.2907,0.0,0.4904,0.1767,0.6,98175297,10410454,-0.0343,0.3016,0
TXN-2021-1001,2021-08-24,Murabaha,Qurilish,Namangan,600,48,2.1,0.2253,0,0,5,Transport,0.6179,1.933,0.1561,48,155512095,126118567,0.8957,0.2071,0.6684,0.162,0.0697,1,0.5434,2,0,,0.0994,0.1087,0.0701,0.25,0.0876,1.1812,0.6921,969.3881,0.2317,1.5542,0.1392,0.2886,0.0,0.5136,0.0347,0.45,126118567,1967273,-0.0103,0.2624,0
TXN-2024-1002,2024-01-21,Musharaka,Qurilish,Toshkent,555,30,7.4,0.4109,3,0,4,Boshqa,0.7676,0.109,0.1743,36,75197309,68522799,0.4158,0.3471,0.8087,0.2201,0.2188,1,0.6515,4,0,,0.284,0.1319,0.0231,0.25,0.0338,1.0058,0.397,722.0853,0.4389,0.6117,0.3154,0.3587,0.0,0.4538,0.3902,0.6,68522799,16043171,-0.0294,0.156,1
TXN-2022-1003,2022-04-06,Sukuk,Qurilish,Toshkent,748,21,0.7,0.4169,2,0,5,Ko'chmas mulk,0.4685,2.859,0.0988,48,340481948,105858726,0.1896,0.6,0.7718,0.1696,0.2573,1,0.2675,3,0,BBB,0.1039,0.1024,0.1,0.25,0.0518,1.0671,0.7674,1593.0675,0.4269,0.9418,0.1953,0.2524,0.0,0.4423,0.0054,0.28,105858726,159246,-0.0108,-0.3006,0
TXN-2024-1004,2024-08-19,Ijara,Ishlab chiqarish,Toshkent,622,37,3.1,0.3451,0,0,1,Ko'chmas mulk,0.5632,1.109,0.1344,24,197620125,153874169,0.7064,0.401,0.8196,0.1785,0.1317,1,0.2883,3,1,,0.0778,0.0789,0.0706,0.25,0.0414,0.9946,0.5317,1102.4612,0.3102,1.7063,0.1944,0.2583,0.0,0.5654,0.0811,0.35,153874169,4369382,-0.0081,0.0572,0
TXN-2021-1005,2021-11-02,Ijara,Ishlab chiqarish,Andijon,674,40,11.3,0.4742,4,0,5,Ko'chmas mulk,0.7466,6.859,0.0761,24,368909515,251534794,0.5028,0.5823,0.828,0.1113,0.0259,1,0.2541,1,0,,0.1077,0.0911,0.0515,0.1878,0.0602,0.9873,0.7058,901.5349,0.1371,0.6998,0.354,0.2273,0.0,0.7145,0.0168,0.35,251534794,1479303,-0.0112,-0.5002,0
TXN-2022-1006,2022-06-29,Ijara,Savdo,Toshkent,596,40,2.7,0.3647,2,0,4,Tovar,0.4559,0.517,0.0989,24,107970841,138502114,0.4544,0.4686,0.7816,0.0845,0.3719,1,0.3136,4,1,,0.0857,0.1305,0.0622,0.25,0.0153,1.0067,0.701,1304.3537,0.4565,1.141,0.1663,0.3182,0.0,0.4248,0.0352,0.35,138502114,1706468,-0.0089,-0.3623,0
TXN-2021-1007,2021-10-19,Ijara,Savdo,Namangan,490,34,5.4,0.3908,4,1,3,Sanoat uskunasi,0.1993,0.899,0.183,36,255452349,184124246,0.4668,0.4971,0.6526,0.4354,0.1141,1,0.857,4,1,,0.1295,0.1076,0.0729,0.2119,0.0372,1.0597,0.7399,2446.8864,0.5495,1.4017,0.0779,0.2466,0.2499,0.294,0.1049,0.35,184124246,6756911,-0.0134,0.4089,0
TXN-2021-1008,2021-05-27,Ijara,Qishloq xo'jaligi,Samarqand,667,39,4.2,0.2745,0,0,1,Transport,0.1629,1.757,0.1057,24,240075570,58190444,0.5961,0.2357,0.716,0.0082,0.1661,1,0.3869,2,1,,0.1097,0.0896,0.0186,0.25,0.1,1.0395,0.6289,4068.9037,0.1742,0.9547,0.0447,0.321,0.0,0.5913,0.038,0.35,58190444,773750,-0.0114,-0.2216,0
TXN-2021-1009,2021-05-03,Murabaha,Ishlab chiqarish,Andijon,482,53,6.2,0.4467,0,1,3,Ko'chmas mulk,0.412,1.622,0.1671,12,215752992,176020418,0.7304,0.2117,0.7313,0.3806,0.0786,1,0.3094,2,0,,0.1411,0.1041,0.0537,0.25,0.0338,0.9136,0.8248,1166.9743,0.4591,1.1757,0.1841,0.3004,1000.0,0.3955,0.1529,0.45,176020418,12107453,-0.0146,0.2629,0
TXN-2021-1010,2021-12-06,Musharaka,Qurilish,Toshkent,639,41,21.6,0.5614,1,0,5,Transport,0.3026,1.278,0.1564,36,631609514,80764593,0.7218,0.2492,0.8575,0.2855,0.0607,0,0.2317,3,0,,0.2086,0.0656,0.0474,0.1425,0.0542,0.9693,0.4945,2104.6969,0.3462,0.7461,0.1699,0.1608,0.0,0.5606,0.0553,0.6,80764593,2678029,-0.0216,0.1264,0
TXN-2022-1011,2022-09-22,Murabaha,Savdo,Andijon,528,34,0.5,0.4229,4,1,4,Transport,0.5926,0.944,0.1318,48,269494565,445243041,0.772,0.2618,0.5561,0.5,0.2824,1,0.3767,4,0,,0.1121,0.0716,0.0385,0.25,0.0803,1.1117,0.683,889.5185,0.7824,1.1653,0.2506,0.2831,0.2499,0.121,0.1877,0.45,445243041,37605659,-0.0116,0.0162,0
TXN-2024-1012,2024-05-03,Sukuk,Ishlab chiqarish,Toshkent,813,32,5.1,0.3062,3,0,5,Ko'chmas mulk,0.4526,0.398,0.0457,48,86615266,528655247,0.7374,0.4175,0.9036,0.2417,0.0973,1,0.5554,1,0,A,0.0444,0.0744,0.0508,0.25,0.0909,1.0111,0.2929,1792.2967,0.3389,1.0073,0.1386,0.2736,0.0,0.5974,0.0033,0.28,528655247,483642,-0.0046,-1.8989,0
TXN-2024-1013,2024-03-11,Sukuk,Xizmat,Andijon,722,36,11.9,0.3752,0,0,3,Tovar,0.7783,4.3,0.1156,84,192396954,436908680,0.775,0.3278,0.8252,0.084,0.1554,0,0.1646,5,0,AA,0.0573,0.1086,0.0545,0.25,0.093,1.087,0.5265,926.5062,0.2394,1.9815,0.292,0.3041,0.0,0.6277,0.0185,0.28,436908680,2262332,-0.0059,-0.2512,0
TXN-2022-1014,2022-08-15,Murabaha,Savdo,Andijon,653,54,3.9,0.3143,5,0,5,Ko'chmas mulk,0.5142,1.489,0.1185,36,92938559,77895836,0.2946,0.0585,0.8111,0.1917,0.1431,1,0.6292,1,0,,0.1326,0.0733,0.0636,0.25,0.0774,1.2008,0.6769,1267.38,0.3349,0.887,0.1616,0.2598,0.0,0.5395,0.0395,0.45,77895836,1386289,-0.0137,-0.0865,0
TXN-2023-1015,2023-06-19,Ijara,Savdo,Boshqa,752,36,0.5,0.4157,1,1,3,Sanoat uskunasi,0.7037,2.127,0.0591,36,572041889,234974192,0.7823,0.6,0.5886,0.1074,0.1021,0,0.4999,5,1,,0.1066,0.1191,0.0699,0.25,0.0501,1.019,0.6156,1067.0843,0.2096,0.5486,0.2925,0.2992,0.999,0.4652,0.0409,0.35,234974192,3360884,-0.0111,-0.6651,0
TXN-2021-1016,2021-09-12,Sukuk,Savdo,Andijon,573,37,4.9,0.2904,0,0,3,Tovar,0.2856,1.977,0.0649,48,283657505,25940540,0.7353,0.1278,0.7874,0.1593,0.0614,1,0.5199,3,0,AA,0.0577,0.086,0.0613,0.171,0.0519,1.0698,0.2009,1999.6414,0.2206,1.1054,0.0829,0.1956,0.0,0.6137,0.0108,0.28,25940540,78675,-0.006,-1.1279,0
TXN-2023-1017,2023-08-18,Murabaha,Ishlab chiqarish,Namangan,691,33,2.4,0.3668,4,0,2,Moliyaviy aktiv,0.5011,2.142,0.1444,36,222295026,313922291,0.6946,0.2025,0.9125,0.215,0.1329,1,0.5913,0,0,,0.1214,0.0804,0.0409,0.25,0.0636,0.9655,0.6904,1376.2653,0.3479,1.1793,0.1838,0.2895,0.0,0.595,0.0624,0.45,313922291,8819544,-0.0126,0.1183,0
TXN-2024-1018,2024-11-11,Musharaka,Qishloq xo'jaligi,Toshkent,661,48,1.0,0.529,2,0,5,Tovar,0.4354,3.051,0.1388,48,104961259,144745542,0.7511,0.4459,0.8622,0.1208,0.1913,1,0.1468,2,0,,0.2483,0.1066,0.0561,0.0525,0.0874,0.9429,0.6442,1514.7852,0.3121,0.5566,0.2303,0.103,0.0,0.5931,0.1248,0.6,144745542,10836565,-0.0257,0.0353,0
TXN-2022-1019,2022-09-15,Sukuk,Qishloq xo'jaligi,Buxoro,667,57,11.3,0.3481,1,0,3,Ko'chmas mulk,0.728,2.481,0.0797,84,271424216,41438364,0.7143,0.4172,0.9082,0.2686,0.064,1,0.1602,2,0,AAA,0.1073,0.1171,0.0272,0.1716,0.0367,0.8132,0.4776,914.9221,0.3326,0.7356,0.2534,0.2616,0.0,0.6062,0.0182,0.28,41438364,210607,-0.0111,-0.4688,0
TXN-2024-1020,2024-12-04,Murabaha,Savdo,Samarqand,753,42,4.4,0.3215,4,0,2,Sanoat uskunasi,0.8391,0.8,0.1227,36,459151027,226068236,0.5808,0.5208,0.6641,0.1292,0.1505,0,0.811,4,0,,0.1542,0.093,0.0529,0.25,0.0898,0.9857,0.3781,896.3748,0.2797,0.7908,0.2698,0.2901,0.0,0.4784,0.1003,0.45,226068236,10202661,-0.016,-0.0473,0
TXN-2023-1021,2023-04-05,Ijara,Qishloq xo'jaligi,Toshkent,707,38,16.2,0.4222,0,0,1,Ko'chmas mulk,0.4763,2.017,0.04,36,348946673,116481225,0.8545,0.6,0.6265,0.2677,0.1289,1,0.3901,5,1,,0.1257,0.123,0.0416,0.25,0.0253,0.8697,0.6227,1481.1242,0.3966,0.3158,0.2011,0.3314,0.0,0.378,0.1201,0.35,116481225,4894570,-0.013,-0.7161,0
TXN-2022-1022,2022-07-12,Murabaha,Qishloq xo'jaligi,Toshkent,669,38,9.8,0.5878,3,0,3,Ko'chmas mulk,0.4873,0.701,0.0754,60,340804942,116145469,0.8472,0.3264,0.9791,0.0965,0.1673,0,0.4305,1,0,,0.1076,0.1076,0.084,0.2462,0.065,0.9328,0.2957,1370.1717,0.2639,0.6945,0.2864,0.2699,0.0,0.7208,0.0305,0.45,116145469,1595367,-0.0111,-0.5074,0
TXN-2023-1023,2023-10-22,Sukuk,Ishlab chiqarish,Toshkent,504,21,7.1,0.6157,0,0,5,Sanoat uskunasi,0.5631,2.222,0.116,60,578552717,214614381,0.6698,0.3441,0.8759,0.2154,0.1934,1,0.3197,3,0,AA,0.066,0.0624,0.0652,0.25,0.0374,1.1339,0.7174,893.4009,0.4087,1.7303,0.3467,0.2472,0.0,0.5179,0.0217,0.28,214614381,1306765,-0.0068,-0.2118,0
TXN-2024-1024,2024-01-11,Sukuk,Qishloq xo'jaligi,Buxoro,563,45,0.5,0.2906,1,1,4,Tovar,0.9097,1.414,0.1129,36,612188718,298414682,0.6227,0.3836,0.7306,0.0853,0.1945,1,0.5944,5,0,AAA,0.0871,0.1002,0.0727,0.1122,0.0736,1.0652,0.2,618.2176,0.2798,1.2812,0.2643,0.1397,0.999,0.5262,0.0529,0.28,298414682,4418095,-0.009,-0.1966,0
TXN-2023-1025,2023-10-09,Sukuk,Qurilish,Andijon,634,39,3.3,0.5031,2,0,4,Ko'chmas mulk,0.5053,0.101,0.114,12,261094882,178900743,0.4787,0.4816,0.8458,0.4037,0.087,1,0.578,1,0,BBB,0.0632,0.1039,0.0532,0.25,0.0762,1.1074,0.3366,1252.2065,0.4907,1.7756,0.2542,0.3007,0.0,0.4307,0.0212,0.28,178900743,1060260,-0.0065,-0.2531,0
TXN-2023-1026,2023-06-16,Musharaka,Savdo,Samarqand,652,42,1.3,0.288,0,0,5,Ko'chmas mulk,0.8264,3.311,0.2165,120,348318798,29689421,0.7033,0.3876,0.8617,0.1218,0.3676,1,0.3587,3,0,,0.2278,0.0871,0.071,0.1468,0.0437,1.0336,0.3946,788.0163,0.4894,0.9461,0.238,0.1629,0.0,0.44,0.0838,0.6,29689421,1493433,-0.0236,0.3796,0
TXN-2021-1027,2021-06-14,Sukuk,Qishloq xo'jaligi,Samarqand,548,30,14.5,0.5826,2,0,4,Sanoat uskunasi,0.2241,0.803,0.1109,36,684155595,178624363,0.7127,0.4218,0.8936,0.1815,0.0155,0,0.3503,3,0,A,0.0889,0.0956,0.0676,0.25,0.091,0.9183,0.8825,2434.4835,0.197,1.2341,0.1306,0.278,0.0,0.7175,0.009,0.28,178624363,450074,-0.0092,-0.2144,0
TXN-2024-1028,2024-05-09,Ijara,Savdo,Namangan,849,34,1.2,0.6936,2,0,5,Ko'chmas mulk,0.6761,6.32,0.1632,36,133945644,71735755,0.856,0.3404,0.8915,0.2894,0.0602,1,0.622,1,1,,0.104,0.0921,0.0666,0.25,0.0578,0.8963,0.5859,1253.8206,0.3496,1.5532,0.469,0.2755,0.0,0.5798,0.0075,0.35,71735755,188754,-0.0108,0.3186,0
TXN-2021-1029,2021-03-23,Murabaha,Savdo,Buxoro,773,33,2.0,0.5297,1,0,3,Sanoat uskunasi,0.679,0.823,0.1641,120,325967203,207399936,0.286,0.3692,0.7507,0.1642,0.1956,1,0.4718,2,0,,0.0786,0.0802,0.0679,0.25,0.0338,1.0409,0.5,1136.8201,0.3598,2.0614,0.3596,0.2623,0.0,0.4806,0.079,0.45,207399936,7376047,-0.0081,0.4333,0
TXN-2023-1030,2023-06-04,Ijara,Savdo,Namangan,696,48,4.4,0.488,4,0,5,Ko'chmas mulk,0.5449,12.0,0.1211,72,132521039,185847562,0.688,0.2515,0.6208,0.3979,0.0914,1,0.6084,6,1,,0.1076,0.0858,0.0843,0.25,0.0301,1.0588,0.6397,1275.0582,0.4893,1.1156,0.2659,0.2514,0.0,0.317,0.0255,0.35,185847562,1656882,-0.0111,-0.0827,0
TXN-2022-1031,2022-10-23,Murabaha,Ishlab chiqarish,Samarqand,651,34,1.8,0.3607,3,1,2,Ko'chmas mulk,0.6415,1.554,0.2016,36,195541897,118069265,0.3535,0.1239,0.9168,0.1772,0.0471,1,0.527,1,0,,0.0962,0.1027,0.0656,0.25,0.0812,1.0932,0.7323,1013.2073,0.2242,2.0732,0.2314,0.2872,0.3332,0.7112,0.1104,0.45,118069265,5867407,-0.01,0.7438,0
TXN-2024-1032,2024-05-21,Musharaka,Qurilish,Buxoro,626,58,1.4,0.4232,1,0,4,Transport,0.8039,0.067,0.2121,36,546127940,133666420,0.7422,0.4272,0.854,0.4016,0.2844,1,0.5069,3,0,,0.2003,0.0985,0.045,0.25,0.0496,0.8645,0.7568,777.7493,0.686,1.0535,0.3402,0.3036,0.0,0.2682,0.2398,0.6,133666420,19233007,-0.0208,0.4098,0
TXN-2022-1033,2022-05-28,Murabaha,Qurilish,Boshqa,564,42,5.5,0.6414,1,0,4,Tovar,0.5089,0.198,0.163,48,147481507,40484248,0.6899,0.1544,0.8506,0.2558,0.0454,1,0.3721,3,0,,0.0925,0.0916,0.0585,0.25,0.0609,1.0295,0.8575,1106.1564,0.3012,1.7436,0.3264,0.283,0.0,0.5944,0.0742,0.45,40484248,1351716,-0.0096,0.3563,0
TXN-2021-1034,2021-02-22,Murabaha,Savdo,Toshkent,651,25,0.6,0.3774,1,2,3,Sanoat uskunasi,0.6858,0.214,0.12,36,470721538,438226251,0.8505,0.242,0.6081,0.1105,0.0178,1,0.3932,0,0,,0.102,0.1067,0.082,0.25,0.0789,0.9493,0.3421,947.8079,0.1282,1.1641,0.2588,0.2747,1.998,0.5301,0.062,0.45,438226251,12228080,-0.0106,-0.0985,0
TXN-2021-1035,2021-07-07,Murabaha,Savdo,Andijon,666,36,0.5,0.1929,0,0,3,Tovar,0.5937,0.145,0.1413,24,169970577,177047132,0.6786,0.6,0.7508,0.1434,0.059,1,0.1974,4,0,,0.0823,0.1208,0.0613,0.25,0.02,1.0785,0.4577,1119.811,0.2025,1.6953,0.1146,0.3095,0.0,0.5988,0.0451,0.45,177047132,3596818,-0.0085,0.1369,0
TXN-2022-1036,2022-04-14,Ijara,Qurilish,Andijon,539,31,2.8,0.4297,0,0,3,Ko'chmas mulk,0.7393,0.779,0.0858,84,473246324,168152417,0.5814,0.1605,0.844,0.263,0.0589,1,0.2683,1,1,,0.1055,0.1285,0.0468,0.0295,0.0479,1.1112,0.7902,728.0602,0.3219,0.8052,0.3177,0.1112,0.0,0.5723,0.1144,0.35,168152417,6733210,-0.0109,-0.4188,0
TXN-2024-1037,2024-10-12,Murabaha,Xizmat,Toshkent,673,21,7.7,0.4431,2,0,2,Moliyaviy aktiv,0.7306,0.981,0.0794,48,588750158,173739501,0.641,0.3072,0.6242,0.1295,0.0444,1,0.7446,4,0,,0.0795,0.1358,0.0487,0.1738,0.0763,0.9067,0.4167,919.87,0.174,0.9867,0.3238,0.2609,0.0,0.5156,0.134,0.45,173739501,10475767,-0.0082,-0.6361,0
TXN-2024-1038,2024-03-24,Ijara,Ishlab chiqarish,Andijon,631,53,4.9,0.1908,1,0,4,Transport,0.7788,0.295,0.0685,60,142043651,39686814,0.5875,0.5071,0.9121,0.3846,0.0636,1,0.5409,2,1,,0.1068,0.1033,0.0488,0.25,0.0614,1.0441,0.6502,809.1302,0.4482,0.6349,0.1486,0.3045,0.0,0.5033,0.0453,0.35,39686814,629778,-0.0111,-0.5761,0
TXN-2024-1039,2024-04-17,Murabaha,Qurilish,Buxoro,482,45,3.3,0.1328,1,0,5,Tovar,0.522,1.441,0.1312,48,358800009,278055311,0.6423,0.0801,0.8551,0.3912,0.2715,0,0.3737,5,0,,0.136,0.14,0.0742,0.25,0.0742,0.9803,0.27,921.5696,0.6627,0.9577,0.0693,0.3158,0.0,0.2884,0.0583,0.45,278055311,7292601,-0.0141,0.0086,1
TXN-2021-1040,2021-02-12,Murabaha,Ishlab chiqarish,Toshkent,571,43,5.0,0.3432,1,0,4,Transport,0.6655,1.137,0.1947,60,476142112,105286434,0.6041,0.2961,0.7373,0.302,0.0983,1,0.4826,3,0,,0.1265,0.14,0.0453,0.1734,0.0503,1.0367,0.5341,856.6522,0.4003,1.527,0.2284,0.268,0.0,0.4422,0.0898,0.45,105286434,4256563,-0.0131,0.5116,0
TXN-2024-1041,2024-10-08,Musharaka,Savdo,Toshkent,609,39,2.7,0.2381,2,0,4,Ko'chmas mulk,0.7504,2.529,0.2061,72,188750735,151320527,0.342,0.3835,0.6903,0.2032,0.2277,1,0.3504,4,0,,0.2553,0.1245,0.0753,0.25,0.0719,0.9894,0.6486,810.4454,0.431,0.8041,0.1787,0.2992,0.0,0.3928,0.2894,0.6,151320527,26270913,-0.0265,0.298,0
TXN-2022-1042,2022-07-06,Ijara,Ishlab chiqarish,Buxoro,805,24,16.5,0.2802,1,0,1,Ko'chmas mulk,0.5797,0.545,0.146,36,344198098,91540883,0.6375,0.089,0.8812,0.1226,0.2615,1,0.5219,3,1,,0.0734,0.0885,0.069,0.1511,0.083,0.9644,0.6615,1386.2912,0.3841,1.9615,0.1624,0.1705,0.0,0.5427,0.0421,0.35,91540883,1349010,-0.0076,0.2181,0
TXN-2024-1043,2024-03-26,Murabaha,Ishlab chiqarish,Samarqand,692,33,0.5,0.3361,0,0,2,Sanoat uskunasi,0.5458,6.133,0.1054,60,119433994,59104742,0.4541,0.4222,0.5485,0.0493,0.0263,1,0.2725,0,0,,0.1457,0.1233,0.1,0.25,0.0226,0.9535,0.2975,1265.4656,0.0756,0.7184,0.1835,0.2733,0.0,0.507,0.0956,0.45,59104742,2542689,-0.0151,-0.1691,1
TXN-2021-1044,2021-03-24,Musharaka,Ishlab chiqarish,Boshqa,531,46,6.7,0.3757,3,0,4,Ko'chmas mulk,0.6424,1.814,0.1981,60,911310222,95175251,0.8516,0.3466,0.8147,0.381,0.159,1,0.6579,2,0,,0.2206,0.1344,0.0787,0.25,0.103,0.9463,0.5875,825.355,0.5399,0.8942,0.2413,0.3056,0.0,0.3748,0.2911,0.6,95175251,16625143,-0.0229,0.3089,1
TXN-2021-1045,2021-12-25,Sukuk,Qurilish,Boshqa,686,27,13.3,0.5049,1,0,5,Moliyaviy aktiv,0.6197,2.444,0.1508,84,156494574,121778174,0.7712,0.5123,0.8025,0.0937,0.1178,1,0.1362,3,0,A,0.0795,0.1029,0.0407,0.25,0.115,0.9699,0.7872,1105.2727,0.2114,1.8739,0.3129,0.3122,0.0,0.6328,0.0098,0.28,121778174,333902,-0.0082,0.2619,0
TXN-2023-1046,2023-08-22,Musharaka,Qurilish,Buxoro,513,21,9.8,0.5128,2,0,5,Ko'chmas mulk,0.6632,0.101,0.2279,48,205796404,137870859,0.9587,0.3864,0.8283,0.3548,0.2704,1,0.2819,3,0,,0.2324,0.112,0.0975,0.25,0.0423,1.0062,0.6041,772.3463,0.6252,0.9766,0.3401,0.2645,0.0,0.3105,0.3224,0.6,137870859,26669233,-0.0241,0.4214,1
TXN-2023-1047,2023-11-29,Murabaha,Savdo,Samarqand,737,35,1.2,0.3552,2,1,3,Ko'chmas mulk,0.6288,2.047,0.125,72,225916051,97758473,0.6526,0.6,0.8297,0.171,0.0229,1,0.2791,4,0,,0.1481,0.1108,0.0709,0.25,0.0724,1.1777,0.6369,1170.1525,0.1939,0.8384,0.2234,0.2899,0.4998,0.6688,0.0328,0.45,97758473,1443684,-0.0154,-0.0335,0
TXN-2024-1048,2024-08-27,Murabaha,Qurilish,Andijon,604,36,2.1,0.4791,1,0,4,Ko'chmas mulk,0.7447,1.148,0.0723,12,256983222,129061104,0.8278,0.2142,0.8965,0.0955,0.179,1,0.606,2,0,,0.1336,0.0863,0.0551,0.25,0.0644,0.9486,0.5101,809.9566,0.2745,0.5369,0.3568,0.2811,0.0,0.6504,0.0538,0.45,129061104,3124346,-0.0138,-0.4321,0
TXN-2023-1049,2023-06-25,Sukuk,Qishloq xo'jaligi,Toshkent,637,39,7.6,0.3254,2,0,4,Ko'chmas mulk,0.7791,6.448,0.0672,24,320137786,112407386,0.4657,0.2138,0.9735,0.1944,0.1212,1,0.2194,3,0,AA,0.0479,0.0942,0.0721,0.1573,0.0888,0.9705,0.4486,816.5523,0.3156,1.3731,0.2536,0.1794,0.0,0.6662,0.019,0.28,112407386,599090,-0.005,-1.3109,0
TXN-2022-1050,2022-07-24,Murabaha,Xizmat,Andijon,757,45,0.5,0.5651,0,1,4,Sanoat uskunasi,0.6686,5.421,0.1663,24,317016993,53211261,0.6408,0.6,0.7883,0.3496,0.0364,0,0.4535,2,0,,0.1651,0.108,0.0883,0.25,0.0626,1.0333,0.5719,1130.5743,0.386,1.0011,0.3778,0.2696,1000.0,0.484,0.0441,0.45,53211261,1055559,-0.0171,0.2196,1
TXN-2022-1051,2022-01-07,Sukuk,Savdo,Toshkent,535,44,10.0,0.5107,2,0,4,Sanoat uskunasi,0.5123,2.538,0.1055,24,125715967,135771082,0.4564,0.4412,0.45,0.1535,0.1259,0,0.3158,1,0,AA,0.0861,0.1172,0.0668,0.1143,0.0861,0.975,0.8578,1042.3698,0.2794,1.212,0.2616,0.1647,0.0,0.3243,0.0782,0.28,135771082,2972077,-0.0089,-0.2844,0
TXN-2024-1052,2024-04-13,Musharaka,Xizmat,Buxoro,526,40,7.6,0.217,3,1,4,Tovar,0.5653,3.651,0.2878,12,115669417,135728716,0.5817,0.4181,0.76,0.1038,0.2214,1,0.2378,4,0,,0.2258,0.0716,0.0342,0.2349,0.0347,0.8482,0.4779,928.8329,0.3252,1.2689,0.1227,0.2724,0.3332,0.5129,0.2477,0.6,135728716,20169435,-0.0234,0.6988,0
TXN-2023-1053,2023-06-12,Sukuk,Savdo,Toshkent,595,49,7.8,0.3991,1,0,1,Ko'chmas mulk,0.4713,2.586,0.1016,24,677896989,85326657,0.604,0.5169,0.8643,0.0612,0.0404,1,0.2521,3,0,BBB,0.0779,0.0944,0.0945,0.25,0.0317,1.0429,0.5255,1259.6661,0.1015,1.2878,0.1881,0.2499,0.0,0.7765,0.0454,0.28,85326657,1085626,-0.0081,-0.3642,0
TXN-2024-1054,2024-07-24,Ijara,Qishloq xo'jaligi,Boshqa,733,22,0.6,0.2248,3,1,5,Moliyaviy aktiv,0.601,0.043,0.0755,120,490132343,266372450,0.6018,0.4756,0.8624,0.4289,0.1866,1,0.2027,4,1,,0.1176,0.1056,0.0357,0.1575,0.0294,0.9503,0.5338,1217.6969,0.6155,0.6365,0.1351,0.2273,0.3332,0.3316,0.0134,0.35,266372450,1247169,-0.0122,-0.4638,0
TXN-2023-1055,2023-10-05,Sukuk,Ishlab chiqarish,Toshkent,515,43,7.6,0.4578,3,0,2,Ko'chmas mulk,0.8917,3.036,0.0943,24,112010634,138032724,0.5718,0.2856,0.6225,0.1601,0.3896,1,0.3594,3,0,BBB,0.0838,0.0855,0.0774,0.25,0.0678,1.0496,0.5668,576.8962,0.5497,1.1117,0.4083,0.2581,0.0,0.2803,0.1918,0.28,138032724,7413991,-0.0087,-0.4257,0
TXN-2021-1056,2021-07-06,Murabaha,Qishloq xo'jaligi,Toshkent,404,44,6.8,0.7899,2,1,4,Moliyaviy aktiv,0.7791,0.487,0.1417,36,310332205,182458610,0.3582,0.4996,0.8679,0.2144,0.028,1,0.452,3,0,,0.1289,0.0935,0.0739,0.25,0.0224,1.1111,0.5771,517.8849,0.2424,1.0909,0.6154,0.2696,0.4998,0.6576,0.3236,0.45,182458610,26572803,-0.0134,0.0908,1
TXN-2023-1057,2023-08-21,Ijara,Xizmat,Boshqa,606,25,10.7,0.3054,2,1,5,Ko'chmas mulk,0.8359,2.869,0.1084,60,398440076,76067676,0.76,0.2101,0.5064,0.0414,0.0638,1,0.6402,2,1,,0.1078,0.1146,0.078,0.1961,0.0473,1.0357,0.6218,724.0753,0.1052,0.9968,0.2553,0.2327,0.4998,0.4532,0.052,0.35,76067676,1384135,-0.0112,-0.1999,0
TXN-2022-1058,2022-12-14,Murabaha,Qishloq xo'jaligi,Toshkent,691,22,0.5,0.4303,2,0,4,Tovar,0.8283,0.026,0.1399,24,843896460,86775059,0.6265,0.1679,0.5779,0.1314,0.1639,1,0.4159,4,0,,0.1449,0.1105,0.0401,0.25,0.0708,1.0332,0.8188,833.2719,0.2954,0.9588,0.3564,0.3203,0.0,0.4072,0.0869,0.45,86775059,3394161,-0.015,0.0681,0
TXN-2023-1059,2023-04-17,Musharaka,Savdo,Samarqand,747,30,0.5,0.4108,2,0,2,Sanoat uskunasi,0.7942,0.931,0.2024,36,184028464,114769846,0.5737,0.5704,0.6829,0.2567,0.0586,1,0.4581,6,0,,0.3119,0.1072,0.0769,0.1625,0.0305,0.8415,0.6465,939.4364,0.3153,0.6467,0.3263,0.1928,0.0,0.4676,0.3853,0.6,114769846,26534487,-0.0323,0.232,0
TXN-2022-1060,2022-11-14,Musharaka,Xizmat,Buxoro,605,31,2.8,0.3139,3,0,3,Transport,0.5041,1.819,0.0584,24,451669544,59653840,0.7093,0.2104,0.954,0.0642,0.1329,1,0.6394,3,0,,0.2586,0.0916,0.0682,0.25,0.1041,1.0169,0.4983,1197.8242,0.1971,0.2251,0.1582,0.2735,0.0,0.766,0.1554,0.6,59653840,5562656,-0.0268,-0.2768,0
TXN-2022-1061,2022-10-20,Sukuk,Qishloq xo'jaligi,Andijon,610,45,1.0,0.4929,2,0,4,Ko'chmas mulk,0.6807,1.013,0.0832,12,378422511,38418168,0.632,0.5064,0.5024,0.1033,0.2921,1,0.6038,2,0,AAA,0.0701,0.0599,0.0403,0.25,0.0723,0.9741,0.5273,894.8742,0.3954,1.1709,0.3355,0.2697,0.0,0.3038,0.0518,0.28,38418168,557494,-0.0073,-0.6674,0
TXN-2024-1062,2024-10-04,Sukuk,Savdo,Andijon,743,31,4.9,0.7619,1,0,2,Sanoat uskunasi,0.8085,2.96,0.1316,84,161895930,362810594,0.804,0.2882,0.7778,0.2529,0.4,1,0.3952,0,0,AA,0.0931,0.0962,0.0531,0.25,0.0726,1.0032,0.9198,917.904,0.6529,1.3986,0.616,0.2931,0.0,0.27,0.0691,0.28,362810594,7023506,-0.0096,0.0167,0
TXN-2021-1063,2021-08-03,Ijara,Savdo,Toshkent,486,29,15.0,0.3562,1,0,3,Ko'chmas mulk,0.5205,1.849,0.1684,60,198998321,93789567,0.608,0.4724,0.8774,0.2663,0.0306,1,0.6562,2,1,,0.0936,0.132,0.0788,0.2038,0.0951,0.9566,0.4942,931.8877,0.2969,1.78,0.1854,0.257,0.0,0.6169,0.0523,0.35,93789567,1715755,-0.0097,0.41,0
TXN-2021-1064,2021-11-26,Murabaha,Ishlab chiqarish,Boshqa,611,31,3.0,0.3559,2,1,3,Transport,0.7681,8.026,0.0889,72,155900904,127119162,0.6543,0.3101,0.6608,0.2941,0.0327,1,0.4403,5,0,,0.1124,0.1386,0.0744,0.25,0.0298,0.9678,0.3354,794.4325,0.3268,0.7845,0.2734,0.3142,0.4998,0.4449,0.1422,0.45,127119162,8135561,-0.0116,-0.3653,0
TXN-2022-1065,2022-11-07,Musharaka,Qurilish,Andijon,661,49,11.2,0.6131,2,0,5,Sanoat uskunasi,0.7255,1.107,0.1035,60,303801649,172355121,0.8237,0.3575,0.7499,0.2576,0.2345,1,0.2274,3,0,,0.2689,0.1246,0.0495,0.25,0.1078,0.9335,0.9195,909.8323,0.4921,0.3836,0.4448,0.325,0.0,0.3808,0.1578,0.6,172355121,16315278,-0.0279,-0.0985,0
TXN-2023-1066,2023-04-24,Ijara,Savdo,Buxoro,683,38,0.5,0.3636,2,0,2,Tovar,0.5407,3.199,0.1429,24,96811430,121549523,0.6728,0.2866,0.9347,0.2003,0.0852,0,0.5709,3,1,,0.111,0.0695,0.0701,0.25,0.0308,1.0545,0.8258,1260.7668,0.2855,1.2754,0.1966,0.2494,0.0,0.6678,0.0385,0.35,121549523,1637680,-0.0115,0.1162,0
TXN-2024-1067,2024-11-21,Murabaha,Savdo,Samarqand,601,36,1.1,0.4627,2,0,4,Boshqa,0.5184,4.517,0.2211,60,214693324,63961900,0.816,0.3861,0.9003,0.1659,0.2907,0,0.4863,2,0,,0.1235,0.1126,0.0656,0.25,0.083,1.1007,0.7507,1157.121,0.4566,1.7761,0.2399,0.297,0.0,0.4892,0.0443,0.45,63961900,1276249,-0.0128,0.7375,0
TXN-2023-1068,2023-10-12,Murabaha,Qishloq xo'jaligi,Boshqa,647,36,0.5,0.2139,4,0,3,Ko'chmas mulk,0.4872,0.731,0.1488,48,197455566,292786830,0.1048,0.2065,0.7712,0.3083,0.3375,1,0.2712,0,0,,0.1308,0.1179,0.0658,0.25,0.053,1.1254,0.2,1325.2682,0.6458,1.1291,0.1042,0.3022,0.0,0.2732,0.0957,0.45,292786830,12613856,-0.0136,0.1437,0
TXN-2022-1069,2022-08-14,Murabaha,Savdo,Samarqand,433,50,2.4,0.3724,3,0,4,Ko'chmas mulk,0.3525,3.507,0.1444,72,71797906,101261280,0.7219,0.1791,0.7211,0.0515,0.1237,1,0.3468,2,0,,0.1136,0.1233,0.053,0.1576,0.0817,0.9917,0.7247,1225.04,0.1752,1.2601,0.1313,0.2279,0.0,0.5948,0.0726,0.45,101261280,3306896,-0.0118,0.1264,0
TXN-2024-1070,2024-09-18,Murabaha,Savdo,Andijon,589,30,14.3,0.2236,4,0,3,Ko'chmas mulk,0.2282,1.249,0.1117,24,294447217,221109875,0.6063,0.1797,0.8826,0.1501,0.0926,1,0.455,3,0,,0.0719,0.088,0.0522,0.25,0.1142,1.0187,0.737,2570.2572,0.2427,1.5325,0.051,0.2858,0.0,0.6683,0.0387,0.45,221109875,3853942,-0.0074,-0.2553,0
TXN-2023-1071,2023-04-01,Murabaha,Savdo,Namangan,683,51,0.6,0.3076,2,0,4,Tovar,0.7024,0.345,0.1805,36,367397505,393835664,0.842,0.5244,0.9221,0.1785,0.0297,0,0.2487,3,0,,0.1201,0.0707,0.0573,0.25,0.0476,0.9489,0.5789,971.0288,0.2083,1.4901,0.216,0.2634,0.0,0.7301,0.0298,0.45,393835664,5288628,-0.0124,0.4204,0
TXN-2024-1072,2024-02-01,Murabaha,Ishlab chiqarish,Toshkent,561,40,5.6,0.3187,1,1,4,Moliyaviy aktiv,0.6171,0.009,0.1279,24,102558318,59194774,0.5908,0.2841,0.9201,0.3417,0.2066,1,0.343,1,0,,0.1109,0.1188,0.0278,0.25,0.0713,0.9967,0.492,907.6326,0.5483,1.1428,0.1967,0.3411,0.999,0.4156,0.0716,0.45,59194774,1906917,-0.0115,-0.019,0
TXN-2021-1073,2021-03-17,Murabaha,Qishloq xo'jaligi,Andijon,650,36,3.6,0.4461,2,0,2,Boshqa,0.2874,3.404,0.2028,24,245082913,260747719,0.7365,0.4926,0.8859,0.2776,0.0553,1,0.6268,2,0,,0.1119,0.1084,0.0486,0.2405,0.0912,1.052,0.659,2253.5981,0.3329,1.7962,0.1282,0.3003,0.0,0.591,0.0683,0.45,260747719,8018195,-0.0116,0.6504,0
TXN-2023-1074,2023-07-21,Murabaha,Ishlab chiqarish,Andijon,682,63,16.7,0.5234,2,0,5,Moliyaviy aktiv,0.4901,0.515,0.1544,48,107165764,158947050,0.4553,0.6,0.7322,0.2764,0.1556,1,0.4121,3,0,,0.0646,0.14,0.0474,0.25,0.0659,1.0475,0.7422,1388.6763,0.432,2.3551,0.2565,0.3426,0.0,0.4159,0.0478,0.45,158947050,3420270,-0.0067,0.3782,0
TXN-2021-1075,2021-06-30,Sukuk,Qurilish,Samarqand,615,27,0.8,0.4606,2,0,5,Tovar,0.6085,0.131,0.1065,24,263300234,78371555,0.3371,0.541,0.8446,0.1162,0.1293,1,0.2158,1,0,AA,0.0609,0.1043,0.0476,0.25,0.0313,1.0177,0.6501,1009.0324,0.2455,1.72,0.2803,0.3067,0.0,0.6372,0.0168,0.28,78371555,369264,-0.0063,-0.3861,0
TXN-2022-1076,2022-10-07,Musharaka,Savdo,Andijon,659,34,1.4,0.1722,2,0,2,Boshqa,0.6112,1.719,0.1307,36,493497577,199668857,0.7899,0.5009,0.8478,0.3788,0.238,0,0.2168,2,0,,0.1042,0.14,0.0494,0.25,0.0728,0.9722,0.6678,1076.4989,0.6168,1.2417,0.1052,0.3406,0.0,0.3249,0.1346,0.6,199668857,16119446,-0.0108,0.0064,0
TXN-2022-1077,2022-06-01,Murabaha,Qishloq xo'jaligi,Toshkent,563,25,0.5,0.2821,3,0,4,Transport,0.5666,1.064,0.1085,48,180433657,159607787,0.6953,0.4107,0.9474,0.1933,0.1932,1,0.798,5,0,,0.1192,0.0958,0.0861,0.25,0.0458,0.9523,0.4472,991.8788,0.3864,0.9031,0.1599,0.2596,0.0,0.5813,0.0759,0.45,159607787,5452894,-0.0123,-0.1801,0
TXN-2022-1078,2022-10-25,Ijara,Qishloq xo'jaligi,Toshkent,627,47,3.4,0.3695,1,0,4,Moliyaviy aktiv,0.6067,2.943,0.1015,24,205127632,96716503,0.3668,0.3524,0.8015,0.2361,0.1303,1,0.6031,0,1,,0.1154,0.1045,0.0339,0.25,0.093,1.1073,0.4788,1031.7215,0.3664,0.8713,0.2242,0.3205,0.0,0.5079,0.0585,0.35,96716503,1978763,-0.012,-0.2472,0
TXN-2021-1079,2021-08-26,Murabaha,Savdo,Andijon,696,54,2.0,0.4156,3,0,1,Tovar,0.8104,0.284,0.1363,24,869769459,562521947,0.4817,0.4734,0.7384,0.2679,0.0324,1,0.2385,5,0,,0.1502,0.0768,0.0287,0.25,0.0494,1.1227,0.7276,857.7743,0.3004,0.9014,0.3368,0.2981,0.0,0.5166,0.198,0.45,562521947,50123747,-0.0156,0.0419,1
TXN-2023-1080,2023-04-08,Sukuk,Savdo,Toshkent,658,54,12.2,0.1432,3,0,3,Ko'chmas mulk,0.6933,0.356,0.1276,84,156495452,193960504,0.5346,0.3439,0.8831,0.196,0.0132,1,0.4031,4,0,AA,0.0911,0.0769,0.0306,0.25,0.1271,1.0323,0.6777,947.7821,0.2091,1.3851,0.0992,0.2963,0.0,0.6984,0.0171,0.28,193960504,927403,-0.0094,-0.026,0
TXN-2023-1081,2023-11-20,Ijara,Qurilish,Toshkent,595,50,5.6,0.5836,3,0,5,Ko'chmas mulk,0.4892,1.294,0.1447,60,139584864,69024803,0.6065,0.3235,0.6861,0.1074,0.0609,1,0.2941,2,1,,0.0883,0.14,0.0494,0.1777,0.0733,0.9337,0.6712,1213.7872,0.1684,1.6191,0.2855,0.2683,0.0,0.5706,0.034,0.35,69024803,820325,-0.0092,0.1659,0
TXN-2021-1082,2021-01-03,Murabaha,Xizmat,Toshkent,664,36,5.7,0.3396,2,0,4,Ko'chmas mulk,0.4557,1.837,0.1212,48,243923823,186897786,0.5213,0.4272,0.7286,0.3487,0.0426,1,0.5938,2,0,,0.1279,0.0961,0.0559,0.1558,0.0916,0.9997,0.7801,1453.7607,0.3912,0.9406,0.1548,0.196,0.0,0.4435,0.0575,0.45,186897786,4838925,-0.0132,-0.0688,0
TXN-2024-1083,2024-09-08,Murabaha,Savdo,Buxoro,705,34,4.6,0.2885,3,0,5,Tovar,0.6151,4.346,0.0563,60,1043066996,130627765,0.7502,0.6,0.6932,0.1495,0.0813,1,0.3883,1,0,,0.1147,0.0973,0.0666,0.25,0.0605,1.0054,0.3931,1144.353,0.2308,0.4869,0.1774,0.2806,0.0,0.5332,0.0244,0.45,130627765,1435978,-0.0119,-0.6424,0
TXN-2024-1084,2024-01-17,Sukuk,Savdo,Andijon,470,21,0.6,0.4283,2,0,4,Sanoat uskunasi,0.7992,2.202,0.0819,12,284869231,67123953,0.7509,0.1326,0.716,0.1553,0.2831,1,0.1483,1,0,BBB,0.0725,0.0992,0.0236,0.25,0.1137,1.0776,0.5187,587.3737,0.4384,1.1138,0.3423,0.3256,0.0,0.4021,0.0472,0.28,67123953,886559,-0.0075,-0.6635,0
TXN-2023-1085,2023-08-05,Sukuk,Qishloq xo'jaligi,Andijon,743,58,3.5,0.2013,3,0,1,Ko'chmas mulk,0.4705,5.822,0.1038,12,164888061,126046989,0.8126,0.6,0.7878,0.3972,0.1429,1,0.3571,1,0,A,0.082,0.0928,0.055,0.1655,0.0709,1.1165,0.6363,1575.7754,0.5401,1.2516,0.0947,0.2033,0.0,0.3623,0.0199,0.28,126046989,703240,-0.0085,-0.3191,1
TXN-2023-1086,2023-04-27,Musharaka,Ishlab chiqarish,Boshqa,616,42,30.0,0.2446,1,0,2,Tovar,0.9077,0.614,0.1939,24,349846905,194642555,0.2378,0.2337,0.6649,0.0506,0.2366,1,0.5533,2,0,,0.2197,0.0998,0.0409,0.2,0.1163,0.8923,0.397,677.9255,0.2872,0.8784,0.222,0.2589,0.0,0.4739,0.5815,0.6,194642555,67912815,-0.0228,0.2908,0
TXN-2021-1087,2021-04-22,Musharaka,Qurilish,Toshkent,681,33,10.8,0.4058,1,0,4,Ko'chmas mulk,0.5553,2.267,0.29,36,382612125,77524263,0.8995,0.6,0.8422,0.1523,0.2552,0,0.6975,2,0,,0.2601,0.0661,0.084,0.0663,0.0585,0.9069,0.8769,1224.0801,0.4074,1.1104,0.2253,0.0485,0.0,0.4991,0.0826,0.6,77524263,3839966,-0.027,0.6149,0
TXN-2022-1088,2022-01-20,Murabaha,Qishloq xo'jaligi,Buxoro,746,51,13.4,0.4024,1,0,4,Tovar,0.3359,2.662,0.1972,48,352140804,55791004,0.3623,0.3472,0.7514,0.2355,0.0233,1,0.3121,3,0,,0.1449,0.1141,0.0516,0.25,0.0751,1.1192,0.5167,2214.2278,0.2588,1.3517,0.1352,0.3125,0.0,0.5569,0.0276,0.45,55791004,693952,-0.015,0.4639,0
TXN-2023-1089,2023-11-28,Sukuk,Xizmat,Toshkent,528,28,10.4,0.5561,2,0,2,Tovar,0.6642,3.235,0.1199,24,391355979,56668129,0.851,0.2322,0.5307,0.0282,0.3742,1,0.4045,0,0,A,0.0586,0.0861,0.0509,0.25,0.0436,1.1677,0.2,793.7097,0.4024,2.0093,0.3694,0.2852,0.0,0.3171,0.1516,0.28,56668129,2405834,-0.0061,-0.1729,1
TXN-2023-1090,2023-01-11,Murabaha,Ishlab chiqarish,Boshqa,584,42,0.7,0.1923,4,0,4,Boshqa,0.4552,11.196,0.114,12,429061610,58726903,0.7628,0.4001,0.7017,0.2458,0.2626,1,0.4313,3,0,,0.0924,0.1169,0.0725,0.25,0.0683,0.9705,0.4582,1280.1252,0.5084,1.221,0.0875,0.2944,0.0,0.345,0.0653,0.45,58726903,1726771,-0.0096,-0.1729,0
TXN-2024-1091,2024-06-29,Sukuk,Qurilish,Boshqa,620,36,1.5,0.6083,2,0,5,Ko'chmas mulk,0.8831,1.578,0.107,60,226527160,215709488,0.5089,0.1951,0.6651,0.1744,0.2761,0,0.2929,2,0,A,0.094,0.0597,0.0501,0.1787,0.0542,0.9282,0.5839,701.2984,0.4505,1.1266,0.5371,0.1882,0.0,0.3654,0.0371,0.28,215709488,2238273,-0.0097,-0.2441,0
TXN-2023-1092,2023-10-18,Ijara,IT,Toshkent,578,44,0.5,0.3882,4,0,4,Moliyaviy aktiv,0.4065,1.152,0.1354,36,226527086,197554775,0.5564,0.1396,0.6592,0.3986,0.4,1,0.6547,2,1,,0.0989,0.1178,0.0476,0.25,0.0344,1.1329,0.2121,1418.445,0.7986,1.3552,0.1578,0.3201,0.0,0.1327,0.0694,0.35,197554775,4798674,-0.0102,0.0545,0
TXN-2024-1093,2024-07-04,Musharaka,Qurilish,Namangan,792,37,2.2,0.3191,2,0,3,Ko'chmas mulk,0.799,4.78,0.2591,120,405297021,77877307,0.7646,0.2561,0.7762,0.1108,0.1852,1,0.3086,1,0,,0.2669,0.0916,0.0397,0.25,0.1217,1.0753,0.6668,989.9907,0.296,0.967,0.255,0.3019,0.0,0.5465,0.1036,0.6,77877307,4839947,-0.0277,0.4835,0
TXN-2023-1094,2023-06-25,Musharaka,Xizmat,Samarqand,572,23,0.7,0.3853,1,0,3,Transport,0.5165,0.486,0.1207,24,56455239,127599299,0.8523,0.6,0.6998,0.0903,0.0692,1,0.426,1,0,,0.2196,0.0901,0.0511,0.25,0.1025,1.0119,0.3431,1105.3256,0.1595,0.5469,0.199,0.2891,0.0,0.5882,0.2411,0.6,127599299,18461287,-0.0228,-0.0425,0
TXN-2021-1095,2021-04-16,Murabaha,Savdo,Andijon,597,38,3.8,0.6478,2,0,5,Transport,0.5279,0.094,0.1756,48,51653228,59222317,0.4183,0.0636,0.888,0.3875,0.2382,0,0.7701,1,0,,0.1004,0.0847,0.0459,0.1716,0.0564,0.95,0.4139,1128.7209,0.6256,1.7327,0.342,0.2104,0.0,0.3324,0.0653,0.45,59222317,1739315,-0.0104,0.4547,0
TXN-2022-1096,2022-02-21,Murabaha,Savdo,Andijon,662,48,6.8,0.3604,2,0,5,Sanoat uskunasi,0.7107,1.466,0.1638,60,170958691,94301166,0.4927,0.4736,0.8332,0.0788,0.0245,0,0.2723,2,0,,0.1007,0.1197,0.0396,0.2251,0.0731,1.1195,0.2,930.1843,0.1032,1.6109,0.2561,0.3053,0.0,0.7472,0.0309,0.45,94301166,1310992,-0.0104,0.3359,0
TXN-2022-1097,2022-07-01,Murabaha,Ishlab chiqarish,Samarqand,542,37,12.5,0.4684,3,0,3,Boshqa,0.7788,0.71,0.1196,72,199160348,93283585,0.7293,0.4143,0.8763,0.1723,0.3683,1,0.3823,1,0,,0.1087,0.1039,0.0511,0.25,0.0821,0.8261,0.4697,695.0595,0.5406,1.0908,0.3648,0.3029,0.0,0.4026,0.2617,0.45,93283585,10985659,-0.0113,-0.0952,0
TXN-2024-1098,2024-01-30,Murabaha,IT,Buxoro,611,45,8.3,0.246,0,1,5,Sanoat uskunasi,0.6376,1.263,0.1921,36,371135182,182966496,0.6178,0.1768,0.7285,0.3155,0.2147,1,0.5746,3,0,,0.1096,0.0755,0.0941,0.1683,0.0699,1.2286,0.4748,956.8158,0.5302,1.7368,0.1569,0.1497,1000.0,0.3422,0.0477,0.45,182966496,3931489,-0.0114,0.5668,0
TXN-2021-1099,2021-09-26,Ijara,IT,Toshkent,671,27,16.7,0.344,1,0,2,Moliyaviy aktiv,0.521,10.687,0.0631,24,183434262,338518427,0.4083,0.3621,0.6553,0.0696,0.0653,0,0.4196,4,1,,0.0926,0.0555,0.0872,0.25,0.0387,0.9583,0.7238,1285.3791,0.1348,0.6738,0.1792,0.2183,0.0,0.567,0.0633,0.35,338518427,7504734,-0.0096,-0.722,0
TXN-2022-1100,2022-08-13,Murabaha,Qurilish,Boshqa,616,37,0.5,0.5328,1,0,3,Ko'chmas mulk,0.3568,1.071,0.2269,24,494338600,69013175,0.52,0.3122,0.4859,0.3283,0.1078,1,0.2604,5,0,,0.1081,0.1284,0.096,0.25,0.0723,1.0652,0.5778,1721.6755,0.4361,2.0805,0.1901,0.2824,0.0,0.274,0.1773,0.45,69013175,5505114,-0.0112,0.8967,0
TXN-2023-1101,2023-06-17,Murabaha,Savdo,Boshqa,637,31,0.5,0.3186,1,1,3,Transport,0.7683,3.077,0.1927,48,266789434,83092873,0.244,0.4041,0.9257,0.0635,0.2023,1,0.2848,3,0,,0.1036,0.0605,0.0575,0.25,0.0636,1.1088,0.614,828.0478,0.2658,1.8427,0.2448,0.253,0.999,0.6797,0.067,0.45,83092873,2504613,-0.0107,0.605,0
TXN-2024-1102,2024-12-01,Sukuk,Qurilish,Boshqa,600,45,6.5,0.5144,3,0,2,Transport,0.8793,0.721,0.0951,36,153227769,179671742,0.4352,0.3979,0.7508,0.2907,0.361,1,0.4441,1,0,A,0.068,0.0992,0.0663,0.25,0.0631,0.9205,0.7288,681.5644,0.6517,1.3784,0.4523,0.2829,0.0,0.2615,0.1291,0.28,179671742,6496129,-0.007,-0.5122,0
TXN-2023-1103,2023-09-20,Sukuk,Qurilish,Buxoro,516,38,2.0,0.3766,1,0,5,Ko'chmas mulk,0.8745,0.904,0.0894,48,522186838,54165991,0.5956,0.3585,0.826,0.3255,0.0768,1,0.316,2,0,AA,0.0968,0.0757,0.0833,0.25,0.0396,1.0681,0.6584,589.399,0.4023,0.9142,0.3293,0.2424,0.0,0.4937,0.0275,0.28,54165991,417335,-0.01,-0.419,0
TXN-2021-1104,2021-09-06,Sukuk,Ishlab chiqarish,Namangan,672,44,1.8,0.6693,1,0,4,Boshqa,0.7331,0.696,0.0991,12,288996485,78233769,0.6076,0.338,0.9017,0.1888,0.0255,0,0.5338,2,0,BBB,0.0892,0.1137,0.0651,0.25,0.0317,1.0844,0.3131,915.3467,0.2142,1.0989,0.4907,0.2986,0.0,0.7085,0.0175,0.28,78233769,382630,-0.0092,-0.3459,0
TXN-2021-1105,2021-03-01,Sukuk,IT,Samarqand,794,48,2.4,0.6376,5,0,3,Sanoat uskunasi,0.6009,2.123,0.0812,36,112273233,270306369,0.7054,0.1888,0.9294,0.4329,0.0048,1,0.4312,2,0,BBB,0.0796,0.0841,0.0419,0.0575,0.1185,1.0327,0.4032,1319.1906,0.4377,1.0071,0.3831,0.0998,0.0,0.5226,0.0137,0.28,270306369,1039072,-0.0083,-0.6127,0
TXN-2024-1106,2024-07-14,Murabaha,IT,Toshkent,646,44,1.9,0.4655,2,1,5,Transport,0.5972,0.641,0.1309,36,387170815,349459275,0.4243,0.3721,0.5866,0.1519,0.0863,1,0.7699,1,0,,0.1688,0.14,0.0626,0.25,0.0699,0.8759,0.7829,1079.9336,0.2383,0.7714,0.278,0.3274,0.4998,0.4469,0.0673,0.45,349459275,10591133,-0.0175,0.0056,0
TXN-2024-1107,2024-05-31,Murabaha,Xizmat,Toshkent,664,40,4.3,0.2379,0,1,5,Tovar,0.3847,3.168,0.1728,60,386943177,77345690,0.4895,0.1462,0.8461,0.0852,0.3861,0,0.6563,2,0,,0.1353,0.0916,0.0335,0.25,0.0697,0.9888,0.7911,1721.6015,0.4712,1.2678,0.0915,0.3081,1000.0,0.4474,0.016,0.45,77345690,557794,-0.014,0.3165,0
TXN-2022-1108,2022-05-06,Ijara,Qishloq xo'jaligi,Andijon,703,28,3.5,0.1626,1,0,2,Transport,0.6263,2.851,0.0988,60,113725871,83222314,0.8503,0.492,0.7386,0.1883,0.0622,1,0.2237,5,1,,0.0893,0.0753,0.0452,0.25,0.0341,0.8652,0.7422,1120.7415,0.2505,1.0939,0.1018,0.2802,0.0,0.5536,0.0307,0.35,83222314,894286,-0.0093,-0.3499,0
TXN-2024-1109,2024-12-24,Ijara,Xizmat,Boshqa,537,37,4.3,0.2122,1,0,4,Ko'chmas mulk,0.6431,1.367,0.1482,36,260954619,237219781,0.5149,0.6,0.5541,0.1733,0.2503,1,0.2298,2,1,,0.1236,0.0867,0.0708,0.25,0.0353,0.9729,0.4532,833.6925,0.4236,1.1897,0.1365,0.2658,0.0,0.3194,0.0691,0.35,237219781,5740943,-0.0128,0.1473,0
TXN-2021-1110,2021-11-21,Murabaha,Ishlab chiqarish,Toshkent,789,32,6.7,0.3348,2,0,4,Transport,0.4812,0.065,0.1301,48,351729725,290298305,0.6277,0.2798,0.683,0.1873,0.0286,1,0.1106,3,0,,0.1218,0.0984,0.01,0.25,0.1064,1.0321,0.3909,1636.106,0.2158,1.0598,0.1611,0.3384,0.0,0.5356,0.0188,0.45,290298305,2456041,-0.0126,0.001,0
TXN-2022-1111,2022-09-29,Ijara,Savdo,Buxoro,662,34,2.9,0.5292,1,0,4,Sanoat uskunasi,0.7539,0.057,0.1528,12,90103711,119866292,0.7057,0.3037,0.6813,0.2247,0.0802,1,0.3702,6,1,,0.1275,0.1121,0.0407,0.25,0.1069,1.0248,0.566,876.8835,0.3049,1.1888,0.399,0.3213,0.0,0.4736,0.0738,0.35,119866292,3095078,-0.0132,0.1787,0
TXN-2024-1112,2024-02-03,Murabaha,Savdo,Namangan,783,34,1.7,0.2795,3,0,4,Boshqa,0.6776,1.903,0.1945,48,460957176,90490501,0.7486,0.2428,0.7906,0.0348,0.4,0,0.604,0,0,,0.1338,0.1169,0.0419,0.25,0.0615,1.0658,0.7359,1153.8791,0.4348,1.4435,0.1894,0.3251,0.0,0.4469,0.0301,0.45,90490501,1224999,-0.0139,0.4823,0
TXN-2021-1113,2021-01-29,Murabaha,Savdo,Toshkent,582,28,1.1,0.4544,2,0,2,Ko'chmas mulk,0.6371,4.569,0.1,12,161893504,211051631,0.8345,0.5446,0.7322,0.1799,0.0287,1,0.5323,2,0,,0.1002,0.0792,0.0261,0.2233,0.0565,0.9359,0.597,912.1522,0.2085,0.9887,0.2895,0.2764,0.0,0.5795,0.125,0.45,211051631,11869796,-0.0104,-0.2991,0
TXN-2024-1114,2024-02-06,Musharaka,Ishlab chiqarish,Buxoro,799,21,2.6,0.3296,3,0,3,Transport,0.6678,2.284,0.0534,48,145605672,185359720,0.3266,0.4138,0.597,0.0419,0.3573,0,0.5202,4,0,,0.2692,0.0799,0.0708,0.2157,0.0963,0.8049,0.5288,1194.6267,0.3992,0.1977,0.2201,0.2248,0.0,0.3587,0.1461,0.6,185359720,16248417,-0.0279,-0.2845,0
TXN-2023-1115,2023-04-16,Musharaka,Qishloq xo'jaligi,Toshkent,710,31,8.1,0.4423,4,1,5,Ko'chmas mulk,0.5488,1.43,0.1899,48,206344259,140673084,0.7309,0.5922,0.6517,0.0514,0.3497,0,0.5068,2,0,,0.1545,0.1201,0.0597,0.25,0.07,1.0051,0.561,1291.4257,0.401,1.221,0.2427,0.3105,0.2499,0.3903,0.1144,0.6,140673084,9652450,-0.016,0.3877,0
TXN-2021-1116,2021-07-10,Musharaka,Qurilish,Andijon,692,39,8.5,0.4279,3,1,5,Ko'chmas mulk,0.6985,5.345,0.1954,36,372239955,521800223,0.5544,0.4013,0.6309,0.3508,0.3493,1,0.1965,1,0,,0.2287,0.0844,0.0491,0.25,0.0215,1.0425,0.6657,989.3062,0.7001,0.8507,0.2989,0.2854,0.3332,0.1892,0.2023,0.6,521800223,63344831,-0.0237,0.2859,0
TXN-2022-1117,2022-04-06,Murabaha,Qurilish,Buxoro,664,24,6.6,0.3233,1,0,3,Sanoat uskunasi,0.7397,0.548,0.0911,36,445093712,171651039,0.5547,0.3961,0.7288,0.2295,0.2102,1,0.4329,5,0,,0.1565,0.14,0.0782,0.25,0.1294,1.0636,0.4457,896.4865,0.4397,0.5783,0.2391,0.3118,0.0,0.4083,0.1402,0.45,171651039,10829395,-0.0162,-0.2487,0
TXN-2021-1118,2021-08-21,Sukuk,Qurilish,Toshkent,623,38,1.6,0.2115,1,0,1,Ko'chmas mulk,0.7836,1.113,0.1417,12,664520614,65073418,0.603,0.4318,0.824,0.0927,0.0917,1,0.2886,2,0,AAA,0.0862,0.0807,0.0339,0.25,0.0624,1.1673,0.5414,793.9907,0.1844,1.6249,0.1657,0.2968,0.0,0.6721,0.0326,0.28,65073418,594734,-0.0089,0.1357,0
TXN-2023-1119,2023-08-04,Murabaha,Qurilish,Andijon,747,57,5.3,0.3408,5,1,5,Tovar,0.5753,2.083,0.1255,36,143170768,193701458,0.5082,0.4766,0.749,0.0389,0.2264,1,0.1562,1,0,,0.0723,0.0657,0.0643,0.059,0.0927,0.9728,0.5101,1296.1041,0.2653,1.7118,0.1961,0.0604,0.2,0.5504,0.0203,0.45,193701458,1768235,-0.0075,-0.062,0
TXN-2021-1120,2021-08-29,Murabaha,Qurilish,Buxoro,656,48,5.1,0.1447,1,1,3,Transport,0.6806,0.862,0.1656,84,304944041,89394582,0.8581,0.1891,0.6636,0.1908,0.0414,1,0.4786,3,0,,0.1438,0.086,0.0562,0.25,0.0527,1.0558,0.2487,962.4387,0.2322,1.1437,0.0985,0.2798,0.999,0.5096,0.0407,0.45,89394582,1639037,-0.0149,0.2475,0
TXN-2024-1121,2024-08-19,Sukuk,Savdo,Andijon,477,54,4.0,0.3392,1,0,3,Ko'chmas mulk,0.5559,12.0,0.0817,36,368397349,128299300,0.8996,0.3678,0.9143,0.3205,0.323,1,0.4377,2,0,BBB,0.0735,0.087,0.0513,0.25,0.1082,1.0609,0.8886,856.4867,0.6435,1.0961,0.1886,0.2857,0.0,0.3259,0.0402,0.28,128299300,1445656,-0.0076,-0.6571,0
TXN-2021-1122,2021-11-12,Sukuk,Savdo,Buxoro,550,41,4.8,0.6426,3,0,3,Transport,0.7101,1.505,0.0627,36,327291721,247008562,0.6153,0.0717,0.765,0.2185,0.0142,0,0.1623,2,0,AA,0.0754,0.1248,0.0515,0.0649,0.1141,1.1061,0.7314,773.4982,0.2327,0.8208,0.4563,0.1382,0.0,0.5869,0.0578,0.28,247008562,4000035,-0.0078,-0.8932,0
TXN-2023-1123,2023-10-18,Sukuk,Savdo,Buxoro,629,49,4.1,0.3699,2,1,3,Ko'chmas mulk,0.3312,0.133,0.1292,48,135946633,264083774,0.5666,0.1719,0.8913,0.2297,0.0917,1,0.2538,2,0,AA,0.0748,0.1041,0.039,0.25,0.0643,1.0149,0.2,1893.1591,0.3214,1.7045,0.1225,0.3151,0.4998,0.6048,0.0121,0.28,264083774,898289,-0.0078,-0.0108,0
TXN-2022-1124,2022-08-21,Ijara,Savdo,Toshkent,671,30,5.0,0.2741,6,1,3,Tovar,0.5136,0.484,0.0922,36,285426786,20000000,0.5592,0.5447,0.7475,0.1511,0.0042,1,0.5108,1,1,,0.0673,0.0871,0.0426,0.25,0.0236,1.1421,0.4763,1303.8527,0.1553,1.3499,0.1408,0.2945,0.1666,0.6314,0.0248,0.35,20000000,173571,-0.007,-0.5611,0
TXN-2023-1125,2023-11-09,Ijara,IT,Toshkent,640,31,7.5,0.3434,1,1,4,Ko'chmas mulk,0.4981,1.901,0.1436,36,296752126,96957511,0.5237,0.6,0.8382,0.1765,0.1536,1,0.6713,4,1,,0.1015,0.0804,0.0584,0.1905,0.0679,1.0602,0.5835,1282.2504,0.33,1.401,0.1711,0.2125,0.999,0.5616,0.0203,0.35,96957511,690327,-0.0105,0.1337,0
TXN-2024-1126,2024-12-15,Musharaka,Savdo,Namangan,748,21,0.7,0.2741,4,0,2,Ko'chmas mulk,0.95,1.997,0.1303,24,167856328,101328366,0.4761,0.2382,0.6509,0.0018,0.0523,1,0.2425,4,0,,0.1947,0.1123,0.0887,0.0919,0.0869,1.0673,0.6953,786.5405,0.0541,0.666,0.2604,0.1155,0.0,0.6157,0.2571,0.6,101328366,15627957,-0.0202,0.0018,0
TXN-2022-1127,2022-07-14,Murabaha,Ishlab chiqarish,Buxoro,479,49,8.3,0.3904,1,0,5,Sanoat uskunasi,0.782,10.361,0.1312,48,327020802,144001232,0.4057,0.3808,0.8753,0.1832,0.113,1,0.3869,2,0,,0.1506,0.0749,0.0195,0.25,0.0664,1.0402,0.3723,611.7828,0.2962,0.8656,0.3052,0.3054,0.0,0.6161,0.0983,0.45,144001232,6370018,-0.0156,0.008,0
TXN-2023-1128,2023-05-01,Murabaha,Qishloq xo'jaligi,Toshkent,657,53,0.9,0.5677,2,0,5,Boshqa,0.5366,2.291,0.1336,48,277320859,77985418,0.6265,0.1797,0.765,0.405,0.059,1,0.2684,2,0,,0.1034,0.0671,0.0312,0.25,0.0399,0.9872,0.4108,1222.0884,0.464,1.2798,0.3046,0.286,0.0,0.4101,0.0443,0.45,77985418,1555001,-0.0107,0.0352,0
TXN-2023-1129,2023-09-16,Murabaha,Ishlab chiqarish,Buxoro,490,32,0.5,0.3524,1,1,5,Tovar,0.7057,2.746,0.139,72,108680282,118129751,0.3998,0.5,0.8787,0.1173,0.1629,1,0.4967,4,0,,0.1345,0.0987,0.0764,0.1135,0.108,1.0348,0.642,693.364,0.2803,1.0255,0.2487,0.1358,0.999,0.6324,0.0782,0.45,118129751,4154684,-0.0139,0.0666,0
TXN-2023-1130,2023-08-26,Murabaha,Qishloq xo'jaligi,Namangan,709,35,22.4,0.1943,4,0,5,Ko'chmas mulk,0.3601,0.601,0.1143,12,357823134,136655110,0.8384,0.1984,0.6886,0.1354,0.1526,1,0.2693,4,0,,0.1157,0.1203,0.0649,0.25,0.0706,1.0244,0.5895,1963.532,0.288,0.9793,0.07,0.3053,0.0,0.4903,0.0156,0.45,136655110,961231,-0.012,-0.1357,0
TXN-2022-1131,2022-05-15,Ijara,Savdo,Toshkent,636,30,18.9,0.4328,0,0,4,Ko'chmas mulk,0.8981,0.283,0.1416,12,262082301,44668042,0.4574,0.2177,0.799,0.0998,0.2611,1,0.621,3,1,,0.1077,0.0948,0.0771,0.25,0.0616,1.1468,0.4392,707.4101,0.3609,1.3022,0.3887,0.2677,0.0,0.5106,0.0747,0.35,44668042,1168292,-0.0112,0.1076,0
TXN-2023-1132,2023-07-25,Musharaka,Xizmat,Samarqand,680,41,0.5,0.3946,1,0,3,Sanoat uskunasi,0.6672,2.303,0.2366,72,78680185,128234431,0.3639,0.6,0.6225,0.1789,0.076,1,0.4544,4,0,,0.1368,0.102,0.0648,0.1152,0.049,1.095,0.3596,1017.723,0.255,1.7163,0.2633,0.1523,0.0,0.4638,0.2723,0.6,128234431,20948065,-0.0142,0.7787,1
TXN-2024-1133,2024-02-03,Murabaha,Savdo,Namangan,571,49,3.5,0.2044,1,0,1,Tovar,0.5012,5.004,0.1889,48,204399511,285745608,0.761,0.5069,0.8865,0.1092,0.2069,1,0.6418,1,0,,0.0963,0.0937,0.0411,0.25,0.0421,1.0079,0.3125,1136.918,0.3161,1.9403,0.1024,0.3026,0.0,0.6063,0.1244,0.45,285745608,16000975,-0.01,0.6109,1
TXN-2021-1134,2021-10-24,Murabaha,Xizmat,Buxoro,753,21,1.2,0.4258,1,0,2,Transport,0.4837,2.213,0.1221,84,263537312,60881521,0.8481,0.1167,0.7824,0.2915,0.3515,1,0.2292,0,0,,0.1359,0.1009,0.0584,0.25,0.0707,0.9887,0.2731,1553.426,0.643,0.8924,0.206,0.2925,0.0,0.2793,0.0717,0.45,60881521,1964552,-0.0141,-0.0579,0
TXN-2023-1135,2023-02-25,Ijara,Qurilish,Toshkent,733,42,4.0,0.6641,1,0,3,Transport,0.8488,1.462,0.0864,36,158934240,160291213,0.6996,0.1334,0.7622,0.2781,0.265,1,0.2019,3,1,,0.0817,0.0881,0.0663,0.25,0.0665,0.9052,0.3608,862.5605,0.5431,1.0452,0.5637,0.2717,0.0,0.3483,0.1472,0.35,160291213,8256384,-0.0085,-0.5332,0
TXN-2022-1136,2022-01-26,Murabaha,Ishlab chiqarish,Boshqa,694,35,10.6,0.416,0,0,4,Ko'chmas mulk,0.3574,2.158,0.1486,36,295143506,153941617,0.6854,0.4474,0.8372,0.2733,0.0851,1,0.1716,2,0,,0.1056,0.123,0.0553,0.25,0.0398,1.0953,0.6832,1936.6351,0.3585,1.3934,0.1486,0.3178,0.0,0.5371,0.0306,0.45,153941617,2117663,-0.0109,0.1756,1
TXN-2024-1137,2024-05-12,Sukuk,Savdo,Toshkent,633,39,18.0,0.4072,2,0,5,Ko'chmas mulk,0.673,1.581,0.1093,36,205902300,41033840,0.3196,0.352,0.6097,0.1895,0.0829,0,0.4465,2,0,AAA,0.0519,0.1075,0.0699,0.0821,0.0556,1.1095,0.814,939.105,0.2723,2.0647,0.274,0.1198,0.0,0.4437,0.0201,0.28,41033840,230451,-0.0054,-0.3993,0
TXN-2023-1138,2023-11-07,Musharaka,Qurilish,Buxoro,694,42,6.0,0.5244,2,0,3,Sanoat uskunasi,0.5523,0.383,0.2026,24,452706051,114006633,0.4266,0.2566,0.8743,0.0733,0.2435,1,0.5719,1,0,,0.3147,0.1016,0.0763,0.25,0.0763,1.0021,0.6961,1254.3982,0.3168,0.6417,0.2896,0.2753,0.0,0.5973,0.2171,0.6,114006633,14848566,-0.0326,0.2306,0
TXN-2021-1139,2021-10-07,Musharaka,Qishloq xo'jaligi,Boshqa,584,36,2.6,0.5319,3,2,4,Ko'chmas mulk,0.3968,3.379,0.272,36,287914395,137391317,0.71,0.3526,0.8436,0.2205,0.105,1,0.5677,0,0,,0.2949,0.0852,0.0733,0.25,0.0649,0.8,0.7522,1468.2542,0.3255,0.9194,0.211,0.2619,0.6664,0.569,0.2032,0.6,137391317,16749975,-0.0306,0.4816,0
TXN-2021-1140,2021-05-23,Musharaka,Ishlab chiqarish,Samarqand,717,36,5.5,0.3334,2,0,4,Ko'chmas mulk,0.6709,1.904,0.1866,12,766853567,350634379,0.4522,0.1072,0.958,0.2729,0.3609,0,0.4367,1,0,,0.1885,0.1113,0.0411,0.1417,0.0841,1.0499,0.5063,1067.0884,0.6338,0.9848,0.2237,0.2119,0.0,0.3508,0.0968,0.6,350634379,20365465,-0.0195,0.3005,0
TXN-2022-1141,2022-07-20,Ijara,Qurilish,Namangan,785,35,2.2,0.4384,0,0,3,Ko'chmas mulk,0.6766,1.274,0.183,36,103013990,113229752,0.6679,0.3614,0.6128,0.0256,0.1922,1,0.2504,3,1,,0.0986,0.0777,0.0474,0.25,0.0661,0.9727,0.499,1158.4987,0.2177,1.8372,0.2966,0.2803,0.0,0.4793,0.0223,0.35,113229752,884589,-0.0102,0.5371,0
TXN-2023-1142,2023-04-30,Murabaha,Ishlab chiqarish,Samarqand,736,47,14.4,0.2955,0,0,5,Transport,0.6056,2.05,0.1752,60,296458226,190384887,0.7815,0.6,0.5484,0.046,0.0994,1,0.5852,4,0,,0.1307,0.1277,0.0604,0.1645,0.0357,1.0328,0.5195,1213.3215,0.1454,1.33,0.179,0.2318,0.0,0.4686,0.0245,0.45,190384887,2096002,-0.0135,0.3456,0
TXN-2022-1143,2022-11-28,Ijara,Qurilish,Toshkent,582,42,12.3,0.5566,0,0,4,Ko'chmas mulk,0.5583,0.69,0.1473,36,247157772,89284978,0.6338,0.0875,0.8833,0.4308,0.0445,1,0.091,1,1,,0.1092,0.0835,0.0539,0.25,0.0991,1.0004,0.5517,1040.6021,0.4753,1.3371,0.3108,0.2795,0.0,0.4635,0.0292,0.35,89284978,913122,-0.0113,0.1586,0
TXN-2023-1144,2023-11-06,Musharaka,Ishlab chiqarish,Toshkent,675,40,4.9,0.4307,1,0,3,Transport,0.5205,1.396,0.1853,12,314931420,180752538,0.6584,0.403,0.7372,0.304,0.0997,1,0.1133,3,0,,0.2699,0.1035,0.0502,0.25,0.1038,1.0683,0.8367,1294.3596,0.4038,0.6839,0.2242,0.3033,0.0,0.4395,0.1993,0.6,180752538,21619472,-0.028,0.2047,0
TXN-2022-1145,2022-07-02,Murabaha,Ishlab chiqarish,Toshkent,535,25,2.4,0.1811,4,0,5,Moliyaviy aktiv,0.1846,2.435,0.1275,84,536548027,270431225,0.6282,0.6,0.6426,0.1853,0.1416,1,0.2613,4,0,,0.1507,0.1003,0.0891,0.25,0.0926,1.0936,0.4679,2883.3161,0.3268,0.8409,0.0334,0.2612,0.0,0.4326,0.0298,0.45,270431225,3622103,-0.0156,-0.0163,0
TXN-2021-1146,2021-01-06,Sukuk,Xizmat,Boshqa,693,34,2.1,0.5788,0,2,4,Ko'chmas mulk,0.5809,0.641,0.0847,24,103580322,45958410,0.8138,0.4259,0.7322,0.3051,0.091,0,0.5135,5,0,AAA,0.04,0.1128,0.0349,0.1386,0.027,1.0224,0.5585,1190.9012,0.3961,2.0669,0.3362,0.2166,2000.0,0.4422,0.0184,0.28,45958410,236379,-0.0041,-1.131,0
TXN-2022-1147,2022-08-03,Ijara,Savdo,Buxoro,683,46,0.5,0.6399,2,0,4,Sanoat uskunasi,0.5772,3.456,0.1255,36,352397344,161783361,0.7067,0.4014,0.4712,0.3805,0.07,1,0.5174,2,1,,0.1056,0.1337,0.0233,0.25,0.0659,0.9641,0.6658,1181.1545,0.4505,1.1775,0.3694,0.3604,0.0,0.2589,0.0655,0.35,161783361,3706602,-0.0109,-0.0427,0
TXN-2022-1148,2022-09-04,Ijara,Qurilish,Samarqand,486,38,10.2,0.4232,0,0,4,Tovar,0.5098,1.84,0.1463,60,299519612,213233131,0.4628,0.6,0.677,0.049,0.1011,1,0.3228,2,0,,0.1019,0.1086,0.0766,0.1467,0.0467,1.0511,0.5764,951.4803,0.1502,1.4217,0.2157,0.1788,0.0,0.5754,0.1138,0.35,213233131,8496393,-0.0106,0.1598,1
TXN-2024-1149,2024-04-17,Sukuk,Qishloq xo'jaligi,Toshkent,546,44,3.6,0.4181,1,1,4,Ko'chmas mulk,0.6149,4.946,0.0951,24,141764622,133751060,0.7287,0.4583,0.7541,0.2871,0.1386,1,0.6548,1,0,A,0.0861,0.081,0.0559,0.2008,0.0639,1.0854,0.5223,886.5236,0.4256,1.0916,0.2571,0.2259,0.999,0.4331,0.032,0.28,133751060,1199688,-0.0089,-0.4055,0
TXN-2024-1150,2024-04-02,Sukuk,Xizmat,Toshkent,620,55,2.4,0.3803,1,0,2,Ko'chmas mulk,0.2347,4.697,0.0907,60,499320855,173859689,0.5639,0.2343,0.7983,0.4672,0.3022,1,0.5104,3,0,AA,0.0871,0.115,0.0394,0.25,0.0757,1.1517,0.4797,2630.3878,0.7694,1.0301,0.0893,0.3256,0.0,0.1841,0.03,0.28,173859689,1461563,-0.009,-0.4508,0
TXN-2024-1151,2024-09-13,Ijara,IT,Toshkent,619,48,3.8,0.2391,2,0,5,Ko'chmas mulk,0.5632,1.706,0.0891,48,253761985,249406477,0.4892,0.4015,0.5929,0.219,0.2549,1,0.5637,1,1,,0.0947,0.1092,0.0547,0.25,0.0506,1.1738,0.6574,1097.1417,0.4739,0.9307,0.1347,0.3046,0.0,0.3119,0.044,0.35,249406477,3844578,-0.0098,-0.4322,0
TXN-2023-1152,2023-09-30,Ijara,IT,Samarqand,542,38,10.2,0.5124,3,1,5,Sanoat uskunasi,0.903,0.544,0.1354,36,156698506,56524945,0.6331,0.4595,0.8183,0.007,0.0823,1,0.4163,5,1,,0.1285,0.1088,0.0918,0.25,0.0992,0.9941,0.5817,599.552,0.0894,1.0449,0.4627,0.267,0.3332,0.7452,0.0503,0.35,56524945,995241,-0.0133,0.0417,0
TXN-2021-1153,2021-11-01,Ijara,Qishloq xo'jaligi,Samarqand,678,32,0.8,0.5578,1,0,4,Sanoat uskunasi,0.6283,3.336,0.0879,60,316457290,193091595,0.5244,0.3229,0.7888,0.2551,0.0839,1,0.4028,3,1,,0.0906,0.1085,0.0739,0.25,0.0619,0.9434,0.5686,1077.35,0.339,0.96,0.3505,0.2846,0.0,0.5214,0.0519,0.35,193091595,3505196,-0.0094,-0.464,0
TXN-2023-1154,2023-07-04,Ijara,Ishlab chiqarish,Toshkent,666,21,11.7,0.3098,2,0,4,Ko'chmas mulk,0.4058,1.356,0.1319,48,434197279,338243020,0.7841,0.3022,0.7564,0.3971,0.1498,1,0.3433,3,1,,0.1168,0.0729,0.066,0.2343,0.0773,1.0923,0.4858,1637.0464,0.5468,1.1202,0.1257,0.2411,0.0,0.3428,0.0317,0.35,338243020,3747380,-0.0121,0.0166,0
TXN-2024-1155,2024-01-09,Musharaka,Savdo,Buxoro,628,36,13.7,0.3464,1,0,5,Tovar,0.495,2.257,0.197,48,296052489,109169852,0.3966,0.1462,0.8179,0.029,0.0274,1,0.3095,1,0,,0.1894,0.1099,0.0466,0.25,0.0788,0.9819,0.5107,1266.1168,0.0565,1.0347,0.1714,0.3133,0.0,0.7717,0.0662,0.6,109169852,4333154,-0.0196,0.3537,0
TXN-2023-1156,2023-09-19,Ijara,Savdo,Toshkent,580,34,17.6,0.5532,0,0,3,Tovar,0.4549,0.284,0.1158,36,189356389,94696269,0.5855,0.2892,0.45,0.4071,0.1223,1,0.5086,5,1,,0.104,0.1317,0.0671,0.25,0.0801,1.032,0.7847,1272.318,0.5294,1.1031,0.2516,0.3146,0.0,0.2118,0.17,0.35,94696269,5635703,-0.0108,-0.1362,0
TXN-2022-1157,2022-12-08,Murabaha,Qishloq xo'jaligi,Buxoro,734,41,3.0,0.4012,2,1,5,Ko'chmas mulk,0.1642,2.496,0.1882,24,151939517,94495585,0.8854,0.2897,0.6726,0.1443,0.0306,1,0.2417,2,0,,0.1495,0.0739,0.0474,0.25,0.0693,1.0632,0.4335,4442.0404,0.1749,1.2507,0.0659,0.2765,0.4998,0.5549,0.0116,0.45,94495585,495037,-0.0155,0.3894,0
TXN-2022-1158,2022-11-12,Sukuk,Xizmat,Buxoro,785,36,1.5,0.3971,4,0,4,Tovar,0.5141,1.169,0.1398,36,150171339,181606467,0.7623,0.5308,0.7055,0.1164,0.3337,1,0.6303,5,0,A,0.0893,0.0765,0.1,0.25,0.0606,1.0046,0.4874,1523.8924,0.4501,1.547,0.2042,0.2265,0.0,0.388,0.0084,0.28,181606467,424681,-0.0093,0.1091,0
TXN-2024-1159,2024-02-05,Sukuk,Qishloq xo'jaligi,Toshkent,603,34,2.8,0.4668,3,0,3,Ko'chmas mulk,0.7176,1.017,0.0473,12,394224780,399504322,0.6238,0.5217,0.6344,0.0867,0.1898,1,0.5729,1,0,A,0.0835,0.1153,0.0678,0.1476,0.0438,1.1118,0.7358,839.0864,0.2765,0.5605,0.335,0.195,0.0,0.459,0.0624,0.28,399504322,6977309,-0.0086,-0.9902,0
TXN-2024-1160,2024-01-18,Murabaha,Savdo,Toshkent,592,21,2.4,0.5137,3,1,4,Sanoat uskunasi,0.4764,9.77,0.0805,24,430920996,632478694,0.7286,0.3041,0.6068,0.0283,0.1692,1,0.2139,0,0,,0.0532,0.0849,0.0528,0.25,0.0782,1.0092,0.6878,1240.0924,0.1974,1.486,0.2447,0.2821,0.3332,0.487,0.0538,0.45,632478694,15298194,-0.0055,-0.9301,0
TXN-2023-1161,2023-02-12,Ijara,Savdo,Toshkent,686,28,1.2,0.4413,2,0,4,Ko'chmas mulk,0.479,1.416,0.1375,24,210412529,445274267,0.8498,0.2259,0.7542,0.1111,0.082,1,0.4761,1,1,,0.1098,0.1042,0.0414,0.2257,0.0456,1.0084,0.6242,1429.2934,0.1931,1.2415,0.2113,0.2884,0.0,0.6086,0.0338,0.35,445274267,5267414,-0.0114,0.0687,0
TXN-2023-1162,2023-07-22,Murabaha,Qurilish,Toshkent,614,42,5.6,0.6784,1,0,2,Sanoat uskunasi,0.4477,2.833,0.2077,12,993222539,116500530,0.8064,0.1651,0.7812,0.2376,0.177,0,0.7778,2,0,,0.1378,0.0953,0.0923,0.25,0.0353,0.9278,0.6417,1368.4919,0.4147,1.4964,0.3037,0.253,0.0,0.4573,0.1243,0.45,116500530,6514079,-0.0143,0.5639,0
TXN-2022-1163,2022-10-22,Murabaha,Qishloq xo'jaligi,Boshqa,633,55,3.9,0.6098,3,1,4,Ko'chmas mulk,0.3801,2.47,0.0855,24,212093325,81272842,0.6661,0.2012,0.8732,0.2177,0.0879,1,0.2174,5,0,,0.1174,0.1095,0.0494,0.2289,0.0656,0.8946,0.7767,1661.09,0.3056,0.7222,0.2318,0.289,0.3332,0.6063,0.0439,0.45,81272842,1605107,-0.0122,-0.3786,0
TXN-2022-1164,2022-01-22,Ijara,Qurilish,Toshkent,707,37,12.0,0.4529,0,1,4,Sanoat uskunasi,0.493,0.275,0.1326,24,233937739,50471761,0.6494,0.4048,0.9199,0.2772,0.2481,1,0.4657,3,1,,0.1034,0.1093,0.0826,0.25,0.0616,1.0934,0.5029,1431.1604,0.5253,1.27,0.2233,0.2768,1000.0,0.4367,0.0182,0.35,50471761,322041,-0.0107,0.0256,0
TXN-2024-1165,2024-11-29,Murabaha,Qurilish,Andijon,482,41,0.5,0.3599,2,1,4,Ko'chmas mulk,0.4428,3.445,0.0702,48,192990238,202811810,0.4798,0.3342,0.7876,0.1328,0.2231,1,0.5717,2,0,,0.1271,0.0934,0.0581,0.25,0.0379,1.0206,0.34,1086.0928,0.356,0.5479,0.1593,0.2853,0.4998,0.5072,0.0803,0.45,202811810,7325871,-0.0132,-0.4707,0
TXN-2022-1166,2022-05-05,Ijara,Xizmat,Boshqa,757,47,6.2,0.7433,0,0,2,Sanoat uskunasi,0.5009,0.976,0.0644,24,228065305,1160425764,0.5932,0.4637,0.9762,0.5,0.2336,1,0.3547,3,1,,0.1134,0.1273,0.0626,0.25,0.1009,1.0528,0.56,1508.1747,0.7336,0.563,0.3723,0.3147,0.0,0.26,0.0734,0.35,1160425764,29830288,-0.0118,-0.5783,0
TXN-2024-1167,2024-03-17,Ijara,Ishlab chiqarish,Samarqand,651,29,8.6,0.4823,2,0,4,Ko'chmas mulk,0.713,4.01,0.1821,36,239090277,171470016,0.3117,0.3282,0.91,0.2467,0.0114,1,0.1674,4,1,,0.1066,0.1019,0.0601,0.25,0.0944,1.0929,0.6317,911.8209,0.2582,1.6913,0.3439,0.2918,0.0,0.6751,0.0351,0.35,171470016,2104030,-0.0111,0.4881,0
TXN-2023-1168,2023-02-24,Musharaka,Savdo,Samarqand,610,41,8.5,0.5877,2,0,4,Ko'chmas mulk,0.6564,2.339,0.2033,36,346650869,188636864,0.8775,0.3956,0.7832,0.0584,0.2439,1,0.7059,2,0,,0.3121,0.107,0.0411,0.25,0.0435,0.9205,0.229,927.8965,0.3023,0.6494,0.3858,0.3159,0.0,0.5464,0.1379,0.6,188636864,15611532,-0.0323,0.235,0
TXN-2022-1169,2022-04-24,Murabaha,Ishlab chiqarish,Toshkent,637,30,13.0,0.3058,3,0,5,Ko'chmas mulk,0.6552,0.953,0.0785,60,217739619,143997509,0.6336,0.1298,0.7467,0.1185,0.1417,1,0.5514,1,0,,0.1196,0.0712,0.0399,0.1668,0.0494,0.9836,0.4677,970.768,0.2602,0.6509,0.2003,0.198,0.0,0.5524,0.041,0.45,143997509,2656961,-0.0124,-0.4306,0
TXN-2023-1170,2023-04-22,Murabaha,Qishloq xo'jaligi,Andijon,641,46,7.8,0.5715,2,0,5,Ko'chmas mulk,0.5316,1.101,0.1314,48,352089518,219043470,0.6497,0.3133,0.7585,0.0797,0.2104,1,0.7216,1,0,,0.0834,0.0792,0.0648,0.25,0.0581,1.0919,0.695,1203.5228,0.2901,1.5567,0.3038,0.2644,0.0,0.5385,0.0242,0.45,219043470,2386562,-0.0086,0.0164,0
TXN-2021-1171,2021-03-31,Musharaka,Xizmat,Boshqa,497,39,15.8,0.4929,2,0,5,Tovar,0.4638,3.287,0.1331,72,93864146,96023187,0.3858,0.2379,0.5875,0.2572,0.1201,0,0.5928,3,0,,0.3004,0.0555,0.0718,0.25,0.101,1.0718,0.2685,1069.1994,0.3773,0.4418,0.2286,0.2337,0.0,0.3659,0.3902,0.6,96023187,22480839,-0.0311,0.0105,0
TXN-2022-1172,2022-10-14,Sukuk,Ishlab chiqarish,Boshqa,772,40,2.4,0.4109,2,0,3,Boshqa,0.7855,1.997,0.0893,48,168270986,186288665,0.6024,0.2425,0.839,0.1012,0.1856,1,0.5422,7,0,AAA,0.0962,0.1117,0.0776,0.0361,0.0706,1.0144,0.4313,981.5912,0.2868,0.919,0.3228,0.0702,0.0,0.5983,0.0168,0.28,186288665,873882,-0.01,-0.4228,0
TXN-2023-1173,2023-08-27,Musharaka,Savdo,Samarqand,648,30,4.2,0.1788,0,0,5,Tovar,0.623,2.759,0.1612,12,201906008,120345343,0.8413,0.3601,0.7627,0.3631,0.2356,1,0.5218,1,0,,0.3012,0.0825,0.054,0.25,0.1054,0.9973,0.43,1038.4368,0.5987,0.5334,0.1114,0.2785,0.0,0.3061,0.0859,0.6,120345343,6205786,-0.0312,0.1036,0
TXN-2024-1174,2024-12-15,Murabaha,Savdo,Buxoro,682,45,0.5,0.4544,2,0,2,Tovar,0.3577,0.431,0.1484,36,209983239,207271172,0.4029,0.6,0.6564,0.3137,0.3605,1,0.5298,0,0,,0.1673,0.0999,0.0452,0.2206,0.0842,0.9933,0.3632,1901.1944,0.6743,0.882,0.1625,0.2753,0.0,0.2138,0.136,0.45,207271172,12682728,-0.0173,0.1102,0
TXN-2023-1175,2023-02-20,Musharaka,Savdo,Namangan,725,58,0.5,0.4908,4,0,3,Ko'chmas mulk,0.175,3.866,0.207,48,81446598,147155850,0.7118,0.489,0.6831,0.1051,0.0926,1,0.8105,4,0,,0.2595,0.0966,0.0846,0.25,0.059,1.0751,0.7006,4119.2887,0.1976,0.7945,0.0859,0.262,0.0,0.5481,0.1137,0.6,147155850,10040956,-0.0269,0.2966,0
TXN-2023-1176,2023-03-02,Musharaka,Ishlab chiqarish,Andijon,558,27,1.6,0.103,0,0,2,Ko'chmas mulk,0.5777,0.966,0.1388,36,418631004,213477614,0.209,0.3187,0.7507,0.1487,0.1019,0,0.4258,1,0,,0.266,0.1078,0.057,0.25,0.0981,1.2456,0.7238,964.2003,0.2505,0.52,0.0595,0.3007,0.0,0.5627,0.3579,0.6,213477614,45840520,-0.0276,0.0332,1
TXN-2024-1177,2024-09-21,Ijara,Qurilish,Toshkent,685,34,0.6,0.3262,0,0,5,Sanoat uskunasi,0.3967,2.418,0.0979,36,101359234,78396579,0.688,0.3821,0.7149,0.1696,0.0251,1,0.2709,3,1,,0.0848,0.0519,0.0184,0.189,0.0336,0.9528,0.6741,1722.5324,0.1947,1.141,0.1294,0.2225,0.0,0.5757,0.0087,0.35,78396579,238396,-0.0088,-0.3787,0
TXN-2024-1178,2024-08-28,Murabaha,IT,Boshqa,622,40,1.8,0.3952,1,0,2,Boshqa,0.2622,0.305,0.1562,48,167501933,318270406,0.6629,0.5323,0.6909,0.1482,0.2376,1,0.2677,0,0,,0.1581,0.0685,0.075,0.25,0.0522,1.1869,0.2,2362.8552,0.3858,0.9816,0.1036,0.2435,0.0,0.4244,0.0771,0.45,318270406,11046387,-0.0164,0.1655,1
TXN-2021-1179,2021-11-08,Ijara,Xizmat,Andijon,716,45,1.2,0.268,2,1,2,Sanoat uskunasi,0.9482,0.969,0.1005,24,240608574,293141567,0.5286,0.2463,0.7561,0.308,0.0334,1,0.1865,2,1,,0.0505,0.0845,0.0535,0.1954,0.0365,0.9192,0.6862,754.3096,0.3414,1.9492,0.2541,0.2265,0.4998,0.4979,0.071,0.35,293141567,7284432,-0.0052,-0.5839,0
TXN-2023-1180,2023-10-12,Musharaka,Qishloq xo'jaligi,Namangan,464,32,0.5,0.4751,2,1,3,Transport,0.4545,2.616,0.1405,72,833180150,120399997,0.5053,0.488,0.8224,0.1079,0.1934,1,0.4578,4,0,,0.168,0.0915,0.0404,0.25,0.1051,0.9014,0.7173,1018.5561,0.3013,0.8314,0.2159,0.3011,0.4998,0.5746,0.319,0.6,120399997,23041113,-0.0174,0.0625,0
TXN-2021-1181,2021-03-17,Sukuk,Savdo,Toshkent,636,21,14.4,0.1818,0,0,4,Ko'chmas mulk,0.4954,0.801,0.1026,36,237036809,100006089,0.4662,0.3223,0.6851,0.1867,0.0202,1,0.2332,4,0,A,0.0769,0.0864,0.0814,0.25,0.0816,0.9323,0.564,1281.0995,0.2069,1.317,0.0901,0.2549,0.0,0.5433,0.0093,0.28,100006089,261011,-0.008,-0.3555,0
TXN-2021-1182,2021-09-16,Murabaha,Ishlab chiqarish,Samarqand,593,51,0.5,0.373,1,0,5,Ko'chmas mulk,0.6653,5.307,0.1412,48,320230349,61288601,0.8079,0.6,0.838,0.3471,0.0842,0,0.5564,0,0,,0.0938,0.1137,0.0691,0.25,0.0827,1.1788,0.823,890.0507,0.4314,1.4903,0.2481,0.2946,0.0,0.4765,0.0444,0.45,61288601,1223568,-0.0097,0.1197,0
TXN-2023-1183,2023-10-26,Musharaka,Savdo,Andijon,681,45,8.0,0.4043,3,0,3,Transport,0.5406,2.706,0.1533,120,100440829,65673573,0.5433,0.4575,0.8186,0.2691,0.0955,0,0.593,1,0,,0.1951,0.0651,0.0516,0.25,0.008,0.8774,0.399,1257.4266,0.3646,0.782,0.2186,0.2635,0.0,0.5201,0.1542,0.6,65673573,6077142,-0.0202,0.1197,0
TXN-2024-1184,2024-04-23,Sukuk,IT,Buxoro,684,21,1.0,0.3108,2,0,4,Sanoat uskunasi,0.8466,5.106,0.1263,60,148262443,112821561,0.6409,0.4837,0.5168,0.0172,0.2783,1,0.6059,4,0,A,0.0621,0.0939,0.01,0.0883,0.0451,0.9563,0.4554,807.02,0.2955,2.0002,0.2631,0.1722,0.0,0.3641,0.0303,0.28,112821561,958475,-0.0064,-0.0594,0
TXN-2022-1185,2022-11-11,Murabaha,Qurilish,Andijon,584,31,14.6,0.4336,3,1,2,Ko'chmas mulk,0.4658,1.258,0.1598,36,161183858,165306286,0.9119,0.3679,0.7316,0.159,0.0121,1,0.3935,3,0,,0.1619,0.0984,0.0449,0.25,0.0706,0.9904,0.4461,1251.064,0.171,0.9808,0.202,0.3034,0.3332,0.6064,0.0969,0.45,165306286,7208654,-0.0168,0.1838,1
TXN-2021-1186,2021-07-25,Sukuk,Ishlab chiqarish,Andijon,584,53,13.4,0.5602,0,0,3,Tovar,0.6592,0.086,0.1505,60,177649813,170880985,0.8696,0.4607,0.6191,0.0538,0.1774,1,0.3699,3,0,AAA,0.0927,0.0904,0.0834,0.25,0.0443,1.0485,0.5194,884.5814,0.2312,1.6056,0.3693,0.2571,0.0,0.4759,0.0431,0.28,170880985,2063299,-0.0096,0.2206,0
TXN-2023-1187,2023-06-21,Ijara,Xizmat,Toshkent,635,52,6.4,0.0762,1,0,2,Moliyaviy aktiv,0.8084,2.146,0.1125,48,450395011,502715137,0.5697,0.2802,0.7884,0.207,0.0941,1,0.3032,3,1,,0.1023,0.0862,0.0531,0.25,0.0619,1.0486,0.7723,784.5042,0.3011,1.0891,0.0616,0.283,0.0,0.551,0.0576,0.35,502715137,10136421,-0.0106,-0.1705,0
TXN-2021-1188,2021-07-24,Murabaha,Savdo,Buxoro,568,47,6.7,0.4367,3,0,3,Moliyaviy aktiv,0.7418,1.036,0.1682,36,176060186,103718684,0.6004,0.2032,0.8146,0.3321,0.1266,1,0.0891,3,0,,0.0769,0.0745,0.0709,0.2312,0.0148,1.0264,0.4877,764.6498,0.4587,2.1595,0.324,0.2348,0.0,0.4409,0.164,0.45,103718684,7652219,-0.008,0.4968,0
TXN-2023-1189,2023-12-14,Murabaha,Savdo,Andijon,716,36,0.5,0.5113,1,0,4,Moliyaviy aktiv,0.6863,1.486,0.1983,72,352514377,96755155,0.639,0.31,0.852,0.1888,0.1877,1,0.2075,1,0,,0.114,0.1086,0.0565,0.25,0.1319,0.9918,0.6582,1041.7183,0.3765,1.7237,0.3509,0.3021,0.0,0.5312,0.0494,0.45,96755155,2152368,-0.0118,0.5989,0
TXN-2023-1190,2023-07-25,Ijara,Savdo,Toshkent,613,38,25.1,0.2187,3,0,3,Ko'chmas mulk,0.6312,2.857,0.0932,12,154103330,139039982,0.7383,0.5645,0.8993,0.0832,0.3868,1,0.0542,2,1,,0.0701,0.0672,0.0595,0.2028,0.1056,0.9157,0.6237,969.6492,0.47,1.3106,0.138,0.2106,0.0,0.4766,0.0529,0.35,139039982,2573034,-0.0073,-0.5246,0
TXN-2021-1191,2021-02-01,Murabaha,Savdo,Samarqand,397,36,12.6,0.3895,1,0,5,Boshqa,0.178,3.015,0.1257,36,206907976,78159883,0.5885,0.12,0.833,0.0779,0.2095,0,0.4928,1,0,,0.1368,0.0991,0.0575,0.25,0.0272,0.9771,0.3699,2218.2074,0.2874,0.9117,0.0693,0.2916,0.0,0.5936,0.0506,0.45,78159883,1779294,-0.0142,-0.0317,0
TXN-2021-1192,2021-10-23,Musharaka,Savdo,Samarqand,613,49,13.5,0.2961,1,0,5,Transport,0.1544,0.07,0.2536,36,58009180,432898623,0.7199,0.4171,0.7569,0.4015,0.1093,1,0.2679,4,0,,0.2876,0.0741,0.0874,0.25,0.0277,1.1549,0.478,3945.2091,0.5108,0.8787,0.0457,0.2366,0.0,0.3703,0.0701,0.6,432898623,18203663,-0.0298,0.4297,0
TXN-2023-1193,2023-04-20,Murabaha,Ishlab chiqarish,Samarqand,556,29,6.5,0.5483,1,0,2,Tovar,0.5709,3.667,0.1669,48,234500326,520569382,0.5207,0.3577,0.5916,0.2251,0.3687,0,0.3484,1,0,,0.1007,0.1109,0.0608,0.25,0.0588,1.0971,0.7371,972.1826,0.5938,1.642,0.313,0.3001,0.0,0.2403,0.3486,0.45,520569382,81672579,-0.0104,0.3668,0
TXN-2024-1194,2024-09-02,Musharaka,IT,Boshqa,506,29,2.5,0.2948,3,0,1,Ko'chmas mulk,0.6277,1.701,0.1786,12,242673702,258415486,0.6937,0.2518,0.7298,0.3287,0.1142,1,0.5134,3,0,,0.2804,0.0886,0.0526,0.25,0.0453,1.0859,0.6624,804.7928,0.4429,0.6347,0.1851,0.286,0.0,0.4066,0.6046,0.6,258415486,93737351,-0.0291,0.1734,1
TXN-2021-1195,2021-11-13,Murabaha,Xizmat,Samarqand,539,48,13.4,0.4452,2,0,4,Transport,0.4679,2.034,0.0847,48,217799220,284726213,0.2266,0.3916,0.7128,0.3291,0.1575,1,0.2493,3,0,,0.1607,0.1239,0.0765,0.25,0.0487,0.8657,0.5072,1149.5344,0.4866,0.5242,0.2083,0.2974,0.0,0.366,0.1572,0.45,284726213,20138604,-0.0166,-0.2817,0
TXN-2021-1196,2021-06-03,Sukuk,Xizmat,Toshkent,654,37,2.1,0.4171,2,0,3,Ko'chmas mulk,0.7701,0.885,0.0676,36,795716159,132528571,0.9165,0.2242,0.9351,0.1396,0.2726,1,0.4817,1,0,AA,0.0683,0.1132,0.0459,0.25,0.092,1.0276,0.4553,848.1085,0.4122,0.9742,0.3212,0.3172,0.0,0.5496,0.0201,0.28,132528571,747509,-0.0071,-0.9136,0
TXN-2023-1197,2023-08-20,Sukuk,Qurilish,Andijon,757,51,5.0,0.4531,1,1,3,Ko'chmas mulk,0.4006,1.365,0.0887,12,235301313,237693710,0.4954,0.3031,0.6988,0.248,0.0735,0,0.7486,3,0,A,0.0735,0.0531,0.0685,0.25,0.0174,0.9625,0.5932,1884.7512,0.3216,1.1906,0.1815,0.2347,0.999,0.4741,0.0092,0.28,237693710,614995,-0.0076,-0.5624,0
TXN-2022-1198,2022-06-27,Sukuk,IT,Andijon,671,31,0.6,0.4812,0,0,3,Moliyaviy aktiv,0.8246,3.098,0.0799,120,50000000,355607824,0.5336,0.4481,0.7706,0.1484,0.025,0,0.7172,2,0,AAA,0.0672,0.1374,0.0744,0.236,0.013,1.0892,0.846,812.7054,0.1734,1.1726,0.3968,0.299,0.0,0.637,0.0231,0.28,355607824,2304277,-0.007,-0.7453,0
TXN-2022-1199,2022-11-25,Ijara,Savdo,Samarqand,593,37,15.3,0.3976,1,0,5,Tovar,0.8952,3.748,0.0966,24,117717197,118500620,0.4652,0.1531,0.7886,0.1954,0.076,0,0.1644,3,1,,0.1042,0.1039,0.0417,0.25,0.0488,0.968,0.8419,661.699,0.2713,0.9184,0.3559,0.3122,0.0,0.5747,0.0583,0.35,118500620,2417107,-0.0108,-0.3203,0
TXN-2024-1200,2024-06-30,Murabaha,Qishloq xo'jaligi,Namangan,683,28,0.9,0.4314,3,0,4,Transport,0.651,1.224,0.0667,36,238446545,404618814,0.4846,0.4619,0.7887,0.1073,0.0053,0,0.4113,0,0,,0.1793,0.1076,0.0535,0.25,0.0974,0.9534,0.5327,1047.6234,0.1125,0.3699,0.2808,0.3041,0.0,0.6999,0.0472,0.45,404618814,8590722,-0.0186,-0.3532,0
TXN-2024-1201,2024-11-19,Ijara,Qishloq xo'jaligi,Toshkent,605,38,1.5,0.507,1,1,1,Transport,0.7114,2.937,0.0793,24,233285255,145961421,0.5435,0.1485,0.6558,0.1969,0.0447,1,0.4292,1,1,,0.1018,0.0928,0.0423,0.25,0.058,0.9578,0.6868,849.2089,0.2416,0.7716,0.3607,0.3006,0.999,0.4974,0.1803,0.35,145961421,9209736,-0.0105,-0.498,0
TXN-2023-1202,2023-03-26,Murabaha,Ishlab chiqarish,Boshqa,585,23,4.9,0.4673,4,0,1,Tovar,0.6923,0.746,0.1048,48,150241901,138548361,0.7383,0.5066,0.8582,0.2373,0.0764,1,0.2963,7,0,,0.1087,0.121,0.0747,0.25,0.104,0.919,0.8177,843.7745,0.3137,0.9553,0.3235,0.2962,0.0,0.589,0.1972,0.45,138548361,12293155,-0.0113,-0.2323,0
TXN-2024-1203,2024-08-23,Murabaha,Savdo,Andijon,546,33,8.7,0.5472,2,0,3,Ko'chmas mulk,0.7245,4.46,0.1447,60,132587676,80310815,0.4648,0.277,0.6348,0.0498,0.0945,1,0.4361,3,0,,0.1334,0.0936,0.0542,0.2171,0.0175,1.0867,0.7573,752.6331,0.1443,1.077,0.3964,0.2565,0.0,0.5431,0.154,0.45,80310815,5566611,-0.0138,0.1102,0
TXN-2021-1204,2021-06-14,Murabaha,Qurilish,Buxoro,496,23,5.8,0.2539,2,0,3,Tovar,0.8211,2.353,0.1262,60,561947597,173208711,0.7665,0.1951,0.45,0.0734,0.0051,1,0.8238,2,0,,0.1136,0.0844,0.0787,0.25,0.0501,1.0101,0.5795,603.3,0.0785,1.1018,0.2085,0.2557,0.0,0.4147,0.2685,0.45,173208711,20924394,-0.0118,-0.0331,0
TXN-2022-1205,2022-11-04,Musharaka,Savdo,Andijon,611,44,1.6,0.4402,4,0,4,Transport,0.4452,3.731,0.1835,36,443130162,325071187,0.7703,0.3951,0.8026,0.0715,0.3358,0,0.6429,0,0,,0.2646,0.0998,0.1,0.25,0.0365,1.0097,0.5524,1369.4239,0.4073,0.6909,0.196,0.2498,0.0,0.4757,0.16,0.6,325071187,31203510,-0.0274,0.2022,0
TXN-2024-1206,2024-10-13,Ijara,Qishloq xo'jaligi,Toshkent,658,45,0.5,0.2553,4,0,5,Sanoat uskunasi,0.53,1.621,0.1204,36,480633978,30511714,0.8408,0.1287,0.6159,0.1863,0.0779,1,0.574,2,1,,0.1092,0.0856,0.0557,0.25,0.0591,0.9462,0.4608,1239.0946,0.2642,1.0931,0.1353,0.2799,0.0,0.4532,0.0179,0.35,30511714,191109,-0.0113,-0.0875,0
TXN-2023-1207,2023-12-29,Ijara,Ishlab chiqarish,Toshkent,636,21,8.5,0.5288,1,0,3,Boshqa,0.2511,0.651,0.069,48,167849254,188713878,0.4062,0.5351,0.6008,0.158,0.1504,1,0.1932,1,1,,0.1115,0.1201,0.0517,0.25,0.0228,1.0729,0.8228,2522.9796,0.3083,0.6131,0.1328,0.3185,0.0,0.4156,0.0547,0.35,188713878,3614059,-0.0116,-0.5471,0
TXN-2023-1208,2023-02-18,Musharaka,IT,Namangan,609,51,25.3,0.26,3,0,3,Transport,0.8013,1.402,0.2438,48,372455967,246685957,0.644,0.3676,0.7686,0.1259,0.1591,1,0.4309,1,0,,0.1835,0.0901,0.0904,0.25,0.0296,0.9289,0.2,759.0863,0.285,1.3213,0.2083,0.2497,0.0,0.5496,0.2698,0.6,246685957,39934840,-0.019,0.6201,1
TXN-2022-1209,2022-10-11,Murabaha,Ishlab chiqarish,Boshqa,564,62,10.0,0.5618,2,1,3,Transport,0.5418,1.201,0.1693,48,52437796,161327178,0.7719,0.2271,0.8138,0.1671,0.0887,1,0.2355,2,0,,0.1261,0.139,0.0656,0.2415,0.0321,1.0036,0.4789,1039.1483,0.2559,1.3325,0.3044,0.3149,0.4998,0.6056,0.0957,0.45,161327178,6950745,-0.0131,0.3119,0
TXN-2024-1210,2024-07-07,Sukuk,Savdo,Buxoro,696,38,3.7,0.4069,3,0,1,Moliyaviy aktiv,0.7724,1.011,0.1011,60,190696414,37439369,0.552,0.3254,0.793,0.1003,0.0236,1,0.5933,3,0,AA,0.0616,0.1156,0.0735,0.25,0.0695,1.1503,0.3271,899.9494,0.1239,1.6156,0.3143,0.292,0.0,0.6948,0.0366,0.28,37439369,383824,-0.0064,-0.4699,0
TXN-2023-1211,2023-09-27,Musharaka,Qurilish,Samarqand,533,31,14.0,0.5537,0,1,5,Moliyaviy aktiv,0.376,0.596,0.1482,12,175765985,57323267,0.7751,0.1871,0.663,0.0954,0.2733,1,0.5054,2,0,,0.1871,0.1072,0.045,0.25,0.0796,1.1085,0.2835,1413.912,0.3687,0.788,0.2082,0.3122,1000.0,0.4186,0.2046,0.6,57323267,7038705,-0.0194,0.0974,0
TXN-2024-1212,2024-01-14,Musharaka,Qishloq xo'jaligi,Namangan,710,65,3.2,0.6233,2,1,2,Boshqa,0.8155,3.559,0.2616,24,210442941,140333408,0.5242,0.5568,0.624,0.0616,0.0968,1,0.5527,0,0,,0.3125,0.0884,0.0676,0.25,0.0602,1.2152,0.6652,869.5609,0.1584,0.8344,0.5083,0.2709,0.4998,0.5252,0.4353,0.6,140333408,36655992,-0.0324,0.4211,1
TXN-2021-1213,2021-03-15,Murabaha,Savdo,Andijon,559,24,4.5,0.3997,2,1,3,Sanoat uskunasi,0.6662,0.226,0.0994,48,262229710,46005495,0.549,0.3345,0.8334,0.1721,0.056,1,0.7169,2,0,,0.1566,0.1017,0.0607,0.25,0.0673,1.0452,0.675,837.8008,0.2281,0.6305,0.2663,0.291,0.4998,0.6433,0.1096,0.45,46005495,2269916,-0.0162,-0.1956,0
TXN-2024-1214,2024-06-18,Ijara,Savdo,Samarqand,581,38,3.9,0.3701,3,1,2,Ko'chmas mulk,0.3118,5.463,0.1494,36,220804778,972288273,0.3846,0.4493,0.6948,0.2799,0.1421,1,0.2531,2,1,,0.1122,0.1043,0.0611,0.1909,0.0511,1.0129,0.4469,1857.6626,0.422,1.3199,0.1154,0.2342,0.3332,0.4016,0.0781,0.35,972288273,26579946,-0.0116,0.1727,0
TXN-2021-1215,2021-05-21,Ijara,Ishlab chiqarish,Toshkent,520,39,3.6,0.4468,1,0,4,Ko'chmas mulk,0.8504,0.481,0.0939,36,124395698,368123678,0.5934,0.6,0.9222,0.5,0.1331,1,0.3235,4,1,,0.1082,0.08,0.0529,0.25,0.0687,1.0901,0.8196,610.734,0.6331,0.8604,0.38,0.2771,0.0,0.3384,0.0831,0.35,368123678,10705866,-0.0112,-0.3332,1
TXN-2022-1216,2022-04-26,Murabaha,Qurilish,Samarqand,602,51,9.0,0.4325,3,1,5,Ko'chmas mulk,0.8119,9.764,0.1927,36,156549061,71833647,0.8144,0.5848,0.8673,0.0957,0.3861,1,0.4507,1,0,,0.1197,0.1113,0.0765,0.25,0.0927,0.9526,0.6983,740.5517,0.4818,1.5958,0.3511,0.2848,0.3332,0.4495,0.0635,0.45,71833647,2051367,-0.0124,0.5232,0
TXN-2024-1217,2024-07-16,Murabaha,Qishloq xo'jaligi,Andijon,727,41,4.5,0.3864,6,0,2,Sanoat uskunasi,0.6466,11.157,0.1586,36,333932060,273505182,0.8764,0.6,0.8925,0.2906,0.2202,1,0.8264,2,0,,0.1349,0.1028,0.0575,0.25,0.0194,1.182,0.6423,1122.5263,0.5108,1.1665,0.2499,0.2953,0.0,0.4366,0.0705,0.45,273505182,8681933,-0.014,0.2118,0
TXN-2024-1218,2024-11-02,Ijara,Qurilish,Namangan,688,33,2.3,0.5548,1,0,3,Ko'chmas mulk,0.6662,1.27,0.1469,48,302701035,237229258,0.7053,0.2487,0.7913,0.2503,0.1758,1,0.6697,4,1,,0.0969,0.094,0.055,0.25,0.0699,1.1496,0.5481,1031.2307,0.4261,1.5008,0.3696,0.2891,0.0,0.4542,0.0582,0.35,237229258,4831226,-0.01,0.174,0
TXN-2022-1219,2022-08-12,Ijara,Ishlab chiqarish,Toshkent,728,28,1.8,0.5323,2,1,1,Sanoat uskunasi,0.6547,11.02,0.1264,36,636306466,115147695,0.3475,0.3613,0.5787,0.1854,0.0373,1,0.593,5,0,,0.0692,0.0914,0.0418,0.1028,0.0507,1.0065,0.3749,1110.2972,0.2227,1.8,0.3485,0.1524,0.4998,0.4498,0.1252,0.35,115147695,5044759,-0.0072,-0.0526,0
TXN-2022-1220,2022-04-11,Murabaha,Qurilish,Buxoro,689,34,0.5,0.2512,0,0,4,Moliyaviy aktiv,0.4983,5.083,0.1579,48,295135523,295314284,0.9064,0.3099,0.7692,0.1947,0.1608,1,0.4266,4,0,,0.1268,0.0613,0.062,0.1643,0.0361,0.9203,0.5321,1380.0536,0.3555,1.235,0.1252,0.1636,0.0,0.4958,0.0181,0.45,295314284,2404647,-0.0131,0.2198,0
TXN-2021-1221,2021-07-05,Sukuk,Savdo,Toshkent,551,27,5.3,0.5581,1,0,4,Boshqa,0.7421,0.215,0.1008,24,597527759,34448715,0.3647,0.5878,0.7331,0.1128,0.194,1,0.0399,1,0,AA,0.0507,0.14,0.0529,0.25,0.0615,1.1785,0.7754,741.4603,0.3069,1.9511,0.4142,0.3371,0.0,0.5081,0.068,0.28,34448715,655753,-0.0052,-0.5767,0
TXN-2023-1222,2023-06-08,Murabaha,Savdo,Toshkent,616,38,1.6,0.1576,3,0,4,Ko'chmas mulk,0.7577,7.359,0.0993,60,102659766,116830489,0.6258,0.6,0.7213,0.1741,0.1989,1,0.5751,2,0,,0.0677,0.0994,0.0486,0.25,0.0689,1.014,0.5347,811.9398,0.373,1.4466,0.1194,0.3008,0.0,0.4522,0.0419,0.45,116830489,2204684,-0.007,-0.453,0
TXN-2021-1223,2021-07-21,Musharaka,Qurilish,Boshqa,578,32,1.0,0.3095,1,0,4,Ko'chmas mulk,0.7096,0.109,0.2456,60,348773231,102942794,0.6992,0.6,0.8962,0.0719,0.1727,1,0.238,2,0,,0.2485,0.0973,0.042,0.25,0.0788,0.9048,0.4438,813.3507,0.2446,0.9845,0.2196,0.3053,0.0,0.677,0.1227,0.6,102942794,7580855,-0.0258,0.4653,0
TXN-2024-1224,2024-07-21,Sukuk,Xizmat,Toshkent,758,23,6.4,0.4547,3,1,5,Tovar,0.6471,0.502,0.0934,48,385494642,522294228,0.7584,0.5275,0.7484,0.1411,0.0591,1,0.3153,1,0,AAA,0.0933,0.0874,0.0497,0.2357,0.1093,1.0661,0.7006,1169.5794,0.2003,0.9903,0.2943,0.2734,0.3332,0.5985,0.0046,0.28,522294228,679073,-0.0097,-0.3929,0
TXN-2024-1225,2024-12-12,Murabaha,Savdo,Toshkent,543,50,6.9,0.2404,2,0,3,Transport,0.7491,2.196,0.1439,36,327315523,75772416,0.6518,0.3093,0.7608,0.052,0.1087,1,0.3406,3,0,,0.1298,0.1152,0.0661,0.2368,0.1176,1.1036,0.7437,723.8841,0.1607,1.1003,0.1801,0.2859,0.0,0.6386,0.198,0.45,75772416,6750584,-0.0134,0.1071,0
TXN-2021-1226,2021-07-25,Musharaka,Savdo,Toshkent,720,33,8.4,0.4172,3,0,4,Tovar,0.3896,0.21,0.0848,12,119057979,239784359,0.5296,0.3373,0.45,0.3766,0.0408,1,0.5116,1,0,,0.2704,0.085,0.0396,0.0963,0.0861,1.1852,0.309,1843.1371,0.4174,0.3125,0.1625,0.1417,0.0,0.2622,0.1781,0.6,239784359,25617407,-0.028,-0.1672,0
TXN-2023-1227,2023-06-28,Murabaha,Qishloq xo'jaligi,Andijon,720,25,4.2,0.5265,2,0,4,Tovar,0.8914,0.441,0.1329,24,296032477,91721175,0.7848,0.3546,0.8143,0.1851,0.0238,1,0.629,2,0,,0.0944,0.0959,0.1,0.2323,0.1003,1.1029,0.4363,806.8417,0.209,1.3925,0.4693,0.2282,0.0,0.6442,0.047,0.45,91721175,1938158,-0.0098,0.0307,0
TXN-2021-1228,2021-12-07,Murabaha,IT,Toshkent,800,36,13.5,0.5468,1,1,4,Transport,0.2444,7.67,0.1559,12,197031521,312287696,0.8854,0.1871,0.6229,0.0749,0.1742,1,0.2316,4,0,,0.1184,0.1216,0.0485,0.25,0.0292,1.1211,0.5229,3259.3775,0.249,1.3051,0.1337,0.3231,0.999,0.4678,0.0132,0.45,312287696,1855046,-0.0123,0.2185,0
TXN-2024-1229,2024-11-22,Sukuk,Qishloq xo'jaligi,Namangan,610,38,16.5,0.3887,1,0,3,Transport,0.8317,12.0,0.1431,12,346220586,109713924,0.7862,0.2814,0.8084,0.3903,0.1053,1,0.1946,3,0,AAA,0.0838,0.071,0.0725,0.25,0.0689,1.0209,0.939,732.5145,0.4956,1.6885,0.3233,0.2485,0.0,0.4078,0.0389,0.28,109713924,1193678,-0.0087,0.1569,0
TXN-2022-1230,2022-09-06,Murabaha,Qurilish,Toshkent,705,21,9.9,0.4352,1,1,3,Transport,0.321,4.0,0.1374,48,232262572,63428388,0.5355,0.6,0.6655,0.1067,0.0805,1,0.3612,7,0,,0.122,0.1129,0.0681,0.25,0.1058,0.8332,0.6643,2189.6529,0.1873,1.1173,0.1397,0.2948,0.999,0.5408,0.0605,0.45,63428388,1727557,-0.0126,0.0607,1
TXN-2021-1231,2021-03-01,Sukuk,Qurilish,Toshkent,838,41,6.1,0.6435,0,0,2,Sanoat uskunasi,0.606,1.81,0.0914,84,173925897,145334467,0.8038,0.5223,0.785,0.3193,0.0265,0,0.5282,4,0,AA,0.0769,0.1368,0.0706,0.1113,0.0447,0.9654,0.475,1380.6254,0.3458,1.1743,0.3899,0.1775,0.0,0.5136,0.0264,0.28,145334467,1076157,-0.008,-0.5016,0
TXN-2021-1232,2021-04-05,Murabaha,Savdo,Samarqand,592,27,2.2,0.2905,1,0,3,Transport,0.6187,5.764,0.1136,12,961963227,267921017,0.5203,0.2608,0.807,0.2086,0.0776,1,0.6063,1,0,,0.0971,0.1147,0.0431,0.1575,0.0624,1.1221,0.2,955.2609,0.2862,1.1587,0.1797,0.2291,0.0,0.576,0.0579,0.45,267921017,6981688,-0.0101,-0.1685,0
TXN-2022-1233,2022-10-27,Murabaha,Qurilish,Samarqand,514,55,24.4,0.4702,2,0,4,Tovar,0.6583,0.297,0.1146,24,156648524,213992396,0.3104,0.3529,0.808,0.1518,0.0459,1,0.7536,3,0,,0.1399,0.1281,0.0892,0.25,0.0468,1.0086,0.3439,779.5964,0.1977,0.8137,0.3096,0.289,0.0,0.6482,0.1172,0.45,213992396,11281450,-0.0145,-0.1099,0
TXN-2021-1234,2021-04-25,Murabaha,Savdo,Andijon,485,43,1.9,0.351,2,0,2,Moliyaviy aktiv,0.7813,7.157,0.2114,60,289351283,52196506,0.4388,0.379,0.827,0.493,0.3217,1,0.161,3,0,,0.1332,0.0656,0.0582,0.25,0.0728,1.0633,0.5349,619.9559,0.8147,1.5753,0.2742,0.2574,0.0,0.1533,0.4799,0.45,52196506,11271775,-0.0138,0.6112,0
TXN-2022-1235,2022-08-24,Ijara,Qurilish,Buxoro,705,34,1.4,0.4645,3,0,4,Ko'chmas mulk,0.3537,1.083,0.0881,48,340735391,48487433,0.5384,0.2695,0.7138,0.2786,0.2754,1,0.5106,0,0,,0.095,0.0843,0.0556,0.25,0.0647,0.978,0.4603,1987.5577,0.554,0.917,0.1643,0.2787,0.0,0.3183,0.0267,0.35,48487433,453302,-0.0098,-0.4413,0
TXN-2023-1236,2023-01-05,Murabaha,Xizmat,Samarqand,484,30,3.5,0.7332,2,0,5,Boshqa,0.5144,4.942,0.1234,36,205204520,94596256,0.6084,0.3234,0.7957,0.1466,0.1812,0,0.333,1,0,,0.1177,0.0997,0.0656,0.25,0.0906,0.8468,0.566,939.0181,0.3278,1.04,0.3772,0.284,0.0,0.5349,0.0776,0.45,94596256,3302463,-0.0122,-0.0559,0
TXN-2023-1237,2023-02-07,Sukuk,Qurilish,Samarqand,613,36,0.5,0.3616,1,0,3,Sanoat uskunasi,0.7324,2.759,0.1356,120,484687340,74481218,0.6432,0.2136,0.7625,0.2414,0.1117,1,0.4736,2,0,A,0.1049,0.14,0.089,0.25,0.0306,0.8779,0.5396,835.7952,0.3531,1.2802,0.2649,0.301,0.0,0.4933,0.0386,0.28,74481218,804047,-0.0109,0.0532,0
TXN-2023-1238,2023-06-02,Musharaka,IT,Namangan,682,44,23.0,0.4987,3,0,3,Tovar,0.1454,8.064,0.2492,48,410728580,78930308,0.7304,0.4373,0.771,0.1396,0.083,1,0.4626,3,0,,0.2598,0.0767,0.0301,0.1934,0.0137,1.1482,0.6555,4658.8566,0.2227,0.9554,0.0725,0.2401,0.0,0.5993,0.094,0.6,78930308,4453479,-0.0269,0.4586,0
TXN-2021-1239,2021-10-26,Sukuk,Qurilish,Boshqa,660,37,5.3,0.4751,3,1,5,Ko'chmas mulk,0.6667,5.0,0.1579,48,88940578,107462681,0.5852,0.4513,0.6497,0.1661,0.0509,1,0.1658,3,0,AAA,0.0656,0.0789,0.0603,0.192,0.0721,0.9973,0.5491,988.4681,0.217,2.3695,0.3167,0.2106,0.3332,0.5087,0.0228,0.28,107462681,687304,-0.0068,0.425,0
TXN-2022-1240,2022-05-16,Murabaha,Qurilish,Buxoro,681,35,4.9,0.3355,0,0,4,Ko'chmas mulk,0.6979,5.471,0.1829,48,354730012,224600049,0.7341,0.6,0.6316,0.1406,0.1331,1,0.402,1,0,,0.1474,0.1172,0.0647,0.25,0.075,0.9259,0.5697,974.4165,0.2737,1.2326,0.2342,0.3025,0.0,0.4587,0.0513,0.45,224600049,5189441,-0.0153,0.359,0
TXN-2023-1241,2023-12-24,Sukuk,Qishloq xo'jaligi,Namangan,663,38,6.4,0.6543,2,0,2,Ko'chmas mulk,0.7363,2.498,0.1061,24,708911851,122321842,0.7173,0.2864,0.63,0.3241,0.1003,0,0.392,3,0,A,0.077,0.1118,0.0585,0.25,0.0543,0.9696,0.6474,899.233,0.4244,1.3611,0.4817,0.3033,0.0,0.3626,0.0936,0.28,122321842,3206912,-0.008,-0.3101,0
TXN-2023-1242,2023-04-24,Ijara,Qurilish,Andijon,753,31,4.1,0.4445,1,0,3,Ko'chmas mulk,0.506,4.477,0.1386,36,154900517,64757349,0.7187,0.3957,0.8236,0.2092,0.2283,1,0.1841,0,1,,0.0672,0.1137,0.0822,0.0343,0.0333,1.0345,0.6574,1485.1871,0.4375,2.0326,0.2249,0.0659,0.0,0.4633,0.0199,0.35,64757349,451371,-0.007,0.1279,0
TXN-2024-1243,2024-03-05,Ijara,Qurilish,Toshkent,564,34,0.5,0.346,1,1,4,Ko'chmas mulk,0.8681,3.538,0.0897,24,107078701,78098899,0.722,0.2283,0.8846,0.3163,0.1157,1,0.3273,2,1,,0.1198,0.1136,0.0436,0.25,0.0287,1.0252,0.6107,648.9742,0.432,0.7419,0.3003,0.3199,0.999,0.5025,0.0665,0.35,78098899,1817204,-0.0124,-0.3366,0
TXN-2024-1244,2024-10-28,Ijara,Qishloq xo'jaligi,Buxoro,587,21,5.7,0.3775,0,1,4,Tovar,0.6267,0.441,0.117,36,204119496,202480932,0.6999,0.5635,0.9264,0.0755,0.0526,1,0.4623,2,1,,0.0978,0.0835,0.0634,0.25,0.0761,1.0949,0.7765,935.1859,0.1281,1.184,0.2366,0.2701,1000.0,0.8077,0.0288,0.35,202480932,2042961,-0.0101,-0.133,0
TXN-2022-1245,2022-01-04,Ijara,Qishloq xo'jaligi,Toshkent,579,47,7.6,0.2332,2,1,4,Transport,0.7236,2.615,0.091,12,240017030,137296554,0.8744,0.4737,0.6292,0.1949,0.1432,1,0.3949,4,1,,0.094,0.1033,0.0761,0.25,0.068,1.178,0.4163,799.0776,0.3381,0.9584,0.1687,0.2772,0.4998,0.4165,0.0401,0.35,137296554,1926343,-0.0097,-0.4145,0
TXN-2021-1246,2021-12-15,Musharaka,Qishloq xo'jaligi,Buxoro,715,40,3.2,0.5098,1,0,4,Boshqa,0.8906,0.401,0.2658,36,249354262,90167862,0.8509,0.1656,0.8495,0.2669,0.1487,1,0.3753,4,0,,0.2569,0.0855,0.0549,0.25,0.022,1.0694,0.6215,801.9608,0.4156,1.0308,0.454,0.2806,0.0,0.4964,0.2016,0.6,90167862,10906579,-0.0266,0.5287,0
TXN-2021-1247,2021-12-25,Murabaha,Ishlab chiqarish,Buxoro,721,30,8.5,0.5122,3,1,4,Sanoat uskunasi,0.5244,5.09,0.0813,36,458668028,230915330,0.3394,0.3757,0.7213,0.3906,0.1569,0,0.5773,3,0,,0.1156,0.1085,0.065,0.25,0.022,0.9225,0.4077,1372.3051,0.5474,0.6968,0.2686,0.2935,0.3332,0.3264,0.099,0.45,230915330,10285537,-0.012,-0.4216,0
TXN-2021-1248,2021-06-11,Murabaha,Xizmat,Toshkent,683,56,1.5,0.446,3,1,3,Ko'chmas mulk,0.4817,0.171,0.1302,24,161353883,261104505,0.6235,0.3552,0.9315,0.0687,0.0725,1,0.3317,2,0,,0.0993,0.1008,0.0477,0.1912,0.0949,0.9325,0.5304,1414.9581,0.1412,1.2972,0.2148,0.2443,0.3332,0.8,0.0347,0.45,261104505,4077984,-0.0103,0.0017,0
TXN-2024-1249,2024-06-02,Sukuk,Qishloq xo'jaligi,Andijon,745,38,1.5,0.402,1,1,4,Transport,0.7728,10.866,0.0738,12,336500431,253632508,0.3875,0.5519,0.8618,0.5,0.3198,1,0.5635,1,0,A,0.0882,0.0674,0.0604,0.25,0.094,1.0686,0.4002,962.7788,0.8198,0.8269,0.3106,0.257,0.999,0.1553,0.0294,0.28,253632508,2086263,-0.0091,-0.6376,0
TXN-2023-1250,2023-02-23,Musharaka,IT,Buxoro,544,27,1.1,0.4864,1,0,5,Boshqa,0.7651,1.28,0.2405,60,388540380,138286150,0.4307,0.5384,0.8669,0.0614,0.067,1,0.3396,4,0,,0.2521,0.1261,0.0641,0.25,0.0474,0.9848,0.7663,710.0973,0.1284,0.9502,0.3721,0.312,0.0,0.7555,0.1642,0.6,138286150,13623948,-0.0261,0.4383,0
TXN-2024-1251,2024-06-23,Ijara,Xizmat,Andijon,786,46,2.8,0.6279,2,1,3,Sanoat uskunasi,0.4673,0.468,0.1251,36,260203589,79056197,0.6692,0.3977,0.9208,0.2065,0.1255,1,0.3076,3,1,,0.1009,0.1061,0.0681,0.25,0.0433,0.9867,0.7433,1678.2783,0.332,1.2272,0.2935,0.288,0.4998,0.6151,0.0196,0.35,79056197,542235,-0.0105,-0.0485,0
TXN-2024-1252,2024-10-31,Musharaka,IT,Samarqand,774,41,11.3,0.5521,2,0,4,Ko'chmas mulk,0.4223,6.86,0.1782,60,168271336,126746946,0.6869,0.506,0.5667,0.0926,0.1824,1,0.6589,3,0,,0.2549,0.0985,0.0617,0.25,0.0718,1.0276,0.8639,1828.4737,0.2751,0.6964,0.2331,0.2868,0.0,0.4108,0.0741,0.6,126746946,5631951,-0.0264,0.1891,0
TXN-2022-1253,2022-05-09,Murabaha,Xizmat,Samarqand,707,41,10.6,0.158,1,0,3,Moliyaviy aktiv,0.5398,0.116,0.0927,60,122237447,90303107,0.7678,0.2085,0.6689,0.0681,0.0588,0,0.5219,1,0,,0.1204,0.1069,0.072,0.2165,0.0634,0.9682,0.4122,1307.4298,0.1268,0.7636,0.0853,0.2514,0.0,0.584,0.0348,0.45,90303107,1413819,-0.0125,-0.3093,0
TXN-2023-1254,2023-10-17,Murabaha,Qishloq xo'jaligi,Samarqand,796,33,2.9,0.2236,1,0,3,Ko'chmas mulk,0.5807,1.588,0.197,24,97360049,23492522,0.4914,0.3746,0.7398,0.4478,0.1435,1,0.6341,1,0,,0.1234,0.079,0.0452,0.2223,0.0194,0.9981,0.3329,1368.4249,0.5913,1.5838,0.1298,0.2561,0.0,0.3023,0.047,0.45,23492522,497060,-0.0128,0.5432,0
TXN-2024-1255,2024-04-09,Ijara,Ishlab chiqarish,Samarqand,504,42,5.3,0.3908,0,0,5,Sanoat uskunasi,0.683,3.677,0.0921,36,101297002,125810599,0.5836,0.1662,0.8258,0.2845,0.1351,1,0.3525,1,1,,0.1183,0.1155,0.0825,0.25,0.0103,1.0457,0.719,736.837,0.4195,0.7721,0.2669,0.283,0.0,0.4793,0.0569,0.35,125810599,2506596,-0.0123,-0.32,0
TXN-2021-1256,2021-10-21,Musharaka,Qurilish,Namangan,600,35,7.7,0.4945,3,0,1,Transport,0.8399,0.952,0.1557,48,93153630,32976572,0.5518,0.2802,0.8804,0.2447,0.0353,0,0.6987,2,0,,0.2866,0.1123,0.0592,0.25,0.0411,0.9392,0.6525,713.532,0.2799,0.5413,0.4153,0.3032,0.0,0.634,0.5695,0.6,32976572,11269057,-0.0297,0.0897,1
TXN-2022-1257,2022-04-21,Murabaha,Ishlab chiqarish,Samarqand,582,43,1.7,0.4621,5,0,3,Ko'chmas mulk,0.3029,1.881,0.1398,36,610802976,89284813,0.916,0.0722,0.7592,0.3152,0.2332,1,0.4619,3,0,,0.1508,0.1061,0.0624,0.1156,0.0475,1.0712,0.8384,1914.8767,0.5484,0.9213,0.14,0.1594,0.0,0.3428,0.0956,0.45,89284813,3843014,-0.0156,0.0652,0
TXN-2023-1258,2023-08-03,Musharaka,IT,Andijon,706,21,1.1,0.4223,1,1,4,Ko'chmas mulk,0.5232,3.013,0.2122,60,219484682,98692232,0.9336,0.4672,0.7604,0.194,0.1008,1,0.2071,4,0,,0.2565,0.1166,0.0671,0.25,0.0604,1.0502,0.492,1346.7035,0.2949,0.8243,0.221,0.2996,0.999,0.5362,0.0934,0.6,98692232,5532727,-0.0266,0.3206,0
TXN-2024-1259,2024-07-30,Murabaha,Xizmat,Boshqa,555,33,21.5,0.3128,3,0,3,Moliyaviy aktiv,0.3888,7.59,0.1285,48,833467457,437583715,0.7132,0.5067,0.8731,0.314,0.1407,1,0.4761,1,0,,0.1254,0.05,0.0481,0.25,0.0654,1.0676,0.5176,1423.813,0.4548,1.0164,0.1216,0.2519,0.0,0.4761,0.0698,0.45,437583715,13748116,-0.013,-0.0122,0
TXN-2022-1260,2022-06-05,Musharaka,Qishloq xo'jaligi,Andijon,709,55,5.8,0.3833,2,0,4,Moliyaviy aktiv,0.4485,0.271,0.2662,48,305235735,64714994,0.7063,0.3304,0.45,0.1865,0.0913,1,0.4512,1,0,,0.2127,0.1111,0.058,0.25,0.1249,1.1353,0.7425,1577.2622,0.2779,1.246,0.1719,0.303,0.0,0.325,0.1491,0.6,64714994,5787846,-0.022,0.6405,0
TXN-2023-1261,2023-07-31,Murabaha,Qurilish,Toshkent,761,30,23.9,0.4075,2,0,3,Transport,0.3766,0.428,0.1422,60,97332657,174735130,0.9445,0.068,0.8189,0.2107,0.212,1,0.7901,2,0,,0.0846,0.1088,0.0325,0.25,0.0446,1.0249,0.2424,2015.131,0.4227,1.6616,0.1535,0.3263,0.0,0.4728,0.0271,0.45,174735130,2130527,-0.0088,0.1444,0
TXN-2022-1262,2022-06-07,Ijara,Qishloq xo'jaligi,Namangan,704,31,2.5,0.3334,0,1,2,Ko'chmas mulk,0.7105,1.778,0.17,24,217269125,118981069,0.7724,0.6,0.718,0.3066,0.1527,1,0.4953,5,1,,0.0922,0.0927,0.0595,0.2154,0.0435,1.0299,0.8784,989.3931,0.4593,1.8239,0.2369,0.2486,1000.0,0.3883,0.0689,0.35,118981069,2868560,-0.0096,0.4336,0
TXN-2024-1263,2024-09-27,Murabaha,Qurilish,Namangan,669,33,7.3,0.1025,0,0,3,Ko'chmas mulk,0.7117,1.355,0.1032,48,356226993,204902110,0.6027,0.228,0.6817,0.2585,0.0181,1,0.1809,1,0,,0.144,0.1095,0.0634,0.2191,0.0513,0.9743,0.3136,938.6815,0.2767,0.7119,0.073,0.2651,0.0,0.4931,0.0997,0.45,204902110,9191011,-0.0149,-0.1861,0
TXN-2021-1264,2021-01-20,Musharaka,Xizmat,Toshkent,561,25,1.5,0.2387,1,0,4,Ko'chmas mulk,0.3224,1.322,0.2117,12,294885599,93307415,0.6858,0.474,0.6692,0.1065,0.2423,1,0.2801,1,0,,0.2295,0.0888,0.0731,0.25,0.0595,1.0242,0.8573,1734.8387,0.3489,0.9184,0.077,0.2658,0.0,0.4357,0.1094,0.6,93307415,6127461,-0.0238,0.3559,0
TXN-2023-1265,2023-08-11,Murabaha,Qishloq xo'jaligi,Samarqand,573,21,1.8,0.5086,2,0,4,Transport,0.4568,0.881,0.1104,24,188303937,49152864,0.5735,0.4934,0.7218,0.2648,0.3906,1,0.395,0,0,,0.1343,0.0749,0.0462,0.25,0.0363,0.9225,0.6786,1251.6593,0.6554,0.8166,0.2323,0.2786,0.0,0.2487,0.1278,0.45,49152864,2827441,-0.0139,-0.1457,0
TXN-2022-1266,2022-08-13,Murabaha,Savdo,Toshkent,751,35,4.3,0.3222,1,0,4,Ko'chmas mulk,0.7172,2.056,0.1338,24,417011620,159962475,0.7638,0.4521,0.6218,0.0275,0.0703,1,0.5901,1,0,,0.0869,0.0987,0.0313,0.1862,0.0896,0.9639,0.7886,1045.6752,0.0978,1.5214,0.2311,0.2536,0.0,0.561,0.0286,0.45,159962475,2061812,-0.009,0.0432,0
TXN-2024-1267,2024-10-19,Murabaha,Ishlab chiqarish,Boshqa,711,39,2.3,0.3216,2,0,4,Ko'chmas mulk,0.6954,5.37,0.0867,48,130088179,150216484,0.5595,0.5044,0.9336,0.0836,0.108,1,0.55,1,0,,0.0993,0.114,0.0666,0.2043,0.0598,0.9924,0.5051,1021.0028,0.1916,0.8645,0.2236,0.2517,0.0,0.7547,0.0273,0.45,150216484,1845637,-0.0103,-0.4359,0
TXN-2024-1268,2024-01-25,Musharaka,Ishlab chiqarish,Toshkent,641,37,1.1,0.6292,2,0,3,Transport,0.8222,0.439,0.2625,60,271203834,169262241,0.4409,0.4769,0.8268,0.2519,0.0839,1,0.5928,3,0,,0.308,0.1339,0.0529,0.25,0.0791,0.9212,0.7488,778.6724,0.3358,0.8496,0.5173,0.3309,0.0,0.5492,0.4625,0.6,169262241,46966478,-0.0319,0.4302,1
TXN-2021-1269,2021-11-20,Musharaka,Ishlab chiqarish,Samarqand,609,36,1.8,0.4523,1,0,4,Tovar,0.6567,0.606,0.2625,24,392785845,120308674,0.7086,0.3717,0.6674,0.0739,0.0153,1,0.343,2,0,,0.2941,0.1056,0.078,0.25,0.0517,0.8038,0.8646,925.9572,0.0892,0.8894,0.297,0.2776,0.0,0.6079,0.2157,0.6,120308674,15571383,-0.0305,0.4504,0
TXN-2021-1270,2021-06-01,Murabaha,Qurilish,Toshkent,472,38,0.5,0.2419,1,0,2,Moliyaviy aktiv,0.2443,2.778,0.189,60,195304700,115689298,0.7842,0.3206,0.8671,0.2515,0.1184,1,0.4023,4,0,,0.0905,0.08,0.0433,0.25,0.0805,1.0463,0.6373,1924.2274,0.37,2.066,0.0591,0.2867,0.0,0.5463,0.1052,0.45,115689298,5477495,-0.0094,0.6522,0
TXN-2023-1271,2023-06-24,Ijara,Qishloq xo'jaligi,Toshkent,553,48,7.3,0.203,4,0,3,Sanoat uskunasi,0.4037,0.145,0.1489,24,328900962,260612253,0.6268,0.315,0.8197,0.1882,0.0558,1,0.5151,2,1,,0.1004,0.0791,0.026,0.25,0.091,1.0957,0.3797,1366.2771,0.2441,1.4685,0.082,0.3031,0.0,0.6197,0.0284,0.35,260612253,2592254,-0.0104,0.1878,0
TXN-2022-1272,2022-12-09,Sukuk,Qishloq xo'jaligi,Andijon,807,36,4.1,0.4762,1,1,4,Sanoat uskunasi,0.5352,2.8,0.1686,24,226275707,244388129,0.5855,0.3438,0.5357,0.4227,0.2404,1,0.7633,2,0,AA,0.0652,0.0968,0.0718,0.25,0.0685,0.9337,0.5595,1504.9518,0.663,2.5472,0.2549,0.275,0.999,0.1805,0.0213,0.28,244388129,1456748,-0.0068,0.5925,0
TXN-2024-1273,2024-04-18,Ijara,Savdo,Samarqand,536,32,0.6,0.2784,2,0,3,Transport,0.6665,0.944,0.1263,72,275195707,84523707,0.5088,0.5709,0.9713,0.0732,0.1686,1,0.2574,1,1,,0.1032,0.0751,0.0554,0.25,0.0364,1.0304,0.3999,802.9975,0.2418,1.2123,0.1855,0.2696,0.0,0.7365,0.0641,0.35,84523707,1897201,-0.0107,-0.0354,0
TXN-2022-1274,2022-09-05,Murabaha,Qurilish,Andijon,661,35,1.1,0.2463,1,0,4,Transport,0.7469,1.107,0.2075,12,313635450,133770854,0.8572,0.3532,0.8452,0.1055,0.0656,1,0.4336,2,0,,0.1418,0.1396,0.0707,0.0907,0.0563,0.8669,0.6227,883.8549,0.1711,1.4529,0.1839,0.1596,0.0,0.7006,0.0416,0.45,133770854,2503064,-0.0147,0.5462,0
TXN-2024-1275,2024-08-01,Musharaka,Qishloq xo'jaligi,Samarqand,730,43,0.6,0.3929,2,2,3,Sanoat uskunasi,0.6074,1.3,0.1794,24,204551494,63987684,0.8152,0.5393,0.8754,0.2346,0.0869,1,0.2388,2,0,,0.3168,0.1242,0.0424,0.25,0.0739,0.9917,0.4392,1199.9377,0.3215,0.5645,0.2386,0.3318,0.9995,0.594,0.1835,0.6,63987684,7046662,-0.0328,0.1559,0
TXN-2023-1276,2023-05-19,Murabaha,Savdo,Samarqand,538,52,5.7,0.3851,5,0,4,Sanoat uskunasi,0.372,1.075,0.1644,24,561942983,220863707,0.4102,0.4691,0.6439,0.2798,0.3247,1,0.3747,5,0,,0.103,0.1118,0.0438,0.25,0.1167,1.1149,0.5797,1442.2839,0.6045,1.5815,0.1433,0.318,0.0,0.2547,0.0861,0.45,220863707,8561223,-0.0107,0.3342,0
TXN-2024-1277,2024-11-14,Murabaha,Ishlab chiqarish,Samarqand,660,31,0.6,0.5638,2,0,3,Transport,0.5131,4.6,0.1729,24,284985887,205095221,0.692,0.2804,0.7481,0.2763,0.0068,1,0.3982,6,0,,0.0848,0.1282,0.0809,0.25,0.0538,0.9553,0.6828,1283.7158,0.2831,2.0154,0.2893,0.2973,0.0,0.5364,0.0804,0.45,205095221,7424302,-0.0088,0.5062,0
TXN-2022-1278,2022-05-28,Sukuk,Qishloq xo'jaligi,Samarqand,724,38,8.4,0.4835,2,0,5,Transport,0.7309,7.3,0.0547,36,340442767,399817765,0.7597,0.2994,0.8513,0.1515,0.3671,0,0.4483,4,0,AA,0.0672,0.104,0.0805,0.25,0.0526,0.8617,0.7184,989.2548,0.5187,0.8016,0.3533,0.2735,0.0,0.4098,0.011,0.28,399817765,1232269,-0.007,-1.1205,0
TXN-2023-1279,2023-07-25,Murabaha,Xizmat,Namangan,646,41,0.5,0.4299,2,0,3,Moliyaviy aktiv,0.4885,1.985,0.1355,24,482868108,248583786,0.7762,0.1861,0.919,0.1393,0.3013,1,0.3151,1,0,,0.1078,0.1017,0.0469,0.25,0.0098,1.1249,0.6434,1319.6223,0.4406,1.2454,0.21,0.3048,0.0,0.514,0.0469,0.45,248583786,5243700,-0.0112,0.0509,0
TXN-2022-1280,2022-09-11,Musharaka,Ishlab chiqarish,Buxoro,850,28,1.7,0.2879,4,0,4,Sanoat uskunasi,0.8082,2.18,0.1667,36,348307498,168184271,0.4324,0.5956,0.6746,0.3371,0.1848,0,0.6386,5,0,,0.3654,0.0891,0.0459,0.25,0.1153,0.9226,0.8061,1050.4244,0.5219,0.455,0.2327,0.2932,0.0,0.3225,0.1487,0.6,168184271,15008742,-0.0379,0.1004,0
TXN-2022-1281,2022-02-12,Musharaka,Savdo,Toshkent,503,38,13.3,0.0531,1,1,5,Sanoat uskunasi,0.7841,0.183,0.1785,36,138170744,902868613,0.7586,0.5238,0.8139,0.0992,0.027,1,0.6485,2,0,,0.189,0.1054,0.0631,0.25,0.0631,0.9584,0.341,640.7148,0.1263,0.9395,0.0416,0.2923,0.999,0.7111,0.1296,0.6,902868613,70199704,-0.0196,0.2566,0
TXN-2023-1282,2023-02-27,Ijara,Xizmat,Buxoro,734,23,7.6,0.2947,1,0,4,Tovar,0.7181,3.122,0.0985,48,377117784,189263750,0.5987,0.4974,0.6142,0.1391,0.3527,1,0.5592,1,1,,0.1067,0.084,0.0135,0.25,0.0303,1.0941,0.3907,1020.7074,0.4918,0.9145,0.2116,0.3206,0.0,0.3121,0.0298,0.35,189263750,1973994,-0.0111,-0.2956,0
TXN-2023-1283,2023-09-17,Musharaka,Qurilish,Boshqa,630,21,0.5,0.1921,1,0,4,Ko'chmas mulk,0.7103,2.193,0.1899,60,284742248,218987592,0.3438,0.536,0.7678,0.1004,0.0859,1,0.2224,2,0,,0.2928,0.0927,0.0717,0.25,0.014,1.0496,0.464,885.7559,0.1863,0.6465,0.1364,0.271,0.0,0.6248,0.2078,0.6,218987592,27298185,-0.0303,0.2046,1
TXN-2021-1284,2021-08-07,Murabaha,Qurilish,Samarqand,710,41,10.3,0.1493,0,1,4,Transport,0.6135,0.129,0.1543,24,160459442,41793445,0.5794,0.4052,0.8207,0.0045,0.1327,1,0.6876,5,0,,0.114,0.102,0.0556,0.25,0.0534,0.95,0.7338,1155.4217,0.1372,1.3415,0.0916,0.2964,1000.0,0.7081,0.0231,0.45,41793445,435169,-0.0118,0.2129,0
TXN-2022-1285,2022-05-01,Murabaha,Qurilish,Toshkent,682,34,4.1,0.3559,3,2,4,Boshqa,0.6819,0.553,0.0998,36,485055959,262051422,0.5104,0.2027,0.939,0.1204,0.0194,1,0.5775,3,0,,0.1082,0.1055,0.0752,0.25,0.0585,1.0503,0.52,998.6365,0.1398,0.9139,0.2427,0.2803,0.6664,0.8077,0.0273,0.45,262051422,3213762,-0.0112,-0.2789,0
TXN-2023-1286,2023-02-21,Musharaka,Qurilish,Samarqand,582,40,11.3,0.5222,1,0,5,Transport,0.6935,0.564,0.1823,36,131926257,805641214,0.4617,0.6,0.7582,0.2285,0.0841,1,0.3697,2,0,,0.3139,0.1097,0.0679,0.1877,0.0686,0.9101,0.871,838.024,0.3126,0.5788,0.3621,0.2295,0.0,0.5212,0.2379,0.6,805641214,115003959,-0.0325,0.1665,0
TXN-2024-1287,2024-03-17,Murabaha,Ishlab chiqarish,Toshkent,664,37,5.5,0.4722,3,1,2,Ko'chmas mulk,0.5581,0.469,0.1301,12,175653145,181376062,0.725,0.2674,0.7691,0.0802,0.0885,1,0.1446,2,0,,0.1109,0.0961,0.0581,0.25,0.0686,0.879,0.4002,1187.6947,0.1687,1.1619,0.2635,0.288,0.3332,0.6393,0.0641,0.45,181376062,5230693,-0.0115,0.0006,0
TXN-2023-1288,2023-01-06,Murabaha,Savdo,Andijon,487,28,6.9,0.3772,1,0,5,Sanoat uskunasi,0.8129,2.687,0.1882,60,190142780,256914716,0.8583,0.1772,0.7824,0.0836,0.2136,1,0.2876,3,0,,0.1019,0.0974,0.0784,0.1855,0.0712,1.0784,0.8771,598.3175,0.2972,1.8297,0.3067,0.2044,0.0,0.5499,0.0762,0.45,256914716,8814559,-0.0106,0.5714,0
TXN-2024-1289,2024-03-23,Murabaha,Savdo,Samarqand,696,37,30.0,0.4976,2,0,4,Ko'chmas mulk,0.4906,6.593,0.1631,48,113815595,322621896,0.9085,0.6,0.5803,0.2373,0.122,1,0.3036,5,0,,0.1035,0.0912,0.0297,0.1045,0.0391,1.0231,0.5738,1415.8686,0.3592,1.5608,0.2441,0.1661,0.0,0.3718,0.0449,0.45,322621896,6514367,-0.0107,0.3201,0
TXN-2022-1290,2022-08-29,Murabaha,Qurilish,Boshqa,670,25,1.6,0.64,1,0,5,Sanoat uskunasi,0.5287,3.599,0.1092,12,242042176,524003623,0.6191,0.5344,0.6682,0.1335,0.0814,1,0.2754,1,0,,0.1351,0.0755,0.075,0.25,0.0747,1.186,0.8518,1264.9664,0.2149,0.8023,0.3384,0.2505,0.0,0.5246,0.0477,0.45,524003623,11236820,-0.014,-0.1537,0
TXN-2024-1291,2024-12-03,Murabaha,IT,Buxoro,699,51,5.9,0.5788,4,0,1,Ko'chmas mulk,0.6456,1.622,0.1791,24,164327058,227361694,0.6614,0.1597,0.8127,0.1737,0.1898,1,0.2063,3,0,,0.1132,0.1338,0.07,0.2467,0.0622,1.0841,0.5748,1081.0347,0.3635,1.5685,0.3737,0.3104,0.0,0.5173,0.1629,0.45,227361694,16667667,-0.0117,0.4338,0
TXN-2022-1292,2022-08-28,Murabaha,Savdo,Buxoro,734,24,3.7,0.5273,2,0,5,Sanoat uskunasi,0.7361,1.294,0.1379,36,280292590,49023987,0.4004,0.5512,0.8139,0.1242,0.4,1,0.4187,3,0,,0.1332,0.101,0.0786,0.25,0.0161,0.8809,0.8501,995.8379,0.5242,1.0277,0.3881,0.2725,0.0,0.3873,0.0659,0.45,49023987,1454706,-0.0138,0.0596,0
TXN-2021-1293,2021-02-14,Musharaka,Ishlab chiqarish,Toshkent,676,36,0.5,0.4023,4,0,2,Sanoat uskunasi,0.1966,1.221,0.1838,60,689476822,174214845,0.8618,0.392,0.5702,0.2018,0.1273,1,0.141,2,0,,0.2322,0.1071,0.0283,0.25,0.0471,1.1658,0.7739,3421.5381,0.3291,0.7882,0.0791,0.3288,0.0,0.3825,0.1051,0.6,174214845,10987487,-0.0241,0.2316,0
TXN-2024-1294,2024-09-10,Ijara,Qishloq xo'jaligi,Samarqand,657,27,0.5,0.2248,1,0,4,Transport,0.9118,2.299,0.0923,60,238993798,255673503,0.4601,0.5181,0.7867,0.0917,0.0236,1,0.3891,1,1,,0.1204,0.1015,0.0606,0.25,0.0812,1.0025,0.8766,719.7538,0.1154,0.7601,0.205,0.2909,0.0,0.6959,0.04,0.35,255673503,3582767,-0.0125,-0.3131,0
TXN-2023-1295,2023-03-22,Ijara,Ishlab chiqarish,Andijon,570,43,0.8,0.655,2,0,3,Transport,0.5766,1.113,0.1261,36,326746244,241852465,0.8272,0.1411,0.9783,0.4233,0.0577,0,0.6503,1,1,,0.1266,0.0832,0.0506,0.25,0.0757,0.9953,0.3643,986.7724,0.481,0.9881,0.3777,0.2826,0.0,0.5077,0.081,0.35,241852465,6856294,-0.0131,-0.0311,0
TXN-2022-1296,2022-07-17,Murabaha,Qurilish,Boshqa,584,34,6.3,0.5349,1,0,4,Ko'chmas mulk,0.3948,0.641,0.1778,24,241864365,133394852,0.5837,0.4876,0.4812,0.1363,0.1991,1,0.4793,4,0,,0.122,0.14,0.0679,0.25,0.077,0.933,0.3277,1475.4696,0.3354,1.4458,0.2112,0.3221,0.0,0.3198,0.0902,0.45,133394852,5415976,-0.0126,0.3917,1
TXN-2021-1297,2021-01-17,Murabaha,Xizmat,Buxoro,745,32,5.0,0.4997,2,1,4,Ko'chmas mulk,0.5164,2.309,0.1304,36,202479138,114739916,0.7629,0.3405,0.843,0.009,0.1475,1,0.3064,4,0,,0.1073,0.068,0.0907,0.0728,0.1032,1.1302,0.6709,1439.9854,0.1565,1.2037,0.258,0.05,0.4998,0.711,0.02,0.45,114739916,1030909,-0.0111,0.0035,0
TXN-2024-1298,2024-03-05,Murabaha,Ishlab chiqarish,Boshqa,767,46,4.8,0.4076,1,0,2,Transport,0.6607,1.239,0.2032,60,379293949,115241058,0.5391,0.2873,0.7552,0.2526,0.1137,1,0.4867,3,0,,0.09,0.1003,0.0569,0.1495,0.0905,0.9148,0.7023,1159.1651,0.3663,2.2338,0.2693,0.1929,0.0,0.4786,0.0715,0.45,115241058,3710129,-0.0093,0.8136,0
TXN-2024-1299,2024-11-05,Musharaka,Ishlab chiqarish,Toshkent,624,38,0.5,0.593,2,0,4,Ko'chmas mulk,0.5806,0.036,0.2342,36,139308467,133698752,0.4879,0.3124,0.6333,0.1856,0.0119,1,0.458,1,0,,0.2717,0.0817,0.0629,0.1183,0.0475,0.9643,0.375,1072.8207,0.1976,0.8589,0.3443,0.1372,0.0,0.5082,0.3349,0.6,133698752,26866979,-0.0282,0.3835,1
TXN-2021-1300,2021-04-11,Ijara,Savdo,Andijon,648,43,3.8,0.205,2,1,3,Tovar,0.4548,0.056,0.095,24,445024690,162683230,0.8458,0.4724,0.5887,0.1999,0.0816,1,0.6722,1,1,,0.0968,0.1342,0.0481,0.25,0.0426,1.0005,0.5066,1421.5945,0.2814,0.9712,0.0932,0.3361,0.4998,0.423,0.0328,0.35,162683230,1870409,-0.01,-0.3619,0
TXN-2024-1301,2024-05-26,Murabaha,IT,Samarqand,568,28,15.5,0.5738,1,0,4,Sanoat uskunasi,0.95,0.801,0.1505,12,153805394,216929151,0.6607,0.2882,0.8072,0.0702,0.0761,1,0.4563,2,0,,0.1261,0.0872,0.0641,0.1131,0.057,1.0606,0.4952,597.266,0.1463,1.1837,0.5451,0.1361,0.0,0.6891,0.1244,0.45,216929151,12147258,-0.0131,0.1622,0
TXN-2023-1302,2023-10-15,Sukuk,Qurilish,Toshkent,744,23,3.0,0.5114,2,0,4,Ko'chmas mulk,0.3312,1.796,0.0656,36,549477737,193085633,0.9546,0.5868,0.547,0.0554,0.1298,1,0.533,2,0,AA,0.0698,0.113,0.0747,0.1474,0.0686,1.0008,0.365,2239.6794,0.1852,0.9268,0.1694,0.1857,0.0,0.4457,0.0081,0.28,193085633,438634,-0.0072,-0.9231,0
TXN-2022-1303,2022-08-10,Murabaha,Savdo,Toshkent,701,39,5.9,0.5047,4,0,2,Ko'chmas mulk,0.7395,1.093,0.1013,24,196284092,109692789,0.4256,0.3413,0.676,0.1705,0.0191,1,0.4682,3,0,,0.0975,0.0625,0.0727,0.25,0.0099,0.9806,0.8196,946.6744,0.1895,1.0287,0.3732,0.2399,0.0,0.5478,0.0905,0.45,109692789,4467335,-0.0101,-0.2938,0
TXN-2022-1304,2022-04-17,Musharaka,Qurilish,Buxoro,810,34,9.1,0.5102,1,0,4,Ko'chmas mulk,0.4658,0.061,0.0756,48,149169699,64576588,0.3418,0.1171,0.8964,0.0564,0.0532,1,0.0398,4,0,,0.2833,0.1065,0.0766,0.25,-0.0018,1.1474,0.6349,1735.3485,0.1095,0.2659,0.2376,0.2799,0.0,0.7982,0.0739,0.6,64576588,2863423,-0.0294,-0.1921,0
TXN-2024-1305,2024-05-28,Ijara,Qishloq xo'jaligi,Toshkent,570,44,9.2,0.4498,5,0,4,Sanoat uskunasi,0.5902,0.631,0.0718,24,260104611,193410485,0.6176,0.4009,0.9216,0.244,0.1424,1,0.4525,4,0,,0.1007,0.1204,0.0537,0.2032,0.0465,0.951,0.2,964.1636,0.3865,0.706,0.2655,0.27,0.0,0.5655,0.0388,0.35,193410485,2624589,-0.0104,-0.5776,0
TXN-2022-1306,2022-12-23,Sukuk,Savdo,Toshkent,612,37,4.4,0.5854,1,1,3,Ko'chmas mulk,0.5723,0.253,0.0926,72,95233832,121189062,0.5342,0.4438,0.7932,0.0527,0.4,1,0.5012,3,0,AA,0.087,0.1093,0.045,0.1487,0.0193,1.218,0.7173,1067.5193,0.4527,1.0523,0.335,0.213,0.999,0.4341,0.0383,0.28,121189062,1299008,-0.009,-0.4299,0
TXN-2022-1307,2022-03-25,Ijara,Qurilish,Samarqand,664,40,11.7,0.3039,2,0,5,Ko'chmas mulk,0.8858,7.422,0.1143,48,128462037,457211367,0.8606,0.6,0.8856,0.228,0.0437,1,0.6361,0,1,,0.1376,0.0593,0.0414,0.1037,0.0439,0.9526,0.359,748.7245,0.2718,0.8244,0.2692,0.1215,0.0,0.6449,0.0174,0.35,457211367,2778173,-0.0143,-0.114,0
TXN-2024-1308,2024-07-27,Ijara,Qurilish,Boshqa,699,21,3.0,0.3533,3,0,4,Transport,0.6979,0.938,0.1268,36,325202401,281037498,0.6552,0.373,0.7196,0.1835,0.1684,1,0.3143,2,1,,0.1121,0.0777,0.0611,0.25,0.0676,1.1141,0.7142,1000.1451,0.3519,1.1214,0.2465,0.2666,0.0,0.4664,0.0225,0.35,281037498,2209356,-0.0116,-0.0284,0
TXN-2022-1309,2022-01-25,Murabaha,Qishloq xo'jaligi,Andijon,626,56,13.2,0.1811,0,0,3,Boshqa,0.7614,0.037,0.1041,48,495864562,188411109,0.7048,0.1007,0.9321,0.1136,0.1252,0,0.4167,8,0,,0.1801,0.0963,0.0468,0.0666,0.0059,1.078,0.4629,821.0398,0.2388,0.5749,0.1379,0.1161,0.0,0.7095,0.0523,0.45,188411109,4437426,-0.0187,-0.1435,0
TXN-2024-1310,2024-06-25,Ijara,Savdo,Andijon,570,36,1.6,0.3521,3,0,2,Sanoat uskunasi,0.519,2.701,0.145,24,171981157,87454027,0.705,0.1782,0.6155,0.2742,0.0243,1,0.2031,4,1,,0.1102,0.1184,0.0495,0.25,0.0459,1.1503,0.6912,1096.1748,0.2986,1.3044,0.1827,0.3189,0.0,0.4318,0.1313,0.35,87454027,4019264,-0.0114,0.1362,0
TXN-2022-1311,2022-05-29,Murabaha,Xizmat,Samarqand,719,44,2.0,0.4044,0,1,4,Tovar,0.3899,0.661,0.1315,24,525883847,57634370,0.5073,0.3833,0.7952,0.0874,0.0342,1,0.6209,1,0,,0.1477,0.085,0.0853,0.2287,0.0663,1.0133,0.5067,1839.3486,0.1216,0.8839,0.1577,0.2284,1000.0,0.6985,0.0237,0.45,57634370,615602,-0.0153,0.0098,0
TXN-2024-1312,2024-10-20,Sukuk,Qurilish,Toshkent,706,29,0.5,0.6759,4,0,3,Ko'chmas mulk,0.5878,2.091,0.1078,84,190986483,148661056,0.7936,0.1898,0.6552,0.2389,0.1883,1,0.7515,2,0,A,0.083,0.0859,0.0709,0.2481,0.0679,1.1031,0.6657,1199.1002,0.4272,1.2829,0.3973,0.2631,0.0,0.3753,0.052,0.28,148661056,2166543,-0.0086,-0.268,0
TXN-2024-1313,2024-09-12,Musharaka,Qurilish,Toshkent,567,41,9.5,0.2772,2,0,3,Ko'chmas mulk,0.2175,0.408,0.04,48,272949079,164395489,0.856,0.3853,0.6008,0.5,0.1331,1,0.6499,2,0,,0.1762,0.0846,0.0625,0.1453,0.082,0.9409,0.5107,2595.0149,0.6331,0.2258,0.0603,0.1674,0.0,0.2204,0.2104,0.6,164395489,20752185,-0.0183,-0.5108,1
TXN-2024-1314,2024-10-26,Ijara,Qurilish,Andijon,760,24,3.2,0.2545,1,1,1,Ko'chmas mulk,0.9484,10.34,0.1201,12,274345095,44003089,0.4536,0.4437,0.8306,0.3075,0.2639,0,0.4786,4,1,,0.1159,0.0768,0.0522,0.25,0.0922,1.0145,0.3888,800.5469,0.5714,1.0269,0.2414,0.2746,0.999,0.3561,0.1115,0.35,44003089,1717483,-0.012,-0.0855,0
TXN-2021-1315,2021-10-08,Musharaka,Savdo,Namangan,744,42,1.6,0.362,2,0,4,Boshqa,0.5205,8.788,0.2272,36,613050817,206744903,0.7112,0.6,0.8779,0.2859,0.1783,1,0.1836,4,0,,0.2385,0.1066,0.0699,0.1572,0.0393,1.0139,0.2721,1426.7711,0.4642,0.9488,0.1884,0.1939,0.0,0.4704,0.0932,0.6,206744903,11564873,-0.0247,0.4077,0
TXN-2024-1316,2024-07-10,Ijara,IT,Andijon,656,34,1.6,0.2049,2,1,4,Ko'chmas mulk,0.4344,2.668,0.0517,24,415965418,153630189,0.6584,0.5425,0.7628,0.1726,0.0737,1,0.6901,1,1,,0.0869,0.0815,0.0495,0.25,0.0574,0.9683,0.8566,1506.638,0.2462,0.5883,0.089,0.282,0.4998,0.575,0.0162,0.35,153630189,869069,-0.009,-0.9007,0
TXN-2021-1317,2021-07-18,Musharaka,Savdo,Toshkent,651,38,13.9,0.2183,0,0,2,Transport,0.4779,3.071,0.182,24,216594165,22883531,0.352,0.3391,0.905,0.1372,0.143,1,0.5012,1,0,,0.1799,0.14,0.0801,0.25,0.0096,0.9292,0.5834,1359.3995,0.2803,1.0062,0.1043,0.3099,0.0,0.6514,0.1825,0.6,22883531,2505438,-0.0186,0.289,0
TXN-2024-1318,2024-07-09,Ijara,Savdo,Andijon,692,44,10.8,0.5554,4,0,4,Transport,0.5929,1.387,0.0963,12,1054897077,81523458,0.4776,0.1324,0.838,0.4538,0.026,1,0.2506,2,0,,0.1113,0.0925,0.0759,0.25,0.0532,1.029,0.5832,1165.2628,0.4798,0.858,0.3292,0.2666,0.0,0.4359,0.0336,0.35,81523458,959988,-0.0115,-0.3026,0
TXN-2024-1319,2024-08-16,Murabaha,Qurilish,Toshkent,571,25,4.8,0.4318,0,0,5,Tovar,0.2682,8.187,0.2016,24,236512270,85398995,0.8213,0.1349,0.9014,0.3366,0.1434,0,0.2924,0,0,,0.1313,0.0809,0.0739,0.25,0.0607,1.1418,0.7308,2121.35,0.48,1.5239,0.1158,0.257,0.0,0.4687,0.0284,0.45,85398995,1089604,-0.0136,0.5454,0
TXN-2021-1320,2021-03-22,Murabaha,Savdo,Buxoro,647,31,5.7,0.6058,2,0,5,Ko'chmas mulk,0.4852,1.378,0.0885,48,246951981,63174933,0.7496,0.2331,0.6755,0.2182,0.2788,1,0.3713,2,0,,0.1167,0.0597,0.0504,0.25,0.0491,1.1092,0.6241,1330.7417,0.4969,0.7518,0.2939,0.2593,0.0,0.3398,0.072,0.45,63174933,2047682,-0.0121,-0.3554,0
TXN-2022-1321,2022-09-25,Murabaha,Savdo,Andijon,462,42,3.9,0.2605,0,1,5,Transport,0.8747,0.684,0.2264,60,298710879,194658149,0.8243,0.4739,0.6504,0.0508,0.334,0,0.6251,3,0,,0.1379,0.05,0.0468,0.2415,0.1184,0.9613,0.6894,527.5919,0.3848,1.6303,0.2279,0.2447,1000.0,0.4001,0.1437,0.45,194658149,12587945,-0.0143,0.6993,1
TXN-2023-1322,2023-06-22,Murabaha,Savdo,Toshkent,719,58,3.0,0.4001,3,0,5,Boshqa,0.529,0.306,0.1917,36,190103049,518928583,0.3086,0.3432,0.8969,0.1852,0.0021,1,0.2752,4,0,,0.1491,0.1362,0.0976,0.1459,0.1043,1.0024,0.2379,1356.6873,0.1873,1.277,0.2117,0.1846,0.0,0.7289,0.034,0.45,518928583,7933711,-0.0155,0.4137,0
TXN-2021-1323,2021-03-10,Sukuk,Savdo,Buxoro,512,36,14.8,0.7008,1,1,3,Transport,0.8048,0.583,0.1028,36,561422525,205305820,0.5604,0.289,0.709,0.3838,0.0887,1,0.499,3,0,AA,0.0897,0.1158,0.0164,0.25,0.0877,0.9641,0.6807,635.4166,0.4725,1.1344,0.564,0.3494,0.999,0.374,0.1368,0.28,205305820,7863385,-0.0093,-0.3029,0
TXN-2024-1324,2024-04-01,Murabaha,Ishlab chiqarish,Samarqand,772,43,0.8,0.4395,3,0,2,Sanoat uskunasi,0.1054,2.123,0.0826,12,231051184,231032845,0.6056,0.2913,0.6425,0.1348,0.1014,1,0.5391,1,0,,0.1456,0.0991,0.0794,0.25,0.0261,1.0089,0.3732,7254.211,0.2362,0.5631,0.0463,0.2698,0.0,0.4907,0.0269,0.45,231032845,2794432,-0.0151,-0.3256,0
TXN-2023-1325,2023-01-18,Sukuk,Qurilish,Samarqand,616,36,3.3,0.3806,0,1,3,Transport,0.589,0.703,0.0885,12,360856938,86218867,0.287,0.3343,0.9126,0.1752,0.3599,1,0.2388,4,0,AAA,0.0745,0.0958,0.0505,0.25,0.0556,0.9607,0.2775,1044.0871,0.5351,1.1726,0.2241,0.2953,1000.0,0.4242,0.0284,0.28,86218867,685734,-0.0077,-0.5565,0
TXN-2021-1326,2021-09-27,Murabaha,Qurilish,Toshkent,627,57,2.5,0.5002,2,2,4,Tovar,0.6937,2.655,0.1674,48,50000000,212039997,0.8325,0.3503,0.45,0.0348,0.4,1,0.1088,2,0,,0.1271,0.0572,0.0793,0.25,0.0688,1.0191,0.7029,902.5666,0.4348,1.3072,0.347,0.2279,0.9995,0.2543,0.0957,0.45,212039997,9130512,-0.0132,0.2946,0
TXN-2021-1327,2021-07-04,Murabaha,Savdo,Andijon,591,21,4.1,0.4049,3,0,5,Ko'chmas mulk,0.6668,1.204,0.1444,60,264772496,130536912,0.5741,0.3177,0.7236,0.0398,0.1545,1,0.2537,6,0,,0.1467,0.0886,0.0736,0.25,0.0714,0.9202,0.82,885.0454,0.1944,0.9778,0.27,0.265,0.0,0.5829,0.0763,0.45,130536912,4482548,-0.0152,0.0982,0
TXN-2022-1328,2022-08-28,Ijara,Ishlab chiqarish,Toshkent,620,38,3.7,0.1057,2,0,3,Ko'chmas mulk,0.7939,5.448,0.087,12,199987834,148495310,0.1696,0.3005,0.8188,0.2339,0.0621,1,0.3478,3,1,,0.101,0.0679,0.0542,0.25,0.0604,1.0526,0.7668,780.0094,0.2961,0.8533,0.0839,0.2637,0.0,0.5763,0.0611,0.35,148495310,3174214,-0.0105,-0.4252,0
TXN-2022-1329,2022-11-01,Ijara,Xizmat,Andijon,765,21,4.4,0.3844,3,1,4,Tovar,0.2868,2.044,0.1532,36,255402434,97267186,0.7408,0.425,0.7355,0.0532,0.0835,1,0.2799,4,1,,0.0869,0.0909,0.036,0.25,0.0701,1.1236,0.3236,2658.1315,0.1367,1.7433,0.1102,0.3049,0.3332,0.635,0.0053,0.35,97267186,181890,-0.009,0.2672,0
TXN-2023-1330,2023-05-01,Musharaka,Ishlab chiqarish,Toshkent,433,21,0.9,0.3448,2,0,4,Transport,0.2377,2.436,0.1742,84,122149417,49168107,0.4988,0.6,0.957,0.0933,0.1324,1,0.1225,1,0,,0.2123,0.0823,0.0414,0.25,0.0859,1.0551,0.6754,1814.211,0.2257,0.817,0.082,0.2908,0.0,0.741,0.1338,0.6,49168107,3946812,-0.022,0.2084,1
TXN-2021-1331,2021-12-26,Musharaka,Qishloq xo'jaligi,Toshkent,753,40,4.3,0.7319,0,1,3,Moliyaviy aktiv,0.7511,2.033,0.197,48,219278684,282509681,0.7783,0.1786,0.6845,0.0364,0.112,1,0.5472,1,0,,0.2,0.1045,0.056,0.2471,0.0343,1.0031,0.7363,1001.2562,0.1484,0.98,0.5497,0.2956,1000.0,0.5829,0.246,0.6,282509681,41706573,-0.0207,0.3348,0
TXN-2022-1332,2022-02-16,Ijara,IT,Andijon,673,39,1.7,0.5707,3,0,3,Sanoat uskunasi,0.6102,5.419,0.1498,24,273192308,166157299,0.5307,0.2676,0.7491,0.106,0.0241,1,0.4105,1,1,,0.0983,0.0869,0.0376,0.1614,0.0427,1.1708,0.5623,1101.1167,0.1301,1.5097,0.3482,0.2106,0.0,0.6517,0.0482,0.35,166157299,2804783,-0.0102,0.2019,0
TXN-2021-1333,2021-09-28,Murabaha,Qishloq xo'jaligi,Namangan,542,35,1.2,0.3841,0,0,3,Sanoat uskunasi,0.36,0.164,0.1753,24,197550181,126420659,0.5806,0.313,0.6263,0.1612,0.124,1,0.6607,0,0,,0.1632,0.0717,0.0682,0.25,0.0693,1.0212,0.6608,1501.2471,0.2852,1.0676,0.1383,0.2535,0.0,0.4476,0.0987,0.45,126420659,5614542,-0.0169,0.2775,0
TXN-2024-1334,2024-01-10,Sukuk,Qurilish,Toshkent,553,36,0.5,0.5071,1,0,5,Ko'chmas mulk,0.6878,0.174,0.127,84,350099508,532650254,0.7249,0.3566,0.5808,0.2364,0.3512,1,0.6625,2,0,A,0.0728,0.0938,0.0757,0.0571,0.0434,1.0163,0.6169,802.8581,0.5875,1.7198,0.3488,0.0751,0.0,0.2395,0.0463,0.28,532650254,6903873,-0.0075,-0.0412,1
TXN-2023-1335,2023-01-20,Sukuk,Ishlab chiqarish,Andijon,787,65,8.6,0.285,3,0,4,Tovar,0.2513,3.024,0.1175,24,254309917,73888269,0.7218,0.2394,0.8051,0.1977,0.115,1,0.3734,2,0,AA,0.0715,0.0993,0.0909,0.25,0.04,1.0449,0.4667,3118.7598,0.3128,1.6205,0.0716,0.2584,0.0,0.5533,0.0024,0.28,73888269,50060,-0.0074,-0.1753,0
TXN-2023-1336,2023-12-24,Ijara,Ishlab chiqarish,Namangan,564,35,3.3,0.3365,3,0,4,Sanoat uskunasi,0.5042,3.652,0.0999,36,358564510,232329579,0.7467,0.1663,0.6942,0.5,0.0776,1,0.3206,1,1,,0.1294,0.113,0.0855,0.25,0.1264,0.9766,0.4734,1116.2952,0.5776,0.7661,0.1697,0.2775,0.0,0.2932,0.0626,0.35,232329579,5088590,-0.0134,-0.2325,1
TXN-2023-1337,2023-10-25,Murabaha,Ishlab chiqarish,Andijon,546,43,5.9,0.4073,1,1,3,Sanoat uskunasi,0.6917,1.421,0.1383,36,439656818,624617392,0.8768,0.375,0.536,0.1572,0.0368,1,0.2626,2,0,,0.0704,0.1388,0.0342,0.1935,0.0669,1.0889,0.6028,788.2304,0.1939,1.938,0.2817,0.2981,0.999,0.4321,0.1079,0.45,624617392,30339223,-0.0073,0.118,0
TXN-2022-1338,2022-07-13,Ijara,Ishlab chiqarish,Samarqand,741,31,7.8,0.7074,4,0,4,Ko'chmas mulk,0.6269,1.086,0.1605,36,461241044,198978230,0.4037,0.3425,0.6767,0.2989,0.2093,1,0.4743,4,1,,0.0536,0.14,0.0665,0.25,0.0875,1.0793,0.5976,1180.177,0.5082,2.9418,0.4435,0.3235,0.0,0.3328,0.0694,0.35,198978230,4836555,-0.0055,0.5691,0
TXN-2021-1339,2021-12-03,Murabaha,Qurilish,Toshkent,673,40,6.8,0.2383,3,0,3,Moliyaviy aktiv,0.5161,0.814,0.086,24,194554953,65886714,0.4431,0.2594,0.6578,0.0778,0.4,1,0.5726,0,0,,0.125,0.0755,0.0639,0.25,0.0647,0.9159,0.5409,1301.511,0.4778,0.6827,0.123,0.2616,0.0,0.3435,0.0789,0.45,65886714,2337902,-0.013,-0.3515,1
TXN-2022-1340,2022-06-11,Murabaha,Ishlab chiqarish,Andijon,565,35,3.8,0.5262,1,1,3,Ko'chmas mulk,0.7937,0.668,0.0949,48,192822561,294381754,0.7203,0.3875,0.6853,0.2334,0.0296,1,0.5935,0,0,,0.126,0.0908,0.0842,0.25,0.065,0.9336,0.6418,710.9668,0.263,0.7473,0.4177,0.2566,0.999,0.505,0.187,0.45,294381754,24768775,-0.0131,-0.2788,0
TXN-2023-1341,2023-09-14,Murabaha,Xizmat,Boshqa,663,33,2.9,0.4846,1,0,3,Ko'chmas mulk,0.741,6.075,0.1616,24,640779386,101308765,0.6783,0.6,0.9383,0.3317,0.084,0,0.2977,1,0,,0.1424,0.0822,0.039,0.1685,0.0326,1.078,0.5984,893.5687,0.4157,1.1275,0.3591,0.2118,0.0,0.5483,0.0869,0.45,101308765,3959903,-0.0148,0.2223,0
TXN-2022-1342,2022-08-28,Musharaka,IT,Toshkent,557,56,2.8,0.2928,3,2,1,Boshqa,0.5397,0.874,0.1746,48,141067683,96536544,0.4898,0.5118,0.7659,0.3221,0.0727,1,0.0902,0,0,,0.3172,0.05,0.0624,0.0443,0.0599,0.9303,0.7335,1030.2405,0.3948,0.5487,0.158,0.0319,0.6664,0.4636,0.4679,0.6,96536544,27103442,-0.0329,0.1406,1
TXN-2022-1343,2022-11-25,Sukuk,Savdo,Toshkent,738,49,6.1,0.6125,1,0,4,Tovar,0.6418,2.611,0.0581,36,190173284,78902628,0.7617,0.3218,0.877,0.2415,0.1148,1,0.6827,1,0,AA,0.0812,0.1128,0.0453,0.083,0.1254,0.9496,0.893,1148.0437,0.3562,0.7071,0.3931,0.1505,0.0,0.5645,0.0135,0.28,78902628,298691,-0.0084,-0.8853,0
TXN-2021-1344,2021-08-24,Ijara,Savdo,Andijon,735,39,4.1,0.4918,2,0,3,Transport,0.5471,3.867,0.141,24,222142059,463989010,0.7688,0.5049,0.9151,0.1707,0.1467,1,0.4873,1,1,,0.0622,0.1167,0.0589,0.25,0.0748,0.9884,0.5502,1340.9185,0.3173,2.2305,0.2691,0.3078,0.0,0.6247,0.0258,0.35,463989010,4188655,-0.0064,0.1763,0
TXN-2023-1345,2023-08-18,Ijara,Xizmat,Andijon,690,21,11.3,0.4842,1,0,5,Moliyaviy aktiv,0.7023,0.056,0.1336,48,146326021,111776736,0.4632,0.2002,0.6895,0.117,0.133,1,0.7085,2,1,,0.1156,0.0757,0.0683,0.1457,0.0926,0.94,0.2473,981.0655,0.25,1.1452,0.34,0.1531,0.0,0.5171,0.0319,0.35,111776736,1248813,-0.012,0.031,0
TXN-2021-1346,2021-06-04,Musharaka,Qurilish,Samarqand,675,34,12.5,0.4639,1,0,1,Ko'chmas mulk,0.7281,0.086,0.3,84,261826044,77944521,0.7418,0.1317,0.4762,0.3917,0.0162,1,0.0737,2,0,,0.1444,0.1223,0.0691,0.25,0.0943,1.0597,0.3221,925.794,0.4078,2.0636,0.3378,0.3032,0.0,0.282,0.5844,0.6,77944521,27330613,-0.015,1.1773,1
TXN-2021-1347,2021-10-16,Murabaha,Savdo,Buxoro,794,65,1.1,0.4962,2,0,1,Ko'chmas mulk,0.5001,1.013,0.1478,60,507279477,355228165,0.6316,0.3099,0.6121,0.0663,0.126,0,0.5142,5,0,,0.1206,0.1044,0.0495,0.2029,0.07,1.0435,0.6736,1584.6019,0.1923,1.2147,0.2481,0.2577,0.0,0.4944,0.1172,0.45,355228165,18726885,-0.0125,0.1471,0
TXN-2022-1348,2022-04-08,Murabaha,Qurilish,Boshqa,644,35,0.9,0.2968,5,0,5,Sanoat uskunasi,0.2274,2.977,0.2248,12,77667015,48845221,0.4521,0.55,0.6673,0.0755,0.1349,1,0.5671,1,0,,0.139,0.1162,0.0481,0.25,0.0199,1.0504,0.3806,2819.1398,0.2104,1.6061,0.0675,0.3181,0.0,0.5269,0.0203,0.45,48845221,446228,-0.0144,0.6821,0
TXN-2024-1349,2024-10-17,Sukuk,Savdo,Toshkent,544,49,6.0,0.4975,1,1,2,Ko'chmas mulk,0.7099,0.755,0.1246,36,179504911,155238315,0.3631,0.3405,0.696,0.0633,0.4,1,0.6346,1,0,AA,0.078,0.1001,0.0815,0.208,0.0937,0.9484,0.2,765.19,0.4633,1.5772,0.3532,0.2267,0.999,0.3735,0.1092,0.28,155238315,4747137,-0.0081,-0.0693,0
TXN-2024-1350,2024-10-13,Murabaha,IT,Samarqand,683,52,2.2,0.5751,2,0,1,Moliyaviy aktiv,0.6527,0.004,0.0647,48,262866050,92198925,0.7654,0.6,0.7118,0.0771,0.1226,1,0.4041,1,0,,0.1214,0.0905,0.0579,0.25,0.0711,1.1208,0.5207,1044.8497,0.1998,0.5288,0.3753,0.2825,0.0,0.5696,0.1476,0.45,92198925,6124878,-0.0126,-0.5377,0
TXN-2023-1351,2023-03-25,Sukuk,Ishlab chiqarish,Toshkent,822,40,0.5,0.3169,0,1,3,Tovar,0.4337,0.85,0.1008,48,625642833,226868807,0.6065,0.3908,0.5941,0.1596,0.3031,1,0.5855,2,0,AAA,0.0822,0.1159,0.0579,0.1289,0.0435,1.1009,0.6976,1890.8231,0.4627,1.2105,0.1374,0.1869,1000.0,0.3192,0.0095,0.28,226868807,605277,-0.0085,-0.3554,0
TXN-2024-1352,2024-02-16,Musharaka,IT,Toshkent,558,29,13.2,0.5122,2,0,5,Ko'chmas mulk,0.4268,0.236,0.1761,48,99858518,110346187,0.4328,0.6,0.7879,0.3423,0.1372,1,0.3264,2,0,,0.1781,0.1071,0.0336,0.25,0.0532,1.1332,0.6176,1304.4567,0.4795,0.9835,0.2186,0.3235,0.0,0.4101,0.1515,0.6,110346187,10027752,-0.0185,0.2591,0
TXN-2023-1353,2023-01-20,Musharaka,Ishlab chiqarish,Toshkent,614,21,1.5,0.3422,2,2,5,Moliyaviy aktiv,0.647,0.619,0.1747,84,412154201,55258860,0.6913,0.2613,0.7944,0.2588,0.2608,1,0.241,2,0,,0.2382,0.0897,0.05,0.25,0.0943,0.9826,0.2837,947.5646,0.5196,0.7303,0.2214,0.2897,0.9995,0.3817,0.155,0.6,55258860,5140697,-0.0247,0.1875,0
TXN-2021-1354,2021-07-04,Ijara,Ishlab chiqarish,Andijon,680,44,15.9,0.4183,3,0,3,Ko'chmas mulk,0.4336,1.013,0.0941,36,221854589,164135264,0.8352,0.4136,0.4524,0.0983,0.0914,1,0.6094,2,0,,0.1335,0.1167,0.0759,0.25,0.0833,1.0018,0.4171,1564.4995,0.1897,0.6997,0.1814,0.2908,0.0,0.3666,0.044,0.35,164135264,2530049,-0.0138,-0.2692,0
TXN-2023-1355,2023-03-20,Musharaka,Savdo,Toshkent,640,29,7.6,0.28,1,0,4,Transport,0.7253,0.343,0.2281,60,269737847,107622553,0.2986,0.2448,0.9302,0.2127,0.1188,1,0.4958,3,0,,0.2517,0.096,0.061,0.0639,0.064,0.9654,0.3627,881.1707,0.3315,0.9026,0.2031,0.099,0.0,0.6218,0.2034,0.6,107622553,13135382,-0.0261,0.3897,0
TXN-2021-1356,2021-01-29,Sukuk,Ishlab chiqarish,Toshkent,561,39,8.6,0.3118,1,0,4,Moliyaviy aktiv,0.8366,3.064,0.0914,12,511130588,267562140,0.8592,0.6,0.9471,0.1773,0.0576,1,0.2208,1,0,AA,0.0715,0.0876,0.01,0.0905,0.0788,0.9412,0.8525,669.8081,0.235,1.2607,0.2609,0.1681,0.0,0.7246,0.0113,0.28,267562140,849186,-0.0074,-0.5398,0
TXN-2022-1357,2022-06-26,Sukuk,Ishlab chiqarish,Samarqand,740,25,1.3,0.3615,2,1,5,Tovar,0.5109,0.739,0.1294,60,226101961,155539916,0.7851,0.3095,0.7242,0.1536,0.0746,1,0.8465,5,0,AA,0.099,0.0739,0.0373,0.25,0.0658,1.124,0.2603,1445.4979,0.2282,1.2937,0.1847,0.2866,0.4998,0.559,0.0047,0.28,155539916,206032,-0.0103,-0.0061,0
TXN-2024-1358,2024-01-04,Musharaka,Xizmat,Toshkent,842,35,1.6,0.4119,0,0,2,Transport,0.5688,2.705,0.2417,60,239946666,664490250,0.4682,0.05,0.7905,0.1616,0.1157,1,0.0922,4,0,,0.3406,0.14,0.0785,0.25,0.1082,1.0747,0.6683,1477.739,0.2773,0.7076,0.2343,0.3115,0.0,0.5713,0.1735,0.6,664490250,69191734,-0.0353,0.328,0
TXN-2021-1359,2021-09-11,Murabaha,Qurilish,Namangan,661,38,4.4,0.2915,1,0,5,Ko'chmas mulk,0.8741,2.285,0.1304,36,265335219,100517607,0.753,0.3106,0.8074,0.1412,0.2372,1,0.6919,6,0,,0.0835,0.0824,0.0853,0.1718,0.0568,1.1269,0.4447,755.3601,0.3784,1.543,0.2548,0.169,0.0,0.5018,0.0378,0.45,100517607,1708950,-0.0087,0.0054,1
TXN-2023-1360,2023-07-21,Musharaka,Ishlab chiqarish,Namangan,568,40,1.1,0.4566,5,0,3,Ko'chmas mulk,0.7956,5.708,0.1436,60,276112651,337256673,0.7949,0.6,0.7336,0.3252,0.0561,1,0.634,1,0,,0.1954,0.0545,0.0491,0.25,0.0672,0.9576,0.5939,713.0455,0.3813,0.7313,0.3632,0.2555,0.0,0.4539,0.3399,0.6,337256673,68787497,-0.0202,0.0696,1
TXN-2023-1361,2023-01-25,Sukuk,Qurilish,Toshkent,513,26,2.2,0.2766,2,0,3,Transport,0.472,0.23,0.086,48,127329943,116143847,0.6053,0.3793,0.9302,0.318,0.1498,1,0.6482,0,0,BBB,0.064,0.1293,0.0898,0.25,0.0269,1.1354,0.3577,1084.5995,0.4679,1.3229,0.1305,0.2895,0.0,0.495,0.0221,0.28,116143847,719269,-0.0066,-0.6863,0
TXN-2024-1362,2024-10-09,Murabaha,Savdo,Andijon,666,49,2.3,0.4428,3,1,3,Sanoat uskunasi,0.8465,0.604,0.1411,48,269657627,136352582,0.53,0.6,0.4577,0.246,0.0693,1,0.3424,3,0,,0.1437,0.1098,0.0415,0.25,0.0578,1.0552,0.3104,785.8481,0.3153,0.9751,0.3748,0.3183,0.3332,0.3134,0.2191,0.45,136352582,13443662,-0.0149,0.0771,0
TXN-2024-1363,2024-10-08,Musharaka,IT,Boshqa,738,32,1.0,0.4915,3,0,4,Ko'chmas mulk,0.8319,5.01,0.1993,84,317494478,251980347,0.646,0.2916,0.6954,0.0091,0.0678,1,0.25,3,0,,0.242,0.0511,0.0649,0.218,0.0634,1.0786,0.5108,886.0151,0.0769,0.8204,0.4089,0.2042,0.0,0.6419,0.1907,0.6,251980347,28832455,-0.0251,0.2865,0
TXN-2022-1364,2022-06-21,Musharaka,Savdo,Toshkent,685,21,1.4,0.3221,3,0,4,Transport,0.5975,4.317,0.1531,24,92928962,76768234,0.9036,0.6,0.6102,0.3196,0.2186,1,0.4016,4,0,,0.2683,0.1231,0.0527,0.25,0.0901,1.1169,0.6303,1144.4384,0.5382,0.5685,0.1925,0.3204,0.0,0.2818,0.1322,0.6,76768234,6089144,-0.0278,0.0861,1
TXN-2024-1365,2024-04-12,Ijara,Qurilish,Andijon,644,36,9.3,0.5694,2,0,4,Tovar,0.6755,0.533,0.1076,120,411015879,341054420,0.6221,0.6,0.8312,0.1544,0.3802,0,0.4044,3,1,,0.0993,0.1118,0.0581,0.2134,0.0163,0.9731,0.2666,951.9701,0.5346,1.0719,0.3847,0.267,0.0,0.3868,0.052,0.35,341054420,6204041,-0.0103,-0.2259,0
TXN-2023-1366,2023-02-20,Murabaha,Qurilish,Buxoro,594,38,1.1,0.3946,3,1,4,Transport,0.7618,0.285,0.1514,24,423730869,240991814,0.8137,0.2946,0.886,0.0417,0.0878,0,0.2994,1,0,,0.15,0.1161,0.0379,0.1875,0.0551,1.1607,0.6215,778.7009,0.1295,1.0028,0.3006,0.2657,0.3332,0.7712,0.075,0.45,240991814,8130706,-0.0155,0.1427,0
TXN-2024-1367,2024-07-31,Ijara,Xizmat,Samarqand,552,39,0.5,0.4029,1,2,4,Ko'chmas mulk,0.6906,4.849,0.151,36,284801369,258245057,0.7473,0.6,0.45,0.2335,0.0279,1,0.4017,0,1,,0.0855,0.1029,0.0485,0.1927,0.0173,0.9105,0.712,798.1862,0.2613,1.7457,0.2783,0.2471,1.998,0.3324,0.1234,0.35,258245057,11150549,-0.0089,0.2455,0
TXN-2023-1368,2023-01-31,Sukuk,Savdo,Toshkent,715,51,6.0,0.5205,3,0,4,Boshqa,0.6829,0.49,0.1061,24,109210436,285726476,0.9455,0.3015,0.7969,0.1245,0.0834,1,0.2483,5,0,A,0.0659,0.1072,0.0705,0.25,0.0806,1.0378,0.3458,1045.5032,0.2078,1.5864,0.3554,0.2866,0.0,0.6313,0.0103,0.28,285726476,825716,-0.0068,-0.363,0
TXN-2021-1369,2021-08-10,Murabaha,Xizmat,Samarqand,722,35,22.4,0.4814,3,0,3,Ko'chmas mulk,0.6008,5.122,0.1389,24,165787919,222527941,0.6384,0.192,0.6666,0.2068,0.1528,1,0.1421,1,0,,0.1115,0.1012,0.0794,0.1894,0.0314,1.0934,0.5669,1199.7869,0.3596,1.2346,0.2892,0.2113,0.0,0.4269,0.0665,0.45,222527941,6655394,-0.0116,0.0797,0
TXN-2024-1370,2024-10-14,Murabaha,Ishlab chiqarish,Andijon,513,36,2.4,0.4309,0,0,3,Tovar,0.6512,8.118,0.1495,48,60618930,238938670,0.7708,0.0827,0.9277,0.2032,0.1066,1,0.3952,2,0,,0.1072,0.0951,0.0824,0.25,0.0712,0.8772,0.6981,786.6123,0.3098,1.3816,0.2806,0.2627,0.0,0.6403,0.0996,0.45,238938670,10705748,-0.0111,0.1817,0
TXN-2022-1371,2022-04-24,Sukuk,Ishlab chiqarish,Boshqa,780,26,0.8,0.2029,0,0,2,Ko'chmas mulk,0.7198,0.624,0.0551,12,197430642,372953673,0.4862,0.2893,0.8681,0.0651,0.102,1,0.2091,2,0,BBB,0.0757,0.1121,0.0538,0.25,0.1113,0.9961,0.8064,1082.1062,0.1671,0.7187,0.1461,0.3083,0.0,0.7231,0.0159,0.28,372953673,1661603,-0.0078,-0.9896,0
TXN-2023-1372,2023-08-24,Murabaha,Qishloq xo'jaligi,Samarqand,693,46,5.1,0.4547,3,0,3,Transport,0.6943,4.588,0.1307,84,141445336,149001352,0.578,0.2463,0.7397,0.4233,0.168,1,0.3395,1,0,,0.0986,0.1042,0.0752,0.225,0.0776,0.8705,0.6412,996.7355,0.5913,1.3119,0.3157,0.2539,0.0,0.3023,0.0907,0.45,149001352,6078219,-0.0102,0.0074,0
TXN-2021-1373,2021-02-21,Sukuk,Qurilish,Namangan,763,39,14.2,0.1569,1,0,4,Transport,0.4978,1.378,0.0686,24,234915853,130963150,0.6412,0.4733,0.7011,0.2086,0.118,1,0.4002,3,0,AA,0.1177,0.0671,0.0562,0.25,0.0958,1.1834,0.7375,1529.7676,0.3266,0.5778,0.0781,0.2608,0.0,0.4722,0.0074,0.28,130963150,272851,-0.0122,-0.5218,0
TXN-2024-1374,2024-06-22,Musharaka,Savdo,Samarqand,530,33,9.2,0.4732,2,0,4,Transport,0.7918,3.887,0.1473,24,446255825,208248535,0.57,0.4085,0.8699,0.2833,0.1227,1,0.4084,6,0,,0.1858,0.0765,0.0604,0.25,0.0995,1.1012,0.5948,668.4912,0.4061,0.7884,0.3747,0.2661,0.0,0.5167,0.3205,0.6,208248535,40047237,-0.0193,0.093,0
TXN-2024-1375,2024-02-24,Murabaha,Qurilish,Samarqand,528,21,5.8,0.6805,1,0,4,Transport,0.4661,1.308,0.1034,60,181019384,159181243,0.5305,0.1825,0.6188,0.0755,0.1181,1,0.2709,3,0,,0.074,0.093,0.0566,0.25,0.0683,1.0113,0.5002,1130.3777,0.1936,1.3793,0.3172,0.2864,0.0,0.499,0.1211,0.45,159181243,8671036,-0.0077,-0.3595,1
TXN-2022-1376,2022-11-03,Sukuk,Savdo,Samarqand,632,52,2.3,0.5531,4,0,3,Ko'chmas mulk,0.95,0.182,0.0768,60,313145774,285674639,0.6243,0.1396,0.7015,0.0644,0.057,1,0.2197,1,0,A,0.0871,0.0621,0.0473,0.25,0.0354,0.9587,0.4499,664.5636,0.1214,0.8719,0.5255,0.2649,0.0,0.6163,0.0387,0.28,285674639,3092402,-0.009,-0.611,0
TXN-2024-1377,2024-06-03,Musharaka,Ishlab chiqarish,Toshkent,687,25,4.7,0.3398,3,0,4,Transport,0.8198,3.118,0.1209,48,232165495,547667622,0.739,0.3477,0.6366,0.112,0.4,1,0.498,4,0,,0.2239,0.0912,0.0553,0.25,0.1112,0.9374,0.9254,837.0231,0.512,0.5376,0.2785,0.2859,0.0,0.3107,0.2148,0.6,547667622,70597404,-0.0232,-0.0407,0
TXN-2022-1378,2022-03-30,Musharaka,IT,Andijon,797,32,0.6,0.4683,1,0,3,Transport,0.6695,0.408,0.3,24,142259471,76549474,0.503,0.418,0.8367,0.2031,0.2193,1,0.6297,3,0,,0.288,0.1005,0.0296,0.2494,0.0839,1.0716,0.3881,1188.7305,0.4224,1.038,0.3135,0.3203,0.0,0.4833,0.1535,0.6,76549474,7048955,-0.0298,0.5902,0
TXN-2024-1379,2024-08-19,Murabaha,Qurilish,Toshkent,705,41,6.8,0.3509,1,0,5,Ko'chmas mulk,0.3585,6.544,0.1377,60,569923829,158975204,0.8411,0.5454,0.7073,0.3299,0.1894,0,0.4154,4,0,,0.0746,0.0741,0.0491,0.25,0.0805,1.0345,0.6221,1961.0044,0.5194,1.822,0.1258,0.2749,0.0,0.3399,0.0165,0.45,158975204,1176979,-0.0077,0.1038,0
TXN-2021-1380,2021-05-10,Musharaka,Qishloq xo'jaligi,Toshkent,624,26,7.7,0.5694,0,0,3,Boshqa,0.556,1.352,0.2523,36,402009458,70505343,0.6092,0.5096,0.9503,0.118,0.1742,1,0.2016,4,0,,0.287,0.1245,0.0638,0.2237,0.0633,1.0495,0.3498,1120.2467,0.2921,0.8758,0.3166,0.2843,0.0,0.6727,0.2204,0.6,70505343,9324435,-0.0297,0.4259,0
TXN-2024-1381,2024-07-25,Murabaha,Qurilish,Boshqa,557,23,20.1,0.4283,0,0,4,Tovar,0.6754,0.214,0.1704,120,125822827,128080868,0.5535,0.3348,0.5216,0.1958,0.0587,1,0.2161,2,0,,0.1221,0.0715,0.0256,0.25,0.0738,1.0206,0.3018,823.5048,0.2545,1.3841,0.2892,0.2959,0.0,0.3888,0.0961,0.45,128080868,5536605,-0.0127,0.331,1
TXN-2023-1382,2023-08-09,Murabaha,Xizmat,Toshkent,749,21,1.8,0.2379,0,1,4,Moliyaviy aktiv,0.6781,0.648,0.1675,48,320244173,133748150,0.5742,0.2374,0.6944,0.0767,0.0665,1,0.3205,3,0,,0.1301,0.0834,0.01,0.1183,-0.0031,0.9578,0.7515,1102.9197,0.1432,1.2777,0.1613,0.1917,1000.0,0.595,0.0253,0.45,133748150,1519907,-0.0135,0.2884,0
TXN-2024-1383,2024-12-06,Sukuk,Qishloq xo'jaligi,Buxoro,563,45,0.5,0.5348,1,0,5,Sanoat uskunasi,0.3467,4.961,0.1136,60,216042665,112967404,0.567,0.5936,0.7388,0.0931,0.1337,1,0.235,3,0,AA,0.0625,0.1067,0.0466,0.0871,0.1122,1.0851,0.661,1618.9987,0.2269,1.7895,0.1854,0.1473,0.0,0.5712,0.0113,0.28,112967404,358931,-0.0065,-0.2625,0
TXN-2022-1384,2022-09-11,Murabaha,Savdo,Andijon,783,32,4.7,0.5037,0,1,3,Ko'chmas mulk,0.6749,0.968,0.2234,48,332796700,279577673,0.5317,0.3934,0.7562,0.4299,0.2467,1,0.4596,2,0,,0.1034,0.0804,0.0577,0.25,0.0865,1.0788,0.572,1158.3977,0.6766,2.1411,0.34,0.2727,1000.0,0.2446,0.099,0.45,279577673,12451931,-0.0107,0.9039,0
TXN-2024-1385,2024-08-22,Ijara,Ishlab chiqarish,Toshkent,620,65,7.4,0.3018,1,0,3,Sanoat uskunasi,0.7204,4.851,0.1328,48,109435001,190777478,0.5814,0.1656,0.7235,0.232,0.0398,1,0.2939,2,1,,0.1267,0.1058,0.0367,0.25,0.0656,1.0411,0.7938,859.3886,0.2717,1.0404,0.2174,0.3191,0.0,0.5269,0.0806,0.35,190777478,5381104,-0.0131,0.0223,0
TXN-2023-1386,2023-04-17,Murabaha,Ishlab chiqarish,Samarqand,780,28,9.4,0.3691,0,0,3,Tovar,0.5518,0.473,0.0688,48,198540627,97535115,0.459,0.2573,0.8685,0.0347,0.1127,0,0.4157,1,0,,0.1154,0.0759,0.052,0.1109,0.0556,0.9412,0.8639,1410.9113,0.1474,0.5907,0.2037,0.1348,0.0,0.7405,0.0266,0.45,97535115,1166028,-0.012,-0.5302,0
TXN-2021-1387,2021-08-27,Ijara,Ishlab chiqarish,Toshkent,702,28,1.3,0.3254,1,0,3,Ko'chmas mulk,0.258,1.579,0.1148,48,302545388,279944055,0.8586,0.6,0.716,0.2858,0.0917,0,0.3337,5,1,,0.0884,0.1275,0.048,0.25,0.0492,0.9719,0.5306,2710.3315,0.3776,1.2843,0.084,0.3295,0.0,0.4457,0.0244,0.35,279944055,2395556,-0.0092,-0.1723,0
TXN-2021-1388,2021-10-14,Murabaha,Savdo,Buxoro,633,32,1.8,0.5132,1,0,4,Transport,0.5497,5.265,0.0981,12,127406173,137023641,0.8578,0.1885,0.8608,0.1179,0.1266,1,0.2999,4,0,,0.1441,0.0806,0.0533,0.25,0.0877,1.0095,0.5368,1149.402,0.2445,0.6763,0.2821,0.2774,0.0,0.6503,0.0382,0.45,137023641,2357197,-0.0149,-0.221,0
TXN-2021-1389,2021-04-03,Sukuk,Xizmat,Samarqand,600,40,4.3,0.4614,4,0,5,Transport,0.6972,0.124,0.065,36,285825336,102259975,0.7908,0.3284,0.7841,0.0973,0.0938,1,0.0943,4,0,A,0.0603,0.0695,0.01,0.1832,0.0645,1.0607,0.5169,859.3775,0.1911,1.0595,0.3217,0.2427,0.0,0.6342,0.0145,0.28,102259975,414991,-0.0063,-1.0768,0
TXN-2021-1390,2021-03-18,Musharaka,Qurilish,Samarqand,616,33,2.4,0.3944,1,0,2,Ko'chmas mulk,0.7918,0.907,0.2059,36,200150893,72757245,0.2768,0.0994,0.9305,0.0853,0.1149,1,0.2949,1,0,,0.2498,0.1067,0.0629,0.1305,0.0103,1.0056,0.2768,776.9653,0.2002,0.821,0.3123,0.1743,0.0,0.7442,0.3495,0.6,72757245,15255947,-0.0259,0.3038,0
TXN-2022-1391,2022-09-16,Murabaha,Qishloq xo'jaligi,Boshqa,681,44,11.8,0.3921,0,2,4,Transport,0.3996,6.016,0.057,48,251224476,53215087,0.6859,0.4265,0.685,0.1061,0.2232,1,0.5592,2,0,,0.0929,0.0965,0.1,0.25,0.0387,1.1412,0.7823,1699.9471,0.3293,0.607,0.1567,0.2465,2000.0,0.4594,0.035,0.45,53215087,838594,-0.0096,-0.785,0
TXN-2023-1392,2023-10-06,Murabaha,Ishlab chiqarish,Boshqa,651,28,3.9,0.3557,2,0,5,Boshqa,0.8231,2.269,0.1443,48,451114280,107183496,0.4404,0.1154,0.659,0.1199,0.299,1,0.1261,2,0,,0.1808,0.0597,0.0429,0.1842,0.0528,0.8746,0.7755,789.9757,0.4189,0.7941,0.2928,0.201,0.0,0.3829,0.095,0.45,107183496,4579981,-0.0187,0.0793,0
TXN-2021-1393,2021-08-26,Murabaha,Qishloq xo'jaligi,Namangan,594,24,9.6,0.4187,2,0,2,Sanoat uskunasi,0.6815,3.149,0.0741,48,1241282540,154618359,0.4533,0.2871,0.6802,0.1457,0.1123,1,0.3304,2,0,,0.1161,0.1024,0.0472,0.25,0.0765,1.0587,0.2269,870.3535,0.258,0.6327,0.2854,0.3051,0.0,0.5048,0.1538,0.45,154618359,10698329,-0.012,-0.4814,0
TXN-2021-1394,2021-07-19,Musharaka,Qishloq xo'jaligi,Boshqa,630,21,5.2,0.2047,2,0,4,Ko'chmas mulk,0.6901,4.615,0.1695,60,256411523,284109730,0.9005,0.2692,0.5156,0.1824,0.3753,1,0.373,2,0,,0.2941,0.1124,0.0788,0.0396,0.0682,1.1379,0.6747,911.6433,0.5577,0.5744,0.1413,0.0733,0.0,0.228,0.2329,0.6,284109730,39696272,-0.0305,0.1342,0
TXN-2022-1395,2022-04-26,Murabaha,Ishlab chiqarish,Samarqand,651,21,8.9,0.2079,4,0,5,Sanoat uskunasi,0.3592,1.854,0.1711,36,218566215,35487515,0.7737,0.3817,0.8415,0.2178,0.038,1,0.3297,0,0,,0.0836,0.14,0.0412,0.25,0.0545,1.0352,0.5497,1807.3799,0.2558,2.0226,0.0747,0.3488,0.0,0.6263,0.0151,0.45,35487515,240739,-0.0087,0.4912,0
TXN-2024-1396,2024-01-06,Ijara,Ishlab chiqarish,Samarqand,464,32,2.4,0.3786,3,0,5,Ko'chmas mulk,0.4765,4.667,0.1004,24,779547723,547173905,0.5667,0.4336,0.8362,0.3301,0.2246,1,0.3643,1,1,,0.1262,0.1022,0.0822,0.1536,0.0028,0.9481,0.5473,971.7205,0.5547,0.7891,0.1804,0.1736,0.0,0.3723,0.0683,0.35,547173905,13073272,-0.0131,-0.2344,0
TXN-2021-1397,2021-10-05,Musharaka,Xizmat,Andijon,683,34,10.7,0.2043,3,0,4,Sanoat uskunasi,0.741,2.546,0.109,12,483055541,86610024,0.4684,0.4082,0.7837,0.4099,0.1618,0,0.5914,3,0,,0.2085,0.0622,0.0499,0.25,0.06,0.9504,0.6762,920.4881,0.5717,0.5204,0.1514,0.2623,0.0,0.3356,0.1768,0.6,86610024,9190164,-0.0216,-0.1005,0
TXN-2023-1398,2023-03-07,Murabaha,Savdo,Buxoro,561,31,1.9,0.4254,2,0,1,Moliyaviy aktiv,0.7489,2.893,0.1264,24,710387150,113314784,0.5916,0.4728,0.631,0.1052,0.2963,1,0.1735,1,0,,0.1083,0.14,0.0447,0.25,0.048,1.0438,0.8199,748.0987,0.4015,1.1565,0.3185,0.3453,0.0,0.3776,0.4172,0.45,113314784,21274190,-0.0112,-0.0335,0
TXN-2023-1399,2023-07-19,Musharaka,Savdo,Andijon,546,50,4.7,0.7246,3,0,2,Sanoat uskunasi,0.6568,0.415,0.2172,12,282293477,116204245,0.8697,0.4573,0.5774,0.3878,0.0792,0,0.5198,4,0,,0.4,0.1078,0.0561,0.1878,0.0266,0.9715,0.7416,830.0867,0.467,0.5415,0.4759,0.2395,0.0,0.3078,0.7117,0.6,116204245,49622332,-0.0415,0.2179,0
TXN-2023-1400,2023-01-30,Ijara,Ishlab chiqarish,Andijon,501,50,1.4,0.2127,2,0,4,Tovar,0.5274,6.993,0.1291,24,399352017,95392857,0.7672,0.2767,0.9154,0.311,0.0381,1,0.4569,3,1,,0.1064,0.0523,0.0269,0.25,0.0652,1.1089,0.4222,948.0947,0.3491,1.2015,0.1122,0.2754,0.0,0.5958,0.0341,0.35,95392857,1138027,-0.011,-0.0084,0
TXN-2024-1401,2024-10-05,Murabaha,Ishlab chiqarish,Toshkent,492,34,3.9,0.4881,0,0,2,Transport,0.5884,3.975,0.1371,48,251893177,119914771,0.2884,0.5197,0.8046,0.264,0.1568,1,0.5323,5,0,,0.147,0.1107,0.0578,0.25,0.0715,0.9876,0.4098,834.7616,0.4208,0.9265,0.2872,0.3029,0.0,0.466,0.2849,0.45,119914771,15374259,-0.0152,0.0485,0
TXN-2024-1402,2024-11-27,Murabaha,Savdo,Toshkent,529,21,2.3,0.4918,2,0,2,Transport,0.7782,0.733,0.1065,24,253125800,125611477,0.564,0.4075,0.8612,0.1799,0.1398,0,0.638,3,0,,0.0658,0.1004,0.0473,0.25,0.0907,1.0543,0.2,678.9221,0.3197,1.5941,0.3827,0.3031,0.0,0.5859,0.2159,0.45,125611477,12204020,-0.0068,-0.3564,0
TXN-2024-1403,2024-01-12,Murabaha,Ishlab chiqarish,Toshkent,584,32,1.9,0.5068,1,0,4,Sanoat uskunasi,0.619,2.169,0.1237,12,261465392,133420203,0.8294,0.1047,0.8556,0.4412,0.2137,1,0.4666,1,0,,0.0935,0.1136,0.0506,0.25,0.0276,1.0265,0.473,941.917,0.6548,1.3087,0.3137,0.313,0.0,0.2953,0.0997,0.45,133420203,5983442,-0.0097,-0.0671,0
TXN-2023-1404,2023-05-09,Ijara,Ishlab chiqarish,Namangan,811,32,20.5,0.4601,3,0,4,Tovar,0.4261,1.181,0.1407,84,314141379,450194928,0.5217,0.6,0.5248,0.1247,0.2686,1,0.4378,0,1,,0.1025,0.1127,0.0494,0.1612,0.0366,1.1059,0.4924,1899.0072,0.3932,1.359,0.196,0.2245,0.0,0.3184,0.0248,0.35,450194928,3913390,-0.0106,0.1043,0
TXN-2024-1405,2024-04-17,Ijara,Savdo,Namangan,600,31,1.0,0.5155,2,0,5,Sanoat uskunasi,0.854,2.7,0.116,120,255865927,88730010,0.8077,0.3989,0.864,0.1452,0.0575,1,0.5869,1,0,,0.1109,0.1112,0.0615,0.25,0.095,0.9741,0.7157,701.7571,0.2027,1.0363,0.4403,0.2996,0.0,0.6889,0.0455,0.35,88730010,1412723,-0.0115,-0.1263,0
TXN-2021-1406,2021-11-13,Musharaka,Qurilish,Andijon,660,31,9.3,0.2088,3,1,2,Boshqa,0.5553,12.0,0.1945,48,562934784,535761861,0.9119,0.5776,0.549,0.3524,0.2653,1,0.3793,2,0,,0.2217,0.1024,0.0382,0.0955,0.0631,1.071,0.7423,1186.509,0.6177,0.8733,0.116,0.1598,0.3332,0.2099,0.3246,0.6,535761861,104347434,-0.023,0.291,0
TXN-2023-1407,2023-04-30,Ijara,Savdo,Samarqand,679,31,24.9,0.446,1,1,3,Tovar,0.5142,0.117,0.1092,24,345615285,217383367,0.7566,0.3334,0.9132,0.1303,0.0842,1,0.3567,4,1,,0.0548,0.0987,0.0507,0.1445,0.0719,1.0782,0.6843,1317.8314,0.2145,1.9554,0.2293,0.1925,0.999,0.7174,0.0269,0.35,217383367,2046758,-0.0057,-0.3792,0
TXN-2024-1408,2024-09-03,Ijara,Qurilish,Boshqa,656,34,0.5,0.236,2,0,5,Tovar,0.7657,7.619,0.0861,60,276129979,50057836,0.7416,0.6,0.7827,0.1269,0.0426,1,0.5045,4,1,,0.0933,0.1147,0.0681,0.2269,0.0992,1.0031,0.3823,855.6265,0.1695,0.9129,0.1807,0.2735,0.0,0.65,0.0135,0.35,50057836,235759,-0.0097,-0.4704,0
TXN-2021-1409,2021-07-22,Musharaka,Ishlab chiqarish,Samarqand,638,31,7.2,0.3387,3,0,4,Tovar,0.6444,0.188,0.3,36,269559385,82940967,0.5927,0.5209,0.7729,0.1852,0.118,1,0.201,2,0,,0.2459,0.0527,0.0564,0.1902,0.0458,1.0088,0.5376,988.5537,0.3032,1.2152,0.2183,0.1865,0.0,0.5386,0.1637,0.6,82940967,8145217,-0.0255,0.6914,0
TXN-2023-1410,2023-09-30,Sukuk,Savdo,Samarqand,543,40,1.7,0.371,3,0,5,Ko'chmas mulk,0.3156,1.544,0.1196,24,189597308,76299943,0.2849,0.368,0.8879,0.5,0.2707,1,0.3725,4,0,A,0.0662,0.0816,0.0463,0.25,0.0281,0.9467,0.5709,1715.0809,0.7707,1.7786,0.1171,0.2853,0.0,0.2036,0.0196,0.28,76299943,419462,-0.0069,-0.1569,0
TXN-2024-1411,2024-06-14,Murabaha,Qurilish,Namangan,768,41,0.5,0.3088,2,0,5,Transport,0.2068,1.645,0.1511,48,127636793,146112848,0.8962,0.3039,0.7402,0.0848,0.2791,1,0.2734,0,0,,0.1408,0.105,0.0428,0.25,0.0637,0.9524,0.5104,3695.1177,0.3639,1.0658,0.0639,0.3122,0.0,0.4709,0.0114,0.45,146112848,747669,-0.0146,0.1498,0
TXN-2023-1412,2023-04-16,Murabaha,Xizmat,Samarqand,798,28,3.1,0.3268,1,0,5,Sanoat uskunasi,0.6163,0.782,0.1334,12,446087051,373804424,0.3798,0.2487,0.6665,0.1186,0.2867,1,0.3936,5,0,,0.1669,0.0816,0.016,0.25,0.0664,0.9513,0.4533,1292.828,0.4053,0.7944,0.2014,0.3156,0.0,0.3964,0.0222,0.45,373804424,3740636,-0.0173,0.0205,0
TXN-2022-1413,2022-07-27,Murabaha,Ishlab chiqarish,Buxoro,501,50,16.4,0.3643,1,1,4,Transport,0.6069,2.091,0.1969,84,444775407,262400338,0.5854,0.2478,0.7509,0.1409,0.1099,1,0.6056,3,0,,0.1006,0.1016,0.0547,0.1078,0.0782,1.063,0.8591,824.1527,0.2509,1.937,0.2211,0.1547,0.999,0.5625,0.0893,0.45,262400338,10541691,-0.0104,0.6643,0
TXN-2021-1414,2021-03-09,Murabaha,Qurilish,Toshkent,557,28,0.5,0.2613,2,0,3,Tovar,0.5747,4.489,0.1081,60,125939740,72812784,0.6588,0.1392,0.8202,0.3595,0.1724,1,0.4321,3,0,,0.1406,0.0734,0.0487,0.25,0.0878,0.8377,0.3064,967.4664,0.5319,0.7637,0.1502,0.2747,0.0,0.3839,0.0885,0.45,72812784,2901270,-0.0146,-0.1554,0
TXN-2024-1415,2024-11-14,Musharaka,Xizmat,Andijon,621,21,5.3,0.2996,2,1,4,Ko'chmas mulk,0.586,0.87,0.2202,24,127587554,347408991,0.552,0.5068,0.7835,0.2071,0.1809,1,0.4282,2,0,,0.2509,0.0884,0.0688,0.25,0.0789,0.9354,0.678,1058.0024,0.388,0.8743,0.1756,0.2696,0.4998,0.4795,0.2043,0.6,347408991,42589179,-0.026,0.3595,1
TXN-2023-1416,2023-01-29,Sukuk,Savdo,Namangan,563,41,4.2,0.2154,0,1,4,Ko'chmas mulk,0.9195,0.183,0.1009,36,372412592,71512896,0.5083,0.2855,0.5503,0.2925,0.0712,1,0.0569,3,0,AAA,0.069,0.1015,0.0567,0.2097,0.103,0.9075,0.4741,611.5958,0.3637,1.4423,0.1981,0.2546,1000.0,0.3501,0.0543,0.28,71512896,1086511,-0.0071,-0.421,0
TXN-2022-1417,2022-03-21,Murabaha,Ishlab chiqarish,Toshkent,688,29,12.4,0.3974,1,1,3,Moliyaviy aktiv,0.5672,2.501,0.1295,36,201919470,79486689,0.7147,0.4971,0.8606,0.2435,0.1068,1,0.4848,4,0,,0.1016,0.1148,0.0519,0.25,0.1136,0.8955,0.2684,1210.8371,0.3502,1.2617,0.2254,0.3129,0.999,0.5592,0.0422,0.45,79486689,1510757,-0.0105,-0.0049,1
TXN-2023-1418,2023-06-28,Murabaha,Savdo,Samarqand,583,41,0.5,0.446,1,0,4,Ko'chmas mulk,0.625,3.483,0.1289,60,135099748,309272645,0.7657,0.2825,0.7466,0.4347,0.1057,1,0.3623,6,0,,0.1041,0.1314,0.0417,0.25,0.0595,0.9955,0.7918,931.3752,0.5403,1.226,0.2787,0.3397,0.0,0.3432,0.1467,0.45,309272645,20416538,-0.0108,-0.0105,0
TXN-2023-1419,2023-06-30,Musharaka,Qurilish,Buxoro,829,21,6.9,0.228,0,1,2,Ko'chmas mulk,0.5633,7.726,0.2583,36,93437722,304752979,0.703,0.6,0.45,0.264,0.047,0,0.4286,2,0,,0.2716,0.1186,0.0619,0.141,0.0507,1.0671,0.4578,1469.1565,0.311,0.9479,0.1284,0.1976,1000.0,0.31,0.2313,0.6,304752979,42288875,-0.0281,0.4726,0
TXN-2022-1420,2022-04-29,Sukuk,Qishloq xo'jaligi,Toshkent,746,51,6.8,0.2531,1,0,4,Transport,0.8211,0.434,0.0532,12,185425043,262574444,0.5385,0.4752,0.6546,0.2424,0.032,1,0.5303,3,0,AAA,0.1098,0.1109,0.0567,0.0568,0.0804,1.0707,0.6828,907.411,0.2744,0.4801,0.2078,0.111,0.0,0.475,0.0212,0.28,262574444,1558309,-0.0114,-0.6989,0
TXN-2023-1421,2023-01-13,Murabaha,Savdo,Samarqand,663,44,6.6,0.3805,6,0,1,Tovar,0.5151,5.791,0.2066,24,264637350,150511607,0.5777,0.103,0.7333,0.2122,0.1052,1,0.2515,4,0,,0.1281,0.0793,0.0639,0.25,0.0712,1.1013,0.5737,1284.6453,0.3173,1.6001,0.196,0.2654,0.0,0.5006,0.1193,0.45,150511607,8079646,-0.0133,0.5979,0
TXN-2021-1422,2021-07-23,Musharaka,Qishloq xo'jaligi,Toshkent,732,22,17.1,0.3352,1,2,4,Sanoat uskunasi,0.6001,1.645,0.2414,24,206527397,140829543,0.6432,0.4436,0.8597,0.1898,0.0202,1,0.7824,1,0,,0.2741,0.1097,0.0463,0.25,0.0635,0.8719,0.3366,1217.8555,0.21,0.8777,0.2011,0.3134,1.998,0.6791,0.0691,0.6,140829543,5840729,-0.0284,0.4065,0
TXN-2024-1423,2024-11-05,Murabaha,Savdo,Toshkent,739,23,10.4,0.6784,2,1,5,Boshqa,0.6419,0.672,0.1415,84,110408720,65389814,0.4239,0.2909,0.8095,0.2523,0.3261,1,0.5519,4,0,,0.0711,0.0804,0.0578,0.2413,0.1443,1.036,0.8799,1149.5528,0.5785,1.9628,0.4355,0.264,0.4998,0.3412,0.0585,0.45,65389814,1721395,-0.0074,0.1617,0
TXN-2023-1424,2023-01-23,Murabaha,IT,Toshkent,597,54,0.5,0.4272,1,0,2,Ko'chmas mulk,0.8802,8.225,0.1305,72,171914956,147131496,0.5873,0.2581,0.6624,0.2602,0.0899,1,0.3807,3,0,,0.1063,0.0849,0.0686,0.0772,0.0892,1.0021,0.8389,677.5003,0.3501,1.2161,0.376,0.0935,0.0,0.4305,0.269,0.45,147131496,17807968,-0.011,0.0049,0
TXN-2024-1425,2024-01-21,Sukuk,Qishloq xo'jaligi,Toshkent,575,30,3.8,0.5512,1,1,4,Tovar,0.8725,0.681,0.0997,36,341397074,92629185,0.9393,0.2414,0.8452,0.0783,0.0441,1,0.5568,1,0,BBB,0.0784,0.0816,0.0802,0.0882,0.0416,1.042,0.8796,658.2376,0.1224,1.2556,0.481,0.0896,0.999,0.7417,0.03,0.28,92629185,776789,-0.0081,-0.3858,0
TXN-2024-1426,2024-08-13,Sukuk,Qishloq xo'jaligi,Buxoro,651,29,3.0,0.3522,1,0,2,Ko'chmas mulk,0.2808,3.305,0.1121,12,632586530,130996699,0.5758,0.5838,0.6165,0.3594,0.1209,1,0.2585,4,0,AA,0.0806,0.133,0.0916,0.1513,0.0913,1.1358,0.4488,2309.8342,0.4803,1.3737,0.0989,0.1927,0.0,0.3204,0.0455,0.28,130996699,1669642,-0.0084,-0.2218,0
TXN-2023-1427,2023-01-05,Murabaha,Qurilish,Toshkent,718,21,2.2,0.4241,2,0,5,Ko'chmas mulk,0.7818,3.841,0.1894,36,251623098,739870478,0.7453,0.4213,0.89,0.1582,0.0274,1,0.2239,2,0,,0.1364,0.0975,0.0722,0.25,0.0506,0.9013,0.7019,917.2247,0.1856,1.3784,0.3316,0.2753,0.0,0.7248,0.028,0.45,739870478,9325586,-0.0141,0.4353,0
TXN-2021-1428,2021-05-05,Sukuk,Savdo,Andijon,656,34,3.6,0.3271,2,0,5,Transport,0.4149,1.408,0.1121,60,454722696,186123728,0.678,0.6,0.6059,0.3452,0.1374,1,0.6245,2,0,A,0.061,0.0819,0.0633,0.1743,0.0956,0.9235,0.8952,1577.3954,0.4827,1.8082,0.1357,0.1929,0.0,0.3135,0.0127,0.28,186123728,661892,-0.0063,-0.2934,0
TXN-2023-1429,2023-03-27,Musharaka,Ishlab chiqarish,Toshkent,510,35,2.9,0.1194,1,0,5,Ko'chmas mulk,0.635,2.928,0.1967,24,377131746,68303147,0.7821,0.2397,0.8491,0.1091,0.2943,1,0.2013,2,0,,0.2587,0.14,0.0352,0.25,0.073,1.0322,0.7149,801.8381,0.4034,0.7572,0.0758,0.3548,0.0,0.5065,0.1154,0.6,68303147,4730236,-0.0268,0.2577,0
TXN-2022-1430,2022-07-20,Sukuk,Ishlab chiqarish,Buxoro,576,45,3.4,0.6487,0,0,5,Transport,0.4107,2.124,0.1007,36,172691832,354339561,0.5329,0.3605,0.9025,0.1656,0.1012,1,0.4934,4,0,AAA,0.0892,0.0603,0.0622,0.1494,0.0425,0.983,0.3322,1399.1308,0.2668,1.1158,0.2664,0.1476,0.0,0.6617,0.0093,0.28,354339561,926848,-0.0092,-0.3288,0
TXN-2022-1431,2022-01-24,Musharaka,Ishlab chiqarish,Samarqand,638,24,23.3,0.6619,0,0,4,Transport,0.719,0.533,0.0694,24,429479643,379919577,0.4945,0.6,0.7209,0.4314,0.0939,1,0.5484,4,0,,0.1621,0.0817,0.0831,0.2028,-0.0037,1.0487,0.5838,886.0587,0.5254,0.4255,0.476,0.2015,0.0,0.3421,0.2844,0.6,379919577,64840553,-0.0168,-0.3737,0
TXN-2021-1432,2021-09-08,Musharaka,Qishloq xo'jaligi,Toshkent,638,22,0.6,0.6573,2,0,3,Ko'chmas mulk,0.451,3.567,0.0804,36,480383652,405104507,0.4016,0.2076,0.8186,0.0594,0.1978,1,0.5581,2,0,,0.235,0.1124,0.0734,0.1663,0.0922,1.0855,0.7683,1411.3637,0.2572,0.3407,0.2964,0.2052,0.0,0.6081,0.2107,0.6,405104507,51202230,-0.0243,-0.2111,0
TXN-2023-1433,2023-07-21,Musharaka,Savdo,Namangan,812,42,15.3,0.5468,4,0,3,Tovar,0.7636,6.578,0.246,60,183002718,106310449,0.5516,0.5446,0.775,0.3891,0.1788,1,0.3536,2,0,,0.1918,0.0926,0.0748,0.0194,0.084,1.0536,0.6148,1062.0011,0.5679,1.2763,0.4175,0.0372,0.0,0.3349,0.186,0.6,106310449,11863925,-0.0199,0.605,0
TXN-2021-1434,2021-07-07,Ijara,Savdo,Toshkent,527,48,3.9,0.1177,0,0,4,Transport,0.2166,1.677,0.1342,36,247305697,137286114,0.2497,0.4891,0.8021,0.2128,0.0267,1,0.7958,3,1,,0.1206,0.1145,0.0442,0.25,0.0444,1.0099,0.3818,2421.707,0.2395,1.103,0.0255,0.3202,0.0,0.61,0.0258,0.35,137286114,1238858,-0.0125,0.0346,0
TXN-2024-1435,2024-09-19,Murabaha,Savdo,Boshqa,687,22,5.9,0.4947,3,0,4,Boshqa,0.516,12.0,0.1731,36,174316135,61365963,0.6132,0.5383,0.6194,0.2601,0.1186,1,0.2395,1,0,,0.1649,0.0872,0.0782,0.1256,0.0731,0.9383,0.8226,1328.8221,0.3788,1.0433,0.2553,0.1346,0.0,0.3848,0.0555,0.45,61365963,1531745,-0.0171,0.2613,0
TXN-2022-1436,2022-03-11,Murabaha,Ishlab chiqarish,Boshqa,771,48,10.6,0.1372,1,0,4,Moliyaviy aktiv,0.7737,1.396,0.1724,60,115098658,442091224,0.711,0.1013,0.6306,0.029,0.3116,1,0.5479,4,0,,0.1001,0.0966,0.0335,0.1911,0.066,1.25,0.9176,995.2198,0.3406,1.7053,0.1061,0.2542,0.0,0.4158,0.0245,0.45,442091224,4872525,-0.0104,0.4232,0
TXN-2024-1437,2024-08-07,Murabaha,Ishlab chiqarish,Toshkent,838,38,2.7,0.467,0,0,3,Ko'chmas mulk,0.3399,1.634,0.1645,60,452086988,161885343,0.6872,0.6,0.635,0.0874,0.0502,1,0.2081,1,0,,0.188,0.1087,0.0444,0.25,0.0552,1.1328,0.7388,2458.1247,0.1376,0.8703,0.1587,0.3143,0.0,0.5477,0.0314,0.45,161885343,2284284,-0.0195,0.1836,0
TXN-2024-1438,2024-08-02,Ijara,Savdo,Samarqand,610,48,3.4,0.5831,1,0,2,Transport,0.497,2.801,0.1461,24,640126226,56868943,0.7944,0.4638,0.5035,0.2743,0.2024,1,0.3295,4,1,,0.0863,0.1016,0.0713,0.25,0.0785,0.8928,0.4965,1225.0087,0.4767,1.6726,0.2898,0.2804,0.0,0.2635,0.1288,0.35,56868943,2564251,-0.0089,0.1861,0
TXN-2024-1439,2024-05-07,Murabaha,Savdo,Boshqa,686,37,3.2,0.5371,3,0,4,Sanoat uskunasi,0.6555,0.514,0.1058,36,235831091,472291690,0.5094,0.3717,0.6564,0.0405,0.0189,1,0.1256,3,0,,0.1323,0.0796,0.0394,0.25,0.1175,0.9053,0.6867,1044.9178,0.0594,0.7932,0.3521,0.2902,0.0,0.6174,0.0505,0.45,472291690,10723738,-0.0137,-0.183,0
TXN-2021-1440,2021-02-13,Ijara,Savdo,Namangan,693,21,2.8,0.5535,1,0,2,Tovar,0.6698,5.806,0.137,60,177561342,92297461,0.7304,0.6,0.5596,0.1183,0.0431,1,0.115,0,0,,0.0876,0.0822,0.0547,0.2399,0.1229,0.9746,0.6372,1033.0802,0.1614,1.5457,0.3707,0.2673,0.0,0.4692,0.0854,0.35,92297461,2758649,-0.0091,0.0797,0
TXN-2021-1441,2021-04-14,Sukuk,Savdo,Namangan,661,36,15.6,0.2625,2,0,4,Moliyaviy aktiv,0.7879,4.04,0.1113,36,464419247,112593672,0.8542,0.144,0.7237,0.1539,0.3071,1,0.4362,1,0,AA,0.0736,0.0847,0.0815,0.2106,0.0731,0.9853,0.4922,837.928,0.461,1.4919,0.2068,0.2137,0.0,0.3901,0.0113,0.28,112593672,357740,-0.0076,-0.2537,0
TXN-2022-1442,2022-11-15,Murabaha,Xizmat,Namangan,636,48,10.6,0.2039,3,1,4,Sanoat uskunasi,0.1449,5.147,0.1929,48,495549854,71335198,0.8644,0.507,0.6256,0.4265,0.0028,1,0.5486,1,0,,0.1102,0.0768,0.0571,0.25,0.0559,1.0249,0.7238,4359.023,0.4293,1.7347,0.0295,0.2697,0.3332,0.357,0.0198,0.45,71335198,634528,-0.0114,0.5708,0
TXN-2022-1443,2022-05-14,Ijara,Xizmat,Boshqa,682,29,0.7,0.1623,3,0,4,Ko'chmas mulk,0.7681,2.351,0.04,36,145520817,63760065,0.6062,0.6,0.7861,0.1671,0.0278,0,0.3281,1,1,,0.1007,0.1129,0.08,0.25,0.0428,1.1023,0.4518,886.7094,0.195,0.3934,0.1247,0.2829,0.0,0.6328,0.0218,0.35,63760065,485699,-0.0104,-0.8937,0
TXN-2021-1444,2021-09-15,Musharaka,Qurilish,Samarqand,429,34,0.7,0.2848,0,0,2,Transport,0.7666,5.38,0.3,12,266162407,194944604,0.2276,0.4074,0.876,0.1058,0.2181,1,0.2813,2,0,,0.2293,0.1086,0.0674,0.25,0.0549,1.0326,0.6402,558.8852,0.3239,1.3027,0.2183,0.2912,0.0,0.5922,0.5641,0.6,194944604,65976186,-0.0238,0.7414,0
TXN-2024-1445,2024-03-02,Sukuk,Ishlab chiqarish,Toshkent,702,36,3.4,0.2495,3,0,5,Moliyaviy aktiv,0.7553,2.848,0.1212,24,802440928,91141648,0.7187,0.6,0.766,0.1721,0.3037,1,0.2599,3,0,A,0.0714,0.0781,0.0948,0.25,0.0559,0.9901,0.5086,928.2463,0.4759,1.675,0.1884,0.2333,0.0,0.4015,0.0071,0.28,91141648,179936,-0.0074,-0.1235,0
TXN-2022-1446,2022-02-25,Murabaha,Qishloq xo'jaligi,Buxoro,655,21,0.6,0.4431,3,0,1,Sanoat uskunasi,0.2146,1.791,0.1502,36,729822367,51034551,0.4646,0.2875,0.7233,0.3357,0.4,1,0.1369,2,0,,0.0899,0.1222,0.0636,0.25,0.0662,0.9423,0.4806,3037.34,0.7357,1.6535,0.0951,0.3086,0.0,0.1912,0.1342,0.45,51034551,3080882,-0.0093,0.2253,0
TXN-2021-1447,2021-05-21,Ijara,Savdo,Buxoro,626,54,5.8,0.4723,2,0,3,Tovar,0.494,6.713,0.0914,36,140546128,296981494,0.7965,0.1901,0.7089,0.1193,0.0573,1,0.4966,3,1,,0.115,0.1225,0.037,0.133,0.0754,0.9514,0.6773,1264.5983,0.1766,0.7883,0.2333,0.2185,0.0,0.5837,0.0625,0.35,296981494,6492651,-0.0119,-0.3355,0
TXN-2024-1448,2024-02-10,Ijara,Qishloq xo'jaligi,Andijon,818,28,0.9,0.2402,3,1,4,Sanoat uskunasi,0.6948,1.448,0.1113,72,106178952,211073450,0.7504,0.5836,0.6375,0.3189,0.0694,1,0.5298,1,0,,0.0697,0.1343,0.0644,0.25,0.0656,1.0768,0.6423,1175.5994,0.3883,1.5734,0.1669,0.3199,0.3332,0.3899,0.0165,0.35,211073450,1220102,-0.0072,-0.2689,0
TXN-2022-1449,2022-03-01,Sukuk,Qurilish,Samarqand,587,43,4.4,0.2741,1,0,1,Ko'chmas mulk,0.5009,1.736,0.1087,36,302055312,518781911,0.5668,0.6,0.5982,0.0205,0.1263,1,0.7192,5,0,AA,0.0794,0.14,0.0855,0.2015,0.0594,0.9525,0.5949,1169.4818,0.1468,1.3519,0.1373,0.256,0.0,0.5104,0.0644,0.28,518781911,9348486,-0.0082,-0.2686,0
TXN-2024-1450,2024-04-15,Ijara,Qishloq xo'jaligi,Toshkent,610,37,0.5,0.4645,1,0,2,Boshqa,0.6615,0.464,0.1701,48,375327760,114331900,0.4893,0.5508,0.783,0.0387,0.0825,0,0.6883,5,1,,0.0878,0.0611,0.0415,0.25,0.0458,0.9698,0.4592,920.7503,0.1212,1.9163,0.3073,0.2696,0.0,0.6882,0.1003,0.35,114331900,4014154,-0.0091,0.4569,0
TXN-2022-1451,2022-03-19,Musharaka,Qurilish,Namangan,814,50,2.3,0.224,0,0,2,Moliyaviy aktiv,0.6351,7.375,0.2715,48,376757135,152632599,0.7138,0.4195,0.7015,0.0301,0.0979,0,0.591,1,0,,0.2141,0.0686,0.0402,0.25,0.0378,1.0259,0.3118,1279.6932,0.128,1.2625,0.1423,0.2784,0.0,0.6117,0.0871,0.6,152632599,7980557,-0.0222,0.6611,0
TXN-2022-1452,2022-04-23,Musharaka,Ishlab chiqarish,Toshkent,574,42,6.8,0.5819,2,0,4,Ko'chmas mulk,0.5777,0.625,0.2171,36,339379812,172104258,0.7243,0.3044,0.9296,0.2957,0.0325,0,0.5639,4,0,,0.2485,0.1003,0.0683,0.25,0.0572,1.0565,0.271,991.874,0.3282,0.8702,0.3362,0.282,0.0,0.6245,0.1817,0.6,172104258,18763376,-0.0258,0.3506,0
TXN-2022-1453,2022-11-04,Sukuk,Qishloq xo'jaligi,Buxoro,598,35,4.0,0.2572,2,1,5,Ko'chmas mulk,0.5551,0.562,0.1183,60,290085066,163641890,0.1889,0.1404,0.6057,0.1505,0.0435,1,0.3701,1,0,AA,0.0884,0.1027,0.0411,0.212,0.0416,1.1044,0.8016,1075.4402,0.194,1.3232,0.1428,0.2735,0.4998,0.4882,0.0247,0.28,163641890,1131167,-0.0092,-0.1327,0
TXN-2021-1454,2021-10-30,Musharaka,Savdo,Boshqa,632,29,23.0,0.5478,3,0,4,Transport,0.7057,0.267,0.1919,60,189678859,176938705,0.6483,0.3109,0.5509,0.1534,0.1078,1,0.6285,3,0,,0.2338,0.1098,0.0594,0.25,0.0606,1.0605,0.5965,894.2488,0.2612,0.8176,0.3866,0.3004,0.0,0.407,0.2886,0.6,176938705,30634157,-0.0242,0.2649,0
TXN-2024-1455,2024-05-05,Murabaha,Qurilish,Andijon,716,45,12.4,0.5255,0,0,4,Tovar,0.4583,1.51,0.0994,36,167349950,118554255,0.7727,0.4966,0.9067,0.486,0.0199,1,0.1815,2,0,,0.095,0.0912,0.0715,0.25,0.0762,0.9466,0.5726,1558.8329,0.5059,1.0348,0.2409,0.2696,0.0,0.448,0.0407,0.45,118554255,2169387,-0.0098,-0.3223,0
TXN-2021-1456,2021-01-06,Sukuk,Ishlab chiqarish,Namangan,662,21,2.7,0.3622,0,0,3,Transport,0.7639,0.799,0.0804,12,396409009,42030456,0.31,0.421,0.8841,0.1663,0.0718,0,0.3477,3,0,BBB,0.0912,0.112,0.0737,0.2388,0.0701,0.9044,0.2909,865.4764,0.2381,0.8723,0.2766,0.277,0.0,0.6736,0.0222,0.28,42030456,260790,-0.0095,-0.5434,0
TXN-2022-1457,2022-07-22,Ijara,Qurilish,Samarqand,535,44,0.5,0.4539,0,0,1,Ko'chmas mulk,0.5772,3.375,0.1489,120,160262973,181562710,0.6762,0.5275,0.5239,0.2966,0.0707,1,0.6594,2,1,,0.0976,0.0593,0.0488,0.25,0.0741,0.9168,0.6059,925.2585,0.3673,1.5111,0.262,0.2605,0.0,0.3315,0.2299,0.35,181562710,14610267,-0.0101,0.1941,0
TXN-2021-1458,2021-10-24,Ijara,Ishlab chiqarish,Samarqand,599,27,11.2,0.6174,2,0,1,Transport,0.7694,0.919,0.1412,48,89979766,221975265,0.5553,0.3794,0.6993,0.0445,0.1654,1,0.0615,2,1,,0.0952,0.0764,0.0629,0.01,0.0633,0.896,0.6192,777.5295,0.2099,1.4675,0.475,0.0235,0.0,0.5525,0.2164,0.35,221975265,16814175,-0.0099,0.1176,0
TXN-2021-1459,2021-09-24,Murabaha,Savdo,Samarqand,593,50,14.5,0.4872,1,0,5,Ko'chmas mulk,0.581,3.189,0.1153,48,266757011,117274137,0.8736,0.3162,0.7541,0.1626,0.3279,1,0.4216,2,0,,0.0957,0.1042,0.0363,0.1345,0.0525,1.0799,0.7448,1018.8587,0.4905,1.1931,0.2831,0.2024,0.0,0.3842,0.0344,0.45,117274137,1812862,-0.0099,-0.1531,0
TXN-2024-1460,2024-01-12,Ijara,Savdo,Samarqand,638,39,10.3,0.3984,1,0,2,Transport,0.6927,0.545,0.0973,60,290430342,845836069,0.5091,0.5731,0.716,0.2908,0.2169,1,0.3324,0,1,,0.1025,0.1223,0.0368,0.2152,0.0665,0.9372,0.8153,919.7006,0.5078,0.9401,0.2759,0.3007,0.0,0.3524,0.1244,0.35,845836069,36823250,-0.0106,-0.3188,0
TXN-2022-1461,2022-05-29,Murabaha,Savdo,Toshkent,681,44,0.8,0.5082,2,0,5,Sanoat uskunasi,0.5635,0.653,0.1659,48,776048026,106270644,0.4015,0.3331,0.8705,0.0906,0.1346,1,0.6501,3,0,,0.1376,0.0991,0.0726,0.2375,0.0909,1.1418,0.4561,1206.4192,0.2252,1.197,0.2864,0.264,0.0,0.6745,0.0305,0.45,106270644,1457756,-0.0143,0.2608,0
TXN-2021-1462,2021-12-24,Ijara,Qurilish,Samarqand,680,38,30.0,0.21,5,0,2,Moliyaviy aktiv,0.7762,4.102,0.111,36,249660692,95791914,0.5949,0.1405,0.8953,0.1829,0.0219,1,0.6112,3,1,,0.113,0.0632,0.0871,0.2001,0.088,0.9737,0.5913,874.8827,0.2047,0.9737,0.163,0.1761,0.0,0.712,0.0425,0.35,95791914,1423739,-0.0117,-0.1684,0
TXN-2021-1463,2021-08-14,Murabaha,Qishloq xo'jaligi,Namangan,494,21,1.8,0.4486,3,2,4,Sanoat uskunasi,0.2987,1.159,0.1084,120,110405529,202479991,0.4556,0.4395,0.7752,0.5,0.1013,1,0.6559,5,0,,0.1489,0.123,0.0291,0.25,0.0941,1.0359,0.28,1648.1355,0.6013,0.7229,0.134,0.3439,0.6664,0.309,0.1135,0.45,202479991,10342811,-0.0154,-0.145,0
TXN-2024-1464,2024-09-15,Ijara,Savdo,Toshkent,735,29,7.7,0.3856,0,0,5,Sanoat uskunasi,0.6847,0.296,0.1303,48,508576616,174952224,0.8594,0.354,0.8989,0.0739,0.0715,1,0.8845,3,1,,0.1168,0.1017,0.0335,0.25,0.0561,0.9696,0.5699,1071.9682,0.1454,1.1053,0.264,0.3182,0.0,0.7682,0.0154,0.35,174952224,944242,-0.0121,0.0022,0
TXN-2021-1465,2021-02-22,Sukuk,Savdo,Toshkent,666,44,14.3,0.2182,3,0,3,Sanoat uskunasi,0.695,8.137,0.1169,60,237559197,49314733,0.5925,0.4795,0.7073,0.1209,0.1869,1,0.4403,3,0,BBB,0.0656,0.0781,0.0453,0.25,0.056,1.0035,0.3353,956.9094,0.3078,1.7552,0.1516,0.2828,0.0,0.4896,0.0166,0.28,49314733,228776,-0.0068,-0.1995,0
TXN-2021-1466,2021-09-27,Murabaha,Qurilish,Andijon,762,39,1.6,0.6315,1,0,4,Sanoat uskunasi,0.669,0.488,0.0959,36,222315602,259225617,0.7382,0.2476,0.9375,0.1494,0.0565,1,0.5646,1,0,,0.1097,0.0777,0.0508,0.25,0.0793,1.0091,0.6636,1137.2593,0.2059,0.8662,0.4225,0.277,0.0,0.7444,0.04,0.45,259225617,4664926,-0.0114,-0.3108,0
TXN-2021-1467,2021-01-31,Sukuk,IT,Toshkent,682,49,14.3,0.5047,1,0,3,Ko'chmas mulk,0.8678,0.407,0.0915,72,121753810,107829454,0.7351,0.6,0.7749,0.2518,0.1564,1,0.4642,3,0,AAA,0.0719,0.082,0.0687,0.25,0.0737,1.0273,0.2347,785.019,0.4083,1.2557,0.438,0.2633,0.0,0.4586,0.0476,0.28,107829454,1437944,-0.0075,-0.5349,0
TXN-2023-1468,2023-01-04,Murabaha,Ishlab chiqarish,Andijon,738,42,2.2,0.3727,1,0,3,Transport,0.3866,1.109,0.1692,48,332204338,353163101,0.6355,0.4032,0.754,0.3559,0.1447,1,0.4125,2,0,,0.098,0.0797,0.0258,0.25,0.0751,0.9659,0.7943,1903.8826,0.5006,1.7096,0.1441,0.3039,0.0,0.3766,0.0421,0.45,353163101,6696174,-0.0102,0.4004,0
TXN-2022-1469,2022-05-03,Sukuk,Xizmat,Andijon,684,28,22.5,0.4811,2,0,3,Ko'chmas mulk,0.6344,0.251,0.1394,48,268744343,196337560,0.7485,0.2638,0.6371,0.2008,0.0336,1,0.4557,5,0,A,0.0894,0.0626,0.0323,0.2369,0.0211,0.8635,0.6016,1076.4724,0.2344,1.5415,0.3052,0.2672,0.0,0.4878,0.0222,0.28,196337560,1218373,-0.0093,0.1047,0
TXN-2024-1470,2024-04-20,Ijara,Qishloq xo'jaligi,Toshkent,759,30,2.0,0.5363,0,0,5,Moliyaviy aktiv,0.2755,0.423,0.1288,12,256645718,125898198,0.813,0.287,0.536,0.2055,0.2907,1,0.5412,0,1,,0.0933,0.1085,0.0544,0.1376,0.034,0.987,0.4418,2745.196,0.4962,1.3653,0.1477,0.1917,0.0,0.2701,0.0098,0.35,125898198,432522,-0.0097,-0.0132,0
TXN-2022-1471,2022-10-26,Musharaka,Savdo,Toshkent,689,39,18.4,0.4575,1,0,3,Tovar,0.5005,4.684,0.1494,48,429500437,362286582,0.4507,0.338,0.6756,0.0903,0.0896,1,0.5091,3,0,,0.1877,0.0709,0.0479,0.25,0.0634,0.9729,0.7192,1373.959,0.1798,0.7921,0.229,0.273,0.0,0.5541,0.1456,0.6,362286582,31649590,-0.0194,0.1035,0
TXN-2021-1472,2021-02-02,Ijara,Savdo,Toshkent,636,21,0.5,0.5173,0,0,3,Sanoat uskunasi,0.9164,0.47,0.0951,36,461866661,101070471,0.5923,0.2876,0.6948,0.0719,0.0769,1,0.2433,0,1,,0.0578,0.0918,0.0376,0.25,0.0735,1.1283,0.9056,693.2657,0.1488,1.6175,0.4741,0.3043,0.0,0.5914,0.115,0.35,101070471,4067976,-0.006,-0.6035,0
TXN-2021-1473,2021-12-23,Sukuk,Ishlab chiqarish,Andijon,838,54,7.4,0.4602,5,0,5,Moliyaviy aktiv,0.7474,0.295,0.1,48,296600548,58274566,0.7691,0.4979,0.9122,0.2347,0.0304,1,0.2137,3,0,AA,0.1026,0.0953,0.0322,0.25,0.0857,1.0739,0.6918,1119.7375,0.2651,0.9644,0.3439,0.3131,0.0,0.6704,0.0031,0.28,58274566,50768,-0.0106,-0.2927,0
TXN-2022-1474,2022-06-28,Murabaha,Qurilish,Buxoro,720,42,4.6,0.14,1,0,3,Moliyaviy aktiv,0.1526,5.3,0.1385,48,338025837,57166776,0.4899,0.3447,0.5729,0.1829,0.2328,1,0.5202,3,0,,0.1054,0.0875,0.0444,0.25,0.0258,1.1528,0.2622,4686.2577,0.4157,1.3014,0.0214,0.2931,0.0,0.3348,0.0248,0.45,57166776,637652,-0.0109,0.0803,0
TXN-2021-1475,2021-04-18,Murabaha,Qurilish,Toshkent,693,50,3.9,0.5898,2,0,3,Moliyaviy aktiv,0.7974,1.467,0.0537,24,301319954,175894370,0.6322,0.2316,0.597,0.039,0.0522,1,0.2477,1,0,,0.1167,0.1124,0.0581,0.1826,0.0726,0.9795,0.7608,867.9433,0.0912,0.4559,0.4703,0.237,0.0,0.5426,0.1338,0.45,175894370,10593942,-0.0121,-0.654,0
TXN-2021-1476,2021-09-17,Ijara,Qishloq xo'jaligi,Samarqand,536,22,1.5,0.2761,1,1,5,Ko'chmas mulk,0.8153,0.427,0.0691,36,667260944,530737207,0.5157,0.5449,0.8697,0.0705,0.0089,1,0.561,2,1,,0.0888,0.1041,0.0371,0.2269,0.0882,1.1116,0.4908,656.5918,0.0794,0.77,0.2251,0.294,0.999,0.8006,0.0261,0.35,530737207,4848585,-0.0092,-0.6859,0
TXN-2023-1477,2023-05-13,Ijara,Qurilish,Toshkent,535,50,7.3,0.3261,0,0,3,Sanoat uskunasi,0.428,2.178,0.0515,36,142021351,134313985,0.6395,0.2345,0.4805,0.0743,0.1008,1,0.361,0,1,,0.0856,0.09,0.0228,0.25,0.069,0.9186,0.5431,1247.0097,0.1751,0.5942,0.1396,0.3172,0.0,0.3963,0.0583,0.35,134313985,2740265,-0.0089,-0.9166,0
TXN-2023-1478,2023-12-14,Ijara,Savdo,Buxoro,669,60,1.3,0.4524,0,0,3,Sanoat uskunasi,0.3626,0.106,0.1204,60,127558648,252632119,0.4399,0.221,0.7121,0.2221,0.2402,1,0.3991,2,1,,0.128,0.0752,0.071,0.0582,0.0701,1.1328,0.6616,1839.8884,0.4624,0.9337,0.164,0.0624,0.0,0.3828,0.0409,0.35,252632119,3615956,-0.0133,-0.0747,0
TXN-2021-1479,2021-08-21,Ijara,Qurilish,Toshkent,657,24,4.8,0.4997,0,0,5,Tovar,0.8259,1.394,0.1516,36,119932649,184562729,0.7142,0.0632,0.9512,0.2082,0.1605,1,0.3891,2,1,,0.0909,0.0689,0.0575,0.2031,0.071,0.8745,0.3422,794.54,0.3687,1.6497,0.4127,0.2145,0.0,0.6005,0.0248,0.35,184562729,1602914,-0.0094,0.2373,0
TXN-2021-1480,2021-05-11,Musharaka,Savdo,Samarqand,592,45,1.8,0.7116,2,0,3,Ko'chmas mulk,0.4709,2.231,0.2347,36,333749519,111151910,0.3604,0.6,0.5603,0.4586,0.1711,1,0.662,1,0,,0.2331,0.1176,0.0644,0.25,0.0734,1.0864,0.3892,1254.5963,0.6297,1.0026,0.3351,0.3032,0.0,0.2075,0.6459,0.6,111151910,43078474,-0.0242,0.4491,1
TXN-2023-1481,2023-09-03,Ijara,Savdo,Toshkent,656,38,18.7,0.2876,2,0,3,Sanoat uskunasi,0.4822,7.873,0.0816,48,228599288,46510282,0.6946,0.3378,0.926,0.0779,0.0789,0,0.609,3,0,,0.1212,0.0997,0.0622,0.25,0.05,0.8,0.791,1357.6208,0.1569,0.6679,0.1387,0.2876,0.0,0.7807,0.0252,0.35,46510282,410371,-0.0126,-0.3992,0
TXN-2023-1482,2023-07-08,Murabaha,Ishlab chiqarish,Samarqand,780,22,0.5,0.4707,2,0,3,Transport,0.6088,0.988,0.1033,48,125995388,166751158,0.8116,0.3342,0.6298,0.1881,0.0191,1,0.5305,2,0,,0.1165,0.1173,0.0637,0.25,0.0685,0.8984,0.7747,1279.1337,0.2072,0.8794,0.2865,0.3037,0.0,0.4993,0.0538,0.45,166751158,4038651,-0.0121,-0.2289,0
TXN-2023-1483,2023-01-12,Musharaka,Qishloq xo'jaligi,Namangan,704,42,1.3,0.5102,2,0,4,Tovar,0.7744,3.621,0.1019,120,217874062,260629417,0.5286,0.4422,0.923,0.2503,0.0713,1,0.3403,3,0,,0.2557,0.0727,0.0634,0.25,0.0534,1.0153,0.6632,907.9686,0.3216,0.3969,0.3951,0.2593,0.0,0.6261,0.2038,0.6,260629417,31874548,-0.0265,-0.11,0
TXN-2023-1484,2023-11-18,Murabaha,Qurilish,Boshqa,548,46,1.7,0.346,1,0,1,Tovar,0.7252,0.356,0.1436,36,892860437,204101507,0.8029,0.1217,0.653,0.2094,0.2186,1,0.5118,2,0,,0.0637,0.1079,0.0763,0.25,0.0614,1.0042,0.23,754.621,0.4279,2.2198,0.2509,0.2816,0.0,0.3736,0.2391,0.45,204101507,21959776,-0.0066,0.2129,0
TXN-2024-1485,2024-04-30,Murabaha,Savdo,Toshkent,635,31,3.2,0.616,3,1,3,Ko'chmas mulk,0.4626,1.421,0.177,48,316235307,117008348,0.6603,0.4179,0.6408,0.3181,0.1713,1,0.6106,2,0,,0.0943,0.05,0.026,0.2069,0.0743,1.0641,0.8897,1369.6234,0.4894,1.858,0.285,0.231,0.3332,0.3272,0.1203,0.45,117008348,6335146,-0.0098,0.4986,0
TXN-2021-1486,2021-08-12,Murabaha,Savdo,Toshkent,576,49,1.6,0.7255,2,0,3,Ko'chmas mulk,0.8697,0.631,0.1855,24,592866558,102500111,0.6227,0.2474,0.7955,0.0803,0.0668,0,0.1885,1,0,,0.076,0.14,0.0761,0.25,0.0389,1.1171,0.684,661.5402,0.1472,2.4078,0.6309,0.3139,0.0,0.6784,0.235,0.45,102500111,10839343,-0.0079,0.7297,0
TXN-2023-1487,2023-07-15,Murabaha,Ishlab chiqarish,Namangan,612,21,4.1,0.4644,4,0,3,Sanoat uskunasi,0.8528,1.695,0.1128,60,111946661,95235100,0.6501,0.2558,0.8513,0.1871,0.2174,1,0.3935,6,0,,0.1286,0.1297,0.0541,0.25,0.0673,1.0142,0.3218,716.8061,0.4045,0.8702,0.396,0.3256,0.0,0.507,0.1116,0.45,95235100,4784730,-0.0133,-0.1336,0
TXN-2023-1488,2023-10-29,Ijara,Ishlab chiqarish,Buxoro,609,23,12.4,0.2146,3,0,4,Sanoat uskunasi,0.551,1.35,0.1233,60,291551000,93582172,0.8991,0.5776,0.7889,0.2387,0.0199,1,0.7464,0,1,,0.0822,0.0607,0.057,0.25,0.0745,1.0215,0.6411,1103.2736,0.2586,1.4825,0.1183,0.2538,0.0,0.5849,0.0178,0.35,93582172,582507,-0.0085,-0.0814,0
TXN-2022-1489,2022-03-30,Murabaha,Qishloq xo'jaligi,Toshkent,604,39,7.5,0.2082,1,0,3,Sanoat uskunasi,0.8412,9.753,0.1102,48,332829937,153164621,0.962,0.4417,0.7451,0.0696,0.0311,1,0.5224,2,0,,0.0815,0.0821,0.0561,0.1633,0.0882,1.1165,0.5483,717.1684,0.1008,1.3355,0.1752,0.1892,0.0,0.67,0.0688,0.45,153164621,4744000,-0.0084,-0.2424,0
TXN-2024-1490,2024-06-13,Musharaka,Qurilish,Andijon,538,38,5.2,0.4318,1,0,4,Tovar,0.3591,6.237,0.1814,24,370628569,132998383,0.6377,0.5816,0.9156,0.0525,0.2271,1,0.3423,2,0,,0.2043,0.0877,0.0594,0.25,0.015,0.9359,0.6083,1494.0274,0.2796,0.8834,0.1551,0.2783,0.0,0.6596,0.1121,0.6,132998383,8947050,-0.0212,0.2515,0
TXN-2021-1491,2021-03-30,Murabaha,Xizmat,Buxoro,634,30,0.6,0.524,2,0,4,Tovar,0.9125,2.182,0.1146,120,210219687,211462188,0.6068,0.1081,0.7811,0.234,0.0312,1,0.1152,0,0,,0.1394,0.0824,0.0796,0.25,0.0402,0.8937,0.7091,694.054,0.2652,0.8164,0.4781,0.2528,0.0,0.574,0.099,0.45,211462188,9424810,-0.0144,-0.1103,0
TXN-2024-1492,2024-09-11,Murabaha,Savdo,Namangan,597,46,7.1,0.5938,3,0,3,Ko'chmas mulk,0.7222,0.486,0.1176,84,442295751,75255276,0.4784,0.522,0.9212,0.094,0.0347,1,0.5022,3,0,,0.1228,0.0871,0.0585,0.25,0.0692,0.9051,0.4991,825.5098,0.1286,0.9503,0.4289,0.2786,0.0,0.8027,0.1197,0.45,75255276,4053367,-0.0127,-0.1009,0
TXN-2023-1493,2023-12-04,Murabaha,Qishloq xo'jaligi,Samarqand,395,43,1.1,0.409,3,0,3,Sanoat uskunasi,0.6768,2.035,0.0871,36,328683843,145704530,0.5427,0.6,0.7159,0.4523,0.0315,1,0.5641,2,0,,0.1139,0.1038,0.044,0.25,0.1112,0.9669,0.8188,582.7665,0.4838,0.7582,0.2768,0.3098,0.0,0.3695,0.4134,0.45,145704530,27106443,-0.0118,-0.3765,0
TXN-2022-1494,2022-09-10,Murabaha,Savdo,Samarqand,819,46,9.3,0.3799,2,1,3,Tovar,0.4882,3.927,0.04,48,257977995,144820577,0.7427,0.6,0.719,0.1689,0.012,0,0.2515,0,0,,0.1119,0.0767,0.0856,0.25,0.0839,1.0122,0.8719,1674.1738,0.1809,0.3543,0.1854,0.2411,0.4998,0.5889,0.0167,0.45,144820577,1088968,-0.0116,-0.8042,0
TXN-2023-1495,2023-07-28,Musharaka,Savdo,Toshkent,737,36,1.7,0.437,0,3,2,Tovar,0.3384,0.097,0.1571,72,189229780,103967294,0.5668,0.4323,0.7258,0.1004,0.1345,1,0.3918,0,0,,0.2338,0.0664,0.0446,0.1771,0.0436,0.9497,0.4308,2171.7888,0.2349,0.669,0.1479,0.1988,3000.0,0.5553,0.1821,0.6,103967294,11360348,-0.0242,0.1158,0
TXN-2024-1496,2024-08-10,Ijara,Qishloq xo'jaligi,Toshkent,613,44,3.2,0.4595,1,0,4,Ko'chmas mulk,0.8544,1.423,0.1302,36,100363666,184048917,0.6098,0.3392,0.9471,0.2687,0.1086,1,0.3193,1,1,,0.0947,0.1339,0.0194,0.25,0.0654,0.9706,0.4744,716.6276,0.3773,1.3608,0.3926,0.3645,0.0,0.5898,0.0473,0.35,184048917,3048308,-0.0098,0.0017,0
TXN-2021-1497,2021-03-05,Musharaka,Qurilish,Andijon,646,33,2.6,0.3615,2,1,4,Ko'chmas mulk,0.7631,0.109,0.1922,48,77477331,79458984,0.6306,0.3469,0.8851,0.0709,0.2564,1,0.4522,2,0,,0.1935,0.1197,0.0443,0.2291,0.0627,0.948,0.575,845.4458,0.3272,0.9885,0.2758,0.3045,0.4998,0.5955,0.1459,0.6,79458984,6955008,-0.0201,0.3217,0
TXN-2021-1498,2021-05-05,Musharaka,Savdo,Toshkent,545,58,11.7,0.676,0,1,2,Ko'chmas mulk,0.5288,0.699,0.0902,48,163385478,342003531,0.5932,0.2343,0.94,0.2134,0.1983,1,0.6928,2,0,,0.1503,0.0913,0.0548,0.25,0.022,0.9466,0.3154,1028.7294,0.4117,0.5962,0.3575,0.2865,1000.0,0.553,0.4267,0.6,342003531,87554410,-0.0156,-0.2648,0
TXN-2023-1499,2023-09-08,Murabaha,IT,Toshkent,789,29,0.8,0.4013,4,2,4,Moliyaviy aktiv,0.5565,0.242,0.0497,48,223049931,199701622,0.7896,0.1837,0.7933,0.243,0.2615,1,0.4593,2,0,,0.0933,0.0905,0.0553,0.25,0.0483,0.8729,0.3018,1415.2534,0.5044,0.5274,0.2233,0.2851,0.4999,0.3931,0.0284,0.45,199701622,2548866,-0.0097,-0.8597,0
TXN-2023-1500,2023-04-03,Sukuk,Qurilish,Toshkent,806,59,5.0,0.1998,1,0,5,Transport,0.7393,8.084,0.098,48,163120964,217277880,0.5501,0.3881,0.6313,0.0283,0.2267,1,0.3142,2,0,AA,0.052,0.0889,0.0477,0.0202,0.0118,1.0733,0.2894,1088.7609,0.255,1.8485,0.1477,0.0614,0.0,0.4703,0.0041,0.28,217277880,248773,-0.0054,-0.6149,0
TXN-2023-1501,2023-05-24,Musharaka,Qishloq xo'jaligi,Boshqa,658,38,0.9,0.4172,3,0,2,Transport,0.546,0.462,0.1104,36,300865658,141143203,0.7223,0.2263,0.7031,0.1775,0.0955,1,0.5149,2,0,,0.2539,0.0942,0.0538,0.098,0.0799,1.0045,0.6753,1202.971,0.2729,0.4333,0.2278,0.1384,0.0,0.5112,0.3502,0.6,141143203,29660307,-0.0263,-0.0771,0
TXN-2024-1502,2024-11-06,Musharaka,Ishlab chiqarish,Toshkent,732,24,7.3,0.5362,1,0,4,Ko'chmas mulk,0.8249,0.407,0.153,36,400924748,117906653,0.4189,0.1872,0.8873,0.0228,0.2301,1,0.2782,0,0,,0.255,0.0914,0.0521,0.0857,0.1362,1.0641,0.7053,886.3241,0.2529,0.5977,0.4423,0.125,0.0,0.6629,0.145,0.6,117906653,10260243,-0.0264,0.0901,0
TXN-2021-1503,2021-08-10,Murabaha,Qishloq xo'jaligi,Andijon,659,51,14.1,0.4804,3,0,4,Ko'chmas mulk,0.6367,8.944,0.0932,72,115542627,89530816,0.795,0.6,0.7447,0.3253,0.035,0,0.3857,4,0,,0.1301,0.0803,0.049,0.25,0.053,1.066,0.2617,1033.4425,0.3603,0.7112,0.3059,0.2813,0.0,0.4764,0.0709,0.45,89530816,2856314,-0.0135,-0.2825,0
TXN-2023-1504,2023-10-02,Murabaha,Savdo,Buxoro,531,39,3.4,0.3259,1,0,1,Sanoat uskunasi,0.378,1.814,0.0778,60,340189916,82864468,0.8063,0.5986,0.8507,0.0883,0.1667,1,0.4729,1,0,,0.1393,0.079,0.0687,0.25,0.0553,0.9865,0.4786,1400.9379,0.2549,0.5541,0.1232,0.2602,0.0,0.6338,0.1437,0.45,82864468,5356577,-0.0144,-0.3749,0
TXN-2024-1505,2024-12-29,Murabaha,Savdo,Toshkent,609,46,4.0,0.6755,2,0,4,Sanoat uskunasi,0.4402,3.547,0.1868,60,240802745,50891385,0.5401,0.5026,0.6756,0.0784,0.1502,0,0.2604,1,0,,0.1341,0.0825,0.055,0.0664,0.0537,1.0513,0.6776,1380.435,0.2286,1.3824,0.2973,0.0938,0.0,0.5211,0.0884,0.45,50891385,2023320,-0.0139,0.4235,0
TXN-2023-1506,2023-06-28,Murabaha,Savdo,Andijon,656,50,15.7,0.5387,3,0,5,Sanoat uskunasi,0.5258,0.991,0.1584,36,87007343,158379536,0.3593,0.3223,0.7882,0.129,0.1321,0,0.6698,6,0,,0.0916,0.0824,0.0712,0.25,0.037,1.0922,0.6745,1245.2204,0.2612,1.7111,0.2832,0.2612,0.0,0.5824,0.0322,0.45,158379536,2295553,-0.0095,0.31,0
TXN-2021-1507,2021-05-31,Musharaka,Savdo,Namangan,606,41,4.4,0.266,2,1,2,Ko'chmas mulk,0.6518,1.903,0.1785,60,422032434,242043757,0.436,0.3402,0.7866,0.1744,0.1078,1,0.6292,3,0,,0.2329,0.1107,0.0313,0.0841,0.0892,0.957,0.3925,928.3754,0.2822,0.7633,0.1734,0.1636,0.4998,0.5646,0.3165,0.6,242043757,45964249,-0.0241,0.2083,0
TXN-2021-1508,2021-06-15,Musharaka,Ishlab chiqarish,Toshkent,626,32,4.0,0.2194,2,0,5,Transport,0.7431,0.017,0.2333,36,139584580,63104348,0.6776,0.507,0.9311,0.1289,0.0287,1,0.4328,1,0,,0.237,0.1156,0.065,0.25,0.0961,0.9649,0.4533,841.3008,0.1576,0.9803,0.163,0.3006,0.0,0.7844,0.0739,0.6,63104348,2798683,-0.0246,0.4359,0
TXN-2022-1509,2022-10-22,Musharaka,Savdo,Buxoro,637,47,5.2,0.3475,2,0,3,Tovar,0.6808,1.314,0.181,48,1143824322,374629972,0.749,0.184,0.8466,0.1842,0.0664,1,0.4516,4,0,,0.2116,0.0741,0.0563,0.25,0.0367,1.1348,0.7678,934.2518,0.2506,0.8515,0.2366,0.2678,0.0,0.6344,0.1268,0.6,374629972,28506249,-0.0219,0.2412,0
TXN-2024-1510,2024-05-30,Ijara,Xizmat,Toshkent,638,38,7.0,0.139,1,0,2,Ko'chmas mulk,0.4643,2.025,0.1086,48,493041747,49359095,0.4796,0.4761,0.5516,0.2158,0.3472,1,0.2559,0,1,,0.0842,0.1149,0.0505,0.25,0.0741,0.9829,0.3288,1371.019,0.563,1.2747,0.0646,0.3144,0.0,0.2411,0.0874,0.35,49359095,1510254,-0.0087,-0.2535,1
TXN-2021-1511,2021-10-31,Ijara,Ishlab chiqarish,Samarqand,649,44,0.7,0.6483,3,1,4,Moliyaviy aktiv,0.5587,1.806,0.1697,36,224646314,269902551,0.356,0.5153,0.45,0.0394,0.1206,1,0.2435,0,1,,0.0851,0.1303,0.0361,0.25,0.0802,1.0547,0.403,1159.5688,0.16,1.9713,0.3622,0.3442,0.3332,0.378,0.0795,0.35,269902551,7510997,-0.0088,0.4669,0
TXN-2021-1512,2021-05-15,Ijara,Savdo,Buxoro,554,21,10.3,0.4059,4,1,2,Ko'chmas mulk,0.7175,1.301,0.1717,36,244450050,82116272,0.6214,0.3464,0.8056,0.2539,0.1042,1,0.8776,3,0,,0.0944,0.1108,0.0661,0.25,0.0805,1.0585,0.5665,771.0126,0.3581,1.7993,0.2913,0.2947,0.2499,0.5171,0.13,0.35,82116272,3736096,-0.0098,0.4415,1
TXN-2021-1513,2021-09-16,Sukuk,Qurilish,Samarqand,584,42,3.4,0.2102,1,0,4,Ko'chmas mulk,0.5603,3.877,0.0748,60,106185353,315862062,0.6726,0.232,0.6755,0.0836,0.0322,1,0.3917,5,0,AAA,0.0979,0.0894,0.0659,0.2127,0.0814,0.9613,0.4552,1040.4181,0.1158,0.7562,0.1178,0.2363,0.0,0.5973,0.0127,0.28,315862062,1126658,-0.0101,-0.5642,0
TXN-2022-1514,2022-07-18,Murabaha,Qurilish,Toshkent,535,31,0.5,0.4326,1,0,1,Transport,0.6601,1.741,0.1509,72,702111153,253173985,0.4848,0.3911,0.7385,0.0876,0.0197,1,0.6498,2,0,,0.1275,0.0679,0.0845,0.0607,0.0724,0.9598,0.4335,809.3169,0.1074,1.1744,0.2855,0.0441,0.0,0.6592,0.2363,0.45,253173985,26921489,-0.0132,0.164,0
TXN-2024-1515,2024-07-02,Murabaha,Qurilish,Boshqa,728,54,9.3,0.2667,1,0,4,Moliyaviy aktiv,0.7528,2.527,0.1457,24,147006786,948447807,0.6057,0.416,0.9119,0.2869,0.2274,1,0.6293,5,0,,0.1334,0.0638,0.0557,0.25,0.0685,1.1497,0.8783,965.7342,0.5143,1.0841,0.2008,0.2581,0.0,0.4429,0.0435,0.45,948447807,18547774,-0.0138,0.118,0
TXN-2024-1516,2024-07-20,Murabaha,Ishlab chiqarish,Samarqand,466,44,2.8,0.5368,2,0,4,Ko'chmas mulk,0.3814,0.51,0.1745,36,250935559,95936817,0.8232,0.1251,0.8092,0.1343,0.3082,1,0.5715,2,0,,0.1301,0.108,0.0446,0.1225,0.0546,0.909,0.6918,1218.7153,0.4425,1.3312,0.2047,0.1858,0.0,0.4511,0.1104,0.45,95936817,4766378,-0.0135,0.3421,0
TXN-2024-1517,2024-04-13,Ijara,Qishloq xo'jaligi,Andijon,743,40,0.6,0.5065,2,0,3,Sanoat uskunasi,0.9244,4.942,0.0882,36,166455159,31011017,0.6115,0.4793,0.788,0.3274,0.0358,1,0.431,3,1,,0.0992,0.1103,0.0506,0.25,0.0671,1.0935,0.598,802.8949,0.3632,0.8803,0.4682,0.3097,0.0,0.5018,0.1051,0.35,31011017,1140838,-0.0103,-0.4209,0
TXN-2024-1518,2024-01-29,Sukuk,Savdo,Toshkent,762,42,6.0,0.4862,1,0,3,Sanoat uskunasi,0.5012,1.127,0.1319,36,322677907,39502545,0.7016,0.6,0.6657,0.4825,0.051,1,0.8515,3,0,AA,0.04,0.1333,0.0407,0.25,0.0975,0.9333,0.2626,1517.2553,0.5336,3.2171,0.2437,0.3426,0.0,0.3105,0.0196,0.28,39502545,216619,-0.0041,0.0475,0
TXN-2024-1519,2024-12-29,Murabaha,Ishlab chiqarish,Andijon,619,28,12.7,0.4513,3,0,3,Ko'chmas mulk,0.456,1.645,0.103,84,241643611,128474128,0.494,0.3749,0.7941,0.2056,0.3704,1,0.3637,0,0,,0.1741,0.0762,0.0186,0.25,0.1079,0.9965,0.3497,1354.4964,0.576,0.5883,0.2058,0.3076,0.0,0.3367,0.0881,0.45,128474128,5093095,-0.018,-0.155,0
TXN-2022-1520,2022-10-28,Sukuk,IT,Boshqa,423,54,13.1,0.4891,3,0,3,Ko'chmas mulk,0.6248,1.085,0.0966,36,168048762,166508246,0.6493,0.1047,0.7409,0.1306,0.0243,1,0.5077,1,0,AA,0.0776,0.0671,0.0603,0.1629,0.0443,1.0232,0.5988,675.9816,0.1549,1.2299,0.3056,0.1697,0.0,0.6261,0.0552,0.28,166508246,2571318,-0.008,-0.4301,0
TXN-2023-1521,2023-02-20,Murabaha,Savdo,Buxoro,614,57,19.0,0.3693,1,1,4,Moliyaviy aktiv,0.6079,5.562,0.0945,60,323307200,89815552,0.9516,0.3595,0.9133,0.2191,0.0577,1,0.4351,1,0,,0.1378,0.0871,0.0511,0.1515,0.0899,0.934,0.6968,1008.3828,0.2767,0.6811,0.2245,0.1874,0.999,0.6606,0.0384,0.45,89815552,1552947,-0.0143,-0.2573,0
TXN-2024-1522,2024-05-08,Sukuk,Qishloq xo'jaligi,Andijon,639,41,12.1,0.5768,1,0,3,Ko'chmas mulk,0.6576,5.775,0.0866,48,603259066,191500365,0.4758,0.3143,0.9498,0.2302,0.0334,1,0.1922,1,0,A,0.0669,0.05,0.0273,0.25,0.0944,0.9657,0.6603,970.2464,0.2636,1.2756,0.3793,0.2727,0.0,0.6994,0.0242,0.28,191500365,1295774,-0.0069,-0.6481,0
TXN-2023-1523,2023-12-23,Murabaha,Qurilish,Samarqand,559,53,0.5,0.5221,4,1,4,Sanoat uskunasi,0.7283,0.635,0.0986,24,251968473,277384274,0.6186,0.414,0.7099,0.29,0.147,1,0.4005,1,0,,0.1271,0.0688,0.0742,0.25,0.074,0.9547,0.466,766.4908,0.437,0.7698,0.3803,0.2447,0.2499,0.3997,0.1663,0.45,277384274,20756014,-0.0132,-0.247,1
TXN-2022-1524,2022-08-27,Murabaha,Savdo,Buxoro,601,32,2.9,0.4323,1,0,3,Boshqa,0.5489,3.493,0.1018,48,65727243,223370232,0.4882,0.234,0.8143,0.1618,0.064,1,0.7369,2,0,,0.1039,0.14,0.0624,0.0638,0.0675,1.0576,0.3095,1092.9868,0.2258,0.9702,0.2373,0.1414,0.0,0.6304,0.0638,0.45,223370232,6414609,-0.0108,-0.2713,0
TXN-2023-1525,2023-07-19,Musharaka,Ishlab chiqarish,Boshqa,775,30,10.2,0.5887,2,0,4,Ko'chmas mulk,0.5626,0.271,0.2263,48,306548275,144352342,0.6566,0.3735,0.6723,0.368,0.0845,1,0.5772,0,0,,0.3359,0.1076,0.0292,0.1115,0.0425,1.0398,0.706,1375.0755,0.4525,0.6718,0.3312,0.1899,0.0,0.3681,0.159,0.6,144352342,13767317,-0.0348,0.2868,0
TXN-2023-1526,2023-11-02,Murabaha,IT,Samarqand,701,38,2.7,0.5487,3,0,4,Transport,0.4839,0.076,0.1382,60,100889391,82094764,0.9151,0.5232,0.7956,0.4025,0.2479,1,0.6818,2,0,,0.0863,0.0777,0.0657,0.25,0.0942,1.0248,0.6754,1445.6593,0.6504,1.5844,0.2655,0.2621,0.0,0.2781,0.0368,0.45,82094764,1358970,-0.0089,0.0956,0
TXN-2024-1527,2024-05-24,Murabaha,Qishloq xo'jaligi,Toshkent,566,42,5.5,0.2619,2,0,3,Ko'chmas mulk,0.4768,4.529,0.2198,12,107589104,265724603,0.9554,0.3256,0.5661,0.1295,0.0515,1,0.1233,2,0,,0.0997,0.0832,0.0486,0.2445,0.049,0.9652,0.3646,1184.6606,0.181,2.1834,0.1249,0.279,0.0,0.4636,0.0687,0.45,265724603,8220543,-0.0103,0.9006,0
TXN-2023-1528,2023-06-01,Murabaha,Qishloq xo'jaligi,Namangan,509,34,5.6,0.2593,2,0,4,Ko'chmas mulk,0.687,0.352,0.1313,24,101088233,390446075,0.9045,0.1208,0.45,0.0993,0.0443,1,0.1653,3,0,,0.109,0.14,0.0517,0.25,0.0889,1.0179,0.5008,739.7779,0.1436,1.1929,0.1782,0.3383,0.0,0.3854,0.1165,0.45,390446075,20472650,-0.0113,0.0116,0
TXN-2021-1529,2021-07-23,Ijara,Xizmat,Boshqa,617,43,2.7,0.2365,2,0,3,Ko'chmas mulk,0.6628,0.42,0.0964,60,373809325,97432946,0.6141,0.3326,0.5197,0.1941,0.3491,1,0.5888,2,0,,0.0983,0.0614,0.0379,0.25,0.0883,1.0722,0.4547,929.5513,0.5431,0.9707,0.1567,0.2735,0.0,0.2374,0.1014,0.35,97432946,3458929,-0.0102,-0.3414,0
TXN-2024-1530,2024-12-08,Musharaka,Ishlab chiqarish,Toshkent,626,41,14.1,0.2791,1,1,5,Sanoat uskunasi,0.5857,2.332,0.1485,36,102371763,65376735,0.5872,0.3658,0.867,0.2845,0.1053,1,0.3308,1,0,,0.285,0.1096,0.0633,0.2057,0.0388,1.0657,0.597,1066.9172,0.3898,0.5195,0.1635,0.252,0.999,0.529,0.1574,0.6,65376735,6172928,-0.0295,0.0651,0
TXN-2021-1531,2021-08-23,Murabaha,Qishloq xo'jaligi,Toshkent,687,28,4.2,0.467,3,1,4,Tovar,0.7408,4.243,0.1338,72,442464125,333003390,0.7392,0.6,0.8956,0.0556,0.1432,1,0.3787,0,0,,0.141,0.05,0.0611,0.0975,0.065,1.0719,0.6369,926.0853,0.1989,0.9425,0.346,0.0863,0.3332,0.7175,0.0258,0.45,333003390,3863156,-0.0146,0.0271,0
TXN-2024-1532,2024-09-02,Musharaka,Qishloq xo'jaligi,Samarqand,599,43,3.8,0.7404,7,0,4,Sanoat uskunasi,0.8339,0.526,0.1987,36,398039725,185865318,0.9104,0.2397,0.7836,0.1933,0.1974,1,0.1026,1,0,,0.1639,0.1277,0.0515,0.25,0.0479,0.9585,0.4316,717.465,0.3907,1.2047,0.6174,0.3263,0.0,0.4774,0.2929,0.6,185865318,32666835,-0.017,0.4191,0
TXN-2024-1533,2024-08-26,Ijara,IT,Buxoro,688,46,30.0,0.4062,5,0,5,Moliyaviy aktiv,0.8622,0.303,0.108,12,145801245,183299876,0.8281,0.3343,0.6275,0.1851,0.2156,1,0.4217,2,1,,0.0844,0.0946,0.0692,0.2141,0.1061,1.0724,0.6841,797.0065,0.4007,1.2642,0.3502,0.2395,0.0,0.3761,0.0294,0.35,183299876,1885518,-0.0087,-0.2607,0
TXN-2024-1534,2024-02-04,Murabaha,Savdo,Toshkent,809,39,4.1,0.4253,0,1,5,Ko'chmas mulk,0.6955,0.201,0.0885,48,326187465,494429123,0.4025,0.587,0.7875,0.4055,0.1475,1,0.2685,2,0,,0.1304,0.0897,0.0639,0.1344,0.0676,1.0494,0.7841,1161.5166,0.553,0.6731,0.2958,0.1602,1000.0,0.352,0.0251,0.45,494429123,5578642,-0.0135,-0.3185,0
TXN-2022-1535,2022-03-17,Murabaha,Savdo,Toshkent,714,49,1.2,0.4984,2,0,4,Ko'chmas mulk,0.6487,0.063,0.1773,36,496148972,42292894,0.6901,0.2126,0.7241,0.2079,0.3498,1,0.5149,3,0,,0.1132,0.1157,0.0282,0.2106,0.0912,0.977,0.5626,1098.9466,0.5577,1.5526,0.3233,0.2981,0.0,0.3203,0.0943,0.45,42292894,1795072,-0.0117,0.4181,0
TXN-2023-1536,2023-05-31,Murabaha,Xizmat,Boshqa,640,25,4.3,0.4845,2,0,2,Ko'chmas mulk,0.5867,0.31,0.1888,36,172533571,127948925,0.6805,0.2394,0.5524,0.034,0.1948,1,0.4189,1,0,,0.1133,0.1042,0.0648,0.25,0.1006,1.057,0.8868,1089.0059,0.2288,1.6512,0.2842,0.2894,0.0,0.426,0.204,0.45,127948925,11747809,-0.0117,0.5185,0
TXN-2023-1537,2023-07-14,Murabaha,Xizmat,Boshqa,629,42,10.1,0.3338,5,0,4,Ko'chmas mulk,0.5376,7.148,0.123,12,512481495,193327144,0.5431,0.3999,0.6301,0.0862,0.0075,1,0.3406,2,0,,0.0787,0.1037,0.0538,0.25,0.0518,0.9883,0.4402,1167.7838,0.0937,1.5424,0.1795,0.3,0.0,0.571,0.0397,0.45,193327144,3458109,-0.0082,-0.0893,0
TXN-2022-1538,2022-04-13,Ijara,Savdo,Toshkent,614,26,9.0,0.3472,2,0,3,Ko'chmas mulk,0.3352,0.25,0.1646,24,270777682,608142598,0.8819,0.1634,0.9542,0.243,0.0403,1,0.4461,3,1,,0.0451,0.099,0.0879,0.25,0.0224,0.9462,0.3908,1826.5076,0.2833,3.5687,0.1164,0.2611,0.0,0.6839,0.0157,0.35,608142598,3343569,-0.0047,0.7661,0
TXN-2023-1539,2023-04-28,Murabaha,Savdo,Namangan,745,26,9.3,0.461,2,0,4,Transport,0.5777,2.276,0.1198,24,161814357,143388052,0.8981,0.6,0.7295,0.3412,0.0596,1,0.578,2,0,,0.0818,0.1114,0.032,0.25,0.0237,1.0915,0.6931,1287.3201,0.4008,1.4464,0.2663,0.3294,0.0,0.4371,0.0186,0.45,143388052,1203052,-0.0085,-0.1245,0
TXN-2022-1540,2022-11-26,Musharaka,Ishlab chiqarish,Namangan,591,31,7.4,0.3355,1,0,4,Tovar,0.2928,6.345,0.2426,48,401633346,105805831,0.7981,0.2603,0.6034,0.2011,0.1353,1,0.6118,5,0,,0.2676,0.0977,0.0552,0.25,0.1028,1.1257,0.5364,2011.8938,0.3364,0.9031,0.0982,0.2925,0.0,0.4004,0.1487,0.6,105805831,9438135,-0.0277,0.4206,0
TXN-2023-1541,2023-07-18,Ijara,Xizmat,Andijon,648,28,1.8,0.3572,2,0,4,Boshqa,0.6983,2.471,0.0915,60,158254968,172724645,0.9254,0.4106,0.6911,0.2121,0.0514,1,0.2421,3,1,,0.1059,0.1069,0.0672,0.25,0.0391,1.0316,0.6131,926.6343,0.2635,0.8562,0.2495,0.2897,0.0,0.509,0.0298,0.35,172724645,1800661,-0.011,-0.3635,0
TXN-2023-1542,2023-03-28,Murabaha,Qurilish,Toshkent,649,32,11.9,0.3639,5,0,4,Ko'chmas mulk,0.6301,0.083,0.2349,24,562043857,247558020,0.3797,0.3453,0.8588,0.2643,0.0678,1,0.483,3,0,,0.1036,0.093,0.0641,0.0881,0.0656,0.9246,0.7312,1028.2896,0.3321,2.2452,0.2293,0.117,0.0,0.5736,0.0455,0.45,247558020,5067240,-0.0107,1.0123,0
TXN-2023-1543,2023-05-02,Musharaka,Xizmat,Andijon,602,35,13.4,0.5428,0,0,4,Tovar,0.6349,2.268,0.0745,48,122565972,341956623,0.6649,0.4723,0.9335,0.0569,0.4,1,0.2805,8,0,,0.2444,0.0631,0.0325,0.25,0.0812,1.03,0.6269,946.7606,0.4569,0.3035,0.3446,0.2806,0.0,0.5069,0.1921,0.6,341956623,39413966,-0.0253,-0.2271,0
TXN-2021-1544,2021-07-14,Murabaha,Qishloq xo'jaligi,Toshkent,528,46,1.3,0.3383,0,1,2,Tovar,0.6926,5.834,0.096,72,536801170,415527542,0.9148,0.2092,0.724,0.2059,0.0385,1,0.5264,2,0,,0.0935,0.1271,0.05,0.25,0.0867,0.8697,0.3106,761.1925,0.2445,1.0162,0.2344,0.3271,1000.0,0.547,0.1595,0.45,415527542,29828513,-0.0097,-0.3639,0
TXN-2022-1545,2022-10-03,Sukuk,Qishloq xo'jaligi,Boshqa,672,34,0.8,0.3231,3,0,3,Transport,0.6353,0.974,0.1549,48,278890477,38897873,0.636,0.3515,0.9199,0.2277,0.2221,1,0.5095,1,0,AAA,0.0921,0.1111,0.0763,0.25,0.0277,1.0896,0.6722,1056.0455,0.4498,1.6649,0.2053,0.2848,0.0,0.5061,0.0163,0.28,38897873,177763,-0.0095,0.2709,0
TXN-2023-1546,2023-05-25,Musharaka,Ishlab chiqarish,Boshqa,639,22,22.3,0.6974,2,0,4,Ko'chmas mulk,0.8859,0.941,0.0773,60,375175055,86737765,0.5412,0.6,0.6974,0.4273,0.0569,1,0.6967,5,0,,0.1727,0.1315,0.0456,0.25,0.0335,1.0137,0.7062,720.5059,0.4842,0.4449,0.6178,0.3359,0.0,0.3597,0.4845,0.6,86737765,25213836,-0.0179,-0.305,0
TXN-2022-1547,2022-10-03,Ijara,Savdo,Toshkent,687,49,12.2,0.5186,2,0,3,Boshqa,0.6074,0.715,0.1126,24,193232846,271636143,0.4431,0.4915,0.6351,0.12,0.0856,1,0.7147,3,1,,0.1035,0.1127,0.084,0.2146,0.1143,0.9962,0.7363,1129.22,0.2056,1.0778,0.315,0.2433,0.0,0.5045,0.0722,0.35,271636143,6867246,-0.0107,-0.1684,0
TXN-2024-1548,2024-09-24,Musharaka,Qishloq xo'jaligi,Toshkent,599,29,13.4,0.2935,3,0,4,Sanoat uskunasi,0.2894,1.761,0.1483,12,309535913,178127258,0.596,0.2131,0.6456,0.0823,0.342,1,0.1673,2,0,,0.1851,0.05,0.0328,0.25,0.1092,1.1252,0.8539,2062.7236,0.4243,0.7968,0.085,0.2672,0.0,0.3717,0.1524,0.6,178127258,16293108,-0.0192,0.0988,0
TXN-2022-1549,2022-06-07,Murabaha,Xizmat,Buxoro,748,37,13.0,0.4859,2,0,2,Boshqa,0.525,0.679,0.1412,36,53631785,201293588,0.4471,0.503,0.9008,0.2668,0.2408,0,0.3897,0,0,,0.07,0.0881,0.0641,0.25,0.099,0.892,0.7353,1422.0856,0.5076,1.9889,0.2551,0.2741,0.0,0.4436,0.055,0.45,201293588,4980509,-0.0073,0.1606,0
TXN-2023-1550,2023-02-06,Musharaka,Qishloq xo'jaligi,Samarqand,570,42,4.7,0.3172,2,0,3,Transport,0.3892,3.216,0.1953,48,278971151,95799919,0.6654,0.2899,0.588,0.2135,0.0621,0,0.3872,2,0,,0.3229,0.1048,0.047,0.1933,0.1126,0.9008,0.2,1460.8557,0.2756,0.603,0.1234,0.2511,0.0,0.4259,0.36,0.6,95799919,20692412,-0.0335,0.2022,1
TXN-2021-1551,2021-11-09,Sukuk,Qurilish,Namangan,790,39,6.2,0.7164,4,1,4,Transport,0.4562,2.588,0.094,48,111275537,175644898,0.8842,0.2928,0.8922,0.1097,0.2639,1,0.395,8,0,BBB,0.0604,0.0821,0.0496,0.1338,0.0409,1.0018,0.3959,1727.972,0.3736,1.5326,0.3268,0.1663,0.2499,0.5589,0.0091,0.28,175644898,447185,-0.0063,-0.5958,0
TXN-2024-1552,2024-11-07,Musharaka,Ishlab chiqarish,Toshkent,496,48,4.7,0.2862,0,0,4,Ko'chmas mulk,0.6366,1.28,0.2244,84,383305674,126183241,0.6863,0.5507,0.8706,0.1779,0.2058,1,0.4494,0,0,,0.2418,0.0666,0.0936,0.1726,0.0513,1.1043,0.7309,777.9364,0.3837,0.9244,0.1822,0.1456,0.0,0.5365,0.2054,0.6,126183241,15547431,-0.0251,0.3906,0
TXN-2023-1553,2023-08-30,Ijara,Savdo,Boshqa,681,42,0.5,0.2807,3,0,3,Boshqa,0.5976,3.205,0.1624,48,177524328,206891086,0.6287,0.2037,0.8079,0.2022,0.1312,1,0.3059,2,1,,0.1063,0.1084,0.0717,0.2424,0.0526,1.13,0.6258,1137.6225,0.3334,1.513,0.1677,0.2791,0.0,0.5385,0.0297,0.35,206891086,2147522,-0.011,0.3043,1
TXN-2021-1554,2021-05-18,Sukuk,Qishloq xo'jaligi,Boshqa,685,29,8.2,0.5252,1,1,3,Ko'chmas mulk,0.4442,0.259,0.0855,36,176525209,211876699,0.7639,0.3194,0.7751,0.3727,0.2582,1,0.407,4,0,A,0.0965,0.104,0.0751,0.25,0.078,1.0974,0.7729,1538.5682,0.6309,0.8769,0.2333,0.2789,0.999,0.2861,0.0255,0.28,211876699,1515215,-0.01,-0.4614,0
TXN-2021-1555,2021-07-06,Murabaha,Xizmat,Buxoro,577,59,4.2,0.3288,1,0,1,Ko'chmas mulk,0.6775,3.461,0.0685,60,121701638,186276406,0.739,0.3705,0.45,0.2103,0.0786,1,0.6923,4,0,,0.09,0.0942,0.0567,0.25,0.065,0.9664,0.2,850.4009,0.289,0.7526,0.2227,0.2874,0.0,0.32,0.2789,0.45,186276406,23379405,-0.0093,-0.6831,1
TXN-2021-1556,2021-06-24,Murabaha,Qishloq xo'jaligi,Toshkent,681,39,6.3,0.6061,3,0,1,Transport,0.608,2.309,0.113,24,273260912,179918837,0.716,0.2508,0.7223,0.1154,0.1088,1,0.707,4,0,,0.1285,0.1119,0.074,0.1033,0.0806,1.1511,0.7087,1118.3131,0.2242,0.8729,0.3685,0.1412,0.0,0.5604,0.2458,0.45,179918837,19903093,-0.0133,-0.1321,0
TXN-2021-1557,2021-07-10,Musharaka,Savdo,Buxoro,753,36,4.2,0.4627,2,0,2,Transport,0.4971,2.486,0.198,60,147197307,131797505,0.6896,0.3602,0.7197,0.1278,0.028,1,0.5634,3,0,,0.208,0.1176,0.0651,0.1735,0.0803,1.0864,0.3287,1511.7993,0.1559,0.9475,0.23,0.226,0.0,0.6075,0.1688,0.6,131797505,13350666,-0.0215,0.3269,0
TXN-2023-1558,2023-06-04,Murabaha,Savdo,Samarqand,456,47,4.1,0.5822,3,1,4,Ko'chmas mulk,0.7718,0.167,0.1465,36,237065319,451455428,0.8542,0.3576,0.7363,0.1468,0.2886,0,0.1011,2,0,,0.1023,0.096,0.0783,0.2388,0.0591,0.9166,0.5949,590.0758,0.4355,1.418,0.4493,0.2565,0.3332,0.4157,0.2134,0.45,451455428,43362000,-0.0106,0.1611,0
TXN-2021-1559,2021-07-17,Ijara,Ishlab chiqarish,Namangan,687,40,1.1,0.2991,2,0,5,Sanoat uskunasi,0.597,2.407,0.1465,24,201113939,324753540,0.4089,0.2853,0.6403,0.5,0.206,1,0.695,5,1,,0.0842,0.071,0.0433,0.244,0.0742,0.9157,0.5882,1148.8507,0.706,1.7181,0.1785,0.2718,0.0,0.1883,0.0422,0.35,324753540,4801740,-0.0087,0.1953,0
TXN-2023-1560,2023-02-03,Sukuk,Xizmat,Toshkent,433,41,2.0,0.3399,0,1,3,Transport,0.5714,1.704,0.1466,24,132322639,154285091,0.355,0.4469,0.9237,0.2447,0.2106,1,0.2383,1,0,A,0.0682,0.1061,0.0652,0.0941,0.0127,1.1244,0.3607,756.4482,0.4553,2.1171,0.1942,0.135,1000.0,0.5031,0.0694,0.28,154285091,2999248,-0.0071,0.2429,0
TXN-2021-1561,2021-09-24,Murabaha,Ishlab chiqarish,Buxoro,562,62,1.0,0.1842,2,0,1,Transport,0.8508,1.663,0.1485,120,193803951,270862027,0.8281,0.6,0.7692,0.1428,0.1893,1,0.4166,2,0,,0.132,0.101,0.036,0.25,0.081,0.921,0.6966,659.7635,0.3321,1.1164,0.1567,0.3151,0.0,0.5137,0.1766,0.45,270862027,21524580,-0.0137,0.1399,0
TXN-2024-1562,2024-02-14,Murabaha,Qurilish,Toshkent,783,35,1.3,0.3938,2,0,4,Ko'chmas mulk,0.4113,0.971,0.1237,48,171688471,613670915,0.5252,0.6,0.8755,0.1547,0.1766,0,0.47,0,0,,0.1556,0.0748,0.0446,0.25,0.0844,0.9582,0.8235,1898.9827,0.3313,0.79,0.162,0.2802,0.0,0.5855,0.0167,0.45,613670915,4604548,-0.0161,-0.0402,0
TXN-2021-1563,2021-05-03,Ijara,Qurilish,Samarqand,595,34,21.7,0.4289,2,0,5,Sanoat uskunasi,0.6803,0.019,0.0982,24,437991086,78858547,0.5812,0.3105,0.45,0.1875,0.1442,0,0.2608,1,1,,0.1331,0.0835,0.0579,0.25,0.0582,1.0942,0.7872,873.3348,0.3317,0.7324,0.2918,0.2756,0.0,0.3007,0.0813,0.35,78858547,2243319,-0.0138,-0.239,0
TXN-2024-1564,2024-04-16,Murabaha,Xizmat,Toshkent,545,39,1.0,0.6181,0,0,2,Ko'chmas mulk,0.4504,1.373,0.1325,24,483995801,91047040,0.5267,0.1752,0.9193,0.0315,0.0064,1,0.366,1,0,,0.1785,0.0909,0.0382,0.25,0.0852,1.0407,0.5268,1207.4676,0.0379,0.7383,0.2784,0.3027,0.0,0.8845,0.1397,0.45,91047040,5723595,-0.0185,0.0142,0
TXN-2024-1565,2024-02-25,Ijara,Savdo,Namangan,628,48,1.9,0.1837,2,0,3,Ko'chmas mulk,0.4032,1.281,0.1455,36,110880944,157621322,0.752,0.215,0.8026,0.08,0.1919,1,0.8964,1,1,,0.0829,0.0796,0.0501,0.25,0.0574,1.1098,0.8321,1553.7665,0.2718,1.7346,0.0741,0.2795,0.0,0.5844,0.0147,0.35,157621322,811037,-0.0086,0.1874,0
TXN-2024-1566,2024-02-25,Musharaka,Qurilish,Toshkent,820,22,5.4,0.4868,3,0,2,Sanoat uskunasi,0.5815,1.374,0.1438,12,274817242,184816571,0.4694,0.1472,0.6416,0.1583,0.2266,1,0.5372,1,0,,0.4,0.1088,0.0488,0.25,0.0305,1.0152,0.3849,1407.7279,0.3849,0.3585,0.2831,0.31,0.0,0.3946,0.3151,0.6,184816571,34944129,-0.0415,0.0344,1
TXN-2022-1567,2022-11-07,Ijara,Savdo,Samarqand,489,21,5.7,0.4665,2,0,2,Ko'chmas mulk,0.5383,2.367,0.1379,24,206834307,102108769,0.6633,0.6,0.9575,0.1772,0.1023,0,0.3133,0,1,,0.1009,0.1308,0.1,0.2271,0.0367,1.1066,0.3832,906.7046,0.2795,1.3534,0.2511,0.2579,0.0,0.6898,0.104,0.35,102108769,3717242,-0.0105,0.0782,0
TXN-2024-1568,2024-10-04,Murabaha,Qurilish,Buxoro,555,32,1.0,0.261,1,0,4,Ko'chmas mulk,0.6838,0.891,0.0966,60,144386821,243221727,0.7427,0.6,0.9421,0.0669,0.0622,1,0.806,0,0,,0.1316,0.0854,0.0448,0.25,0.0868,0.8515,0.7392,810.4285,0.1291,0.7287,0.1784,0.2907,0.0,0.8205,0.0421,0.45,243221727,4608474,-0.0136,-0.2537,1
TXN-2021-1569,2021-09-08,Musharaka,Qishloq xo'jaligi,Buxoro,772,21,9.5,0.4419,0,0,5,Sanoat uskunasi,0.8332,0.785,0.1789,60,267054482,140165029,0.66,0.5838,0.7453,0.053,0.175,1,0.2615,3,0,,0.307,0.1037,0.0469,0.25,0.0414,0.9971,0.582,925.4464,0.228,0.5807,0.3682,0.3068,0.0,0.5754,0.1146,0.6,140165029,9639527,-0.0318,0.1592,0
TXN-2023-1570,2023-04-22,Musharaka,Savdo,Buxoro,802,33,9.2,0.4769,0,0,4,Ko'chmas mulk,0.7001,1.722,0.087,120,324223453,318948304,0.7296,0.2498,0.6591,0.4247,0.073,1,0.3436,5,0,,0.238,0.1276,0.0501,0.25,0.0777,1.0549,0.4973,1143.8991,0.4977,0.3642,0.3339,0.3275,0.0,0.3311,0.1724,0.6,318948304,32983123,-0.0247,-0.1804,0
TXN-2022-1571,2022-12-26,Musharaka,Savdo,Namangan,636,43,1.6,0.3794,1,1,5,Ko'chmas mulk,0.4758,2.243,0.1459,12,50000000,92996981,0.6673,0.1939,0.8608,0.1637,0.1082,1,0.6377,2,0,,0.2589,0.1099,0.0714,0.25,0.0654,1.101,0.8592,1333.9316,0.2719,0.5616,0.1805,0.2886,0.999,0.6267,0.0826,0.6,92996981,4608278,-0.0268,0.0616,0
TXN-2024-1572,2024-09-24,Murabaha,Qurilish,Buxoro,539,29,2.0,0.206,2,0,3,Sanoat uskunasi,0.5679,2.094,0.1991,72,447124747,81318340,0.8629,0.5822,0.7572,0.3233,0.0923,1,0.6026,1,0,,0.127,0.1105,0.0729,0.1342,0.0691,0.9373,0.2126,947.5137,0.4156,1.5562,0.117,0.1718,0.0,0.4425,0.0893,0.45,81318340,3266957,-0.0132,0.5444,0
TXN-2023-1573,2023-05-17,Ijara,Qishloq xo'jaligi,Boshqa,823,23,16.7,0.6154,1,0,5,Tovar,0.6835,5.335,0.1278,36,374856349,129449721,0.2861,0.4052,0.7958,0.0234,0.0757,1,0.3675,1,1,,0.0871,0.1059,0.0713,0.25,0.0974,1.0465,0.4123,1202.3489,0.0992,1.4511,0.4206,0.2846,0.0,0.7169,0.0095,0.35,129449721,429004,-0.009,-0.0251,0
TXN-2021-1574,2021-04-16,Sukuk,Qurilish,Toshkent,780,38,10.5,0.65,0,0,3,Tovar,0.5265,3.665,0.0967,36,240858799,133539075,0.5528,0.6,0.7574,0.1019,0.1459,1,0.1281,3,0,AA,0.0793,0.1155,0.0408,0.1263,0.1182,1.0252,0.528,1478.6264,0.2479,1.2035,0.3422,0.201,0.0,0.5696,0.0134,0.28,133539075,502213,-0.0082,-0.4201,0
TXN-2022-1575,2022-08-13,Murabaha,Qishloq xo'jaligi,Samarqand,702,46,7.2,0.222,1,1,2,Transport,0.7796,0.134,0.1508,24,144502066,79280581,0.6849,0.3895,0.6134,0.3544,0.0164,1,0.1626,4,0,,0.0984,0.0904,0.0675,0.25,0.1091,0.9622,0.6487,899.358,0.3708,1.5169,0.173,0.2729,0.999,0.3859,0.1023,0.45,79280581,3651424,-0.0102,0.2115,0
TXN-2024-1576,2024-05-14,Murabaha,Savdo,Buxoro,575,21,0.5,0.0602,3,0,4,Transport,0.3784,2.072,0.1606,120,328210682,159856588,0.3975,0.05,0.8994,0.3135,0.2351,1,0.2733,3,0,,0.1159,0.0907,0.0339,0.1972,0.029,1.0928,0.6001,1515.5866,0.5486,1.3741,0.0228,0.254,0.0,0.406,0.0339,0.45,159856588,2441805,-0.012,0.2639,0
TXN-2022-1577,2022-10-02,Murabaha,Qurilish,Andijon,640,46,3.3,0.2454,0,0,3,Tovar,0.5696,1.352,0.153,120,165184778,93829175,0.2103,0.3508,0.7061,0.1434,0.1712,0,0.602,5,0,,0.1548,0.0885,0.0391,0.25,0.0864,1.0425,0.2715,1121.6181,0.3145,0.9818,0.1398,0.2994,0.0,0.484,0.0694,0.45,93829175,2928296,-0.016,0.1484,1
TXN-2022-1578,2022-12-22,Ijara,Savdo,Samarqand,631,46,4.9,0.4583,1,0,3,Ko'chmas mulk,0.722,1.12,0.1269,60,524246536,561080573,0.3082,0.1392,0.7298,0.1974,0.2021,0,0.6797,4,1,,0.1264,0.1278,0.0806,0.25,0.0512,1.0233,0.763,872.7834,0.3995,0.9955,0.3308,0.2972,0.0,0.4383,0.1037,0.35,561080573,20363316,-0.0131,-0.0249,0
TXN-2021-1579,2021-08-01,Musharaka,IT,Toshkent,673,47,1.2,0.5397,1,0,4,Ko'chmas mulk,0.4605,7.919,0.1202,12,419360797,142352102,0.9387,0.214,0.759,0.2318,0.212,0,0.1943,2,0,,0.1339,0.0989,0.0672,0.25,0.0849,0.9299,0.5235,1458.2066,0.4437,0.8907,0.2485,0.2817,0.0,0.4222,0.1316,0.6,142352102,11237731,-0.0139,-0.0735,0
TXN-2024-1580,2024-03-29,Musharaka,Xizmat,Toshkent,768,50,3.6,0.2569,2,1,3,Sanoat uskunasi,0.5904,1.526,0.0913,60,247580898,192067133,0.5882,0.4631,0.7771,0.4348,0.1205,1,0.5291,3,0,,0.2648,0.1214,0.0288,0.25,0.0432,1.1081,0.3847,1298.5208,0.5553,0.3434,0.1517,0.3426,0.4998,0.3456,0.2131,0.6,192067133,24554906,-0.0274,-0.1463,0
TXN-2023-1581,2023-11-06,Murabaha,Xizmat,Toshkent,719,60,5.5,0.3401,2,0,4,Transport,0.7851,3.177,0.1691,48,150933338,62035935,0.5961,0.3131,0.619,0.1457,0.13,1,0.3338,1,0,,0.1207,0.116,0.0901,0.25,0.0193,1.0367,0.4275,914.6949,0.2757,1.3888,0.267,0.2759,0.0,0.4484,0.0571,0.45,62035935,1595249,-0.0125,0.3235,0
TXN-2022-1582,2022-03-12,Murabaha,Qishloq xo'jaligi,Toshkent,553,34,2.4,0.3732,1,0,3,Sanoat uskunasi,0.5349,8.535,0.0877,24,329552489,218134276,0.4151,0.1341,0.9065,0.0805,0.2808,1,0.3261,6,0,,0.0992,0.0882,0.0674,0.1228,0.0877,0.9004,0.7563,1031.9638,0.3613,0.8749,0.1996,0.1437,0.0,0.579,0.0637,0.45,218134276,6253869,-0.0103,-0.4269,0
TXN-2021-1583,2021-11-13,Musharaka,Savdo,Buxoro,762,39,9.1,0.5486,1,0,4,Ko'chmas mulk,0.3127,0.409,0.2019,24,393589539,84434581,0.617,0.4323,0.875,0.1177,0.1442,1,0.401,3,0,,0.2098,0.0969,0.0347,0.25,0.0745,1.1691,0.5995,2429.2127,0.2619,0.958,0.1715,0.3122,0.0,0.6458,0.0484,0.6,84434581,2452580,-0.0217,0.3428,0
TXN-2024-1584,2024-09-06,Musharaka,Xizmat,Toshkent,671,33,11.0,0.363,1,0,3,Ko'chmas mulk,0.6867,0.14,0.2405,48,200229301,281385336,0.3967,0.3768,0.8908,0.1181,0.175,1,0.3077,1,0,,0.2286,0.117,0.0464,0.25,0.0495,0.896,0.3806,975.7688,0.2931,1.0471,0.2492,0.3206,0.0,0.6298,0.2214,0.6,281385336,37385659,-0.0237,0.4831,1
TXN-2023-1585,2023-09-15,Sukuk,Savdo,Samarqand,703,38,2.3,0.448,0,1,4,Moliyaviy aktiv,0.5174,0.941,0.0742,60,313197915,50490416,0.8215,0.4932,0.9362,0.1014,0.0708,1,0.7362,3,0,BBB,0.0863,0.1169,0.0797,0.1248,0.1153,1.0077,0.6103,1356.2094,0.1722,0.8504,0.2318,0.162,1000.0,0.775,0.0048,0.28,50490416,68391,-0.0089,-0.6461,0
TXN-2022-1586,2022-04-05,Murabaha,Ishlab chiqarish,Toshkent,769,53,10.9,0.4844,2,2,1,Transport,0.7878,0.114,0.1137,60,183458126,145150449,0.4013,0.393,0.6328,0.2234,0.2522,1,0.6324,5,0,,0.1033,0.0975,0.0839,0.25,0.0347,0.9225,0.5396,974.8768,0.4755,1.091,0.3817,0.2636,0.9995,0.3319,0.2106,0.45,145150449,13756004,-0.0107,-0.1574,1
TXN-2021-1587,2021-08-10,Ijara,IT,Toshkent,550,24,0.7,0.343,0,0,4,Sanoat uskunasi,0.5731,0.31,0.1154,36,86038353,305818153,0.1923,0.5564,0.8743,0.1765,0.0789,0,0.472,5,1,,0.1099,0.1246,0.0313,0.25,0.1113,0.9594,0.6353,958.0575,0.2554,1.0401,0.1966,0.3434,0.0,0.651,0.0516,0.35,305818153,5525143,-0.0114,-0.1328,1
TXN-2022-1588,2022-12-19,Murabaha,Savdo,Samarqand,641,29,10.9,0.614,2,0,4,Ko'chmas mulk,0.6733,11.982,0.1045,36,90217202,167827156,0.5936,0.175,0.9258,0.3108,0.2729,1,0.3605,3,0,,0.1351,0.0667,0.0528,0.25,0.0518,0.8866,0.7756,950.607,0.5837,0.7679,0.4134,0.2639,0.0,0.3854,0.0662,0.45,167827156,5003132,-0.014,-0.1886,0
TXN-2024-1589,2024-02-14,Musharaka,Savdo,Boshqa,599,51,1.0,0.4979,1,0,3,Ko'chmas mulk,0.8967,8.058,0.1258,48,268709826,134562842,0.8239,0.5653,0.7901,0.3817,0.0828,1,0.3018,2,0,,0.2592,0.0932,0.0511,0.0885,0.0853,1.1277,0.5336,667.2374,0.4645,0.4836,0.4465,0.1306,0.0,0.4231,0.367,0.6,134562842,29634400,-0.0269,-0.0161,0
TXN-2023-1590,2023-01-23,Ijara,Xizmat,Samarqand,511,48,0.5,0.2733,2,0,3,Ko'chmas mulk,0.4718,2.938,0.104,60,610290136,378355564,0.7987,0.203,0.8541,0.064,0.2374,1,0.3283,3,1,,0.0953,0.0925,0.0326,0.25,0.049,1.0791,0.5391,1080.7669,0.3014,1.0796,0.1289,0.31,0.0,0.5967,0.0608,0.35,378355564,8046411,-0.0099,-0.2727,0
TXN-2021-1591,2021-08-24,Ijara,Ishlab chiqarish,Toshkent,674,34,6.2,0.5761,1,1,3,Transport,0.708,3.496,0.0969,24,136961229,83530684,0.2606,0.4698,0.6888,0.1195,0.4,1,0.2857,3,1,,0.0961,0.0921,0.0507,0.25,0.0743,1.0872,0.6912,950.6988,0.5195,0.998,0.4078,0.2914,0.999,0.3309,0.1374,0.35,83530684,4016870,-0.01,-0.3447,0
TXN-2022-1592,2022-07-25,Sukuk,Savdo,Toshkent,850,46,3.8,0.3931,1,0,4,Boshqa,0.7543,0.378,0.1122,48,150978281,65401645,0.5767,0.5867,0.8728,0.4036,0.0048,1,0.3882,1,0,AA,0.0785,0.131,0.039,0.25,0.0636,0.9985,0.3683,1125.3406,0.4083,1.411,0.2966,0.3419,0.0,0.5164,0.009,0.28,65401645,165011,-0.0081,-0.2273,0
TXN-2024-1593,2024-03-21,Murabaha,Qurilish,Namangan,488,41,14.3,0.4212,1,0,4,Tovar,0.8186,2.261,0.1431,36,293013040,71478996,0.4923,0.6,0.7409,0.2107,0.3757,1,0.0992,2,0,,0.1495,0.1081,0.0699,0.25,0.0782,1.072,0.6429,595.4309,0.5864,0.9513,0.3448,0.2883,0.0,0.3064,0.2228,0.45,71478996,7165374,-0.0155,0.0878,0
TXN-2022-1594,2022-04-09,Murabaha,Ishlab chiqarish,Samarqand,642,53,2.7,0.1703,1,0,3,Sanoat uskunasi,0.5263,0.419,0.0821,36,250169611,73406267,0.7309,0.6,0.6876,0.0413,0.3473,1,0.336,2,0,,0.1168,0.0973,0.0633,0.25,0.098,0.9601,0.7734,1217.4941,0.3886,0.6971,0.0896,0.284,0.0,0.4204,0.0783,0.45,73406267,2585233,-0.0121,-0.4097,0
TXN-2023-1595,2023-05-29,Ijara,IT,Boshqa,699,38,2.0,0.719,1,0,4,Tovar,0.6715,1.189,0.1718,12,290433943,198526386,0.676,0.4855,0.7286,0.1919,0.0566,1,0.232,2,1,,0.1012,0.0728,0.0869,0.2342,0.0432,1.1464,0.37,1039.3982,0.2485,1.682,0.4828,0.2201,0.0,0.5476,0.047,0.35,198526386,3267784,-0.0105,0.4135,0
TXN-2024-1596,2024-02-23,Musharaka,Savdo,Toshkent,655,48,4.2,0.3703,3,1,5,Sanoat uskunasi,0.8372,1.059,0.1621,48,333860817,120202485,0.2354,0.1959,0.8144,0.2694,0.1471,1,0.1344,3,0,,0.2104,0.14,0.0986,0.25,0.0426,1.0916,0.5496,781.3992,0.4165,0.7667,0.31,0.2914,0.3332,0.4752,0.1798,0.6,120202485,12964889,-0.0218,0.1525,1
TXN-2024-1597,2024-06-27,Murabaha,Qurilish,Toshkent,635,64,3.7,0.3108,0,0,1,Transport,0.3976,2.38,0.1372,12,242031726,295438000,0.379,0.3579,0.6907,0.3113,0.1347,1,0.4109,3,0,,0.0923,0.0954,0.0665,0.0993,0.0885,1.1329,0.7041,1593.2366,0.446,1.4706,0.1235,0.1282,0.0,0.3827,0.1474,0.45,295438000,19600795,-0.0096,0.0783,0
TXN-2024-1598,2024-06-10,Murabaha,Qurilish,Toshkent,534,43,2.5,0.2607,1,0,3,Ko'chmas mulk,0.5555,0.208,0.1191,72,265627217,204866509,0.7104,0.5042,0.6477,0.1668,0.3859,1,0.4244,2,0,,0.1026,0.0666,0.0476,0.25,0.0542,1.1867,0.5651,959.5898,0.5527,1.1491,0.1448,0.2691,0.0,0.2897,0.1124,0.45,204866509,10365313,-0.0106,-0.1065,0
TXN-2024-1599,2024-10-14,Murabaha,Qishloq xo'jaligi,Namangan,664,38,7.1,0.496,2,0,4,Sanoat uskunasi,0.95,0.273,0.1396,48,124451778,191641350,0.76,0.531,0.7455,0.2843,0.1466,1,0.0549,4,0,,0.1539,0.0992,0.0666,0.25,0.0812,0.9504,0.4438,698.2124,0.431,0.9011,0.4712,0.2827,0.0,0.4243,0.1155,0.45,191641350,9963189,-0.0159,0.0621,0
TXN-2024-1600,2024-08-09,Sukuk,Qishloq xo'jaligi,Toshkent,580,45,8.6,0.3518,4,1,4,Ko'chmas mulk,0.5615,2.354,0.0773,120,190387598,44015588,0.8877,0.1176,0.4719,0.3264,0.2114,1,0.6195,1,0,A,0.0801,0.1193,0.0588,0.25,0.0856,0.9448,0.4792,1031.0206,0.5378,0.9539,0.1976,0.3105,0.2499,0.2181,0.0378,0.28,44015588,465589,-0.0083,-0.6576,0
TXN-2024-1601,2024-02-15,Murabaha,Ishlab chiqarish,Namangan,458,34,11.5,0.0883,4,1,1,Transport,0.6479,2.527,0.0859,24,521784035,221566949,0.6776,0.1442,0.8598,0.1708,0.2234,1,0.3654,1,0,,0.1031,0.0596,0.0768,0.25,0.0085,0.9409,0.5047,705.81,0.3942,0.8249,0.0572,0.2328,0.2499,0.5209,0.1879,0.45,221566949,18737957,-0.0107,-0.4281,0
TXN-2021-1602,2021-02-23,Murabaha,Savdo,Buxoro,746,61,21.6,0.2997,0,1,3,Tovar,0.5944,1.038,0.1267,48,324673633,355890142,0.5375,0.2898,0.7083,0.1689,0.309,1,0.0951,0,0,,0.1307,0.0891,0.0879,0.2006,0.0759,1.0499,0.4822,1252.8453,0.4778,0.9618,0.1781,0.2018,1000.0,0.3699,0.0668,0.45,355890142,10705586,-0.0135,-0.0252,0
TXN-2024-1603,2024-06-01,Murabaha,Qishloq xo'jaligi,Buxoro,726,39,1.9,0.5571,8,0,2,Ko'chmas mulk,0.8396,0.397,0.1974,84,289290068,159560714,0.6764,0.3594,0.8179,0.1488,0.0595,0,0.5466,3,0,,0.0855,0.083,0.0711,0.25,0.0436,0.9699,0.503,863.7111,0.2083,2.282,0.4677,0.2619,0.0,0.6475,0.1223,0.45,159560714,8779750,-0.0089,0.788,1
TXN-2024-1604,2024-09-09,Murabaha,Qishloq xo'jaligi,Toshkent,649,35,7.6,0.5023,1,0,4,Ko'chmas mulk,0.6749,5.431,0.1625,24,144973250,75438709,0.4606,0.541,0.6727,0.4844,0.0972,1,0.2879,1,0,,0.0855,0.1073,0.029,0.25,0.0952,0.9542,0.8932,960.1524,0.5816,1.8791,0.339,0.3283,0.0,0.2814,0.1374,0.45,75438709,4665901,-0.0089,0.3804,0
TXN-2024-1605,2024-11-21,Murabaha,Qishloq xo'jaligi,Buxoro,664,29,3.0,0.3027,0,2,4,Ko'chmas mulk,0.3734,0.136,0.1887,12,151023116,50069230,0.8481,0.6,0.7536,0.1434,0.1163,1,0.2259,1,0,,0.1176,0.0912,0.0347,0.25,0.0515,1.0357,0.3316,1773.5251,0.2597,1.591,0.113,0.3065,2000.0,0.5579,0.022,0.45,50069230,496169,-0.0122,0.4992,0
TXN-2022-1606,2022-07-02,Musharaka,Xizmat,Toshkent,736,48,6.8,0.72,0,2,2,Sanoat uskunasi,0.7123,3.159,0.1455,48,128430109,298026004,0.6606,0.3771,0.7157,0.0583,0.1345,0,0.2016,4,0,,0.3173,0.1349,0.0747,0.2395,0.0757,0.9305,0.6201,1031.7849,0.1928,0.4571,0.5129,0.2997,2000.0,0.5777,0.3875,0.6,298026004,69299336,-0.0329,0.0488,0
TXN-2021-1607,2021-03-01,Murabaha,Ishlab chiqarish,Buxoro,664,46,3.9,0.2397,0,0,3,Ko'chmas mulk,0.8581,0.377,0.1073,36,81361161,159410634,0.7245,0.267,0.7901,0.2561,0.2044,1,0.297,3,0,,0.1479,0.1379,0.06,0.25,0.0452,1.1159,0.7538,772.8623,0.4606,0.721,0.2057,0.328,0.0,0.4262,0.0881,0.45,159410634,6322722,-0.0153,-0.1532,0
TXN-2022-1608,2022-01-05,Ijara,Ishlab chiqarish,Boshqa,721,33,30.0,0.2139,0,0,3,Transport,0.8954,2.536,0.1045,24,208206235,57302114,0.7126,0.4022,0.7983,0.0903,0.1259,1,0.4365,7,1,,0.0882,0.1118,0.05,0.1018,0.0712,0.8,0.6831,804.3315,0.2162,1.1716,0.1915,0.1637,0.0,0.6257,0.0263,0.35,57302114,527939,-0.0091,-0.2885,0
TXN-2022-1609,2022-07-14,Murabaha,Xizmat,Toshkent,619,43,7.8,0.2069,3,1,5,Ko'chmas mulk,0.7701,2.724,0.1606,120,193692722,193907391,0.7209,0.6,0.8538,0.1055,0.058,0,0.557,3,0,,0.1099,0.1179,0.0127,0.1126,0.0423,0.9501,0.7117,802.7488,0.1635,1.4471,0.1593,0.2178,0.3332,0.7142,0.0201,0.45,193907391,1755565,-0.0114,0.2778,0
TXN-2024-1610,2024-12-10,Musharaka,IT,Boshqa,756,22,18.3,0.2949,1,0,3,Transport,0.4036,4.077,0.2412,60,273385324,146172479,0.5981,0.6,0.5737,0.096,0.0374,1,0.3342,1,0,,0.2843,0.1234,0.0569,0.1544,0.0682,0.9832,0.3425,1868.7017,0.1333,0.8455,0.119,0.2209,0.0,0.4972,0.1057,0.6,146172479,9268891,-0.0295,0.3912,0
TXN-2022-1611,2022-09-25,Sukuk,Qishloq xo'jaligi,Toshkent,672,39,10.8,0.4825,3,0,4,Ko'chmas mulk,0.7176,1.256,0.0931,36,455533848,451461749,0.2961,0.4129,0.7938,0.2703,0.0737,1,0.3778,2,0,AAA,0.0784,0.0798,0.0746,0.25,0.0597,1.084,0.2184,935.1045,0.344,1.1729,0.3462,0.2551,0.0,0.5207,0.0226,0.28,451461749,2862204,-0.0081,-0.4709,0
TXN-2022-1612,2022-11-27,Ijara,Savdo,Toshkent,661,42,14.0,0.3311,2,0,4,Boshqa,0.5657,0.055,0.0779,12,168029280,84469417,0.5655,0.5274,0.6937,0.1974,0.1151,1,0.229,1,1,,0.1046,0.088,0.0732,0.2245,0.0869,0.9887,0.7048,1166.4092,0.3126,0.7375,0.1873,0.2393,0.0,0.4769,0.0287,0.35,84469417,849451,-0.0108,-0.4984,0
TXN-2022-1613,2022-12-20,Musharaka,Ishlab chiqarish,Samarqand,537,55,10.1,0.384,1,1,5,Transport,0.1876,4.166,0.2384,24,517733554,192662872,0.4447,0.3957,0.6841,0.1495,0.0632,1,0.205,3,0,,0.2355,0.0787,0.0495,0.25,0.0292,1.25,0.4452,2847.3017,0.2127,1.0083,0.072,0.2792,0.999,0.5386,0.0779,0.6,192662872,9009619,-0.0244,0.4605,0
TXN-2021-1614,2021-01-13,Murabaha,IT,Toshkent,669,30,3.7,0.1819,3,0,4,Tovar,0.6415,1.468,0.1844,24,333195029,340496790,0.7562,0.6,0.6835,0.2057,0.0009,1,0.4755,4,0,,0.1039,0.086,0.054,0.25,0.0953,1.0726,0.8685,1041.1911,0.2066,1.7583,0.1167,0.282,0.0,0.5423,0.0473,0.45,340496790,7243430,-0.0108,0.5236,0
TXN-2022-1615,2022-01-07,Murabaha,Qishloq xo'jaligi,Buxoro,574,25,1.7,0.6207,0,1,3,Sanoat uskunasi,0.2465,4.695,0.1605,36,574314635,205004758,0.4937,0.244,0.688,0.2383,0.1683,1,0.3961,2,0,,0.15,0.115,0.0427,0.1933,0.109,0.9869,0.6518,2319.2757,0.4065,1.0626,0.153,0.2656,1000.0,0.4083,0.1253,0.45,205004758,11562932,-0.0155,0.203,0
TXN-2021-1616,2021-10-21,Ijara,Ishlab chiqarish,Toshkent,590,29,2.8,0.5996,1,0,5,Transport,0.5413,3.74,0.1629,36,123523289,132961888,0.5949,0.2896,0.944,0.1244,0.0847,1,0.544,4,1,,0.1015,0.1009,0.0486,0.1436,0.0737,1.0324,0.7558,1087.958,0.2091,1.5894,0.3246,0.1959,0.0,0.7466,0.0146,0.35,132961888,678367,-0.0105,0.3238,0
TXN-2024-1617,2024-03-05,Sukuk,Ishlab chiqarish,Namangan,575,24,0.5,0.3608,3,0,4,Ko'chmas mulk,0.732,1.724,0.0521,12,494594033,117197253,0.621,0.3094,0.8738,0.1906,0.1596,1,0.4273,3,0,A,0.0643,0.14,0.0675,0.1393,0.0366,0.9871,0.5141,784.4028,0.3502,0.7984,0.2641,0.2118,0.0,0.5678,0.027,0.28,117197253,885634,-0.0067,-1.212,0
TXN-2024-1618,2024-09-08,Ijara,Ishlab chiqarish,Toshkent,554,51,4.5,0.3951,4,0,4,Transport,0.5644,12.0,0.0923,84,163234057,119288915,0.4473,0.4114,0.7799,0.0935,0.0708,1,0.4131,4,1,,0.1108,0.0981,0.0688,0.25,0.0494,0.9978,0.5069,979.8119,0.1643,0.8259,0.223,0.2793,0.0,0.6518,0.0558,0.35,119288915,2328751,-0.0115,-0.3404,0
TXN-2023-1619,2023-04-01,Musharaka,Ishlab chiqarish,Andijon,825,53,4.2,0.4286,1,2,2,Sanoat uskunasi,0.5364,1.55,0.1812,36,151830144,104056490,0.8202,0.3216,0.5259,0.0529,0.0154,1,0.1787,3,0,,0.1965,0.0895,0.0924,0.25,0.0464,1.0735,0.5589,1535.0871,0.0682,0.9176,0.2299,0.2471,1.998,0.49,0.1287,0.6,104056490,8032472,-0.0204,0.2607,0
TXN-2021-1620,2021-05-23,Ijara,Xizmat,Andijon,758,41,4.5,0.498,1,0,1,Transport,0.2552,2.981,0.0883,12,236176038,90878076,0.571,0.326,0.8486,0.2702,0.0494,1,0.3386,0,0,,0.0947,0.0875,0.0742,0.25,0.0747,1.1122,0.4739,2958.535,0.3197,0.9228,0.1271,0.2633,0.0,0.5773,0.0351,0.35,90878076,1115372,-0.0098,-0.4408,0
TXN-2021-1621,2021-10-18,Musharaka,Qishloq xo'jaligi,Toshkent,808,50,21.9,0.4694,3,0,4,Ko'chmas mulk,0.7754,2.77,0.235,48,147066504,328939820,0.3869,0.5893,0.8169,0.1909,0.1818,1,0.1837,1,0,,0.2925,0.1021,0.0613,0.195,0.0705,0.8987,0.5196,1040.6969,0.3728,0.8007,0.364,0.2357,0.0,0.5124,0.1337,0.6,328939820,26379977,-0.0303,0.359,0
TXN-2024-1622,2024-07-20,Murabaha,Qurilish,Toshkent,541,39,14.5,0.4075,2,1,5,Ko'chmas mulk,0.6191,1.825,0.093,12,316569386,309246209,0.6834,0.4638,0.704,0.2975,0.1486,0,0.1218,1,0,,0.0983,0.0649,0.0352,0.25,0.0968,0.9261,0.641,872.4551,0.4461,0.9362,0.2523,0.2797,0.4998,0.39,0.0718,0.45,309246209,9995601,-0.0102,-0.3769,0
TXN-2021-1623,2021-03-04,Musharaka,Savdo,Toshkent,651,37,1.1,0.3562,0,0,4,Ko'chmas mulk,0.651,2.201,0.2607,48,405307416,247033403,0.7785,0.1681,0.9187,0.1033,0.0159,1,0.2422,5,0,,0.2063,0.066,0.0335,0.1823,0.0623,1.0429,0.8406,998.4435,0.1192,1.2577,0.2319,0.2148,0.0,0.8092,0.0686,0.6,247033403,10170237,-0.0214,0.6335,0
TXN-2021-1624,2021-07-07,Sukuk,Xizmat,Namangan,535,34,2.8,0.2627,2,1,5,Ko'chmas mulk,0.3665,4.006,0.0788,48,329089249,173313251,0.7243,0.6,0.8291,0.07,0.2737,1,0.2783,1,0,A,0.1079,0.1041,0.0601,0.1626,0.0362,1.0343,0.5887,1455.9237,0.3437,0.7235,0.0963,0.2066,0.4998,0.5442,0.0115,0.28,173313251,559065,-0.0112,-0.4747,0
TXN-2023-1625,2023-12-23,Murabaha,Savdo,Samarqand,585,34,3.3,0.4324,0,0,4,Moliyaviy aktiv,0.3328,2.119,0.196,120,236561166,169276274,0.7458,0.3171,0.827,0.2231,0.1776,1,0.6717,5,0,,0.1073,0.1111,0.0812,0.2104,0.0399,1.0356,0.6108,1752.5062,0.4007,1.8097,0.1439,0.2403,0.0,0.4956,0.0388,0.45,169276274,2955175,-0.0111,0.6149,0
TXN-2022-1626,2022-03-17,Ijara,Savdo,Andijon,566,22,2.7,0.354,0,0,3,Ko'chmas mulk,0.8102,1.495,0.0953,36,496558216,49628524,0.7275,0.5133,0.7342,0.1365,0.0713,1,0.1873,0,1,,0.0819,0.082,0.0337,0.25,0.0545,1.083,0.5355,697.7342,0.2077,1.1494,0.2868,0.2983,0.0,0.5817,0.0661,0.35,49628524,1147480,-0.0085,-0.424,0
TXN-2023-1627,2023-02-10,Murabaha,Ishlab chiqarish,Toshkent,750,40,9.6,0.41,5,0,4,Transport,0.5532,2.712,0.0455,24,316407037,241669429,0.3535,0.4921,0.8879,0.047,0.1213,1,0.4816,2,0,,0.1373,0.109,0.0625,0.1793,0.0635,1.0714,0.5859,1353.3352,0.1684,0.3288,0.2268,0.2257,0.0,0.7384,0.0317,0.45,241669429,3443726,-0.0142,-0.6152,0
TXN-2023-1628,2023-05-10,Musharaka,Qurilish,Samarqand,611,37,4.5,0.2011,2,2,4,Sanoat uskunasi,0.6253,0.09,0.1885,12,224279228,149738790,0.7465,0.3313,0.916,0.2105,0.2565,1,0.2707,0,0,,0.231,0.0649,0.0815,0.228,0.0514,1.129,0.5703,975.6075,0.467,0.8123,0.1257,0.2114,0.9995,0.4882,0.1264,0.6,149738790,11358810,-0.0239,0.2531,0
TXN-2023-1629,2023-07-19,Murabaha,Qurilish,Toshkent,735,45,5.1,0.3426,1,0,4,Tovar,0.506,0.289,0.1672,12,226654230,64208233,0.8096,0.4469,0.7638,0.1582,0.0225,1,0.4816,4,0,,0.1797,0.099,0.0531,0.25,0.0849,1.1085,0.4079,1449.809,0.1807,0.9258,0.1733,0.2959,0.0,0.6258,0.0259,0.45,64208233,749022,-0.0186,0.2073,0
TXN-2022-1630,2022-11-30,Musharaka,Qurilish,Toshkent,696,38,11.5,0.2981,1,1,5,Transport,0.5287,0.335,0.1177,60,143949054,309166339,0.4275,0.5764,0.7968,0.3427,0.0291,1,0.5126,1,0,,0.2175,0.0658,0.0692,0.25,0.0728,1.0293,0.4476,1313.8703,0.3718,0.5389,0.1576,0.2466,0.999,0.5006,0.0785,0.6,309166339,14566962,-0.0225,-0.0564,0
TXN-2021-1631,2021-11-19,Ijara,Xizmat,Andijon,840,36,9.8,0.5085,2,0,3,Ko'chmas mulk,0.5067,1.387,0.1676,48,137216126,132532084,0.7046,0.6,0.7612,0.1476,0.2058,1,0.4129,5,1,,0.0965,0.1036,0.0722,0.25,0.034,1.053,0.7541,1654.49,0.3534,1.7189,0.2576,0.2814,0.0,0.4922,0.0204,0.35,132532084,946476,-0.01,0.3892,0
TXN-2023-1632,2023-01-28,Murabaha,Qishloq xo'jaligi,Toshkent,519,29,0.9,0.4338,3,0,1,Ko'chmas mulk,0.7667,5.135,0.1947,84,186240994,250833020,0.529,0.4321,0.886,0.1361,0.0144,1,0.5775,1,0,,0.1351,0.0994,0.0563,0.0832,0.0385,1.0417,0.9001,676.0202,0.1505,1.4308,0.3326,0.1264,0.0,0.7526,0.3247,0.45,250833020,36650875,-0.014,0.4791,0
TXN-2022-1633,2022-10-01,Ijara,Savdo,Toshkent,752,38,7.5,0.2983,1,0,5,Transport,0.7874,2.577,0.1147,36,130104622,201832595,0.7653,0.4019,0.7774,0.0824,0.1534,1,0.4582,3,1,,0.0812,0.1058,0.0943,0.25,0.1284,1.0333,0.7728,953.8296,0.2358,1.3953,0.2349,0.2615,0.0,0.5941,0.0123,0.35,201832595,871423,-0.0084,-0.1884,0
TXN-2022-1634,2022-10-27,Ijara,IT,Andijon,742,45,3.4,0.3138,3,1,2,Transport,0.4836,8.995,0.1296,60,122723334,78708686,0.4897,0.6,0.7106,0.0315,0.244,1,0.4861,2,1,,0.1014,0.0835,0.0703,0.0923,0.0926,1.05,0.7255,1531.0222,0.2756,1.2647,0.1518,0.1055,0.3332,0.5148,0.0301,0.35,78708686,829675,-0.0105,-0.0044,0
TXN-2024-1635,2024-03-08,Sukuk,Ishlab chiqarish,Samarqand,562,26,2.1,0.4559,4,0,4,Ko'chmas mulk,0.7053,0.102,0.1004,12,141147935,250250909,0.4081,0.3583,0.8961,0.1032,0.18,1,0.3093,1,0,A,0.0816,0.079,0.0691,0.2031,0.0753,1.0329,0.4309,795.6711,0.2832,1.2156,0.3216,0.213,0.0,0.6423,0.0201,0.28,250250909,1411241,-0.0085,-0.3629,0
TXN-2024-1636,2024-05-06,Murabaha,Ishlab chiqarish,Andijon,730,38,0.5,0.4291,1,0,5,Ko'chmas mulk,0.6636,3.2,0.1662,72,466311916,92992442,0.4694,0.3036,0.7874,0.1807,0.0382,1,0.423,1,0,,0.092,0.114,0.0455,0.1502,0.0359,1.0142,0.5627,1098.471,0.2189,1.7882,0.2847,0.2187,0.0,0.615,0.0251,0.45,92992442,1051413,-0.0095,0.3939,0
TXN-2021-1637,2021-06-23,Murabaha,Ishlab chiqarish,Toshkent,673,40,4.0,0.398,2,1,3,Moliyaviy aktiv,0.6193,0.943,0.1741,12,150635068,46296399,0.3253,0.3855,0.7353,0.1749,0.3779,1,0.3065,2,0,,0.1119,0.1334,0.0791,0.1448,0.0449,1.0808,0.7017,1084.9497,0.5528,1.5411,0.2465,0.1991,0.4998,0.3288,0.1161,0.45,46296399,2417787,-0.0116,0.3935,0
TXN-2021-1638,2021-04-18,Murabaha,IT,Buxoro,625,30,2.6,0.4571,3,0,5,Ko'chmas mulk,0.4177,0.059,0.0737,60,401381590,249666538,0.7482,0.5603,0.8765,0.415,0.0452,1,0.4725,4,0,,0.109,0.0821,0.0571,0.25,0.0596,0.9381,0.539,1492.6016,0.4602,0.6703,0.1909,0.2749,0.0,0.4732,0.0318,0.45,249666538,3567877,-0.0113,-0.516,0
TXN-2021-1639,2021-11-15,Sukuk,Qishloq xo'jaligi,Toshkent,574,32,1.7,0.5585,3,0,3,Transport,0.409,4.371,0.1419,36,166635579,170764696,0.5783,0.562,0.834,0.1368,0.2138,1,0.5497,0,0,A,0.0742,0.0982,0.0507,0.25,0.0798,0.9222,0.5215,1400.1459,0.3505,1.8881,0.2284,0.2975,0.0,0.5416,0.0221,0.28,170764696,1054650,-0.0077,0.1607,0
TXN-2021-1640,2021-11-19,Sukuk,IT,Toshkent,583,40,7.1,0.331,0,0,4,Boshqa,0.416,0.444,0.1297,24,274138528,160554496,0.2481,0.3323,0.9052,0.0525,0.1702,1,0.2698,2,0,AA,0.0717,0.1388,0.01,0.25,0.096,1.2143,0.5624,1398.1317,0.2228,1.7843,0.1377,0.3788,0.0,0.7035,0.0119,0.28,160554496,532844,-0.0074,-0.0045,0
TXN-2024-1641,2024-06-19,Musharaka,Qishloq xo'jaligi,Samarqand,819,26,8.8,0.2469,2,0,2,Sanoat uskunasi,0.3716,0.602,0.1172,48,150155491,251993483,0.6482,0.5875,0.7193,0.1433,0.0453,1,0.2094,2,0,,0.2147,0.1068,0.0588,0.25,0.0523,1.0456,0.7214,2198.0572,0.1887,0.5434,0.0918,0.298,0.0,0.5836,0.0737,0.6,251993483,11140332,-0.0223,-0.0595,0
TXN-2021-1642,2021-04-12,Ijara,Xizmat,Buxoro,645,41,1.7,0.4844,3,0,4,Transport,0.9341,1.041,0.1636,72,275252749,66504339,0.4473,0.5557,0.9142,0.2725,0.0491,1,0.3637,1,1,,0.1291,0.1389,0.0615,0.25,0.0869,1.0469,0.5439,689.7535,0.3216,1.2571,0.4525,0.3275,0.0,0.6203,0.0997,0.35,66504339,2320810,-0.0134,0.2599,1
TXN-2024-1643,2024-10-12,Musharaka,Xizmat,Namangan,711,29,0.5,0.3489,2,1,4,Ko'chmas mulk,0.5008,3.882,0.2947,60,959634840,76227348,0.8519,0.3342,0.8208,0.1367,0.1026,1,0.3216,3,0,,0.3093,0.104,0.0804,0.1783,0.1085,1.0333,0.3292,1416.8308,0.2394,0.9495,0.1747,0.202,0.4998,0.6243,0.0657,0.6,76227348,3004936,-0.0321,0.5323,0
TXN-2021-1644,2021-06-17,Musharaka,Ishlab chiqarish,Namangan,577,48,11.3,0.4862,1,0,4,Boshqa,0.4433,2.449,0.0771,36,160985616,68124527,0.7815,0.6,0.9322,0.3567,0.1036,1,0.457,4,0,,0.2849,0.0897,0.067,0.25,0.0793,1.0898,0.4199,1298.5428,0.4603,0.2697,0.2156,0.2727,0.0,0.5031,0.1554,0.6,68124527,6353304,-0.0295,-0.1856,0
TXN-2022-1645,2022-07-12,Murabaha,Savdo,Samarqand,578,61,0.5,0.5356,2,0,4,Ko'chmas mulk,0.8313,0.769,0.1675,36,205160694,106644843,0.8266,0.5666,0.8011,0.3251,0.3801,1,0.3015,3,0,,0.1358,0.1115,0.0685,0.25,0.0403,1.0152,0.9188,694.4429,0.7053,1.2244,0.4452,0.293,0.0,0.2361,0.181,0.45,106644843,8685130,-0.0141,0.2761,0
TXN-2023-1646,2023-06-27,Ijara,Ishlab chiqarish,Namangan,736,29,16.6,0.4105,1,1,5,Sanoat uskunasi,0.5968,0.461,0.1476,24,119997149,187462628,0.4563,0.4797,0.7097,0.0473,0.3036,1,0.7199,1,1,,0.0918,0.1139,0.0691,0.25,0.0588,1.1481,0.5798,1231.0961,0.3509,1.5904,0.245,0.2948,0.999,0.4607,0.0215,0.35,187462628,1412376,-0.0095,0.1914,0
TXN-2024-1647,2024-09-17,Murabaha,Ishlab chiqarish,Boshqa,530,43,5.9,0.3366,3,0,4,Moliyaviy aktiv,0.3623,0.29,0.1546,60,473281270,618226949,0.8023,0.3651,0.5624,0.2224,0.0916,0,0.4531,1,0,,0.1116,0.0873,0.0465,0.1835,0.0562,0.9436,0.5364,1458.6521,0.3141,1.3724,0.122,0.2243,0.0,0.3858,0.0666,0.45,618226949,18535815,-0.0116,0.2203,0
TXN-2023-1648,2023-05-19,Ijara,Qurilish,Boshqa,609,30,2.3,0.1308,2,1,5,Ko'chmas mulk,0.4854,0.406,0.1551,24,520836067,125232782,0.6937,0.4636,0.6576,0.1051,0.1801,1,0.3758,4,1,,0.1192,0.126,0.0583,0.1125,0.0801,0.8772,0.5089,1251.9671,0.2852,1.2907,0.0635,0.1801,0.4998,0.47,0.0182,0.35,125232782,796069,-0.0123,0.2107,0
TXN-2023-1649,2023-09-22,Ijara,Qurilish,Toshkent,647,48,1.7,0.2601,1,0,3,Sanoat uskunasi,0.647,5.065,0.126,72,139876713,166404059,0.7253,0.2053,0.9007,0.1621,0.033,0,0.2853,2,1,,0.0879,0.0945,0.0881,0.25,0.0491,1.0619,0.9152,998.3923,0.1951,1.4171,0.1683,0.2563,0.0,0.725,0.0332,0.35,166404059,1935253,-0.0091,-0.0457,0
TXN-2024-1650,2024-05-28,Ijara,Qurilish,Boshqa,654,25,0.5,0.2854,3,0,4,Boshqa,0.6689,6.4,0.1348,48,222672693,54662285,0.5825,0.2878,0.7593,0.2504,0.1487,0,0.5952,4,1,,0.1182,0.0831,0.0702,0.25,0.1245,0.989,0.5831,976.2152,0.399,1.1316,0.1909,0.2629,0.0,0.4563,0.0421,0.35,54662285,805465,-0.0122,0.041,0
TXN-2023-1651,2023-06-25,Murabaha,Qurilish,Namangan,629,42,1.6,0.4452,5,0,3,Sanoat uskunasi,0.5882,8.602,0.064,48,314956261,101056227,0.7693,0.1288,0.7276,0.0794,0.1552,1,0.7258,2,0,,0.1351,0.0741,0.0565,0.2195,0.0267,0.874,0.93,1067.4665,0.2346,0.4702,0.2619,0.2371,0.0,0.5569,0.0774,0.45,101056227,3518406,-0.014,-0.4885,0
TXN-2023-1652,2023-04-29,Murabaha,Ishlab chiqarish,Toshkent,678,29,0.9,0.6184,2,0,5,Transport,0.3424,4.5,0.1137,60,254755592,35171543,0.7327,0.3637,0.8558,0.0455,0.1597,1,0.4312,3,0,,0.0736,0.0832,0.0599,0.1521,0.0516,0.9412,0.3573,1974.6123,0.2053,1.5251,0.2117,0.1755,0.0,0.6801,0.0173,0.45,35171543,273050,-0.0076,-0.2211,0
TXN-2022-1653,2022-07-14,Murabaha,Savdo,Toshkent,703,35,5.7,0.2443,0,0,2,Tovar,0.9205,5.46,0.1906,48,140459541,731634840,0.5518,0.2871,0.7019,0.2712,0.1839,1,0.3929,2,0,,0.1169,0.1255,0.0632,0.1946,0.0705,1.0593,0.7367,762.9231,0.4551,1.6162,0.2249,0.2569,0.0,0.3825,0.1765,0.45,731634840,58102255,-0.0121,0.5183,1
TXN-2022-1654,2022-03-18,Murabaha,Qurilish,Andijon,707,27,1.1,0.4275,1,0,3,Sanoat uskunasi,0.6274,4.233,0.1122,36,137008227,39477721,0.6127,0.2042,0.6776,0.4058,0.2767,1,0.2725,3,0,,0.0616,0.0706,0.0676,0.25,0.0229,1.0138,0.528,1125.1366,0.6825,1.793,0.2682,0.253,0.0,0.2151,0.0951,0.45,39477721,1689912,-0.0064,-0.2898,0
TXN-2023-1655,2023-11-16,Murabaha,Xizmat,Namangan,561,46,4.5,0.3595,3,0,3,Tovar,0.3759,7.929,0.1377,36,116855855,103306501,0.6716,0.3511,0.8404,0.2236,0.1573,1,0.3771,1,0,,0.1089,0.0941,0.0468,0.25,0.0684,1.1252,0.3498,1488.5421,0.381,1.2529,0.1351,0.2973,0.0,0.5203,0.0546,0.45,103306501,2537269,-0.0113,0.071,1
TXN-2021-1656,2021-08-22,Sukuk,Qurilish,Buxoro,620,29,5.4,0.2623,3,0,3,Sanoat uskunasi,0.7822,4.671,0.0718,24,452445951,134210757,0.6644,0.6,0.7167,0.0607,0.291,1,0.7146,3,0,BBB,0.0566,0.0889,0.0525,0.0522,0.0249,0.9779,0.469,791.6619,0.3517,1.2455,0.2052,0.0886,0.0,0.4646,0.0335,0.28,134210757,1260140,-0.0059,-1.0281,0
TXN-2022-1657,2022-12-08,Musharaka,Savdo,Toshkent,746,43,2.1,0.5052,2,0,5,Ko'chmas mulk,0.5899,1.55,0.1402,36,364340601,511803339,0.574,0.2581,0.8376,0.0827,0.1436,0,0.6212,1,0,,0.1705,0.0771,0.0594,0.25,0.0793,0.9532,0.2749,1262.4835,0.2263,0.8174,0.298,0.2678,0.0,0.6481,0.038,0.6,511803339,11659292,-0.0177,0.0596,0
TXN-2023-1658,2023-05-31,Murabaha,Savdo,Toshkent,721,34,0.5,0.563,2,0,3,Ko'chmas mulk,0.6915,0.976,0.1535,24,665822615,173587755,0.6098,0.4135,0.8394,0.394,0.2065,0,0.3375,1,0,,0.1495,0.0831,0.0577,0.25,0.0816,1.1597,0.7343,1041.1159,0.6005,1.0199,0.3893,0.2755,0.0,0.3353,0.0866,0.45,173587755,6764935,-0.0155,0.1574,0
TXN-2021-1659,2021-08-16,Murabaha,Qishloq xo'jaligi,Toshkent,528,36,0.5,0.4475,1,0,5,Ko'chmas mulk,0.8288,2.194,0.1345,48,133642251,55519565,0.7285,0.308,0.5402,0.2762,0.0636,1,0.6976,2,0,,0.0935,0.122,0.0676,0.2218,0.0647,0.9705,0.2,636.3258,0.3398,1.4228,0.3709,0.2762,0.0,0.3566,0.1478,0.45,55519565,3693145,-0.0097,0.0476,0
TXN-2022-1660,2022-08-04,Musharaka,Ishlab chiqarish,Toshkent,674,39,0.5,0.4882,2,0,3,Ko'chmas mulk,0.7608,2.342,0.0709,24,292877186,120145788,0.9469,0.1151,0.8341,0.1835,0.02,1,0.0927,0,0,,0.1777,0.11,0.0583,0.25,0.0457,0.9804,0.3464,884.7099,0.2035,0.3969,0.3715,0.3018,0.0,0.6643,0.1808,0.6,120145788,13033369,-0.0184,-0.3326,1
TXN-2024-1661,2024-10-20,Musharaka,Savdo,Toshkent,476,30,8.1,0.4348,3,0,5,Ko'chmas mulk,0.4253,2.139,0.1346,60,265513605,154884142,0.5877,0.5744,0.6812,0.0278,0.2104,1,0.2562,1,0,,0.1965,0.0898,0.0543,0.25,0.0537,0.9865,0.4759,1116.605,0.2382,0.6817,0.1849,0.2854,0.0,0.5189,0.1718,0.6,154884142,15967356,-0.0204,0.0236,0
TXN-2024-1662,2024-10-21,Musharaka,Qurilish,Namangan,648,40,2.3,0.3793,0,0,4,Transport,0.5046,3.067,0.2636,48,305763871,94457110,0.5199,0.2482,0.8046,0.1326,0.0099,1,0.4876,3,0,,0.2182,0.102,0.0683,0.25,0.1148,0.8961,0.3306,1281.665,0.1425,1.2025,0.1914,0.2837,0.0,0.6899,0.1327,0.6,94457110,7520660,-0.0226,0.6122,1
TXN-2024-1663,2024-04-29,Sukuk,Savdo,Samarqand,806,53,9.5,0.5751,2,0,3,Ko'chmas mulk,0.5669,3.001,0.1267,72,352752575,88269320,0.4795,0.57,0.7153,0.121,0.1021,1,0.6308,0,0,A,0.0887,0.0942,0.0394,0.2,0.0374,1.061,0.6107,1419.3759,0.2231,1.413,0.326,0.2548,0.0,0.5557,0.0137,0.28,88269320,337663,-0.0092,-0.0367,0
TXN-2023-1664,2023-09-24,Musharaka,Savdo,Toshkent,564,30,3.4,0.2598,2,0,3,Tovar,0.4634,0.228,0.1819,12,1666222773,83888920,0.945,0.2218,0.7859,0.1457,0.1582,1,0.7877,0,0,,0.1659,0.1273,0.0365,0.0832,0.0707,1.0024,0.3265,1214.5461,0.3039,1.0899,0.1204,0.174,0.0,0.5471,0.1517,0.6,83888920,7633660,-0.0172,0.3129,0
TXN-2023-1665,2023-12-16,Sukuk,Qurilish,Toshkent,574,49,3.6,0.2867,0,0,3,Tovar,0.6306,0.841,0.1084,60,1627727349,85597448,0.6735,0.3492,0.8525,0.1313,0.1024,1,0.2662,2,0,AA,0.0894,0.1072,0.1,0.25,0.0394,1.008,0.6194,908.8697,0.2338,1.1995,0.1808,0.2572,0.0,0.6532,0.0174,0.28,85597448,416147,-0.0093,-0.2416,0
TXN-2024-1666,2024-09-28,Sukuk,Qurilish,Namangan,709,52,4.3,0.1038,3,0,3,Sanoat uskunasi,0.2954,5.515,0.0838,72,303541740,77334862,0.4909,0.4771,0.7517,0.2545,0.0953,1,0.5931,2,0,A,0.0518,0.0981,0.0556,0.2454,0.0597,0.9892,0.4023,2392.3811,0.3498,1.5892,0.0307,0.2879,0.0,0.4887,0.0096,0.28,77334862,207505,-0.0054,-0.8917,0
TXN-2022-1667,2022-09-24,Murabaha,Savdo,Andijon,513,29,7.5,0.4331,3,1,3,Transport,0.3683,2.229,0.1954,12,644787855,79252105,0.6622,0.2629,0.7996,0.1059,0.203,0,0.698,2,0,,0.1102,0.0977,0.0324,0.25,0.0004,0.9196,0.4352,1389.1946,0.3089,1.7572,0.1595,0.3152,0.3332,0.5526,0.0632,0.45,79252105,2254030,-0.0114,0.5935,0
TXN-2021-1668,2021-04-04,Sukuk,Qurilish,Namangan,591,23,1.9,0.4648,2,0,3,Ko'chmas mulk,0.4271,0.996,0.0934,120,145917045,116617788,0.8128,0.345,0.8942,0.2323,0.0036,1,0.3741,1,0,A,0.0758,0.0987,0.0644,0.25,0.0672,1.0088,0.3368,1380.6497,0.2358,1.2166,0.1985,0.2843,0.0,0.6833,0.0208,0.28,116617788,680653,-0.0079,-0.4823,0
TXN-2022-1669,2022-03-28,Murabaha,Savdo,Toshkent,695,41,0.8,0.4049,1,0,3,Transport,0.5286,4.75,0.0907,36,230528110,248000457,0.5133,0.4111,0.9769,0.4161,0.0991,1,0.7421,1,0,,0.12,0.0925,0.0475,0.2121,0.086,1.0714,0.5081,1312.2511,0.5152,0.7501,0.214,0.2571,0.0,0.4736,0.0474,0.45,248000457,5293478,-0.0124,-0.3272,0
TXN-2023-1670,2023-03-21,Ijara,Qishloq xo'jaligi,Toshkent,591,32,4.9,0.419,2,0,4,Sanoat uskunasi,0.2493,0.716,0.0689,24,151651692,60184181,0.8828,0.5801,0.7028,0.1097,0.3908,1,0.358,1,1,,0.0743,0.0965,0.0631,0.2305,0.0266,1.1074,0.4122,2361.1294,0.5005,0.9161,0.1045,0.264,0.0,0.3511,0.0398,0.35,60184181,837804,-0.0077,-0.8221,0
TXN-2024-1671,2024-05-12,Murabaha,Ishlab chiqarish,Samarqand,624,56,2.4,0.3106,3,1,3,Tovar,0.6214,1.316,0.0703,36,284652385,83101420,0.775,0.468,0.8995,0.1617,0.1668,1,0.2758,3,0,,0.1153,0.0609,0.0353,0.25,0.089,1.101,0.8439,1002.5871,0.3285,0.6049,0.193,0.2756,0.3332,0.604,0.0357,0.45,83101420,1336805,-0.0119,-0.5173,0
TXN-2021-1672,2021-04-23,Sukuk,Qurilish,Toshkent,708,38,3.5,0.3275,2,0,4,Ko'chmas mulk,0.5091,0.808,0.0802,12,335451258,152451013,0.4834,0.546,0.6086,0.23,0.309,0,0.4405,1,0,A,0.0532,0.0844,0.0652,0.1714,0.1171,1.081,0.6927,1387.9233,0.5389,1.4805,0.1667,0.1906,0.0,0.2806,0.018,0.28,152451013,769768,-0.0055,-0.9369,0
TXN-2021-1673,2021-01-16,Sukuk,Savdo,Namangan,680,29,6.2,0.3964,2,0,5,Sanoat uskunasi,0.5361,5.127,0.1412,72,972228761,211377986,0.2915,0.406,0.7793,0.183,0.2453,1,0.435,3,0,AA,0.0772,0.0955,0.056,0.2411,0.0756,0.9285,0.559,1266.0955,0.4283,1.8063,0.2125,0.2805,0.0,0.4455,0.0147,0.28,211377986,870787,-0.008,0.1448,0
TXN-2022-1674,2022-02-23,Ijara,Savdo,Samarqand,667,26,4.1,0.2926,3,0,3,Tovar,0.3779,3.258,0.2002,24,139935863,413387448,0.6798,0.3253,0.7716,0.1479,0.1404,1,0.2691,1,1,,0.1251,0.0915,0.0892,0.25,0.0804,1.0336,0.3782,1760.5561,0.2882,1.5875,0.1105,0.2523,0.0,0.5492,0.0345,0.35,413387448,4987345,-0.013,0.5611,0
TXN-2022-1675,2022-09-10,Ijara,Qishloq xo'jaligi,Toshkent,616,48,5.8,0.2447,2,1,3,Sanoat uskunasi,0.5155,1.542,0.1521,36,542230878,240058577,0.3843,0.5449,0.7258,0.3213,0.0566,0,0.7377,4,1,,0.089,0.06,0.0751,0.25,0.0699,1.1233,0.3625,1192.623,0.3779,1.689,0.1262,0.2349,0.4998,0.4515,0.061,0.35,240058577,5124167,-0.0092,0.2477,0
TXN-2022-1676,2022-03-09,Murabaha,Qurilish,Toshkent,676,32,4.7,0.4076,1,0,2,Ko'chmas mulk,0.7234,6.732,0.0703,48,190939399,163250028,0.4933,0.4671,0.8203,0.1507,0.3297,1,0.2671,3,0,,0.1035,0.1299,0.0418,0.1895,0.077,0.9076,0.7952,933.1997,0.4804,0.6723,0.2949,0.2776,0.0,0.4262,0.1331,0.45,163250028,9776442,-0.0107,-0.5768,1
TXN-2021-1677,2021-10-09,Murabaha,Qishloq xo'jaligi,Toshkent,634,38,8.1,0.3026,1,0,3,Transport,0.6417,6.559,0.0954,60,175058411,143480797,0.3756,0.5434,0.7396,0.0496,0.1496,0,0.184,5,0,,0.1213,0.0851,0.0168,0.25,0.0765,1.0231,0.646,986.4704,0.1993,0.7797,0.1942,0.3183,0.0,0.5922,0.0776,0.45,143480797,5010514,-0.0126,-0.2851,1
TXN-2022-1678,2022-06-08,Murabaha,IT,Toshkent,683,47,7.3,0.468,2,0,4,Transport,0.645,3.108,0.0956,24,212447769,134206326,0.7402,0.1133,0.8551,0.2359,0.0376,1,0.633,5,0,,0.101,0.1121,0.05,0.2449,0.0246,0.981,0.5605,1057.3136,0.2735,0.9372,0.3019,0.307,0.0,0.6212,0.0313,0.45,134206326,1891545,-0.0105,-0.3403,0
TXN-2022-1679,2022-08-16,Murabaha,Ishlab chiqarish,Toshkent,602,33,4.6,0.5972,1,0,3,Transport,0.516,5.564,0.1286,48,803044310,64762061,0.4778,0.0667,0.6353,0.2957,0.1873,1,0.1548,2,0,,0.1493,0.0901,0.0403,0.25,0.0812,1.1165,0.7959,1164.3838,0.483,0.8555,0.3082,0.2998,0.0,0.3284,0.1958,0.45,64762061,5707448,-0.0155,-0.0097,1
TXN-2022-1680,2022-11-03,Ijara,Savdo,Toshkent,629,37,6.8,0.3474,0,0,3,Transport,0.5374,3.177,0.0948,24,75443051,192827176,0.8512,0.5129,0.7974,0.2744,0.0844,1,0.147,2,1,,0.0673,0.1198,0.0403,0.25,0.0778,0.904,0.351,1168.2148,0.3589,1.388,0.1867,0.3295,0.0,0.5113,0.0439,0.35,192827176,2960425,-0.007,-0.5236,0
TXN-2021-1681,2021-09-03,Murabaha,Ishlab chiqarish,Toshkent,560,37,12.4,0.4638,3,0,3,Ko'chmas mulk,0.4628,2.474,0.1649,48,320965971,107806543,0.6338,0.6,0.7663,0.3026,0.1187,1,0.7742,5,0,,0.1483,0.1294,0.0532,0.25,0.0621,0.8756,0.4348,1207.409,0.4213,1.1048,0.2146,0.3262,0.0,0.4435,0.123,0.45,107806543,5968868,-0.0154,0.2355,0
TXN-2021-1682,2021-01-16,Sukuk,Qurilish,Toshkent,642,44,3.4,0.201,1,1,5,Ko'chmas mulk,0.58,1.365,0.0929,72,480893003,162674776,0.9248,0.6,0.45,0.2323,0.0759,1,0.1766,2,0,AA,0.0574,0.14,0.0542,0.1846,0.0435,1.1479,0.8954,1104.9812,0.3082,1.5901,0.1166,0.2703,0.999,0.3113,0.0125,0.28,162674776,568390,-0.0059,-0.6468,0
TXN-2023-1683,2023-10-16,Ijara,Ishlab chiqarish,Buxoro,576,43,3.2,0.2667,4,0,4,Ko'chmas mulk,0.7433,0.799,0.1462,12,136962498,76061276,0.7753,0.2172,0.7565,0.0663,0.1572,0,0.8296,3,1,,0.0922,0.1152,0.0537,0.25,0.0808,0.8769,0.6778,773.8742,0.2235,1.5696,0.1983,0.3114,0.0,0.5874,0.0342,0.35,76061276,910789,-0.0096,0.1762,0
TXN-2023-1684,2023-06-01,Ijara,Qishloq xo'jaligi,Buxoro,550,35,8.7,0.2686,2,1,5,Ko'chmas mulk,0.4633,0.155,0.1379,24,336943698,137067636,0.4958,0.4109,0.8921,0.0926,0.2548,1,0.2339,5,1,,0.0793,0.092,0.1,0.25,0.0521,0.8714,0.5933,1184.7006,0.3474,1.7162,0.1244,0.242,0.4998,0.5822,0.0239,0.35,137067636,1145823,-0.0082,0.099,1
TXN-2021-1685,2021-12-26,Murabaha,Ishlab chiqarish,Toshkent,666,38,5.2,0.4265,3,0,5,Ko'chmas mulk,0.3826,4.034,0.1924,48,158535773,76408630,0.7276,0.2301,0.4677,0.1531,0.0482,1,0.3079,1,0,,0.1018,0.1135,0.0494,0.25,0.0602,0.9832,0.474,1736.2514,0.2013,1.871,0.1632,0.3141,0.0,0.3736,0.0316,0.45,76408630,1087169,-0.0106,0.6129,0
TXN-2021-1686,2021-09-22,Sukuk,Ishlab chiqarish,Toshkent,663,34,0.5,0.481,1,1,2,Ko'chmas mulk,0.6062,0.326,0.0818,12,794490570,212395901,0.3041,0.5547,0.6395,0.0723,0.0739,1,0.4035,6,0,BBB,0.0779,0.0623,0.0972,0.25,0.0497,1.0434,0.5078,1091.9328,0.1461,1.0357,0.2916,0.2151,0.999,0.5461,0.0544,0.28,212395901,3234905,-0.0081,-0.6189,0
TXN-2023-1687,2023-02-18,Sukuk,Ishlab chiqarish,Toshkent,711,23,13.4,0.3076,1,1,1,Ko'chmas mulk,0.6456,1.321,0.1238,24,112918521,122087347,0.6671,0.3088,0.6273,0.2202,0.2311,1,0.3187,2,0,A,0.0954,0.1099,0.0755,0.0985,0.0735,1.0056,0.4329,1099.6732,0.4513,1.2852,0.1986,0.1329,0.999,0.3442,0.0481,0.28,122087347,1645599,-0.0099,-0.0646,0
TXN-2023-1688,2023-12-27,Musharaka,Savdo,Boshqa,608,40,0.5,0.5925,3,0,3,Tovar,0.594,0.669,0.1348,24,346377830,165356227,0.4372,0.6,0.8563,0.0375,0.0432,1,0.3463,0,0,,0.3406,0.1013,0.0623,0.25,0.0449,0.8264,0.6209,1021.8595,0.0807,0.3946,0.3519,0.289,0.0,0.7872,0.2867,0.6,165356227,28448714,-0.0353,0.014,0
TXN-2024-1689,2024-12-12,Musharaka,Qishloq xo'jaligi,Toshkent,679,56,8.3,0.5704,2,0,4,Tovar,0.8179,1.516,0.1767,36,188790939,107532251,0.679,0.2892,0.735,0.0299,0.1129,1,0.3657,1,0,,0.2697,0.0628,0.0585,0.2378,0.0002,1.0181,0.5334,829.1402,0.1428,0.6527,0.4666,0.2421,0.0,0.63,0.1483,0.6,107532251,9570103,-0.028,0.1731,0
TXN-2022-1690,2022-04-17,Ijara,Qurilish,Toshkent,691,29,8.5,0.3675,1,0,4,Ko'chmas mulk,0.4266,0.946,0.095,24,225029372,236516646,0.7281,0.4998,0.8881,0.3363,0.1829,1,0.7273,2,1,,0.0908,0.0868,0.0456,0.1264,0.0756,1.1082,0.3429,1616.0706,0.5192,1.0344,0.1568,0.1676,0.0,0.427,0.0178,0.35,236516646,1469567,-0.0094,-0.3859,0
TXN-2023-1691,2023-10-22,Murabaha,Ishlab chiqarish,Namangan,682,30,18.4,0.4062,3,0,2,Ko'chmas mulk,0.3945,4.425,0.1542,36,205747161,187526474,0.5591,0.294,0.5887,0.1614,0.0821,1,0.2429,1,0,,0.1233,0.1293,0.0404,0.25,0.0284,0.9365,0.7388,1724.5986,0.2435,1.2402,0.1602,0.3389,0.0,0.4454,0.0807,0.45,187526474,6813055,-0.0128,0.196,0
TXN-2024-1692,2024-02-19,Musharaka,Savdo,Andijon,574,29,0.5,0.4066,0,0,2,Tovar,0.8038,9.562,0.2595,36,476307398,81346603,0.6415,0.3293,0.5627,0.1867,0.4,1,0.5467,3,0,,0.304,0.0772,0.0458,0.25,0.0385,1.0582,0.8194,713.2638,0.5867,0.8508,0.3268,0.2814,0.0,0.2326,0.5946,0.6,81346603,29020465,-0.0315,0.4259,0
TXN-2024-1693,2024-09-30,Murabaha,Ishlab chiqarish,Buxoro,657,45,5.5,0.3793,1,1,1,Sanoat uskunasi,0.6183,7.099,0.1868,48,275051346,76927798,0.4314,0.4693,0.5393,0.3136,0.1164,1,0.5381,1,0,,0.1467,0.0973,0.0689,0.25,0.0724,1.0987,0.7701,1060.8116,0.43,1.2652,0.2345,0.2784,0.999,0.3074,0.35,0.45,76927798,12116325,-0.0152,0.3874,0
TXN-2022-1694,2022-12-27,Murabaha,Qurilish,Samarqand,675,42,3.4,0.147,2,0,5,Ko'chmas mulk,0.7658,2.435,0.1544,84,105262563,268548898,0.6358,0.6,0.7076,0.2026,0.0274,1,0.3259,1,0,,0.1334,0.0633,0.0498,0.25,0.0619,0.989,0.5746,880.2261,0.23,1.1485,0.1126,0.2636,0.0,0.5449,0.0457,0.45,268548898,5524057,-0.0138,0.1827,0
TXN-2021-1695,2021-05-28,Murabaha,Savdo,Namangan,645,36,2.4,0.3832,2,0,5,Sanoat uskunasi,0.7241,9.691,0.1344,36,307622170,29344135,0.5182,0.284,0.7264,0.5,0.0934,1,0.353,3,0,,0.1214,0.1007,0.0623,0.25,0.0434,0.9209,0.5997,889.4795,0.5934,1.0977,0.2775,0.2884,0.0,0.2954,0.0819,0.45,29344135,1082109,-0.0126,0.0361,0
TXN-2023-1696,2023-03-25,Murabaha,Savdo,Toshkent,467,28,0.6,0.1298,2,0,2,Ko'chmas mulk,0.8932,1.28,0.1393,36,289763898,383193032,0.7879,0.3184,0.895,0.4842,0.3058,1,0.4865,2,0,,0.0706,0.0868,0.0655,0.25,0.0629,0.8469,0.8235,522.2517,0.79,1.946,0.1159,0.2714,0.0,0.1879,0.2309,0.45,383193032,39819670,-0.0073,0.1315,0
TXN-2021-1697,2021-03-28,Murabaha,Xizmat,Toshkent,658,38,5.0,0.5862,1,0,3,Sanoat uskunasi,0.4957,1.848,0.2011,24,460002044,87843778,0.389,0.3238,0.7152,0.0731,0.1671,0,0.1408,0,0,,0.1487,0.05,0.0565,0.25,0.1085,1.0472,0.7668,1324.8575,0.2402,1.3431,0.2906,0.2435,0.0,0.5434,0.1267,0.45,87843778,5009090,-0.0154,0.478,0
TXN-2023-1698,2023-06-13,Murabaha,Savdo,Buxoro,833,22,3.9,0.5157,1,0,2,Boshqa,0.3766,0.742,0.1063,48,301590270,229661723,0.3371,0.5599,0.7558,0.2835,0.1537,1,0.4213,4,0,,0.1224,0.091,0.0512,0.1588,0.0582,1.0396,0.6188,2206.1828,0.4372,0.8617,0.1942,0.1987,0.0,0.4253,0.0577,0.45,229661723,5958787,-0.0127,-0.1933,0
TXN-2021-1699,2021-02-08,Sukuk,Savdo,Toshkent,614,39,0.7,0.3386,3,1,5,Ko'chmas mulk,0.8998,5.707,0.1117,84,99004739,189847231,0.5703,0.2822,0.8436,0.0687,0.0598,1,0.4952,6,0,BBB,0.0418,0.1141,0.0625,0.25,0.0945,1.0566,0.4397,681.5798,0.1285,2.6093,0.3047,0.3016,0.3332,0.7352,0.0182,0.28,189847231,969184,-0.0043,-0.4388,0
TXN-2023-1700,2023-07-31,Musharaka,Savdo,Toshkent,583,46,5.7,0.6211,2,0,5,Moliyaviy aktiv,0.2209,0.495,0.2475,60,499381817,113206097,0.7665,0.3222,0.7911,0.1111,0.187,1,0.5137,0,0,,0.1918,0.0766,0.0269,0.1947,0.0719,0.9889,0.6112,2626.7508,0.2982,1.2838,0.1372,0.2444,0.0,0.5552,0.0703,0.6,113206097,4778309,-0.0199,0.6126,0
TXN-2021-1701,2021-06-09,Sukuk,Xizmat,Buxoro,676,25,8.0,0.6704,4,1,3,Ko'chmas mulk,0.6274,2.357,0.0998,24,489170587,180471400,0.5346,0.3641,0.6878,0.1986,0.1284,1,0.6089,1,0,AA,0.0904,0.0917,0.049,0.1657,0.087,0.9668,0.5984,1075.8061,0.327,1.0917,0.4206,0.2083,0.2499,0.4629,0.0294,0.28,180471400,1484962,-0.0094,-0.3343,0
TXN-2022-1702,2022-10-04,Musharaka,IT,Samarqand,671,22,8.7,0.3142,3,0,3,Transport,0.4679,4.017,0.2356,72,337540209,152348676,0.8205,0.2988,0.8187,0.1625,0.2176,1,0.7872,1,0,,0.2277,0.1113,0.0223,0.1137,0.0579,0.8679,0.5486,1430.8694,0.3801,1.0301,0.1471,0.2027,0.0,0.5076,0.135,0.6,152348676,12342749,-0.0236,0.4637,0
TXN-2024-1703,2024-03-25,Murabaha,IT,Samarqand,746,53,14.1,0.5072,2,0,3,Transport,0.6624,2.262,0.2287,48,293561520,249515426,0.4723,0.4076,0.9792,0.1387,0.1335,1,0.3599,0,0,,0.1123,0.0766,0.0488,0.1791,0.0789,1.0856,0.6555,1124.4301,0.2723,2.0184,0.336,0.2069,0.0,0.7126,0.0482,0.45,249515426,5415792,-0.0116,0.8787,0
TXN-2023-1704,2023-05-30,Musharaka,Ishlab chiqarish,Andijon,538,31,3.2,0.5773,1,0,4,Tovar,0.5851,0.205,0.1745,24,308755452,85067039,0.7783,0.4852,0.8941,0.0623,0.0341,1,0.5608,0,0,,0.3071,0.0761,0.0808,0.25,0.1136,0.8911,0.5625,917.8557,0.0963,0.5662,0.3378,0.2453,0.0,0.808,0.1993,0.6,85067039,10171097,-0.0318,0.1447,0
TXN-2024-1705,2024-03-20,Musharaka,IT,Toshkent,707,49,18.4,0.3489,3,0,4,Ko'chmas mulk,0.4485,2.363,0.1647,48,493432696,233009522,0.8741,0.3621,0.704,0.2187,0.1942,1,0.3511,1,0,,0.1746,0.0848,0.0463,0.0518,0.0582,0.9817,0.5785,1572.8248,0.4129,0.9381,0.1565,0.0904,0.0,0.4133,0.0638,0.6,233009522,8916921,-0.0181,0.1988,1
TXN-2023-1706,2023-04-09,Murabaha,Qurilish,Samarqand,695,36,12.0,0.1858,0,0,4,Sanoat uskunasi,0.4883,3.643,0.1488,24,558429580,37638132,0.7262,0.3872,0.7855,0.0264,0.1406,1,0.5495,2,0,,0.1093,0.1038,0.0597,0.2371,0.0691,1.0863,0.6767,1420.4053,0.1669,1.3492,0.0907,0.2812,0.0,0.6544,0.021,0.45,37638132,354916,-0.0113,0.1723,0
TXN-2024-1707,2024-12-24,Ijara,Xizmat,Boshqa,632,36,2.1,0.4113,2,0,5,Tovar,0.7615,0.52,0.1347,36,339782901,220069911,0.4695,0.4616,0.6621,0.1884,0.0725,0,0.5602,2,1,,0.0554,0.1135,0.0653,0.25,0.0475,0.9597,0.5915,828.8927,0.2609,2.3902,0.3132,0.2982,0.0,0.4894,0.0349,0.35,220069911,2687992,-0.0057,0.085,0
TXN-2024-1708,2024-08-04,Murabaha,Savdo,Samarqand,673,42,1.0,0.4295,0,2,2,Transport,0.1116,3.339,0.1933,36,361282985,145905008,0.7704,0.3965,0.9352,0.3153,0.0505,1,0.3803,5,0,,0.1191,0.1012,0.0654,0.2169,0.0306,0.939,0.3599,5974.5995,0.3658,1.6101,0.0479,0.2528,2000.0,0.5931,0.0302,0.45,145905008,1982288,-0.0123,0.5318,0
TXN-2023-1709,2023-05-06,Musharaka,Savdo,Toshkent,732,29,3.4,0.4678,2,0,4,Ko'chmas mulk,0.4177,5.271,0.2555,12,278178658,203078723,0.747,0.6,0.8923,0.1059,0.308,1,0.7544,3,0,,0.1744,0.0868,0.0568,0.25,0.0378,1.09,0.409,1748.1986,0.4139,1.4566,0.1954,0.28,0.0,0.523,0.0741,0.6,203078723,9032677,-0.0181,0.7194,0
TXN-2022-1710,2022-08-16,Ijara,Ishlab chiqarish,Samarqand,719,39,3.1,0.2965,3,0,3,Ko'chmas mulk,0.8051,10.755,0.1299,60,1044625967,222432322,0.5817,0.4307,0.5954,0.3022,0.117,1,0.4141,0,1,,0.0901,0.1139,0.061,0.25,0.074,1.0239,0.6924,891.9248,0.4192,1.4262,0.2387,0.3029,0.0,0.3458,0.0683,0.35,222432322,5313978,-0.0093,-0.0013,0
TXN-2021-1711,2021-08-24,Murabaha,Xizmat,Toshkent,547,34,5.1,0.3259,2,0,3,Sanoat uskunasi,0.659,1.319,0.0613,60,72600433,404134259,0.6776,0.3716,0.893,0.1634,0.123,1,0.2414,3,0,,0.09,0.107,0.0638,0.25,0.0882,0.979,0.6259,828.8215,0.2864,0.6735,0.2147,0.2932,0.0,0.6372,0.0745,0.45,404134259,13546332,-0.0093,-0.763,0
TXN-2023-1712,2023-04-10,Murabaha,Savdo,Namangan,714,24,5.3,0.1815,1,0,4,Moliyaviy aktiv,0.6703,0.064,0.082,24,166023643,158609009,0.2849,0.5672,0.5922,0.1619,0.0926,1,0.5881,1,0,,0.1685,0.0945,0.0549,0.25,0.0613,1.0368,0.7492,1063.537,0.2545,0.4839,0.1217,0.2897,0.0,0.4415,0.0526,0.45,158609009,3753087,-0.0175,-0.2847,0
TXN-2021-1713,2021-02-12,Ijara,Xizmat,Toshkent,639,41,8.3,0.4404,0,0,5,Transport,0.6071,1.358,0.1491,24,153139023,79207379,0.4823,0.1767,0.6768,0.2597,0.1989,1,0.1854,2,1,,0.0949,0.0555,0.0459,0.25,0.0569,1.0117,0.6611,1050.7937,0.4586,1.555,0.2674,0.2597,0.0,0.3664,0.0514,0.35,79207379,1424463,-0.0098,0.2012,0
TXN-2022-1714,2022-10-28,Musharaka,Xizmat,Toshkent,651,35,4.3,0.6077,2,0,4,Sanoat uskunasi,0.3035,2.699,0.1422,36,871997088,517498510,0.7643,0.3757,0.45,0.1889,0.1531,1,0.3994,2,0,,0.2923,0.1153,0.0698,0.2436,0.088,0.853,0.2769,2137.7414,0.342,0.4849,0.1844,0.2891,0.0,0.2961,0.1924,0.6,517498510,59734666,-0.0303,0.0418,0
TXN-2021-1715,2021-12-18,Murabaha,Savdo,Toshkent,651,36,0.7,0.4814,0,1,4,Ko'chmas mulk,0.5112,5.549,0.1817,60,216647346,187327628,0.3596,0.2388,0.8493,0.1948,0.271,1,0.4396,4,0,,0.129,0.0982,0.0617,0.25,0.0507,0.9356,0.8095,1271.0587,0.4659,1.3976,0.2461,0.2865,1000.0,0.4536,0.0757,0.45,187327628,6377549,-0.0134,0.4008,0
TXN-2024-1716,2024-06-19,Sukuk,IT,Namangan,632,25,11.7,0.2004,1,0,4,Transport,0.211,6.956,0.1206,12,74412318,266547432,0.2858,0.2382,0.6452,0.1833,0.1151,1,0.3569,3,0,BBB,0.0981,0.097,0.0613,0.2175,0.0664,1.112,0.2409,2981.4988,0.2984,1.2167,0.0423,0.2532,0.0,0.4527,0.012,0.28,266547432,894119,-0.0102,-0.0956,0
TXN-2023-1717,2023-08-01,Murabaha,Qishloq xo'jaligi,Namangan,746,53,2.2,0.2883,1,0,3,Ko'chmas mulk,0.8217,6.008,0.1326,60,151919459,111146719,0.6895,0.5008,0.8005,0.2228,0.2627,0,0.4996,4,0,,0.11,0.126,0.0604,0.25,0.1266,0.9568,0.442,906.8211,0.4854,1.1944,0.2368,0.3156,0.0,0.4119,0.0748,0.45,111146719,3740936,-0.0114,0.0236,0
TXN-2024-1718,2024-11-13,Ijara,Ishlab chiqarish,Buxoro,637,46,21.3,0.3495,1,0,4,Sanoat uskunasi,0.5975,2.682,0.0953,72,345494146,110434679,0.7753,0.4297,0.6626,0.2895,0.1563,1,0.6631,1,1,,0.0868,0.1021,0.0607,0.1686,0.1358,0.9706,0.7675,1064.337,0.4458,1.0853,0.2088,0.2101,0.0,0.3672,0.0451,0.35,110434679,1741905,-0.009,-0.4004,0
TXN-2023-1719,2023-01-12,Sukuk,Savdo,Toshkent,549,47,0.8,0.5479,1,0,4,Boshqa,0.7141,2.868,0.0958,48,252187975,160559884,0.3575,0.6,0.7512,0.1648,0.4,1,0.179,1,0,AAA,0.0844,0.05,0.0383,0.25,0.0943,1.0506,0.7812,767.6805,0.5648,1.1215,0.3913,0.2617,0.0,0.3269,0.0743,0.28,160559884,3339185,-0.0087,-0.4056,0
TXN-2021-1720,2021-06-30,Murabaha,Ishlab chiqarish,Samarqand,611,34,19.1,0.694,0,0,4,Tovar,0.6599,0.006,0.1481,12,232758459,216259314,0.4246,0.3238,0.884,0.1513,0.0354,1,0.3292,2,0,,0.1229,0.1143,0.0347,0.2265,0.0744,1.0596,0.6624,924.4662,0.1868,1.1957,0.458,0.3062,0.0,0.7189,0.066,0.45,216259314,6423981,-0.0127,0.1473,0
TXN-2023-1721,2023-06-14,Murabaha,Ishlab chiqarish,Namangan,660,21,0.6,0.2614,3,1,4,Ko'chmas mulk,0.7681,1.13,0.0847,24,279868532,179709255,0.7366,0.4054,0.8917,0.1232,0.0322,1,0.2515,2,0,,0.1108,0.1236,0.0516,0.25,0.1003,1.1006,0.4594,858.1456,0.1554,0.7571,0.2008,0.322,0.3332,0.7532,0.0368,0.45,179709255,2979865,-0.0115,-0.4088,0
TXN-2021-1722,2021-08-05,Murabaha,Qurilish,Buxoro,749,57,1.6,0.4632,0,0,4,Sanoat uskunasi,0.7705,5.934,0.1771,24,491109583,73904918,0.564,0.2171,0.7276,0.1297,0.1685,1,0.0669,1,0,,0.1214,0.0874,0.0654,0.25,0.0134,1.0131,0.4299,970.8827,0.2981,1.4475,0.3569,0.272,0.0,0.5106,0.052,0.45,73904918,1729469,-0.0126,0.3884,0
TXN-2022-1723,2022-05-14,Murabaha,Ishlab chiqarish,Andijon,696,37,0.5,0.5029,3,0,5,Ko'chmas mulk,0.4552,2.925,0.1681,24,430775316,430132028,0.6256,0.1666,0.7199,0.1146,0.2707,1,0.2606,3,0,,0.1143,0.1182,0.0427,0.2256,0.0522,1.0862,0.5801,1525.8067,0.3853,1.4577,0.2289,0.301,0.0,0.4425,0.0277,0.45,430132028,5355059,-0.0118,0.333,0
TXN-2023-1724,2023-06-12,Murabaha,Qishloq xo'jaligi,Toshkent,572,30,7.3,0.1926,2,1,3,Ko'chmas mulk,0.3409,1.577,0.1475,60,151789896,64372178,0.7509,0.2241,0.6273,0.0749,0.3137,1,0.751,2,0,,0.1154,0.14,0.0543,0.25,0.0696,0.9872,0.9048,1673.2201,0.3886,1.2668,0.0656,0.3357,0.4998,0.3835,0.0773,0.45,64372178,2239006,-0.012,0.1515,0
TXN-2024-1725,2024-04-21,Ijara,Qurilish,Samarqand,850,42,11.4,0.2751,0,1,5,Ko'chmas mulk,0.6896,0.275,0.1257,12,295686517,186873680,0.8968,0.4045,0.5614,0.3025,0.1926,1,0.3689,5,1,,0.1186,0.1213,0.065,0.25,0.0267,1.1038,0.6195,1230.8662,0.4951,1.0516,0.1897,0.3063,1000.0,0.2835,0.0135,0.35,186873680,883919,-0.0123,-0.0361,0
TXN-2023-1726,2023-04-01,Murabaha,Savdo,Samarqand,667,49,3.4,0.5964,1,0,5,Ko'chmas mulk,0.6053,0.707,0.1969,24,627800543,151009795,0.6718,0.3246,0.9258,0.1711,0.2271,1,0.6416,1,0,,0.1235,0.0737,0.0864,0.118,0.0586,1.1541,0.5827,1100.0515,0.3983,1.5815,0.361,0.1054,0.0,0.5571,0.0324,0.45,151009795,2200992,-0.0128,0.5415,0
TXN-2023-1727,2023-12-10,Musharaka,Savdo,Toshkent,753,37,15.8,0.1585,0,0,3,Sanoat uskunasi,0.5854,2.024,0.1361,36,281826070,870511918,0.635,0.1954,0.7764,0.305,0.0132,1,0.2959,2,0,,0.1879,0.104,0.0366,0.25,0.053,0.8922,0.5433,1284.1248,0.3182,0.7202,0.0928,0.3174,0.0,0.5294,0.0957,0.6,870511918,49989033,-0.0195,0.0322,0
TXN-2021-1728,2021-06-11,Sukuk,Qurilish,Andijon,632,50,5.4,0.2179,3,1,4,Transport,0.3965,5.695,0.0911,72,173650871,109511486,0.4465,0.3864,0.7868,0.1633,0.1402,1,0.5851,1,0,A,0.0861,0.1176,0.0777,0.1295,0.0735,1.2084,0.538,1590.0072,0.3034,1.046,0.0864,0.1694,0.3332,0.5481,0.0111,0.28,109511486,339294,-0.0089,-0.4519,0
TXN-2023-1729,2023-03-22,Ijara,Savdo,Buxoro,690,48,6.0,0.6745,2,0,3,Moliyaviy aktiv,0.7422,0.252,0.1219,24,124464002,62910658,0.5651,0.3516,0.4697,0.0746,0.1751,0,0.1645,5,1,,0.0668,0.1228,0.0649,0.25,0.0722,1.1687,0.639,928.4349,0.2497,1.7978,0.5006,0.3079,0.0,0.3524,0.1091,0.35,62910658,2401405,-0.0069,-0.1216,0
TXN-2022-1730,2022-09-28,Musharaka,Savdo,Toshkent,716,27,11.2,0.4315,0,0,2,Ko'chmas mulk,0.5988,0.417,0.1452,60,285123406,233973727,0.5529,0.4757,0.807,0.2805,0.1452,1,0.5117,3,0,,0.239,0.0931,0.0876,0.25,0.0284,1.1023,0.535,1193.7199,0.4257,0.6051,0.2584,0.2556,0.0,0.4634,0.254,0.6,233973727,35651598,-0.0248,0.0636,0
TXN-2022-1731,2022-11-27,Murabaha,Xizmat,Samarqand,748,31,2.1,0.2486,1,0,4,Transport,0.8409,2.661,0.1349,48,217660360,104418310,0.7439,0.3377,0.7228,0.4211,0.1661,1,0.2746,2,0,,0.1587,0.1162,0.0354,0.25,0.067,1.017,0.5071,888.427,0.5872,0.8444,0.2091,0.3307,0.0,0.2984,0.1014,0.45,104418310,4762736,-0.0165,0.0308,0
TXN-2022-1732,2022-03-30,Musharaka,Xizmat,Boshqa,734,47,2.6,0.3247,2,0,5,Ko'chmas mulk,0.535,0.871,0.0855,48,215342301,312534242,0.8794,0.3339,0.8611,0.2392,0.0871,1,0.5261,1,0,,0.3314,0.103,0.0696,0.25,0.1314,0.8364,0.5317,1369.4807,0.3262,0.2571,0.1737,0.2834,0.0,0.5802,0.0481,0.6,312534242,9024025,-0.0343,-0.1344,0
TXN-2022-1733,2022-11-14,Musharaka,Qurilish,Toshkent,719,21,14.2,0.4732,2,0,1,Ko'chmas mulk,0.4327,0.465,0.1572,60,281036275,273996088,0.5716,0.391,0.8466,0.0708,0.1961,1,0.4919,4,0,,0.188,0.1196,0.0606,0.25,0.0888,1.0543,0.2976,1657.8055,0.2669,0.8317,0.2048,0.3091,0.0,0.6207,0.2622,0.6,273996088,43098384,-0.0195,0.1445,1
TXN-2021-1734,2021-12-11,Musharaka,Qishloq xo'jaligi,Buxoro,618,36,13.9,0.5614,1,0,5,Boshqa,0.6184,0.491,0.1728,12,163236917,243328854,0.3893,0.5261,0.8494,0.3133,0.0731,1,0.5872,0,0,,0.2203,0.0896,0.0372,0.25,0.0468,0.9823,0.8243,997.7535,0.3865,0.7809,0.3472,0.3024,0.0,0.5211,0.1909,0.6,243328854,27872284,-0.0228,0.1942,0
TXN-2021-1735,2021-06-06,Murabaha,Qishloq xo'jaligi,Toshkent,596,23,22.5,0.572,0,0,4,Transport,0.6005,1.696,0.1101,36,531327525,86151672,0.9245,0.4955,0.7302,0.3069,0.261,1,0.1516,2,0,,0.0934,0.1126,0.0627,0.0991,0.0348,1.166,0.7979,990.8739,0.5679,1.1653,0.3435,0.1489,0.0,0.3155,0.0907,0.45,86151672,3517374,-0.0097,-0.2134,0
TXN-2023-1736,2023-11-12,Sukuk,Qurilish,Toshkent,673,33,13.9,0.2277,1,1,5,Moliyaviy aktiv,0.4009,2.191,0.1324,48,234522655,271884562,0.6104,0.326,0.6409,0.0805,0.0452,1,0.2981,2,0,AA,0.094,0.1131,0.013,0.25,0.0683,1.1796,0.8125,1674.5955,0.1256,1.3937,0.0913,0.3501,0.999,0.5604,0.0066,0.28,271884562,504997,-0.0097,0.0251,0
TXN-2024-1737,2024-07-20,Musharaka,Ishlab chiqarish,Buxoro,724,35,0.8,0.3972,1,0,5,Transport,0.8712,5.868,0.2062,72,805614210,745264481,0.5404,0.3403,0.6718,0.1403,0.1118,1,0.2074,3,0,,0.2357,0.07,0.072,0.1356,0.0499,1.0083,0.9066,830.0612,0.2521,0.8713,0.3461,0.1336,0.0,0.5024,0.1362,0.6,745264481,60891285,-0.0244,0.3234,0
TXN-2021-1738,2021-08-22,Murabaha,Qishloq xo'jaligi,Boshqa,626,34,10.4,0.2949,4,0,5,Ko'chmas mulk,0.7233,1.887,0.1356,24,454855267,113772067,0.8342,0.3999,0.7097,0.1649,0.173,1,0.2346,2,0,,0.1351,0.0936,0.0435,0.2031,0.0631,1.0917,0.3862,864.2943,0.3379,0.9966,0.2133,0.2531,0.0,0.4698,0.0447,0.45,113772067,2286769,-0.014,0.0416,0
TXN-2023-1739,2023-12-23,Murabaha,Qishloq xo'jaligi,Toshkent,735,32,3.2,0.2512,1,0,4,Ko'chmas mulk,0.5889,2.938,0.1161,36,233793208,129346245,0.5439,0.3307,0.7147,0.3477,0.1652,1,0.4614,0,0,,0.1185,0.0948,0.0766,0.25,0.079,0.8,0.4485,1245.9234,0.513,0.9718,0.1479,0.2682,0.0,0.3481,0.0463,0.45,129346245,2692412,-0.0123,-0.1174,0
TXN-2023-1740,2023-11-11,Murabaha,Savdo,Andijon,768,27,28.1,0.3831,1,0,5,Tovar,0.4591,0.498,0.0784,12,113594872,134464603,0.7245,0.2034,0.735,0.123,0.0746,1,0.1311,1,0,,0.1125,0.0897,0.0898,0.25,0.0383,0.9105,0.592,1669.3171,0.1977,0.6911,0.1759,0.2498,0.0,0.5898,0.0139,0.45,134464603,838856,-0.0117,-0.4587,0
TXN-2022-1741,2022-02-02,Ijara,Qurilish,Boshqa,567,60,3.8,0.4624,1,0,3,Ko'chmas mulk,0.4707,3.125,0.0995,60,364220946,120038137,0.7437,0.1516,0.7445,0.1087,0.0441,1,0.5621,5,1,,0.0539,0.0702,0.0747,0.0577,0.069,0.9544,0.6814,1202.0078,0.1527,1.8136,0.2177,0.0532,0.0,0.6308,0.0399,0.35,120038137,1675097,-0.0056,-0.5654,0
TXN-2022-1742,2022-12-17,Ijara,Savdo,Andijon,573,56,4.8,0.2857,3,0,3,Boshqa,0.2305,2.615,0.122,60,324980055,163375720,0.7839,0.6,0.6466,0.0472,0.389,1,0.5068,3,1,,0.1012,0.1336,0.0715,0.25,0.0343,0.9553,0.5033,2475.0859,0.4362,1.194,0.0659,0.3121,0.0,0.3645,0.0487,0.35,163375720,2784132,-0.0105,-0.0792,0
TXN-2022-1743,2022-12-21,Ijara,Qurilish,Buxoro,633,26,4.5,0.2772,2,0,3,Transport,0.7662,0.609,0.1179,36,160743560,150540508,0.534,0.6,0.8446,0.1109,0.0733,1,0.47,4,1,,0.1057,0.1141,0.0373,0.25,0.0404,0.9963,0.4686,825.1047,0.1842,1.1047,0.2124,0.3267,0.0,0.689,0.0517,0.35,150540508,2722347,-0.011,-0.1149,0
TXN-2024-1744,2024-08-14,Murabaha,Savdo,Buxoro,671,53,2.3,0.3534,3,0,4,Ko'chmas mulk,0.6769,2.767,0.11,12,122994778,142489993,0.7112,0.2817,0.6406,0.2128,0.0188,1,0.1546,1,0,,0.0981,0.079,0.06,0.25,0.0675,1.0346,0.2813,989.7877,0.2316,1.1105,0.2392,0.2689,0.0,0.4922,0.049,0.45,142489993,3143958,-0.0102,-0.2039,0
TXN-2021-1745,2021-10-30,Murabaha,Xizmat,Samarqand,600,34,0.5,0.5982,1,1,2,Sanoat uskunasi,0.5253,0.594,0.2069,24,242758752,79724028,0.7608,0.1189,0.7354,0.0665,0.1571,1,0.4415,3,0,,0.1147,0.0853,0.0484,0.25,0.0693,1.0013,0.5525,1140.1237,0.2236,1.7876,0.3142,0.2869,0.999,0.571,0.1309,0.45,79724028,4696417,-0.0119,0.6699,0
TXN-2022-1746,2022-04-29,Musharaka,Ishlab chiqarish,Toshkent,759,39,13.6,0.4079,0,1,3,Ko'chmas mulk,0.77,2.251,0.2458,48,281588953,341459248,0.4001,0.3326,0.7995,0.171,0.4,1,0.7416,2,0,,0.2418,0.14,0.0518,0.25,0.0805,1.145,0.2764,984.4304,0.571,1.0122,0.3141,0.3382,1000.0,0.343,0.3036,0.6,341459248,62194351,-0.0251,0.4787,0
TXN-2021-1747,2021-07-30,Murabaha,Savdo,Samarqand,681,37,9.7,0.26,2,0,5,Ko'chmas mulk,0.7095,2.763,0.1225,120,269363723,192944552,0.8845,0.5143,0.7852,0.4608,0.0468,1,0.6904,1,0,,0.1159,0.0781,0.0902,0.1592,0.0686,1.0442,0.4517,958.4667,0.5076,1.0476,0.1845,0.1471,0.0,0.3867,0.024,0.45,192944552,2087402,-0.012,-0.0648,0
TXN-2021-1748,2021-10-27,Murabaha,Ishlab chiqarish,Samarqand,648,31,0.9,0.5773,4,0,4,Tovar,0.8667,2.955,0.1634,60,245170595,292629874,0.5922,0.4063,0.8247,0.5,0.0481,1,0.4631,3,0,,0.1159,0.1038,0.0616,0.25,0.0979,1.0471,0.4182,746.8164,0.5481,1.3972,0.5003,0.2922,0.0,0.3727,0.0963,0.45,292629874,12675912,-0.012,0.288,0
TXN-2022-1749,2022-06-09,Ijara,Ishlab chiqarish,Toshkent,522,47,9.0,0.3693,2,0,5,Transport,0.7715,6.0,0.1589,60,501243247,225497075,0.3564,0.5338,0.5921,0.2279,0.0475,1,0.5297,1,1,,0.0824,0.1022,0.0656,0.25,0.0705,1.0448,0.6376,675.7684,0.2755,1.9061,0.2849,0.2866,0.0,0.429,0.0812,0.35,225497075,6411171,-0.0085,0.3508,0
TXN-2022-1750,2022-02-09,Murabaha,Qishloq xo'jaligi,Toshkent,533,39,5.9,0.0816,2,0,2,Transport,0.89,7.383,0.1539,36,167113855,23101336,0.3388,0.383,0.5954,0.1173,0.0258,0,0.6471,1,0,,0.0991,0.1239,0.0562,0.25,0.1056,0.9944,0.7828,598.2187,0.1431,1.5374,0.0726,0.3177,0.0,0.5103,0.2172,0.45,23101336,2257836,-0.0103,0.2412,0
TXN-2021-1751,2021-12-22,Musharaka,Ishlab chiqarish,Andijon,668,33,3.2,0.369,2,0,3,Ko'chmas mulk,0.8611,4.154,0.17,120,763034424,279492303,0.5446,0.4094,0.907,0.2482,0.0127,0,0.2806,5,0,,0.2667,0.109,0.0793,0.161,0.0323,1.0516,0.2826,774.8083,0.2609,0.6353,0.3178,0.1907,0.0,0.6704,0.2537,0.6,279492303,42539682,-0.0276,0.1501,0
TXN-2024-1752,2024-05-18,Murabaha,Qishloq xo'jaligi,Toshkent,463,24,1.8,0.485,2,0,3,Ko'chmas mulk,0.5896,5.275,0.0675,60,90015409,261861443,0.748,0.4025,0.7763,0.2367,0.074,1,0.391,3,0,,0.1045,0.0761,0.0642,0.2257,0.0659,1.0899,0.6566,783.9657,0.3107,0.6395,0.2859,0.2377,0.0,0.5351,0.126,0.45,261861443,14849826,-0.0108,-0.5983,0
TXN-2021-1753,2021-11-10,Murabaha,Savdo,Toshkent,731,29,11.8,0.6654,1,1,1,Transport,0.6534,0.049,0.1373,36,158044700,175593794,0.7294,0.1669,0.8797,0.0674,0.0877,1,0.3129,4,0,,0.1246,0.105,0.0252,0.2262,0.0784,0.9313,0.3062,1117.0369,0.1551,1.0929,0.4348,0.306,0.999,0.7432,0.09,0.45,175593794,7114739,-0.0129,0.0587,1
TXN-2024-1754,2024-09-04,Murabaha,Ishlab chiqarish,Toshkent,631,21,7.2,0.7373,0,1,3,Transport,0.7778,1.126,0.1097,48,119572115,678093700,0.6082,0.6,0.7765,0.1331,0.1692,1,0.542,3,0,,0.1095,0.1013,0.0467,0.2427,0.0391,0.8785,0.734,810.1774,0.3023,0.9929,0.5735,0.2973,1000.0,0.5418,0.2046,0.45,678093700,62446368,-0.0113,-0.1853,0
TXN-2021-1755,2021-06-04,Sukuk,IT,Toshkent,850,38,4.8,0.6824,0,0,3,Tovar,0.5821,0.101,0.0851,36,279348282,308460746,0.3948,0.3516,0.747,0.3166,0.0488,1,0.2332,2,0,AA,0.0561,0.0875,0.0828,0.2445,0.0581,1.1104,0.5979,1457.7602,0.3654,1.4905,0.3972,0.2492,0.0,0.474,0.018,0.28,308460746,1556111,-0.0058,-0.7989,0
TXN-2021-1756,2021-12-29,Ijara,Savdo,Toshkent,841,26,5.6,0.3745,2,0,2,Transport,0.6127,0.637,0.1104,48,310873982,300582489,0.5361,0.3895,0.6753,0.4143,0.0783,1,0.4684,2,1,,0.1012,0.0822,0.059,0.2217,0.0592,1.0394,0.3354,1370.4607,0.4926,1.08,0.2294,0.2449,0.0,0.3426,0.0468,0.35,300582489,4923648,-0.0105,-0.1937,0
TXN-2024-1757,2024-07-10,Sukuk,Savdo,Andijon,629,35,0.6,0.3634,2,1,4,Tovar,0.7658,1.202,0.0945,84,700676129,45169557,0.3939,0.6,0.6729,0.2279,0.1888,1,0.1608,5,0,A,0.0882,0.1027,0.0477,0.2145,0.054,1.049,0.7462,820.301,0.4167,1.0596,0.2783,0.2695,0.4998,0.3925,0.0398,0.28,45169557,503967,-0.0091,-0.4027,0
TXN-2023-1758,2023-10-09,Musharaka,Qishloq xo'jaligi,Namangan,635,51,3.9,0.8298,1,0,3,Ko'chmas mulk,0.6548,5.054,0.1574,24,278216189,380220572,0.6297,0.5795,0.8586,0.0489,0.0702,1,0.6156,1,0,,0.2897,0.089,0.08,0.25,0.085,0.9202,0.5176,968.3387,0.1191,0.5415,0.5433,0.259,0.0,0.7564,0.3111,0.6,380220572,70965720,-0.03,0.0946,0
TXN-2023-1759,2023-08-09,Murabaha,Savdo,Toshkent,729,49,1.3,0.2395,0,0,1,Ko'chmas mulk,0.4258,1.792,0.0866,60,406707026,238478376,0.4076,0.6,0.5507,0.3388,0.1466,1,0.0175,2,0,,0.1077,0.1018,0.0515,0.25,0.0737,0.9868,0.3357,1707.8685,0.4853,0.797,0.102,0.3003,0.0,0.2834,0.1371,0.45,238478376,14707658,-0.0112,-0.4026,1
TXN-2024-1760,2024-02-29,Musharaka,Savdo,Andijon,789,37,1.4,0.3232,1,0,4,Ko'chmas mulk,0.8562,2.616,0.0751,48,127351722,58059656,0.7038,0.5413,0.7053,0.0518,0.1693,1,0.3298,0,0,,0.2574,0.1034,0.0519,0.25,0.0752,1.0159,0.7651,920.4482,0.221,0.2906,0.2767,0.3014,0.0,0.5494,0.0795,0.6,58059656,2768311,-0.0267,-0.2134,0
TXN-2024-1761,2024-04-01,Musharaka,Savdo,Buxoro,505,37,6.5,0.2082,2,0,4,Tovar,0.3472,1.127,0.2294,84,106827900,185669991,0.7243,0.422,0.5995,0.45,0.1015,1,0.1075,1,0,,0.2137,0.1077,0.0623,0.0934,0.0539,0.9139,0.3501,1450.2849,0.5515,1.0685,0.0723,0.1388,0.0,0.2689,0.3069,0.6,185669991,34187169,-0.0221,0.4651,0
TXN-2023-1762,2023-07-09,Ijara,Ishlab chiqarish,Buxoro,493,56,14.5,0.2091,3,0,5,Tovar,0.5144,2.309,0.171,24,536459803,45521824,0.464,0.1025,0.6314,0.2667,0.0226,1,0.2488,2,1,,0.127,0.0776,0.0542,0.25,0.0761,1.0304,0.4728,956.5195,0.2893,1.3352,0.1076,0.2734,0.0,0.4487,0.0456,0.35,45521824,725931,-0.0132,0.3224,0
TXN-2024-1763,2024-10-26,Murabaha,Savdo,Namangan,592,43,3.1,0.4962,1,2,4,Ko'chmas mulk,0.7382,4.226,0.1442,48,430478245,239608543,0.711,0.5127,0.45,0.1043,0.1702,1,0.6451,0,0,,0.113,0.0917,0.0669,0.1447,0.0327,1.0644,0.4384,800.8526,0.2746,1.2648,0.3663,0.1695,1.998,0.3264,0.1435,0.45,239608543,15470806,-0.0117,0.1254,0
TXN-2024-1764,2024-03-02,Musharaka,Savdo,Toshkent,694,34,1.4,0.2732,4,0,5,Ko'chmas mulk,0.8657,0.896,0.1143,12,282428900,168522962,0.6428,0.6,0.9328,0.1982,0.2069,1,0.6015,1,0,,0.1636,0.0777,0.0345,0.25,0.0627,1.0298,0.653,800.7344,0.4051,0.6945,0.2365,0.2932,0.0,0.5549,0.0915,0.6,168522962,9252128,-0.0169,-0.0961,0
TXN-2024-1765,2024-08-09,Murabaha,Qurilish,Samarqand,687,23,6.3,0.5397,1,0,5,Sanoat uskunasi,0.8229,6.73,0.1796,24,144652669,97644251,0.41,0.2597,0.861,0.0274,0.085,1,0.517,5,0,,0.136,0.0776,0.0699,0.0916,0.08,1.0658,0.6269,833.8388,0.1123,1.3109,0.4441,0.0992,0.0,0.7643,0.0576,0.45,97644251,2529094,-0.0141,0.3646,0
TXN-2024-1766,2024-07-25,Murabaha,Ishlab chiqarish,Toshkent,735,41,12.3,0.2955,3,0,4,Tovar,0.5362,0.6,0.2228,36,1052013395,243197468,0.7044,0.3686,0.5363,0.2236,0.04,1,0.3936,3,0,,0.1082,0.1144,0.0477,0.25,0.0545,1.1479,0.3632,1368.2914,0.2636,2.0399,0.1584,0.3167,0.0,0.3949,0.0329,0.45,243197468,3599053,-0.0112,0.8576,0
TXN-2024-1767,2024-07-03,Ijara,Savdo,Toshkent,543,46,8.3,0.3103,0,1,3,Tovar,0.4967,6.293,0.1564,36,402334068,87358967,0.3222,0.1987,0.5979,0.4042,0.25,1,0.4847,5,1,,0.1364,0.1065,0.0719,0.1353,0.0567,1.1371,0.5461,1090.9815,0.6542,1.1387,0.1541,0.1699,1000.0,0.2068,0.1547,0.35,87358967,4730628,-0.0141,0.1936,0
TXN-2022-1768,2022-10-24,Musharaka,Savdo,Boshqa,448,31,12.2,0.5911,2,1,1,Ko'chmas mulk,0.2304,0.072,0.2607,84,161611052,161436548,0.8176,0.2882,0.8384,0.0781,0.0059,1,0.2544,7,0,,0.2536,0.1289,0.0651,0.25,0.046,0.9398,0.6473,1935.8891,0.084,1.0239,0.1362,0.3138,0.4998,0.768,0.4155,0.6,161436548,40246466,-0.0263,0.5154,0
TXN-2024-1769,2024-07-08,Murabaha,Qurilish,Namangan,717,40,4.6,0.5477,0,0,4,Sanoat uskunasi,0.7404,1.956,0.0933,12,252568160,322158922,0.6885,0.1943,0.878,0.3171,0.1375,1,0.4476,1,0,,0.1116,0.0662,0.0982,0.1429,0.0522,0.91,0.5665,967.1528,0.4546,0.8282,0.4055,0.1109,0.0,0.4788,0.0538,0.45,322158922,7798231,-0.0116,-0.3288,0
TXN-2022-1770,2022-10-10,Murabaha,Qurilish,Andijon,574,34,8.4,0.2424,1,1,4,Tovar,0.6721,10.528,0.1174,24,101987329,116942735,0.7469,0.2592,0.6828,0.2251,0.1139,1,0.3165,2,0,,0.1037,0.0909,0.033,0.25,0.084,0.9535,0.3174,852.7088,0.339,1.1216,0.163,0.308,0.999,0.4513,0.0798,0.45,116942735,4197710,-0.0107,-0.121,0
TXN-2021-1771,2021-11-06,Musharaka,Qishloq xo'jaligi,Boshqa,473,36,0.9,0.4325,3,0,5,Ko'chmas mulk,0.6092,2.353,0.2524,24,263241637,76309748,0.6381,0.2505,0.7872,0.5,0.3067,1,0.5318,2,0,,0.1823,0.0878,0.0491,0.25,0.0243,1.0223,0.3275,775.1388,0.8067,1.377,0.2635,0.2887,0.0,0.1522,0.3747,0.6,76309748,17155160,-0.0189,0.6714,0
TXN-2023-1772,2023-06-20,Ijara,Ishlab chiqarish,Andijon,657,21,2.6,0.461,1,0,4,Transport,0.7004,2.023,0.0838,36,185176349,318583484,0.5324,0.4749,0.8062,0.1869,0.4,1,0.2312,2,1,,0.1172,0.1336,0.0515,0.1734,0.0747,0.9608,0.5794,936.7443,0.5869,0.7088,0.3228,0.2555,0.0,0.333,0.0405,0.35,318583484,4517199,-0.0121,-0.3944,0
TXN-2021-1773,2021-05-20,Sukuk,Qishloq xo'jaligi,Toshkent,712,35,3.0,0.47,3,0,5,Ko'chmas mulk,0.5556,2.868,0.0862,12,1024958567,160406351,0.433,0.0803,0.8521,0.2515,0.2456,1,0.5809,1,0,AAA,0.0532,0.0819,0.0512,0.25,0.0607,1.1465,0.3092,1279.1648,0.4971,1.5887,0.2612,0.2807,0.0,0.4285,0.0119,0.28,160406351,534215,-0.0055,-0.8233,0
TXN-2023-1774,2023-08-19,Sukuk,Qishloq xo'jaligi,Samarqand,634,47,4.3,0.353,0,0,5,Ko'chmas mulk,0.3971,0.854,0.1047,84,386508744,605153509,0.4314,0.5471,0.8296,0.0461,0.074,1,0.3253,2,0,A,0.0864,0.0882,0.0675,0.247,0.0531,0.9727,0.5455,1592.5677,0.1201,1.1987,0.1402,0.2676,0.0,0.73,0.007,0.28,605153509,1185881,-0.0089,-0.2926,0
TXN-2023-1775,2023-06-25,Ijara,Qishloq xo'jaligi,Toshkent,606,31,15.9,0.4273,0,0,5,Boshqa,0.4728,0.139,0.1361,48,53656955,213386199,0.8403,0.327,0.5908,0.2705,0.1276,0,0.5151,0,1,,0.0817,0.1263,0.0416,0.25,0.0737,0.9782,0.8399,1279.0379,0.3981,1.646,0.202,0.3347,0.0,0.3556,0.0368,0.35,213386199,2746152,-0.0085,0.0752,0
TXN-2024-1776,2024-07-17,Murabaha,Qishloq xo'jaligi,Samarqand,631,38,12.4,0.5537,2,0,3,Moliyaviy aktiv,0.849,0.723,0.129,60,738321440,253179502,0.7335,0.6,0.8484,0.2398,0.2626,1,0.4467,4,0,,0.1002,0.1348,0.0693,0.25,0.0383,1.0995,0.9477,742.364,0.5023,1.2748,0.4701,0.3155,0.0,0.4222,0.1306,0.45,253179502,14875919,-0.0104,-0.01,0
TXN-2022-1777,2022-09-13,Ijara,Savdo,Namangan,613,30,0.9,0.385,2,0,2,Transport,0.4182,0.485,0.1203,60,311757232,191418120,0.6884,0.4177,0.6465,0.0974,0.2214,1,0.4863,0,1,,0.113,0.0511,0.0597,0.25,0.0722,1.0186,0.6802,1462.3404,0.3188,1.0553,0.161,0.2414,0.0,0.4404,0.0531,0.35,191418120,3557077,-0.0117,-0.0857,1
TXN-2022-1778,2022-07-17,Musharaka,Ishlab chiqarish,Namangan,530,41,1.1,0.4248,0,0,4,Ko'chmas mulk,0.6769,6.428,0.1899,48,616479412,219138609,0.6966,0.4864,0.6151,0.4587,0.0988,1,0.6506,3,0,,0.1998,0.1057,0.0565,0.25,0.0536,0.9643,0.5319,781.8504,0.5575,0.9459,0.2875,0.2992,0.0,0.2722,0.3903,0.6,219138609,51316933,-0.0207,0.2999,0
TXN-2024-1779,2024-04-26,Murabaha,Qurilish,Toshkent,584,35,2.7,0.6016,2,0,4,Sanoat uskunasi,0.534,4.781,0.1309,72,289066744,227340023,0.7472,0.3786,0.8159,0.2067,0.1518,1,0.4216,3,0,,0.1113,0.0764,0.0525,0.25,0.0459,0.9733,0.4653,1091.6681,0.3586,1.1659,0.3212,0.2739,0.0,0.5233,0.0716,0.45,227340023,7321648,-0.0115,0.0083,0
TXN-2021-1780,2021-04-26,Ijara,Savdo,Samarqand,689,28,2.1,0.2803,4,0,3,Ko'chmas mulk,0.6418,0.956,0.1049,72,268056308,238588417,0.6677,0.6,0.9012,0.0865,0.1351,1,0.2402,1,1,,0.1104,0.1235,0.0504,0.1344,0.0607,0.8896,0.575,1071.9159,0.2217,0.9421,0.1799,0.2075,0.0,0.7014,0.0209,0.35,238588417,1748262,-0.0114,-0.2271,0
TXN-2022-1781,2022-12-22,Murabaha,Savdo,Boshqa,672,51,5.7,0.1721,1,0,4,Ko'chmas mulk,0.8167,4.521,0.1351,24,148295717,67885913,0.8218,0.4878,0.7769,0.1326,0.3183,1,0.1382,2,0,,0.1495,0.1162,0.0476,0.25,0.0776,0.982,0.7293,821.8624,0.4509,0.8976,0.1405,0.3186,0.0,0.4266,0.0595,0.45,67885913,1817884,-0.0155,0.0343,0
TXN-2023-1782,2023-11-06,Sukuk,Qishloq xo'jaligi,Toshkent,659,47,14.0,0.275,3,0,4,Transport,0.5683,0.595,0.0865,72,362141028,81355948,0.6434,0.3121,0.8858,0.1072,0.1821,1,0.1809,5,0,A,0.0701,0.0843,0.0626,0.2388,0.0707,0.9061,0.6655,1157.5359,0.2893,1.2163,0.1563,0.2604,0.0,0.6295,0.0131,0.28,81355948,298483,-0.0073,-0.6209,0
TXN-2021-1783,2021-06-01,Musharaka,Xizmat,Toshkent,560,31,19.7,0.4725,2,1,2,Transport,0.6601,0.557,0.2336,36,470324923,235837271,0.6873,0.3117,0.9245,0.0837,0.0739,1,0.8493,5,0,,0.2358,0.0819,0.0144,0.2148,0.0565,0.917,0.4759,847.0525,0.1576,0.9863,0.3119,0.2823,0.4998,0.7788,0.2613,0.6,235837271,36974339,-0.0244,0.4392,0
TXN-2022-1784,2022-09-28,Musharaka,Qurilish,Toshkent,629,42,6.4,0.3593,6,1,4,Ko'chmas mulk,0.6953,3.648,0.1983,24,85464421,158378590,0.5705,0.4197,0.7927,0.0862,0.0167,1,0.2472,2,0,,0.1938,0.0882,0.0579,0.25,0.058,1.0662,0.3974,903.3837,0.1029,1.0182,0.2498,0.2803,0.1666,0.7111,0.1334,0.6,158378590,12676958,-0.0201,0.3526,0
TXN-2023-1785,2023-08-04,Ijara,Savdo,Boshqa,459,43,10.9,0.1425,1,0,5,Sanoat uskunasi,0.6491,0.99,0.1178,48,149618604,86982723,0.7131,0.3652,0.45,0.3248,0.0074,1,0.3523,3,1,,0.0726,0.1023,0.0632,0.25,0.0447,1.079,0.7856,706.0555,0.3322,1.6006,0.0925,0.2891,0.0,0.3005,0.0556,0.35,86982723,1691471,-0.0075,-0.168,0
TXN-2023-1786,2023-07-15,Sukuk,Ishlab chiqarish,Samarqand,660,44,4.5,0.3899,1,0,4,Ko'chmas mulk,0.6059,0.167,0.094,24,116869303,183219933,0.7486,0.5333,0.549,0.3315,0.0421,1,0.2939,4,0,AA,0.078,0.069,0.041,0.201,0.053,1.2233,0.7722,1087.4109,0.3735,1.1905,0.2363,0.229,0.0,0.3439,0.0217,0.28,183219933,1112780,-0.0081,-0.4611,0
TXN-2021-1787,2021-03-19,Musharaka,Ishlab chiqarish,Toshkent,766,21,1.4,0.334,1,0,4,Moliyaviy aktiv,0.4731,3.182,0.2426,36,714054307,459228520,0.4038,0.3824,0.5638,0.1818,0.1063,1,0.7544,1,0,,0.2887,0.0844,0.0586,0.1577,0.0555,1.1304,0.8224,1615.6738,0.2881,0.8374,0.158,0.1835,0.0,0.4014,0.0835,0.6,459228520,23007603,-0.0299,0.39,0
TXN-2021-1788,2021-04-27,Musharaka,Ishlab chiqarish,Toshkent,519,48,4.5,0.2196,1,1,1,Moliyaviy aktiv,0.5426,11.415,0.1579,60,479365169,169677931,0.5467,0.3445,0.4594,0.0249,0.3501,1,0.4618,2,0,,0.2063,0.1132,0.0653,0.143,0.0328,1.104,0.8108,954.7618,0.375,0.7619,0.1192,0.1909,0.999,0.2871,0.5945,0.6,169677931,60521015,-0.0214,0.1354,1
TXN-2023-1789,2023-01-26,Murabaha,Qurilish,Samarqand,595,32,4.9,0.4003,0,0,4,Tovar,0.6979,2.087,0.169,12,197220526,199409119,0.6553,0.4704,0.6946,0.0606,0.0982,0,0.6306,2,0,,0.1501,0.089,0.0649,0.25,0.0093,0.9824,0.5339,851.378,0.1588,1.1187,0.2793,0.2741,0.0,0.5842,0.0507,0.45,199409119,4547041,-0.0156,0.2599,0
TXN-2022-1790,2022-08-11,Musharaka,Savdo,Toshkent,672,34,8.1,0.6393,4,1,5,Transport,0.2054,0.765,0.2511,24,466545411,203950738,0.6844,0.453,0.45,0.0347,0.1404,1,0.3351,2,0,,0.218,0.0999,0.0639,0.25,0.0397,1.0321,0.8083,3255.7234,0.1751,1.1465,0.1313,0.2861,0.2499,0.3712,0.148,0.6,203950738,18115593,-0.0226,0.5554,0
TXN-2021-1791,2021-06-07,Murabaha,Ishlab chiqarish,Toshkent,751,64,1.5,0.4536,2,0,4,Ko'chmas mulk,0.4802,1.167,0.1597,84,107673346,96810045,0.1369,0.3024,0.8905,0.2851,0.3086,1,0.464,2,0,,0.1004,0.0754,0.0623,0.25,0.0857,1.1358,0.4828,1560.6393,0.5937,1.5742,0.2178,0.2632,0.0,0.3618,0.0254,0.45,96810045,1106511,-0.0104,0.2956,0
TXN-2024-1792,2024-08-13,Ijara,Qurilish,Boshqa,606,41,2.8,0.2772,4,1,3,Tovar,0.5449,2.615,0.0716,36,293760118,143241365,0.7167,0.4014,0.747,0.1374,0.1023,1,0.8201,3,1,,0.1253,0.0951,0.046,0.25,0.0845,1.0085,0.8752,1110.0528,0.2397,0.567,0.1511,0.2992,0.2499,0.5679,0.0399,0.35,143241365,2000189,-0.013,-0.4658,0
TXN-2021-1793,2021-07-04,Musharaka,Ishlab chiqarish,Andijon,586,34,2.7,0.3177,4,0,4,Moliyaviy aktiv,0.4099,3.021,0.1546,36,428578585,34391317,0.6642,0.1979,0.6534,0.104,0.1706,1,0.4553,3,0,,0.2655,0.0969,0.038,0.2093,0.0943,1.0966,0.7416,1426.2469,0.2746,0.58,0.1302,0.2682,0.0,0.474,0.1956,0.6,34391317,4035920,-0.0275,0.0926,0
TXN-2024-1794,2024-06-13,Ijara,Qishloq xo'jaligi,Toshkent,477,21,19.2,0.2799,0,1,5,Ko'chmas mulk,0.5119,5.436,0.0944,72,176901261,76633743,0.7325,0.6,0.8833,0.4458,0.0514,1,0.278,1,1,,0.1197,0.1048,0.0398,0.0841,0.0665,1.0716,0.831,930.0162,0.4972,0.7816,0.1433,0.1492,1000.0,0.4441,0.0451,0.35,76633743,1208911,-0.0124,-0.2976,0
TXN-2024-1795,2024-05-01,Murabaha,Qishloq xo'jaligi,Toshkent,653,51,3.5,0.5274,1,0,3,Transport,0.5127,5.988,0.0922,72,243462960,140462555,0.8172,0.3599,0.6831,0.1652,0.1632,1,0.2811,2,0,,0.1449,0.1103,0.0789,0.1061,0.0818,1.1281,0.4389,1271.0895,0.3284,0.6318,0.2704,0.1375,0.0,0.4588,0.1079,0.45,140462555,6822127,-0.015,-0.2611,0
TXN-2023-1796,2023-11-05,Murabaha,Qurilish,Boshqa,818,24,8.4,0.597,1,1,3,Ko'chmas mulk,0.5096,4.938,0.1837,12,330903186,64446529,0.6673,0.3676,0.6485,0.1126,0.2339,1,0.4452,5,0,,0.1424,0.0829,0.048,0.25,0.0631,1.0994,0.5164,1602.017,0.3464,1.2811,0.3042,0.2849,0.999,0.4239,0.0527,0.45,64446529,1527427,-0.0148,0.3769,0
TXN-2023-1797,2023-02-27,Ijara,Qurilish,Toshkent,668,27,8.3,0.4069,3,0,2,Transport,0.7888,2.614,0.1314,36,488974430,146314132,0.6508,0.1164,0.8391,0.0445,0.2047,1,0.371,2,1,,0.0967,0.1304,0.0447,0.25,0.0068,0.9393,0.6851,845.7877,0.2492,1.3444,0.321,0.3357,0.0,0.63,0.0929,0.35,146314132,4758860,-0.01,0.014,1
TXN-2023-1798,2023-08-06,Murabaha,Ishlab chiqarish,Toshkent,643,34,1.9,0.4775,2,0,4,Transport,0.5361,1.494,0.04,72,97967573,120623324,0.6111,0.2412,0.7867,0.152,0.1578,1,0.3943,7,0,,0.1517,0.0651,0.072,0.25,0.0802,1.0979,0.6871,1197.1012,0.3098,0.2619,0.256,0.2431,0.0,0.5429,0.053,0.45,120623324,2878121,-0.0157,-0.5931,0
TXN-2024-1799,2024-04-03,Murabaha,Savdo,Toshkent,672,52,5.1,0.5024,4,1,4,Boshqa,0.8415,2.843,0.1396,24,220863826,374838790,0.5199,0.3379,0.45,0.2546,0.0972,1,0.256,2,0,,0.1486,0.0846,0.0423,0.25,0.0329,0.985,0.602,797.6068,0.3517,0.9327,0.4227,0.2923,0.2499,0.2917,0.1417,0.45,374838790,23909112,-0.0154,0.0643,0
TXN-2024-1800,2024-02-10,Murabaha,Qurilish,Samarqand,644,45,13.5,0.5559,1,0,5,Ko'chmas mulk,0.8227,2.746,0.1135,48,140945032,611700340,0.6663,0.2913,0.7441,0.073,0.4,1,0.4314,1,0,,0.0876,0.0606,0.0735,0.25,0.0434,1.0279,0.5035,781.8498,0.473,1.2813,0.4574,0.2371,0.0,0.3922,0.0525,0.45,611700340,14456218,-0.0091,-0.1888,0
TXN-2021-1801,2021-03-26,Sukuk,Qurilish,Andijon,575,36,3.9,0.4777,0,0,3,Transport,0.5149,0.615,0.1232,36,339813649,142711465,0.8382,0.6,0.9354,0.3672,0.0298,0,0.4516,3,0,A,0.0899,0.1123,0.092,0.2091,0.1021,0.9786,0.2416,1114.5773,0.397,1.3551,0.246,0.2294,0.0,0.564,0.0318,0.28,142711465,1272605,-0.0093,-0.076,0
TXN-2023-1802,2023-07-11,Ijara,Qurilish,Namangan,714,41,17.4,0.6284,3,0,4,Boshqa,0.6703,1.771,0.1002,48,203487491,193220862,0.6071,0.3926,0.746,0.2794,0.0288,1,0.2765,1,1,,0.1125,0.0903,0.0374,0.2238,0.0296,1.1445,0.2693,1063.573,0.3082,0.8829,0.4212,0.2767,0.0,0.5161,0.0385,0.35,193220862,2601610,-0.0117,-0.2651,0
TXN-2024-1803,2024-03-16,Murabaha,Savdo,Toshkent,664,31,1.4,0.2202,6,1,5,Transport,0.3753,0.584,0.1527,24,398934511,346178417,0.8671,0.3167,0.8003,0.1908,0.2112,1,0.412,1,0,,0.0753,0.0865,0.0722,0.25,0.0157,1.0208,0.4382,1764.7346,0.4021,2.0022,0.0826,0.2642,0.1666,0.4785,0.0145,0.45,346178417,2256925,-0.0078,0.3013,0
TXN-2024-1804,2024-08-27,Murabaha,Ishlab chiqarish,Toshkent,646,39,0.5,0.5469,0,1,3,Tovar,0.5455,5.735,0.1522,48,109308044,147845689,0.4556,0.2933,0.873,0.1539,0.125,0,0.281,1,0,,0.1215,0.0901,0.0718,0.25,0.0906,1.0718,0.6321,1181.9931,0.2789,1.2423,0.2983,0.2684,1000.0,0.6295,0.065,0.45,147845689,4321243,-0.0126,0.1829,0
TXN-2022-1805,2022-01-21,Murabaha,Qurilish,Samarqand,562,38,13.3,0.5358,1,0,4,Ko'chmas mulk,0.4971,0.976,0.1072,12,184129203,199238175,0.8352,0.3305,0.7851,0.0593,0.1064,1,0.5649,5,0,,0.1179,0.0654,0.0454,0.1795,0.0155,0.9629,0.4374,1128.3973,0.1657,0.901,0.2663,0.1995,0.0,0.655,0.0442,0.45,199238175,3960294,-0.0122,-0.1936,0
TXN-2022-1806,2022-10-21,Ijara,Qishloq xo'jaligi,Andijon,755,47,11.3,0.3334,3,0,4,Boshqa,0.765,4.092,0.0898,24,814174974,55951696,0.5917,0.2403,0.746,0.2074,0.1286,1,0.5349,3,1,,0.08,0.0742,0.0925,0.1585,-0.0061,1.0026,0.3215,985.6224,0.336,1.1085,0.2551,0.1402,0.0,0.4954,0.0235,0.35,55951696,460437,-0.0083,-0.5027,0
TXN-2024-1807,2024-05-24,Ijara,Qurilish,Namangan,701,47,29.4,0.3459,1,1,3,Ko'chmas mulk,0.7912,1.184,0.1808,24,216553116,213053122,0.7288,0.2176,0.7767,0.0616,0.1167,1,0.6937,1,1,,0.1083,0.1317,0.0454,0.1176,0.0294,0.9022,0.5349,884.8431,0.1783,1.6549,0.2737,0.2039,0.999,0.6382,0.0484,0.35,213053122,3609894,-0.0112,0.4693,0
TXN-2023-1808,2023-09-02,Murabaha,Qurilish,Toshkent,598,42,6.8,0.5351,2,0,2,Boshqa,0.6486,3.607,0.1557,24,468310989,362745606,0.7864,0.2175,0.8076,0.0711,0.2201,1,0.2076,2,0,,0.1128,0.1107,0.0727,0.1477,0.0671,1.0118,0.6921,920.6125,0.2912,1.3674,0.347,0.1858,0.0,0.5724,0.1379,0.45,362745606,22505640,-0.0117,0.2275,0
TXN-2023-1809,2023-10-24,Murabaha,Qurilish,Samarqand,730,34,16.6,0.5494,3,1,4,Ko'chmas mulk,0.5596,0.624,0.142,60,129763746,67865419,0.662,0.6,0.6844,0.5,0.1348,1,0.4211,3,0,,0.1179,0.1073,0.0504,0.25,0.0766,1.0448,0.5872,1302.2359,0.6348,1.1941,0.3074,0.3069,0.3332,0.2499,0.0599,0.45,67865419,1829559,-0.0122,0.1019,0
TXN-2021-1810,2021-11-05,Murabaha,Xizmat,Andijon,602,45,10.5,0.3917,3,1,3,Transport,0.7211,3.607,0.1884,72,100254364,46453982,0.8768,0.2365,0.7859,0.2802,0.1615,1,0.3969,0,0,,0.1386,0.12,0.0442,0.25,0.0774,1.0096,0.8783,833.6621,0.4417,1.3494,0.2825,0.3258,0.3332,0.4387,0.1503,0.45,46453982,3141874,-0.0144,0.4212,0
TXN-2021-1811,2021-05-07,Ijara,Savdo,Toshkent,578,37,11.2,0.2547,1,0,3,Ko'chmas mulk,0.8262,0.495,0.1727,60,568577430,367127623,0.5905,0.5212,0.9879,0.4905,0.0864,1,0.6223,1,1,,0.0806,0.0981,0.0775,0.2339,0.0825,0.9448,0.5537,698.776,0.5769,2.1175,0.2104,0.2545,0.0,0.418,0.0712,0.35,367127623,9154380,-0.0083,0.5301,0
TXN-2023-1812,2023-07-12,Ijara,Savdo,Namangan,580,27,5.1,0.519,3,0,5,Transport,0.4832,1.687,0.165,48,396838302,118909458,0.5759,0.2856,0.755,0.1596,0.4,1,0.2706,0,0,,0.1094,0.0985,0.0337,0.1459,0.0523,0.9349,0.4691,1197.8653,0.5596,1.4951,0.2508,0.2107,0.0,0.3325,0.0492,0.35,118909458,2045937,-0.0113,0.3202,0
TXN-2021-1813,2021-07-31,Murabaha,Ishlab chiqarish,Namangan,494,33,2.9,0.2889,1,1,4,Ko'chmas mulk,0.7647,0.302,0.085,24,190470181,85933374,0.6295,0.1189,0.8975,0.383,0.0995,1,0.373,2,0,,0.1397,0.0681,0.0485,0.25,0.0952,1.1589,0.77,645.1466,0.4825,0.6042,0.2209,0.2696,0.999,0.4644,0.1109,0.45,85933374,4288646,-0.0145,-0.322,0
TXN-2022-1814,2022-12-05,Murabaha,Ishlab chiqarish,Toshkent,685,38,16.4,0.549,1,1,5,Boshqa,0.6686,1.876,0.1413,24,652283506,158820899,0.7445,0.5649,0.747,0.116,0.0664,1,0.4999,3,0,,0.1387,0.0728,0.042,0.25,0.0877,1.0096,0.5183,1022.9499,0.1824,1.0115,0.3671,0.2808,0.999,0.6107,0.0374,0.45,158820899,2670237,-0.0144,0.0815,0
TXN-2021-1815,2021-06-22,Murabaha,Savdo,Samarqand,489,47,3.4,0.6482,3,1,3,Ko'chmas mulk,0.655,4.297,0.1289,36,168563596,101237643,0.5596,0.1934,0.661,0.4248,0.0934,1,0.6452,1,0,,0.1201,0.121,0.0293,0.25,0.0468,0.9374,0.7673,745.4234,0.5182,1.0648,0.4246,0.3417,0.3332,0.3185,0.351,0.45,101237643,15991815,-0.0124,-0.009,0
TXN-2023-1816,2023-10-31,Sukuk,Qurilish,Andijon,540,36,4.6,0.481,1,0,5,Sanoat uskunasi,0.625,3.522,0.1474,60,146371233,71911667,0.747,0.2429,0.7029,0.4544,0.1744,1,0.7088,4,0,AA,0.0714,0.0697,0.0706,0.25,0.0628,0.9737,0.8122,862.6079,0.6289,2.0361,0.3006,0.2491,0.0,0.2609,0.0352,0.28,71911667,708059,-0.0074,0.2435,0
TXN-2024-1817,2024-08-16,Murabaha,Qishloq xo'jaligi,Andijon,468,25,3.5,0.3272,0,0,4,Ko'chmas mulk,0.2591,0.13,0.1685,24,246972544,51045257,0.6464,0.2905,0.6791,0.3048,0.1797,1,0.5792,1,0,,0.1491,0.0772,0.0391,0.25,0.1145,0.9864,0.6129,1799.1706,0.4845,1.1227,0.0848,0.2882,0.0,0.3501,0.0906,0.45,51045257,2080996,-0.0154,0.2582,0
TXN-2021-1818,2021-12-20,Ijara,Qishloq xo'jaligi,Samarqand,637,38,5.0,0.536,1,0,5,Tovar,0.7076,1.694,0.0811,84,208032690,524750771,0.5538,0.6,0.7186,0.0818,0.0358,1,0.0373,2,1,,0.1113,0.0703,0.052,0.25,0.073,1.0316,0.2573,898.9239,0.1176,0.7224,0.3793,0.2683,0.0,0.6341,0.035,0.35,524750771,6436696,-0.0115,-0.4387,0
TXN-2021-1819,2021-03-22,Musharaka,Qurilish,Samarqand,632,39,3.8,0.2386,4,0,3,Transport,0.6118,4.78,0.0695,60,122011203,476564959,0.351,0.1493,0.9072,0.447,0.1511,1,0.1591,4,0,,0.2219,0.0979,0.0627,0.25,0.1267,1.1178,0.7574,1031.3332,0.5981,0.3119,0.146,0.2852,0.0,0.3646,0.1648,0.6,476564959,47116851,-0.023,-0.2726,1
TXN-2022-1820,2022-05-23,Murabaha,Qurilish,Buxoro,617,39,0.5,0.5581,1,0,4,Boshqa,0.2495,2.625,0.2049,120,228049869,124658044,0.5899,0.1559,0.8364,0.2384,0.1196,1,0.2133,4,0,,0.1218,0.0953,0.0479,0.25,0.0059,1.0658,0.5535,2462.9466,0.358,1.6683,0.1393,0.2974,0.0,0.537,0.0487,0.45,124658044,2731991,-0.0126,0.6146,0
TXN-2024-1821,2024-12-20,Murabaha,Ishlab chiqarish,Buxoro,556,47,12.8,0.6127,1,0,4,Transport,0.5111,0.153,0.1395,36,284673907,927532219,0.8394,0.3044,0.8253,0.0809,0.1341,1,0.057,2,0,,0.1509,0.0936,0.074,0.25,0.0495,0.958,0.6129,1085.7422,0.215,0.9181,0.3132,0.2695,0.0,0.6479,0.0669,0.45,927532219,27920000,-0.0156,0.063,0
TXN-2023-1822,2023-06-16,Murabaha,Qurilish,Namangan,545,48,3.5,0.4357,3,0,4,Ko'chmas mulk,0.5107,0.985,0.1385,48,402608691,376123468,0.4983,0.2289,0.8158,0.1579,0.3224,1,0.468,4,0,,0.116,0.05,0.0696,0.25,0.0451,1.1832,0.872,1065.0563,0.4803,1.184,0.2225,0.2304,0.0,0.424,0.0818,0.45,376123468,13843935,-0.012,0.0732,0
TXN-2023-1823,2023-06-19,Musharaka,Ishlab chiqarish,Toshkent,684,32,5.3,0.3206,2,0,5,Ko'chmas mulk,0.6138,2.033,0.1594,24,1205934045,143396701,0.5843,0.5375,0.9465,0.2049,0.1078,1,0.4508,4,0,,0.1849,0.0953,0.0297,0.25,0.0329,1.1119,0.65,1112.4667,0.3127,0.8574,0.1968,0.3156,0.0,0.6505,0.0443,0.6,143396701,3808408,-0.0192,0.1589,0
TXN-2023-1824,2023-12-10,Ijara,Savdo,Toshkent,598,31,0.9,0.6013,5,1,2,Tovar,0.2758,0.474,0.0951,48,510156387,727167954,0.619,0.3214,0.845,0.4586,0.1429,1,0.6609,3,1,,0.1043,0.1063,0.0556,0.1829,0.0367,1.2205,0.5367,2160.0802,0.6015,0.903,0.1658,0.2336,0.2,0.3368,0.1073,0.35,727167954,27310586,-0.0108,-0.3349,0
TXN-2023-1825,2023-12-07,Ijara,Qurilish,Samarqand,671,27,0.5,0.3561,1,1,5,Sanoat uskunasi,0.8724,2.864,0.1212,84,129590082,35479200,0.5226,0.3139,0.8317,0.2357,0.2512,1,0.5438,2,1,,0.0876,0.1073,0.0561,0.25,0.072,0.9745,0.5206,768.2225,0.4869,1.3672,0.3107,0.3011,0.999,0.4267,0.0453,0.35,35479200,563143,-0.0091,-0.1007,0
TXN-2024-1826,2024-06-02,Musharaka,Ishlab chiqarish,Toshkent,569,44,1.7,0.2249,3,0,5,Tovar,0.786,2.519,0.2284,12,1253481427,128266133,0.6299,0.2489,0.8823,0.1009,0.2041,1,0.4558,6,0,,0.1947,0.0773,0.0596,0.25,0.0509,0.8413,0.2505,723.0214,0.305,1.1671,0.1768,0.2676,0.0,0.6132,0.1043,0.6,128266133,8023793,-0.0202,0.5054,0
TXN-2021-1827,2021-11-22,Murabaha,Xizmat,Andijon,660,52,7.3,0.8306,1,0,4,Ko'chmas mulk,0.8418,0.566,0.1389,24,252274005,508767792,0.6921,0.5998,0.6145,0.0608,0.1002,1,0.3777,2,0,,0.0663,0.1231,0.031,0.25,0.0672,1.0939,0.6052,783.1089,0.1609,2.0641,0.6992,0.3421,0.0,0.5156,0.1393,0.45,508767792,31900793,-0.0069,0.1339,0
TXN-2023-1828,2023-01-16,Sukuk,Qishloq xo'jaligi,Andijon,755,34,0.6,0.2423,2,0,3,Sanoat uskunasi,0.6137,1.998,0.1262,24,298607330,116917494,0.7938,0.5369,0.5521,0.0709,0.058,1,0.6204,4,0,AA,0.08,0.1024,0.037,0.25,0.0456,1.0891,0.9053,1228.3051,0.1289,1.5573,0.1487,0.3154,0.0,0.4809,0.0082,0.28,116917494,267175,-0.0083,-0.0476,0
TXN-2023-1829,2023-02-03,Ijara,Qishloq xo'jaligi,Samarqand,694,35,14.4,0.6393,1,0,5,Moliyaviy aktiv,0.276,4.175,0.1406,120,162786031,337503744,0.6314,0.2418,0.8112,0.2265,0.0856,1,0.1953,1,1,,0.1068,0.0922,0.0624,0.25,0.0524,1.1028,0.5949,2505.181,0.3121,1.3045,0.1765,0.2798,0.0,0.558,0.0123,0.35,337503744,1447234,-0.0111,0.0995,0
TXN-2022-1830,2022-08-03,Murabaha,Savdo,Andijon,609,52,1.5,0.2323,4,0,4,Ko'chmas mulk,0.5278,1.174,0.1761,24,243397569,74699302,0.402,0.1054,0.882,0.253,0.3303,1,0.443,3,0,,0.0874,0.1194,0.039,0.25,0.0018,0.9094,0.5345,1151.5723,0.5833,1.9926,0.1226,0.3305,0.0,0.3675,0.0428,0.45,74699302,1438872,-0.0091,0.5276,0
TXN-2023-1831,2023-03-05,Sukuk,Xizmat,Andijon,666,43,1.4,0.4709,2,0,5,Ko'chmas mulk,0.8656,0.709,0.1046,60,241053692,93423406,0.935,0.3325,0.7478,0.3221,0.0589,1,0.6033,1,0,AA,0.0842,0.088,0.0661,0.1884,0.0868,0.901,0.8992,768.5445,0.381,1.2272,0.4076,0.2103,0.0,0.4629,0.0231,0.28,93423406,603551,-0.0087,-0.3018,0
TXN-2023-1832,2023-04-18,Musharaka,IT,Boshqa,624,42,1.2,0.4243,3,0,5,Sanoat uskunasi,0.5037,3.02,0.1702,24,368116580,194764650,0.591,0.498,0.7586,0.0417,0.2825,1,0.1152,3,0,,0.3094,0.1173,0.0636,0.25,0.1061,1.0512,0.6892,1236.4907,0.3242,0.5482,0.2137,0.3038,0.0,0.5127,0.1342,0.6,194764650,15683494,-0.0321,0.1299,0
TXN-2022-1833,2022-11-24,Musharaka,Savdo,Namangan,645,26,0.5,0.3208,3,0,2,Ko'chmas mulk,0.5431,0.184,0.111,60,421900488,235895562,0.9478,0.471,0.621,0.3915,0.0868,1,0.5496,0,0,,0.2623,0.094,0.0455,0.25,0.0642,0.9549,0.5714,1185.4727,0.4782,0.4214,0.1742,0.2984,0.0,0.324,0.428,0.6,235895562,60575807,-0.0272,-0.0726,0
TXN-2024-1834,2024-10-22,Ijara,Qishloq xo'jaligi,Buxoro,617,44,8.9,0.2508,0,0,4,Sanoat uskunasi,0.6332,4.47,0.1496,36,194881475,171742894,0.509,0.4422,0.8319,0.0253,0.1305,1,0.1356,4,1,,0.0992,0.0666,0.0558,0.1473,0.072,1.1394,0.6292,972.9218,0.1558,1.4926,0.1588,0.1581,0.0,0.7023,0.0236,0.35,171742894,1420721,-0.0103,0.1971,0
TXN-2024-1835,2024-05-09,Ijara,Ishlab chiqarish,Buxoro,631,28,12.5,0.5602,2,0,4,Transport,0.6257,7.182,0.1277,24,500377230,111125135,0.6086,0.5298,0.8515,0.1113,0.1213,1,0.2296,2,1,,0.1065,0.0957,0.0387,0.25,0.0383,1.1489,0.7925,1006.932,0.2326,1.1875,0.3505,0.3069,0.0,0.6535,0.0328,0.35,111125135,1275974,-0.011,-0.0218,0
TXN-2021-1836,2021-04-18,Ijara,Qurilish,Namangan,663,26,5.7,0.3602,1,0,5,Boshqa,0.8365,8.366,0.1124,48,176395031,77437774,0.7771,0.6,0.8871,0.1376,0.0194,1,0.2935,2,1,,0.0736,0.1255,0.0494,0.25,0.0172,0.9156,0.7815,791.6443,0.157,1.5065,0.3013,0.3262,0.0,0.7478,0.0169,0.35,77437774,457437,-0.0076,-0.2397,0
TXN-2024-1837,2024-07-16,Murabaha,Savdo,Buxoro,560,34,1.3,0.5005,2,0,3,Moliyaviy aktiv,0.8791,1.416,0.0946,60,478135766,776165470,0.6759,0.349,0.5929,0.3253,0.1307,1,0.5701,5,0,,0.1495,0.083,0.0913,0.1035,0.0582,1.0855,0.9141,636.2803,0.4559,0.6282,0.44,0.0952,0.0,0.3226,0.2174,0.45,776165470,75949706,-0.0155,-0.237,0
TXN-2024-1838,2024-08-18,Murabaha,Qurilish,Toshkent,558,32,2.0,0.1193,1,0,3,Sanoat uskunasi,0.746,2.44,0.1907,36,164926255,189669286,0.3211,0.201,0.6428,0.2374,0.2075,0,0.1781,1,0,,0.1153,0.0968,0.065,0.2181,0.0296,0.9561,0.7094,746.9503,0.4449,1.6394,0.089,0.25,0.0,0.3568,0.2181,0.45,189669286,18618911,-0.012,0.5264,1
TXN-2022-1839,2022-11-17,Sukuk,Qurilish,Buxoro,526,35,3.9,0.5361,2,0,5,Ko'chmas mulk,0.726,4.869,0.0997,48,123958000,321844305,0.4779,0.3744,0.9583,0.4241,0.2895,1,0.2804,2,0,AA,0.0766,0.0956,0.0768,0.2147,0.1011,1.051,0.7017,723.5497,0.7136,1.2848,0.3892,0.2335,0.0,0.2744,0.0312,0.28,321844305,2810949,-0.0079,-0.3962,0
TXN-2021-1840,2021-05-15,Murabaha,Savdo,Toshkent,508,23,18.5,0.5763,0,0,2,Ko'chmas mulk,0.5644,0.632,0.2153,24,204675730,296441838,0.729,0.5965,0.5646,0.4343,0.0865,1,0.412,2,0,,0.1011,0.0766,0.0508,0.25,0.0891,1.0429,0.5951,898.4106,0.5208,2.1083,0.3253,0.2758,0.0,0.2706,0.2929,0.45,296441838,39072284,-0.0105,0.8435,0
TXN-2022-1841,2022-11-07,Murabaha,Qishloq xo'jaligi,Andijon,541,47,1.7,0.4837,1,2,4,Moliyaviy aktiv,0.3968,0.07,0.0571,72,211036850,106609203,0.8575,0.2411,0.7347,0.0379,0.1433,1,0.5377,1,0,,0.0921,0.0776,0.0413,0.25,0.0893,1.0931,0.5653,1359.8184,0.1812,0.6136,0.1919,0.2863,1.998,0.6016,0.0284,0.45,106609203,1363195,-0.0095,-0.7907,0
TXN-2021-1842,2021-07-13,Musharaka,Qishloq xo'jaligi,Samarqand,658,49,7.9,0.2756,2,0,3,Sanoat uskunasi,0.7364,1.214,0.1988,12,135523581,153728133,0.6092,0.2931,0.6252,0.0324,0.0168,1,0.5849,1,0,,0.2005,0.0972,0.0767,0.25,0.0379,1.0437,0.2813,892.3318,0.0492,0.9865,0.203,0.2705,0.0,0.5944,0.2184,0.6,153728133,20147412,-0.0208,0.343,0
TXN-2024-1843,2024-02-17,Musharaka,Qurilish,Namangan,569,21,3.5,0.3711,5,0,4,Tovar,0.4212,5.393,0.0986,24,194889812,86638525,0.6478,0.1924,0.8464,0.2513,0.1433,1,0.5783,1,0,,0.2006,0.1024,0.0539,0.25,0.0562,1.0495,0.9335,1347.5528,0.3946,0.489,0.1563,0.2986,0.0,0.5124,0.1729,0.6,86638525,8988675,-0.0208,-0.1567,0
TXN-2024-1844,2024-10-21,Musharaka,Ishlab chiqarish,Andijon,688,47,2.1,0.4374,3,1,4,Transport,0.5006,1.758,0.1361,24,176760403,254445531,0.6038,0.3116,0.5846,0.0676,0.1077,1,0.3393,4,0,,0.281,0.081,0.0466,0.25,0.0985,0.9476,0.3583,1371.737,0.1753,0.4825,0.219,0.2844,0.3332,0.4821,0.1572,0.6,254445531,24004822,-0.0291,0.0215,0
TXN-2023-1845,2023-03-03,Sukuk,Qishloq xo'jaligi,Andijon,647,29,3.7,0.3669,4,0,3,Ko'chmas mulk,0.6925,1.889,0.0931,24,245091133,133011602,0.6784,0.5455,0.7506,0.0653,0.3803,1,0.6206,3,0,AA,0.0902,0.1356,0.0703,0.0986,0.0474,1.0926,0.5691,932.9742,0.4456,1.0206,0.2541,0.164,0.0,0.4161,0.0306,0.28,133011602,1140011,-0.0093,-0.4092,0
TXN-2022-1846,2022-08-05,Murabaha,Savdo,Toshkent,477,46,0.5,0.3387,1,0,5,Ko'chmas mulk,0.6015,2.94,0.165,36,339838995,463998800,0.4667,0.5888,0.8621,0.2484,0.0904,1,0.6805,1,0,,0.1109,0.1047,0.0646,0.2409,0.052,1.0569,0.4887,791.6555,0.3388,1.4742,0.2037,0.2809,0.0,0.5701,0.0734,0.45,463998800,15315525,-0.0115,0.3153,0
TXN-2022-1847,2022-06-01,Murabaha,Ishlab chiqarish,Samarqand,700,37,9.6,0.5768,4,0,2,Ko'chmas mulk,0.8547,2.136,0.1509,36,232932732,48148747,0.6757,0.6,0.9348,0.3683,0.0004,1,0.6989,0,0,,0.1362,0.0757,0.0272,0.1196,0.0889,1.0009,0.4581,818.051,0.3687,1.1,0.493,0.1681,0.0,0.5901,0.1405,0.45,48148747,3045124,-0.0141,0.1533,0
TXN-2024-1848,2024-09-06,Murabaha,Ishlab chiqarish,Boshqa,713,38,1.7,0.3104,1,0,3,Tovar,0.546,0.14,0.1181,36,139690783,211192269,0.4014,0.0669,0.9039,0.2897,0.0367,1,0.3396,4,0,,0.1456,0.1198,0.0687,0.25,0.0569,1.0074,0.5855,1303.5829,0.3264,0.8053,0.1695,0.3011,0.0,0.6088,0.0464,0.45,211192269,4412205,-0.0151,-0.0819,0
TXN-2024-1849,2024-05-19,Sukuk,Qurilish,Buxoro,560,36,7.8,0.5877,2,0,3,Sanoat uskunasi,0.5734,2.057,0.0833,12,196690836,882628526,0.5277,0.4166,0.4769,0.3137,0.1633,1,0.4583,5,0,AA,0.0996,0.1158,0.0554,0.25,0.0406,1.0628,0.6551,974.8709,0.477,0.8277,0.337,0.3104,0.0,0.2494,0.0953,0.28,882628526,23543375,-0.0103,-0.4689,0
TXN-2021-1850,2021-11-04,Ijara,Qishloq xo'jaligi,Samarqand,680,50,0.5,0.3433,2,0,4,Ko'chmas mulk,0.525,2.61,0.0685,24,443513030,88944830,0.9289,0.4375,0.8567,0.1839,0.0877,1,0.1643,2,1,,0.0742,0.1388,0.056,0.25,0.0728,0.9097,0.5692,1292.7679,0.2716,0.9116,0.1802,0.3328,0.0,0.624,0.0179,0.35,88944830,555960,-0.0077,-0.8284,0
TXN-2022-1851,2022-11-14,Murabaha,Ishlab chiqarish,Andijon,572,25,18.6,0.4363,0,1,3,Sanoat uskunasi,0.7113,2.565,0.1155,60,164391931,166242535,0.775,0.3,0.6461,0.0324,0.1146,1,0.8264,2,0,,0.1276,0.0974,0.0559,0.25,0.0947,1.0099,0.706,803.0712,0.1471,0.8984,0.3103,0.2916,1000.0,0.5511,0.129,0.45,166242535,9654022,-0.0132,-0.1134,0
TXN-2021-1852,2021-06-16,Ijara,Savdo,Namangan,653,44,1.3,0.5642,2,0,2,Tovar,0.545,3.258,0.0977,60,137443316,116249311,0.5984,0.1049,0.6194,0.1537,0.1643,1,0.6545,2,1,,0.0765,0.0945,0.0378,0.1648,0.0759,1.0519,0.7378,1196.0103,0.318,1.26,0.3075,0.2214,0.0,0.4224,0.0856,0.35,116249311,3482003,-0.0079,-0.4223,0
TXN-2024-1853,2024-04-08,Sukuk,Ishlab chiqarish,Namangan,537,49,12.9,0.265,2,1,5,Sanoat uskunasi,0.8893,1.835,0.1298,36,97267343,278336279,0.5059,0.47,0.8142,0.1833,0.0196,0,0.3717,1,0,AA,0.0696,0.1103,0.0426,0.25,0.0806,1.1142,0.8796,603.1354,0.2028,1.8382,0.2356,0.3177,0.4998,0.649,0.0324,0.28,278336279,2527143,-0.0072,-0.0033,0
TXN-2024-1854,2024-09-21,Ijara,Qurilish,Samarqand,492,45,9.9,0.3059,2,1,3,Transport,0.7242,5.758,0.1081,36,162301078,36581422,0.447,0.6,0.561,0.0697,0.0712,0,0.2467,3,1,,0.0886,0.1038,0.0536,0.1424,0.0761,0.859,0.6117,678.4088,0.1409,1.2066,0.2216,0.1926,0.4998,0.4819,0.1335,0.35,36581422,1709626,-0.0092,-0.2477,0
TXN-2021-1855,2021-10-17,Sukuk,Ishlab chiqarish,Toshkent,612,61,20.6,0.3494,1,2,3,Ko'chmas mulk,0.2899,1.56,0.0903,24,401480143,63998986,0.6794,0.1652,0.7738,0.3516,0.1117,1,0.4993,4,0,A,0.0897,0.0913,0.0695,0.25,0.0915,0.9271,0.6818,2103.5492,0.4634,0.9956,0.1013,0.2718,1.998,0.4153,0.0148,0.28,63998986,266102,-0.0093,-0.4431,0
TXN-2022-1856,2022-12-18,Murabaha,Ishlab chiqarish,Andijon,634,32,3.9,0.395,4,1,3,Moliyaviy aktiv,0.7048,1.825,0.1484,60,157835408,74228848,0.6526,0.336,0.6327,0.3525,0.4,0,0.3305,1,0,,0.1325,0.0893,0.0657,0.25,0.0904,1.0198,0.5551,898.3167,0.7525,1.1115,0.2784,0.2736,0.2499,0.1566,0.1318,0.45,74228848,4401883,-0.0137,0.1388,0
TXN-2022-1857,2022-09-28,Ijara,Qurilish,Toshkent,611,47,7.8,0.6588,3,0,3,Transport,0.6174,3.789,0.161,84,239417859,275202677,0.4889,0.2056,0.5795,0.2333,0.0602,1,0.3867,2,1,,0.1277,0.0913,0.0423,0.093,0.0271,1.0793,0.3144,987.9764,0.2935,1.2507,0.4068,0.142,0.0,0.4094,0.1773,0.35,275202677,17076284,-0.0132,0.2427,0
TXN-2024-1858,2024-09-05,Musharaka,Savdo,Namangan,544,36,2.8,0.1987,2,0,2,Tovar,0.4543,4.478,0.2608,24,182372669,130918780,0.216,0.6,0.8944,0.0245,0.1407,1,0.4465,5,0,,0.2051,0.1023,0.0537,0.25,0.0672,1.0087,0.5023,1194.8941,0.1652,1.2652,0.0903,0.2986,0.0,0.7466,0.3193,0.6,130918780,25080090,-0.0213,0.6375,0
TXN-2024-1859,2024-12-01,Ijara,Qurilish,Toshkent,611,50,1.2,0.36,3,0,2,Tovar,0.2829,2.613,0.1917,60,175960955,95168315,0.5386,0.265,0.6129,0.1048,0.0343,1,0.282,7,1,,0.0758,0.0938,0.0454,0.25,0.0519,1.078,0.5346,2152.3714,0.1391,2.4978,0.1018,0.2984,0.0,0.5277,0.0527,0.35,95168315,1755678,-0.0079,0.8147,0
TXN-2024-1860,2024-09-18,Ijara,Qishloq xo'jaligi,Toshkent,667,37,3.5,0.3638,1,1,2,Tovar,0.3413,0.338,0.078,36,538110293,197735874,0.9047,0.3739,0.7251,0.3567,0.0938,1,0.5728,2,1,,0.0855,0.0545,0.0603,0.25,0.0632,0.9787,0.6103,1948.5687,0.4505,0.9011,0.1242,0.2442,0.999,0.3985,0.0432,0.35,197735874,2987267,-0.0089,-0.6079,0
TXN-2023-1861,2023-03-14,Ijara,IT,Toshkent,641,34,1.1,0.4964,4,0,3,Boshqa,0.1509,1.008,0.1249,12,223762760,173736237,0.5741,0.2794,0.716,0.2162,0.1589,1,0.2646,1,1,,0.0676,0.1051,0.0459,0.2255,0.1064,1.1112,0.8017,4220.7532,0.3751,1.8214,0.0749,0.2848,0.0,0.4474,0.0348,0.35,173736237,2115636,-0.007,-0.0752,0
TXN-2021-1862,2021-09-22,Ijara,Qishloq xo'jaligi,Samarqand,660,51,24.1,0.3655,3,0,3,Tovar,0.2947,0.051,0.1169,48,115266050,129578568,0.8754,0.4705,0.9297,0.0948,0.1349,1,0.8237,4,1,,0.1206,0.1257,0.0599,0.1337,0.0914,0.9736,0.2891,2231.6652,0.2297,0.9615,0.1077,0.1995,0.0,0.7161,0.012,0.35,129578568,544636,-0.0125,-0.1088,0
TXN-2024-1863,2024-05-03,Murabaha,Qurilish,Toshkent,588,33,0.6,0.2589,2,1,4,Ko'chmas mulk,0.4838,0.875,0.0671,36,97868138,104828584,0.4981,0.415,0.641,0.2942,0.2297,1,0.2867,4,0,,0.1037,0.082,0.0753,0.25,0.0236,1.11,0.6772,1212.9765,0.5239,0.6405,0.1253,0.2567,0.4998,0.3052,0.0882,0.45,104828584,4159275,-0.0107,-0.6068,0
TXN-2024-1864,2024-12-22,Musharaka,Ishlab chiqarish,Samarqand,744,23,5.3,0.392,3,0,4,Ko'chmas mulk,0.4713,2.111,0.11,60,129703522,78820590,0.5212,0.0691,0.867,0.2469,0.0469,1,0.5136,1,0,,0.1606,0.0989,0.0562,0.25,0.0409,1.1222,0.8983,1575.1171,0.2938,0.6805,0.1847,0.2927,0.0,0.6123,0.0694,0.6,78820590,3282425,-0.0166,-0.1246,0
TXN-2021-1865,2021-06-23,Sukuk,Qurilish,Boshqa,545,32,5.9,0.2774,0,0,1,Ko'chmas mulk,0.8236,4.09,0.1228,48,121067585,403418406,0.7254,0.323,0.7407,0.1929,0.353,1,0.7272,0,0,A,0.0695,0.0914,0.0167,0.25,0.0527,1.0548,0.6921,660.8877,0.5459,1.7402,0.2284,0.3247,0.0,0.3363,0.1137,0.28,403418406,12839017,-0.0072,-0.1042,1
TXN-2022-1866,2022-09-27,Sukuk,Savdo,Samarqand,686,44,4.6,0.5485,1,0,5,Ko'chmas mulk,0.2973,2.203,0.1132,84,410248202,422939107,0.8276,0.3005,0.7325,0.2811,0.0311,1,0.1755,2,0,AA,0.0787,0.1073,0.0603,0.25,0.0786,1.031,0.6459,2299.5314,0.3121,1.4192,0.1631,0.297,0.0,0.5039,0.005,0.28,422939107,587936,-0.0082,-0.2137,0
TXN-2024-1867,2024-02-19,Murabaha,Qurilish,Buxoro,745,51,6.5,0.6725,1,0,5,Ko'chmas mulk,0.5896,0.102,0.1608,36,215972378,59282879,0.6726,0.1546,0.5623,0.1836,0.1669,1,0.447,1,0,,0.1449,0.1171,0.0453,0.25,0.0771,1.2123,0.5558,1261.5086,0.3504,1.1018,0.3965,0.3218,0.0,0.3652,0.0732,0.45,59282879,1953110,-0.015,0.2123,0
TXN-2023-1868,2023-02-11,Murabaha,Savdo,Toshkent,685,39,0.7,0.4521,1,0,5,Transport,0.6782,0.75,0.1579,36,254528293,113064733,0.6746,0.485,0.6431,0.2171,0.0373,1,0.3302,4,0,,0.0859,0.1214,0.0355,0.25,0.0947,1.1071,0.6005,1008.5536,0.2544,1.8172,0.3066,0.3359,0.0,0.4795,0.0366,0.45,113064733,1862342,-0.0089,0.3248,0
TXN-2024-1869,2024-08-10,Murabaha,Qishloq xo'jaligi,Samarqand,627,51,4.9,0.2315,1,0,3,Ko'chmas mulk,0.5639,2.157,0.0726,36,210511138,203834596,0.7672,0.2502,0.9213,0.1868,0.0151,1,0.6598,6,0,,0.1134,0.0863,0.051,0.25,0.0851,1.0825,0.7771,1109.9929,0.2019,0.6347,0.1305,0.2853,0.0,0.7353,0.0316,0.45,203834596,2901311,-0.0118,-0.5059,0
TXN-2022-1870,2022-11-04,Ijara,Xizmat,Toshkent,600,24,2.0,0.254,2,1,4,Transport,0.3955,3.086,0.0871,24,216793220,79081244,0.598,0.192,0.6882,0.3766,0.1357,1,0.2239,1,1,,0.0899,0.1059,0.0689,0.1296,0.0401,0.9426,0.6864,1513.0999,0.5123,0.9583,0.1005,0.1665,0.4998,0.3356,0.0239,0.35,79081244,660343,-0.0093,-0.4778,0
TXN-2021-1871,2021-09-19,Ijara,Xizmat,Samarqand,733,33,16.9,0.3649,1,0,2,Moliyaviy aktiv,0.3687,5.033,0.1039,48,430594202,249734757,0.5307,0.1636,0.7606,0.1712,0.099,1,0.2739,0,1,,0.0741,0.1369,0.0787,0.25,0.0542,1.1118,0.6704,1982.7558,0.2701,1.3841,0.1345,0.3082,0.0,0.5552,0.0371,0.35,249734757,3246000,-0.0077,-0.3521,0
TXN-2024-1872,2024-10-04,Murabaha,Qishloq xo'jaligi,Boshqa,524,35,8.6,0.602,2,0,5,Tovar,0.5579,8.577,0.1732,60,450167436,172952408,0.8052,0.4445,0.8931,0.14,0.058,1,0.4849,4,0,,0.1357,0.0873,0.047,0.25,0.0815,1.0093,0.34,937.5987,0.1979,1.2673,0.3358,0.2902,0.0,0.7163,0.053,0.45,172952408,4121061,-0.0141,0.3183,0
TXN-2024-1873,2024-12-10,Musharaka,Savdo,Toshkent,562,36,21.6,0.2449,1,0,2,Moliyaviy aktiv,0.5307,5.559,0.1879,24,715748183,266033957,0.7964,0.4266,0.6261,0.1988,0.2555,1,0.5565,1,0,,0.2075,0.0971,0.0589,0.25,0.084,1.1885,0.5425,1057.0761,0.4543,0.9013,0.13,0.2882,0.0,0.3417,0.3608,0.6,266033957,57598550,-0.0215,0.2791,1
TXN-2024-1874,2024-11-04,Ijara,Ishlab chiqarish,Toshkent,611,38,0.5,0.3909,1,0,3,Ko'chmas mulk,0.4758,1.575,0.1471,120,144471020,752300755,0.5397,0.6,0.7979,0.2649,0.1349,1,0.3996,2,0,,0.0856,0.0932,0.0477,0.2109,0.1038,0.994,0.7689,1281.5813,0.3998,1.6996,0.186,0.2563,0.0,0.4789,0.0441,0.35,752300755,11611419,-0.0089,0.2001,0
TXN-2023-1875,2023-12-15,Ijara,Qishloq xo'jaligi,Samarqand,750,44,2.0,0.1489,0,0,4,Transport,0.3863,3.435,0.1787,48,193541482,46154186,0.9035,0.5387,0.8264,0.1214,0.1468,1,0.2321,2,1,,0.1103,0.1202,0.0371,0.2466,0.1313,1.0397,0.7906,1936.6609,0.2682,1.6058,0.0575,0.3297,0.0,0.6047,0.0076,0.35,46154186,122132,-0.0114,0.4414,0
TXN-2021-1876,2021-07-11,Musharaka,Qurilish,Namangan,677,33,1.3,0.423,3,0,4,Ko'chmas mulk,0.4621,0.688,0.0847,60,275058075,413766989,0.5003,0.3607,0.7154,0.2038,0.0569,1,0.3955,1,0,,0.2829,0.085,0.0478,0.0957,0.0697,1.0038,0.473,1461.7715,0.2607,0.2982,0.1955,0.1329,0.0,0.5289,0.1544,0.6,413766989,38335704,-0.0293,-0.1603,0
TXN-2024-1877,2024-08-16,Musharaka,Savdo,Toshkent,562,39,0.5,0.2301,4,0,4,Transport,0.5257,0.165,0.1728,120,628888070,102896404,0.2457,0.5432,0.5222,0.4261,0.0819,1,0.5737,4,0,,0.2895,0.14,0.0598,0.25,0.0815,1.0255,0.7374,1067.0614,0.508,0.595,0.121,0.3302,0.0,0.2569,0.3619,0.6,102896404,22344527,-0.03,0.148,0
TXN-2024-1878,2024-10-05,Musharaka,Qurilish,Andijon,618,37,1.7,0.2279,0,0,2,Sanoat uskunasi,0.3766,0.142,0.1731,36,161297618,243015974,0.2117,0.2555,0.7818,0.2989,0.0416,1,0.3364,1,0,,0.2759,0.1152,0.0526,0.2061,0.1051,1.0186,0.721,1636.5094,0.3405,0.625,0.0858,0.2687,0.0,0.5156,0.2337,0.6,243015974,34076213,-0.0286,0.1562,0
TXN-2023-1879,2023-05-18,Murabaha,Qurilish,Boshqa,592,28,6.8,0.5724,1,0,3,Ko'chmas mulk,0.7011,0.69,0.1069,12,431546950,219980442,0.5913,0.3177,0.799,0.133,0.0866,1,0.6468,6,0,,0.1276,0.0972,0.0705,0.1109,0.0622,0.8771,0.7214,843.2409,0.2195,0.8307,0.4012,0.1376,0.0,0.6236,0.1149,0.45,219980442,11369506,-0.0132,-0.1814,0
TXN-2023-1880,2023-11-08,Musharaka,Qishloq xo'jaligi,Namangan,584,36,1.6,0.4268,2,0,5,Ko'chmas mulk,0.5414,0.096,0.2064,60,169721958,399623581,0.6259,0.4045,0.8069,0.1405,0.2632,1,0.4118,1,0,,0.2007,0.1347,0.064,0.2226,0.0694,0.9686,0.656,1076.7066,0.4037,1.0235,0.2311,0.2932,0.0,0.4811,0.1453,0.6,399623581,34832601,-0.0208,0.3807,0
TXN-2023-1881,2023-01-12,Ijara,Savdo,Boshqa,728,36,4.3,0.479,2,0,5,Sanoat uskunasi,0.7049,4.747,0.2057,72,438863936,160029626,0.8514,0.2829,0.6418,0.2014,0.0149,1,0.6243,1,1,,0.0588,0.0676,0.0551,0.25,0.0321,0.9624,0.2702,1031.2592,0.2163,3.4373,0.3376,0.2625,0.0,0.5029,0.017,0.35,160029626,950395,-0.0061,1.2858,0
TXN-2021-1882,2021-02-07,Sukuk,Qishloq xo'jaligi,Buxoro,528,36,13.1,0.2776,1,0,4,Tovar,0.8787,1.683,0.0763,24,258749923,86305900,0.8555,0.5849,0.7892,0.0216,0.243,1,0.8131,0,0,AA,0.0762,0.0725,0.0295,0.25,0.0802,1.0519,0.6828,600.1869,0.2646,0.9884,0.244,0.293,0.0,0.5803,0.0181,0.28,86305900,436265,-0.0079,-0.7046,0
TXN-2023-1883,2023-01-13,Musharaka,Qurilish,Buxoro,781,38,7.1,0.5909,3,1,4,Sanoat uskunasi,0.5839,4.164,0.2161,12,130891457,181895925,0.3114,0.2284,0.642,0.1047,0.1793,1,0.6317,1,0,,0.2531,0.0928,0.0568,0.0398,0.0626,1.053,0.6054,1335.2303,0.2839,0.8507,0.3451,0.0758,0.3332,0.4597,0.1224,0.6,181895925,13363278,-0.0262,0.3403,0
TXN-2022-1884,2022-09-25,Ijara,Savdo,Boshqa,715,38,3.0,0.5247,2,1,2,Ko'chmas mulk,0.6956,7.029,0.0886,24,227962203,499264102,0.4844,0.5177,0.6369,0.1134,0.0202,1,0.2399,1,1,,0.0505,0.0967,0.0624,0.0212,0.0712,0.9486,0.5011,1026.4481,0.1336,1.7211,0.365,0.0555,0.4998,0.5518,0.0769,0.35,499264102,13432437,-0.0052,-0.8187,0
TXN-2022-1885,2022-01-05,Murabaha,Qurilish,Samarqand,737,33,2.8,0.4128,0,0,3,Transport,0.6815,12.0,0.0678,36,353677142,195974618,0.7366,0.1404,0.6136,0.2118,0.0812,1,0.4353,2,0,,0.0904,0.0942,0.0422,0.0964,0.0637,1.0822,0.5277,1079.8932,0.293,0.7417,0.2813,0.1484,0.0,0.4339,0.07,0.45,195974618,6174358,-0.0094,-0.6879,0
TXN-2022-1886,2022-03-15,Musharaka,Savdo,Samarqand,605,50,3.6,0.2609,1,0,3,Ko'chmas mulk,0.7022,6.918,0.1432,72,50000000,102838618,0.455,0.6,0.7051,0.2589,0.0307,1,0.3608,2,0,,0.2293,0.1148,0.0574,0.25,0.0119,1.0287,0.5018,860.3329,0.2895,0.6217,0.1832,0.3074,0.0,0.5009,0.2659,0.6,102838618,16404288,-0.0238,0.0575,0
TXN-2022-1887,2022-12-01,Murabaha,Qishloq xo'jaligi,Toshkent,632,26,1.2,0.5987,1,1,4,Boshqa,0.5473,3.152,0.1509,12,422411662,137727035,0.6237,0.3502,0.7734,0.1725,0.1171,1,0.6217,2,0,,0.1036,0.0803,0.0545,0.1466,0.066,1.063,0.2106,1152.7159,0.2896,1.4426,0.3276,0.1724,0.999,0.5494,0.0438,0.45,137727035,2712030,-0.0107,0.2018,0
TXN-2023-1888,2023-09-23,Murabaha,Savdo,Samarqand,523,30,6.0,0.231,1,0,4,Tovar,0.5499,1.458,0.156,60,101562412,182999799,0.4753,0.6,0.6381,0.0758,0.0864,1,0.1423,1,0,,0.1203,0.112,0.0812,0.25,0.0567,1.0546,0.5454,949.3233,0.1622,1.2855,0.127,0.2808,0.0,0.5346,0.0741,0.45,182999799,6098859,-0.0125,0.2158,0
TXN-2022-1889,2022-01-29,Ijara,Qishloq xo'jaligi,Namangan,600,65,2.7,0.4382,2,2,3,Ko'chmas mulk,0.5801,2.278,0.1733,60,214641161,166659588,0.8239,0.6,0.45,0.1351,0.0458,1,0.2699,3,1,,0.1131,0.1013,0.0771,0.25,0.0149,0.9237,0.8742,1032.6076,0.181,1.5188,0.2542,0.2741,0.9995,0.3686,0.0762,0.35,166659588,4442198,-0.0117,0.3829,0
TXN-2022-1890,2022-04-09,Sukuk,Savdo,Buxoro,686,27,11.5,0.1965,0,0,2,Ko'chmas mulk,0.2922,4.239,0.107,60,229193422,151352822,0.7105,0.4031,0.9445,0.2563,0.0319,1,0.3929,3,0,AAA,0.0668,0.1177,0.0378,0.1837,0.0615,1.0171,0.4157,2339.9637,0.2883,1.5772,0.0574,0.2635,0.0,0.6722,0.0104,0.28,151352822,442247,-0.0069,-0.3447,0
TXN-2021-1891,2021-10-09,Murabaha,Savdo,Buxoro,755,24,8.5,0.6608,2,1,3,Sanoat uskunasi,0.6452,5.696,0.1405,12,50000000,305449519,0.8844,0.1731,0.9311,0.3191,0.1365,1,0.2939,5,0,,0.126,0.1095,0.0643,0.25,0.0395,1.0794,0.5632,1168.3839,0.4556,1.1065,0.4264,0.2952,0.4998,0.5069,0.062,0.45,305449519,8522132,-0.0131,0.0837,0
TXN-2021-1892,2021-11-14,Murabaha,Xizmat,Toshkent,550,45,5.7,0.388,1,0,2,Ko'chmas mulk,0.7583,7.836,0.1733,48,169228997,633833308,0.4323,0.6,0.899,0.0916,0.0494,1,0.0859,0,0,,0.1142,0.0787,0.0577,0.25,0.0525,1.0402,0.4151,724.3313,0.1411,1.5042,0.2942,0.271,0.0,0.7721,0.221,0.45,633833308,63030282,-0.0118,0.3792,0
TXN-2021-1893,2021-06-08,Ijara,Ishlab chiqarish,Toshkent,613,21,2.7,0.2095,4,0,4,Moliyaviy aktiv,0.6521,3.279,0.1274,84,314407802,298748886,0.6483,0.5117,0.8398,0.0927,0.0754,1,0.3664,4,1,,0.0904,0.1243,0.0726,0.25,0.0357,1.0414,0.2431,938.6527,0.1681,1.3939,0.1366,0.3017,0.0,0.6986,0.0189,0.35,298748886,1977746,-0.0094,-0.0283,0
TXN-2022-1894,2022-08-29,Murabaha,Savdo,Buxoro,632,35,1.4,0.1988,1,1,2,Tovar,0.5316,1.941,0.1391,24,748262919,237624185,0.5122,0.2507,0.8931,0.2111,0.1392,1,0.3065,2,0,,0.1454,0.0995,0.0557,0.2336,0.084,1.0283,0.3348,1186.5642,0.3503,0.9496,0.1057,0.2774,0.999,0.5802,0.0597,0.45,237624185,6382106,-0.0151,0.0622,0
TXN-2021-1895,2021-07-27,Musharaka,Ishlab chiqarish,Samarqand,526,59,9.0,0.5572,4,1,4,Ko'chmas mulk,0.4443,8.634,0.1692,12,400826047,316707666,0.3599,0.3385,0.6819,0.0589,0.2057,1,0.4956,1,0,,0.2708,0.083,0.01,0.25,0.0347,0.9602,0.6916,1181.3141,0.2646,0.6224,0.2475,0.323,0.2499,0.5015,0.3181,0.6,316707666,60441029,-0.0281,0.1447,0
TXN-2023-1896,2023-11-06,Ijara,Qurilish,Boshqa,695,22,4.0,0.3392,2,0,4,Ko'chmas mulk,0.6224,7.963,0.1391,72,421251186,241619122,0.6238,0.3951,0.6541,0.3344,0.1154,1,0.2871,3,1,,0.0896,0.1269,0.0453,0.25,0.0631,1.0669,0.6935,1114.7988,0.4498,1.5348,0.2111,0.3317,0.0,0.3599,0.0373,0.35,241619122,3156943,-0.0093,0.1013,0
TXN-2024-1897,2024-01-11,Musharaka,Ishlab chiqarish,Toshkent,583,21,1.5,0.1124,1,1,3,Tovar,0.539,1.623,0.2117,48,67017053,170131015,0.6091,0.1261,0.497,0.3454,0.1587,1,0.2708,2,0,,0.2752,0.0626,0.054,0.1492,0.0886,0.9326,0.346,1079.6666,0.5041,0.7664,0.0606,0.1578,0.999,0.2465,0.323,0.6,170131015,32973543,-0.0285,0.2968,1
TXN-2023-1898,2023-12-15,Murabaha,Qishloq xo'jaligi,Toshkent,628,23,1.3,0.3783,1,0,2,Transport,0.8499,2.615,0.1294,48,204221229,102455861,0.8393,0.4593,0.6533,0.0343,0.1211,1,0.2849,3,0,,0.136,0.0607,0.0473,0.25,0.046,0.9874,0.6927,738.0433,0.1554,0.9448,0.3215,0.2634,0.0,0.5518,0.135,0.45,102455861,6225411,-0.0141,-0.0042,0
TXN-2021-1899,2021-03-19,Murabaha,Ishlab chiqarish,Boshqa,606,46,1.1,0.7681,2,0,4,Sanoat uskunasi,0.6625,4.142,0.1977,84,729068055,102445876,0.7266,0.3716,0.7107,0.0895,0.3306,1,0.3709,2,0,,0.1256,0.1009,0.0452,0.158,0.0518,0.9135,0.4848,913.3131,0.4201,1.5614,0.5089,0.2138,0.0,0.4121,0.1204,0.45,102445876,5548325,-0.013,0.5386,1
TXN-2024-1900,2024-09-17,Ijara,IT,Andijon,577,49,9.0,0.3183,3,0,2,Ko'chmas mulk,0.607,1.419,0.1453,60,445407305,152384131,0.7359,0.441,0.7689,0.2213,0.3666,1,0.4821,2,1,,0.1263,0.0892,0.0368,0.25,0.0458,1.054,0.5614,948.9661,0.5879,1.1411,0.1932,0.3024,0.0,0.3168,0.1061,0.35,152384131,5656148,-0.0131,0.1209,0
TXN-2022-1901,2022-11-21,Musharaka,Ishlab chiqarish,Toshkent,644,32,1.6,0.7439,1,0,4,Ko'chmas mulk,0.5328,4.421,0.2377,36,179931777,188603404,0.6257,0.3748,0.6002,0.2418,0.0544,1,0.7372,5,0,,0.2368,0.1321,0.0686,0.1054,0.032,1.0349,0.5627,1206.4325,0.2963,0.9996,0.3963,0.169,0.0,0.4224,0.2839,0.6,188603404,32129243,-0.0245,0.4549,1
TXN-2024-1902,2024-06-19,Murabaha,Qurilish,Samarqand,626,44,4.5,0.6352,0,1,4,Sanoat uskunasi,0.289,0.295,0.1035,36,262062569,340992953,0.3534,0.4351,0.6712,0.3272,0.0388,1,0.7151,0,0,,0.1138,0.106,0.0424,0.1538,0.0497,1.0837,0.3993,2158.5355,0.366,0.901,0.1836,0.2174,1000.0,0.4255,0.0572,0.45,340992953,8769929,-0.0118,-0.2331,0
TXN-2021-1903,2021-09-26,Ijara,Qurilish,Boshqa,613,51,3.6,0.4934,0,0,3,Transport,0.5045,1.64,0.1046,24,440479332,142672474,0.7543,0.4702,0.7853,0.0102,0.0909,1,0.6436,3,1,,0.0631,0.0897,0.0618,0.1348,0.0967,1.0172,0.6749,1212.7244,0.1011,1.6325,0.2489,0.1627,0.0,0.7059,0.028,0.35,142672474,1400612,-0.0065,-0.4026,1
TXN-2024-1904,2024-05-08,Murabaha,Savdo,Samarqand,583,55,5.2,0.2594,0,0,4,Ko'chmas mulk,0.3932,1.647,0.2007,36,433809550,120405323,0.465,0.3332,0.7567,0.2092,0.0997,1,0.2579,1,0,,0.1163,0.0949,0.0342,0.25,0.0891,0.9858,0.7649,1478.8363,0.309,1.7106,0.102,0.3107,0.0,0.5229,0.0389,0.45,120405323,2108646,-0.0121,0.6075,0
TXN-2023-1905,2023-02-11,Ijara,Ishlab chiqarish,Andijon,672,35,12.6,0.4994,2,0,5,Ko'chmas mulk,0.7641,2.885,0.1512,36,226819618,186081820,0.6158,0.2504,0.877,0.1348,0.236,1,0.3972,2,1,,0.0758,0.1265,0.0306,0.2478,0.0328,1.0361,0.2672,878.267,0.3707,1.9679,0.3816,0.3437,0.0,0.5519,0.0213,0.35,186081820,1389914,-0.0079,0.2794,0
TXN-2021-1906,2021-11-12,Murabaha,Ishlab chiqarish,Toshkent,785,21,12.1,0.383,1,0,4,Sanoat uskunasi,0.3397,0.309,0.0834,24,211270145,207538853,0.6312,0.6,0.7312,0.2224,0.1172,1,0.3355,5,0,,0.0782,0.1025,0.0757,0.1546,0.0866,1.1368,0.7186,2304.1797,0.3396,1.0529,0.1301,0.1813,0.0,0.4829,0.0195,0.45,207538853,1825498,-0.0081,-0.5955,0
TXN-2021-1907,2021-11-29,Sukuk,Ishlab chiqarish,Toshkent,656,29,3.6,0.4092,2,0,5,Sanoat uskunasi,0.4542,0.272,0.1084,72,318963431,102441421,0.8085,0.4146,0.7699,0.0261,0.0427,1,0.3313,2,0,AA,0.0849,0.1074,0.0857,0.1563,0.0619,1.1598,0.6776,1440.9873,0.0687,1.2618,0.1859,0.178,0.0,0.717,0.0032,0.28,102441421,92670,-0.0088,-0.2546,0
TXN-2022-1908,2022-01-06,Murabaha,Xizmat,Toshkent,729,33,0.5,0.3236,2,0,2,Ko'chmas mulk,0.5745,5.771,0.1783,12,439216731,92963248,0.5725,0.6,0.8184,0.3879,0.0564,1,0.5441,4,0,,0.1057,0.1085,0.1,0.1175,0.0611,1.0453,0.5578,1266.8032,0.4443,1.671,0.1859,0.126,0.0,0.4547,0.1204,0.45,92963248,5038001,-0.011,0.457,0
TXN-2024-1909,2024-11-19,Murabaha,Xizmat,Toshkent,526,35,3.3,0.3336,2,1,4,Tovar,0.8909,0.905,0.099,48,193364407,241341371,0.6322,0.4969,0.6612,0.0667,0.3441,0,0.7957,1,0,,0.1009,0.1346,0.0543,0.1253,0.0963,1.1823,0.306,589.7466,0.4107,0.9711,0.2973,0.2055,0.4998,0.3896,0.1532,0.45,241341371,16636992,-0.0105,-0.3076,0
TXN-2024-1910,2024-07-03,Murabaha,Qurilish,Samarqand,658,36,5.6,0.45,0,0,4,Ko'chmas mulk,0.6552,0.99,0.1804,60,80640784,141133325,0.6861,0.2103,0.5328,0.0761,0.0822,1,0.3117,0,0,,0.0778,0.1073,0.04,0.1218,0.0753,1.0849,0.5236,1002.6787,0.1583,2.2898,0.2949,0.189,0.0,0.4485,0.0775,0.45,141133325,4921342,-0.0081,0.6481,0
TXN-2021-1911,2021-12-06,Murabaha,Savdo,Boshqa,551,49,4.9,0.4482,0,0,5,Ko'chmas mulk,0.6121,3.75,0.1421,48,233213028,351079822,0.6166,0.4282,0.8324,0.4257,0.0326,1,0.3701,3,0,,0.0812,0.0936,0.0287,0.25,0.056,1.0333,0.7192,898.7397,0.4583,1.7291,0.2743,0.3149,0.0,0.4509,0.071,0.45,351079822,11210720,-0.0084,0.1485,0
TXN-2023-1912,2023-06-16,Sukuk,Qurilish,Samarqand,519,50,6.3,0.1588,2,0,2,Tovar,0.3173,1.34,0.1376,48,114680109,186818127,0.6436,0.3466,0.8203,0.3867,0.0747,1,0.3475,1,0,A,0.1058,0.0926,0.0834,0.25,0.042,0.9763,0.4347,1630.4796,0.4614,1.2883,0.0504,0.2592,0.0,0.4418,0.0222,0.28,186818127,1163505,-0.011,0.0722,0
TXN-2021-1913,2021-03-31,Sukuk,Ishlab chiqarish,Toshkent,582,36,1.0,0.5459,2,0,3,Sanoat uskunasi,0.3577,4.473,0.0968,36,780577777,146317656,0.1855,0.3771,0.6632,0.0728,0.0135,0,0.3503,1,0,AA,0.1159,0.0964,0.0597,0.25,0.0465,1.0757,0.4969,1622.5812,0.0863,0.8283,0.1953,0.2867,0.0,0.606,0.0428,0.28,146317656,1755321,-0.012,-0.2864,0
TXN-2023-1914,2023-04-22,Murabaha,Savdo,Namangan,746,48,6.2,0.3636,2,0,2,Ko'chmas mulk,0.7046,1.283,0.0822,72,138109044,67388203,0.5651,0.6,0.922,0.0854,0.0656,1,0.1419,5,0,,0.1111,0.1068,0.0779,0.25,0.051,0.967,0.5195,1057.2167,0.151,0.7331,0.2562,0.2789,0.0,0.7827,0.0744,0.45,67388203,2255433,-0.0115,-0.4303,0
TXN-2023-1915,2023-01-17,Musharaka,Qurilish,Samarqand,725,41,1.2,0.3001,3,0,5,Ko'chmas mulk,0.8279,3.574,0.2117,36,227991474,154747884,0.9236,0.2743,0.911,0.2434,0.193,1,0.6104,4,0,,0.2217,0.0819,0.0802,0.2271,-0.004,0.9051,0.2437,874.622,0.4363,0.9507,0.2485,0.2288,0.0,0.5135,0.1095,0.6,154747884,10166284,-0.023,0.3685,0
TXN-2024-1916,2024-10-17,Ijara,Qishloq xo'jaligi,Boshqa,665,38,8.3,0.5804,1,0,3,Ko'chmas mulk,0.6415,1.863,0.0863,60,159785997,77342226,0.6634,0.4914,0.6826,0.1581,0.2066,1,0.4092,1,1,,0.1094,0.0943,0.0399,0.25,0.0625,0.9949,0.4618,1034.9981,0.3647,0.7819,0.3723,0.3043,0.0,0.4336,0.0596,0.35,77342226,1614672,-0.0113,-0.3996,0
TXN-2022-1917,2022-05-02,Sukuk,Qishloq xo'jaligi,Toshkent,514,47,2.5,0.3841,3,1,5,Tovar,0.67,6.865,0.0857,72,179324092,62707643,0.7665,0.3473,0.823,0.2092,0.009,1,0.6539,2,0,BBB,0.0779,0.14,0.0551,0.1163,0.0648,1.0138,0.689,765.9809,0.2181,1.0855,0.2574,0.2012,0.3332,0.6435,0.021,0.28,62707643,369307,-0.0081,-0.5685,0
TXN-2023-1918,2023-06-29,Musharaka,Ishlab chiqarish,Samarqand,628,38,7.4,0.3561,2,0,3,Ko'chmas mulk,0.6974,0.991,0.071,24,403618635,442854104,0.7371,0.4692,0.8783,0.126,0.031,1,0.2827,2,0,,0.2119,0.0837,0.0844,0.1094,0.1171,1.0084,0.4092,899.2282,0.157,0.3334,0.2484,0.1088,0.0,0.7404,0.1899,0.6,442854104,50465589,-0.022,-0.2785,0
TXN-2024-1919,2024-06-04,Murabaha,Qurilish,Samarqand,670,58,0.5,0.4861,0,1,2,Ko'chmas mulk,0.7672,1.126,0.1077,84,460252165,109421830,0.5562,0.4197,0.7323,0.072,0.172,1,0.6297,1,0,,0.104,0.0819,0.0422,0.25,0.0912,1.0508,0.7967,872.2136,0.244,1.0255,0.3729,0.2897,1000.0,0.5536,0.1273,0.45,109421830,6268479,-0.0108,-0.2146,0
TXN-2022-1920,2022-08-07,Murabaha,Qurilish,Andijon,659,23,3.1,0.3434,3,0,3,Ko'chmas mulk,0.6535,8.765,0.1937,60,362674079,287209997,0.3954,0.6,0.8435,0.0691,0.1028,1,0.2373,3,0,,0.1201,0.1283,0.0403,0.25,0.0316,1.0893,0.6215,1006.9258,0.1719,1.5994,0.2244,0.338,0.0,0.6985,0.0595,0.45,287209997,7691420,-0.0124,0.5305,0
TXN-2023-1921,2023-07-09,Ijara,Savdo,Toshkent,488,32,7.3,0.1314,1,0,4,Transport,0.1858,3.344,0.1244,48,437377572,70834717,0.5312,0.4179,0.8519,0.2094,0.4,1,0.2658,3,1,,0.1011,0.0969,0.0586,0.25,0.0935,0.862,0.4998,2612.4282,0.6094,1.2187,0.0244,0.2883,0.0,0.3327,0.0329,0.35,70834717,815939,-0.0105,-0.0552,0
TXN-2022-1922,2022-04-25,Murabaha,Qurilish,Namangan,569,36,1.5,0.2618,3,0,5,Tovar,0.8571,3.702,0.1307,36,178442134,93513283,0.5729,0.4122,0.8043,0.3165,0.0259,1,0.3769,2,0,,0.1197,0.1112,0.0313,0.1811,0.1064,0.9756,0.5865,663.1279,0.3424,1.0829,0.2244,0.261,0.0,0.5289,0.0753,0.45,93513283,3169166,-0.0124,0.0059,0
TXN-2023-1923,2023-12-30,Musharaka,Savdo,Samarqand,639,42,9.5,0.5724,0,0,3,Ko'chmas mulk,0.7214,0.877,0.1274,72,126771509,87822471,0.7218,0.1965,0.8075,0.2416,0.0287,1,0.3944,5,0,,0.2059,0.14,0.0249,0.25,0.045,0.9485,0.619,884.6118,0.2704,0.6157,0.4129,0.3651,0.0,0.5892,0.3533,0.6,87822471,18618147,-0.0213,-0.0126,0
TXN-2022-1924,2022-05-05,Murabaha,Ishlab chiqarish,Boshqa,690,50,6.0,0.221,2,0,5,Transport,0.6545,1.898,0.1483,12,156100420,248556385,0.7317,0.3864,0.6765,0.1192,0.0316,1,0.7178,5,0,,0.1009,0.0941,0.0241,0.25,0.0695,0.8834,0.6653,1052.6423,0.1507,1.4555,0.1446,0.32,0.0,0.5746,0.0113,0.45,248556385,1259695,-0.0105,0.1813,0
TXN-2022-1925,2022-09-26,Ijara,Savdo,Toshkent,458,37,5.3,0.4878,1,2,3,Ko'chmas mulk,0.7436,0.941,0.1134,36,316914508,210249454,0.845,0.3528,0.8905,0.1225,0.1344,1,0.3048,2,1,,0.0714,0.1058,0.0995,0.25,0.0681,1.0226,0.519,615.0602,0.2569,1.5655,0.3627,0.2563,1.998,0.6618,0.0999,0.35,210249454,7350977,-0.0074,-0.2329,0
TXN-2023-1926,2023-08-19,Murabaha,Ishlab chiqarish,Toshkent,631,23,2.6,0.4683,3,0,4,Transport,0.7605,0.752,0.2356,60,507843639,60898969,0.6912,0.5564,0.9355,0.1596,0.041,1,0.5103,2,0,,0.1911,0.0804,0.0708,0.25,0.0843,1.0114,0.3843,828.6386,0.2006,1.2262,0.3562,0.2597,0.0,0.7478,0.0437,0.45,60898969,1198186,-0.0198,0.5524,0
TXN-2022-1927,2022-02-02,Musharaka,Savdo,Andijon,657,46,4.0,0.5094,2,0,4,Ko'chmas mulk,0.782,1.916,0.1813,60,116657188,57103852,0.6889,0.1051,0.701,0.0377,0.0466,1,0.6386,4,0,,0.3161,0.0923,0.0499,0.2025,0.0963,1.0736,0.5002,839.0967,0.0843,0.5719,0.3983,0.245,0.0,0.642,0.2382,0.6,57103852,8160823,-0.0328,0.1624,0
TXN-2023-1928,2023-01-24,Musharaka,Xizmat,Boshqa,717,45,5.5,0.3885,3,0,3,Ko'chmas mulk,0.7953,11.008,0.2072,24,197708254,215512029,0.6064,0.4608,0.7049,0.3229,0.1117,0,0.2223,2,0,,0.3052,0.0964,0.0369,0.1304,0.0561,0.8593,0.626,900.4669,0.4346,0.6768,0.309,0.1898,0.0,0.3986,0.3054,0.6,215512029,39486419,-0.0316,0.253,0
TXN-2024-1929,2024-10-21,Ijara,Qishloq xo'jaligi,Buxoro,703,21,3.8,0.2467,0,0,1,Transport,0.5164,0.604,0.101,12,207719170,384526230,0.7144,0.298,0.9009,0.2912,0.1005,0,0.7602,4,1,,0.1006,0.0563,0.0631,0.25,0.0868,0.8252,0.4613,1358.626,0.3917,0.9939,0.1274,0.2432,0.0,0.5481,0.0487,0.35,384526230,6560692,-0.0104,-0.2888,1
TXN-2024-1930,2024-03-14,Murabaha,Qurilish,Buxoro,694,37,7.2,0.3581,0,0,3,Tovar,0.5907,0.694,0.1393,60,153879773,371414935,0.675,0.5345,0.9154,0.2296,0.1749,1,0.4296,2,0,,0.1028,0.1207,0.0727,0.25,0.0224,1.0301,0.5398,1172.9469,0.4045,1.3416,0.2115,0.298,0.0,0.5451,0.0408,0.45,371414935,6812942,-0.0107,0.0905,0
TXN-2023-1931,2023-06-22,Musharaka,Ishlab chiqarish,Boshqa,577,22,3.4,0.3684,2,1,1,Tovar,0.6581,0.696,0.2078,36,350064806,89286217,0.7231,0.2657,0.778,0.2042,0.0659,1,0.6731,2,0,,0.1981,0.1108,0.0723,0.25,0.069,1.0782,0.7844,875.3834,0.2701,1.0434,0.2425,0.2885,0.4998,0.5679,0.4281,0.6,89286217,22934365,-0.0205,0.3925,0
TXN-2023-1932,2023-08-04,Musharaka,Qurilish,Toshkent,482,31,1.4,0.6185,0,0,5,Transport,0.5564,3.922,0.1247,24,445480058,113565176,0.8995,0.6,0.8749,0.1199,0.1308,1,0.5599,1,0,,0.337,0.1042,0.01,0.25,0.0719,1.0409,0.4794,864.7217,0.2507,0.3688,0.3441,0.3442,0.0,0.6556,0.2274,0.6,113565176,15495120,-0.0349,-0.0158,0
TXN-2022-1933,2022-08-01,Musharaka,Qurilish,Toshkent,611,28,1.4,0.5266,1,0,5,Ko'chmas mulk,0.8398,1.786,0.2156,12,1066107476,214295991,0.4396,0.5319,0.891,0.3322,0.2736,1,0.7796,2,0,,0.2394,0.1114,0.0863,0.1574,0.0944,0.9419,0.624,726.7192,0.6058,0.8969,0.4422,0.1824,0.0,0.3512,0.2781,0.6,214295991,35753808,-0.0248,0.3575,0
TXN-2023-1934,2023-02-22,Musharaka,Savdo,Andijon,730,46,0.5,0.288,1,0,4,Ko'chmas mulk,0.4155,1.214,0.1878,48,800276002,225218956,0.4064,0.504,0.6101,0.0575,0.236,1,0.0674,2,0,,0.2982,0.0574,0.0587,0.0623,0.0509,0.95,0.4569,1752.8212,0.2935,0.6277,0.1197,0.061,0.0,0.431,0.0829,0.6,225218956,11208991,-0.0309,0.1938,0
TXN-2023-1935,2023-10-27,Ijara,Qishloq xo'jaligi,Toshkent,763,39,2.1,0.5194,1,0,4,Transport,0.4881,4.641,0.0517,48,393087184,176841659,0.6391,0.1706,0.8784,0.152,0.0747,1,0.646,0,1,,0.0927,0.1133,0.031,0.2051,0.0619,0.9781,0.5348,1560.1267,0.2268,0.5517,0.2535,0.2874,0.0,0.6792,0.0134,0.35,176841659,829784,-0.0096,-0.8439,0
TXN-2023-1936,2023-12-17,Ijara,Qurilish,Toshkent,705,25,8.3,0.4525,2,0,3,Tovar,0.6012,0.883,0.1447,60,185705152,115053400,0.722,0.4162,0.788,0.2429,0.1868,1,0.2985,4,1,,0.1016,0.0701,0.0155,0.2377,0.0814,0.9787,0.3431,1170.6418,0.4297,1.4108,0.2721,0.2922,0.0,0.4494,0.0311,0.35,115053400,1254065,-0.0105,0.1449,0
TXN-2023-1937,2023-05-08,Murabaha,Qishloq xo'jaligi,Samarqand,681,46,9.5,0.5746,1,0,2,Boshqa,0.213,1.245,0.1595,12,373971308,206998842,0.3812,0.2872,0.8609,0.0389,0.054,1,0.5343,0,0,,0.1174,0.0841,0.0542,0.25,0.0646,1.0921,0.94,3182.852,0.0929,1.3474,0.1224,0.2799,0.0,0.7809,0.0488,0.45,206998842,4549357,-0.0122,0.2515,0
TXN-2021-1938,2021-11-28,Ijara,Qishloq xo'jaligi,Boshqa,677,23,1.4,0.358,1,0,5,Sanoat uskunasi,0.2861,0.191,0.1271,60,75720010,166477210,0.4575,0.5545,0.6215,0.3873,0.2163,1,0.19,3,1,,0.112,0.1121,0.0815,0.25,0.0676,0.9383,0.4337,2358.387,0.6036,1.1255,0.1024,0.2807,0.0,0.2464,0.0284,0.35,166477210,1654041,-0.0116,-0.0255,0
TXN-2022-1939,2022-02-13,Musharaka,Qurilish,Andijon,597,41,19.2,0.5282,2,0,4,Transport,0.5157,0.316,0.1419,72,363859425,170857922,0.7735,0.3521,0.6194,0.1711,0.0623,1,0.412,5,0,,0.1686,0.0696,0.0792,0.25,0.0538,1.0895,0.5276,1155.4729,0.2333,0.837,0.2724,0.2404,0.0,0.4749,0.1739,0.6,170857922,17822812,-0.0175,0.0707,0
TXN-2024-1940,2024-05-23,Murabaha,Ishlab chiqarish,Toshkent,633,29,4.2,0.6511,1,0,4,Sanoat uskunasi,0.6803,0.368,0.2386,36,304720510,277338153,0.6108,0.4344,0.904,0.5,0.1111,1,0.8334,2,0,,0.1177,0.1028,0.069,0.25,0.0815,1.0037,0.7835,929.1124,0.6111,2.0109,0.443,0.2838,0.0,0.3516,0.1238,0.45,277338153,15455355,-0.0122,0.923,0
TXN-2021-1941,2021-10-11,Murabaha,Ishlab chiqarish,Samarqand,786,34,14.9,0.5164,2,1,4,Ko'chmas mulk,0.8554,1.065,0.1165,12,256250325,323311094,0.6056,0.2475,0.9427,0.2391,0.1287,1,0.6959,1,0,,0.1136,0.14,0.0647,0.25,0.0877,0.9749,0.6537,917.8027,0.3678,1.016,0.4418,0.3253,0.4998,0.596,0.0495,0.45,323311094,7205077,-0.0118,-0.119,0
TXN-2022-1942,2022-05-28,Murabaha,Ishlab chiqarish,Buxoro,564,43,7.4,0.5907,1,0,3,Sanoat uskunasi,0.5111,1.856,0.04,84,153093724,189457292,0.5365,0.4391,0.7255,0.1861,0.1312,1,0.5793,2,0,,0.1358,0.0914,0.0697,0.25,0.0557,1.0762,0.7494,1101.3125,0.3172,0.2924,0.3019,0.2716,0.0,0.4953,0.1637,0.45,189457292,13959822,-0.0141,-0.6626,0
TXN-2021-1943,2021-04-17,Ijara,Qishloq xo'jaligi,Andijon,782,43,7.7,0.4866,1,0,2,Ko'chmas mulk,0.4768,0.002,0.1355,12,393993240,182597489,0.7472,0.1823,0.9507,0.2365,0.1383,1,0.3689,3,0,,0.1092,0.1168,0.0641,0.25,0.0727,0.9105,0.7905,1636.5933,0.3747,1.2299,0.232,0.3026,0.0,0.5945,0.0209,0.35,182597489,1333231,-0.0113,0.0506,0
TXN-2024-1944,2024-08-06,Ijara,Qurilish,Namangan,617,51,0.5,0.6031,3,0,4,Ko'chmas mulk,0.3226,0.527,0.1159,48,135126126,133038906,0.5603,0.475,0.7941,0.23,0.1457,1,0.286,2,1,,0.1094,0.0544,0.0452,0.25,0.1076,1.0287,0.4036,1906.9388,0.3757,1.0503,0.1945,0.2593,0.0,0.4958,0.0329,0.35,133038906,1530758,-0.0113,-0.1286,0
TXN-2023-1945,2023-09-12,Ijara,Qurilish,Samarqand,757,37,1.5,0.6008,1,1,3,Ko'chmas mulk,0.4214,0.483,0.0767,36,460878871,162761256,0.3857,0.6,0.5589,0.0088,0.2065,1,0.1909,4,1,,0.1125,0.1311,0.0342,0.25,0.0185,0.9834,0.5975,1791.9379,0.2153,0.676,0.2532,0.3469,0.999,0.4386,0.0604,0.35,162761256,3439705,-0.0117,-0.4736,0
TXN-2023-1946,2023-01-31,Musharaka,Savdo,Buxoro,525,41,0.5,0.4173,3,0,5,Transport,0.7881,0.73,0.1648,60,350921898,252529942,0.7426,0.4884,0.7661,0.0903,0.092,1,0.6967,1,0,,0.2778,0.0938,0.0434,0.25,0.0839,1.0213,0.4228,665.3304,0.1823,0.5912,0.3289,0.3004,0.0,0.6264,0.2239,0.6,252529942,33919274,-0.0288,0.1254,1
TXN-2024-1947,2024-02-10,Musharaka,Savdo,Samarqand,694,33,7.6,0.4308,1,0,3,Sanoat uskunasi,0.7954,0.454,0.176,36,316610948,209761785,0.5813,0.6,0.8136,0.1699,0.2201,1,0.6526,0,0,,0.2179,0.0886,0.0637,0.2007,0.0187,1.0203,0.5936,871.382,0.39,0.8039,0.3426,0.2257,0.0,0.4963,0.3027,0.6,209761785,38099003,-0.0226,0.211,0
TXN-2021-1948,2021-07-30,Murabaha,Qishloq xo'jaligi,Toshkent,582,39,2.5,0.4755,2,2,3,Tovar,0.7097,0.543,0.1098,36,135586042,101516260,0.7002,0.5599,0.6843,0.1824,0.0938,1,0.1793,1,0,,0.1495,0.0853,0.0253,0.0973,0.0808,0.9949,0.3995,818.8879,0.2762,0.7295,0.3375,0.1573,0.9995,0.4952,0.157,0.45,101516260,7174022,-0.0155,-0.1353,0
TXN-2024-1949,2024-12-27,Murabaha,Qishloq xo'jaligi,Toshkent,524,42,9.3,0.3397,0,0,3,Tovar,0.3303,10.319,0.1444,72,165444982,97801749,0.4274,0.6,0.7929,0.3105,0.1764,1,0.1391,3,0,,0.1514,0.0559,0.0404,0.2416,0.0841,1.0056,0.3788,1581.5382,0.4868,0.9476,0.1122,0.2571,0.0,0.4069,0.0882,0.45,97801749,3881087,-0.0157,0.0952,0
TXN-2023-1950,2023-11-23,Musharaka,Qishloq xo'jaligi,Andijon,663,37,2.5,0.2653,1,0,4,Boshqa,0.6092,2.258,0.2013,84,100260922,95684778,0.3419,0.2401,0.672,0.1512,0.1013,1,0.6116,3,0,,0.2485,0.1009,0.0511,0.25,0.0273,0.8365,0.6553,1086.5991,0.2526,0.8069,0.1616,0.2998,0.0,0.5023,0.1395,0.6,95684778,8010870,-0.0258,0.287,0
TXN-2021-1951,2021-09-13,Murabaha,IT,Toshkent,730,21,10.3,0.2955,2,0,4,Ko'chmas mulk,0.6381,3.596,0.1382,36,405098820,331721229,0.695,0.1007,0.853,0.2013,0.0307,1,0.3692,1,0,,0.1144,0.0653,0.0848,0.2035,0.0808,1.1262,0.5558,1142.21,0.2319,1.1968,0.1886,0.184,0.0,0.6552,0.0341,0.45,331721229,5083125,-0.0119,0.0712,0
TXN-2022-1952,2022-08-07,Murabaha,Xizmat,Boshqa,573,41,0.8,0.3757,1,0,3,Transport,0.4284,4.278,0.1031,36,250079740,46429215,0.4062,0.3037,0.7793,0.1874,0.0504,1,0.4545,2,0,,0.1368,0.0634,0.0409,0.25,0.0391,1.0304,0.4438,1334.4836,0.2378,0.7483,0.1609,0.2725,0.0,0.594,0.0524,0.45,46429215,1093863,-0.0142,-0.1967,0
TXN-2021-1953,2021-06-21,Musharaka,Qurilish,Samarqand,517,41,1.1,0.6433,0,1,4,Transport,0.4038,2.754,0.2081,60,177242389,57464838,0.662,0.402,0.5336,0.1763,0.4,1,0.3953,1,0,,0.1874,0.0792,0.0511,0.2217,0.1178,1.0765,0.5987,1277.2773,0.5763,1.1049,0.2597,0.2498,1000.0,0.2261,0.3158,0.6,57464838,10890133,-0.0194,0.4169,0
TXN-2021-1954,2021-11-25,Ijara,IT,Toshkent,637,31,2.5,0.3596,2,1,4,Tovar,0.7977,3.044,0.0715,60,225472438,96513074,0.7281,0.4721,0.8661,0.1894,0.076,0,0.5951,1,1,,0.0865,0.1071,0.0459,0.25,0.0472,1.0569,0.681,797.5859,0.2654,0.8168,0.2868,0.3113,0.4998,0.6362,0.0434,0.35,96513074,1465220,-0.009,-0.6768,0
TXN-2022-1955,2022-07-13,Sukuk,Ishlab chiqarish,Samarqand,637,25,3.2,0.376,2,1,3,Ko'chmas mulk,0.6586,2.501,0.1102,36,459376155,251542070,0.4967,0.1434,0.6971,0.0748,0.0528,1,0.7212,1,0,AA,0.0672,0.0636,0.0543,0.1451,0.0994,1.0611,0.5907,965.8091,0.1276,1.6161,0.2476,0.1544,0.4998,0.6081,0.0278,0.28,251542070,1961135,-0.007,-0.2953,0
TXN-2023-1956,2023-07-10,Sukuk,Savdo,Toshkent,691,52,2.6,0.3557,3,1,3,Ko'chmas mulk,0.528,2.62,0.1077,48,123513328,123081404,0.2974,0.6,0.6802,0.3737,0.135,1,0.7423,5,0,A,0.0618,0.077,0.0439,0.25,0.0575,1.0112,0.6433,1306.2587,0.5086,1.7151,0.1878,0.2832,0.3332,0.3342,0.0246,0.28,123081404,849063,-0.0064,-0.3606,0
TXN-2023-1957,2023-11-18,Ijara,Qishloq xo'jaligi,Boshqa,725,42,8.7,0.513,1,0,3,Ko'chmas mulk,0.6131,6.593,0.1135,24,188093744,83203143,0.3245,0.3274,0.8915,0.1076,0.2648,0,0.3319,1,1,,0.1063,0.1275,0.0455,0.25,0.063,1.176,0.634,1180.504,0.3723,1.0574,0.3146,0.3321,0.0,0.5595,0.0666,0.35,83203143,1939479,-0.011,-0.1551,0
TXN-2021-1958,2021-10-29,Musharaka,Ishlab chiqarish,Namangan,639,35,0.6,0.726,1,0,3,Boshqa,0.6368,0.514,0.1494,48,94837966,190272322,0.9507,0.1188,0.8254,0.3576,0.185,1,0.2751,1,0,,0.3077,0.0961,0.0908,0.25,0.0699,1.0431,0.45,1001.8394,0.5426,0.4838,0.4623,0.2553,0.0,0.3776,0.3438,0.6,190272322,39252060,-0.0319,0.0629,0
TXN-2023-1959,2023-06-15,Musharaka,Qurilish,Namangan,802,26,2.6,0.1794,2,0,4,Moliyaviy aktiv,0.2759,0.803,0.1063,60,130150350,197255052,0.4819,0.4774,0.8001,0.2238,0.0588,1,0.5568,0,0,,0.1978,0.1172,0.073,0.1782,0.0869,0.9012,0.3742,2896.3029,0.2826,0.5348,0.0495,0.2224,0.0,0.5739,0.0312,0.6,197255052,3693093,-0.0205,-0.1196,0
TXN-2021-1960,2021-07-07,Ijara,Qishloq xo'jaligi,Toshkent,664,29,10.9,0.6308,2,0,3,Transport,0.7297,0.245,0.104,24,210501318,257405372,0.7492,0.4482,0.6377,0.2678,0.09,1,0.3635,1,1,,0.0869,0.0987,0.0409,0.25,0.0387,1.0194,0.269,908.774,0.3578,1.183,0.4603,0.3078,0.0,0.4095,0.1036,0.35,257405372,9333486,-0.009,-0.2986,0
TXN-2022-1961,2022-03-31,Murabaha,Ishlab chiqarish,Toshkent,615,51,0.5,0.4956,2,0,3,Tovar,0.7634,4.54,0.1075,36,468975126,385401861,0.5853,0.1405,0.5895,0.1281,0.0332,0,0.4323,1,0,,0.1197,0.1128,0.0504,0.25,0.0436,1.0427,0.3394,804.5812,0.1614,0.89,0.3783,0.3123,0.0,0.4944,0.1789,0.45,385401861,31024770,-0.0124,-0.1882,0
TXN-2023-1962,2023-07-13,Murabaha,Qishloq xo'jaligi,Samarqand,508,39,17.1,0.4826,2,0,3,Ko'chmas mulk,0.4288,1.489,0.0997,36,359631633,351437590,0.5924,0.2117,0.7302,0.0546,0.011,1,0.4137,2,0,,0.1197,0.1065,0.0544,0.25,0.0798,1.0113,0.5233,1181.8295,0.0656,0.8255,0.207,0.3021,0.0,0.6823,0.1156,0.45,351437590,18276304,-0.0124,-0.2533,0
TXN-2022-1963,2022-12-17,Ijara,Ishlab chiqarish,Namangan,622,32,25.7,0.4853,2,1,3,Ko'chmas mulk,0.4641,5.941,0.0839,60,443070953,218925535,0.1081,0.6,0.8135,0.4493,0.0682,0,0.253,4,1,,0.1107,0.1088,0.0345,0.25,0.0702,1.0709,0.5849,1337.3113,0.5175,0.7508,0.2252,0.3243,0.4998,0.3925,0.0876,0.35,218925535,6713083,-0.0115,-0.4166,0
TXN-2021-1964,2021-02-24,Murabaha,Qishloq xo'jaligi,Buxoro,616,43,0.6,0.4667,2,0,5,Sanoat uskunasi,0.5453,1.326,0.1926,48,364292864,139919507,0.3716,0.503,0.8315,0.0509,0.099,1,0.2625,3,0,,0.1181,0.125,0.0351,0.25,0.0589,1.023,0.5999,1127.4936,0.1499,1.6162,0.2545,0.3399,0.0,0.7068,0.0427,0.45,139919507,2691653,-0.0122,0.5295,0
TXN-2023-1965,2023-04-30,Musharaka,Qurilish,Samarqand,726,29,2.1,0.1686,1,1,2,Ko'chmas mulk,0.4694,1.461,0.2258,36,137488002,200649453,0.793,0.4104,0.6306,0.2175,0.3307,1,0.6254,1,0,,0.1992,0.0707,0.0508,0.25,0.0603,1.1081,0.2281,1543.4033,0.5481,1.1279,0.0791,0.2699,0.999,0.285,0.121,0.6,200649453,14562142,-0.0206,0.481,0
TXN-2021-1966,2021-04-20,Musharaka,Qishloq xo'jaligi,Samarqand,684,53,2.8,0.3502,1,0,4,Ko'chmas mulk,0.919,1.487,0.3,24,676442644,111400023,0.5759,0.5065,0.6261,0.32,0.0881,1,0.6338,1,0,,0.3835,0.1158,0.078,0.25,0.0726,1.0625,0.5273,743.4433,0.4081,0.7803,0.3218,0.2878,0.0,0.3706,0.2427,0.6,111400023,16221843,-0.0397,0.4433,0
TXN-2023-1967,2023-03-23,Murabaha,Savdo,Namangan,544,51,9.0,0.3584,0,0,3,Tovar,0.671,2.37,0.1494,48,381909585,276912266,0.842,0.4342,0.643,0.1915,0.2178,1,0.1702,3,0,,0.108,0.1045,0.0531,0.25,0.0777,0.9102,0.4787,809.5424,0.4094,1.3712,0.2404,0.3013,0.0,0.3798,0.1519,0.45,276912266,18924044,-0.0112,0.18,0
TXN-2023-1968,2023-10-26,Murabaha,Qishloq xo'jaligi,Namangan,659,33,5.4,0.1821,3,1,5,Sanoat uskunasi,0.8244,3.632,0.1688,36,719126248,104830565,0.2821,0.548,0.6792,0.0287,0.155,0,0.4772,4,0,,0.1087,0.0695,0.0594,0.25,0.0435,0.9414,0.3989,798.4416,0.1837,1.5382,0.1501,0.2601,0.3332,0.5544,0.0343,0.45,104830565,1619832,-0.0113,0.3569,0
TXN-2023-1969,2023-02-05,Murabaha,Xizmat,Toshkent,702,31,6.2,0.1253,3,1,5,Boshqa,0.6016,1.082,0.1371,48,668010587,87343404,0.3202,0.2559,0.8267,0.1528,0.0413,1,0.7411,6,0,,0.123,0.0937,0.0505,0.25,0.0956,1.0632,0.6201,1164.9404,0.194,1.1063,0.0754,0.2932,0.3332,0.6663,0.016,0.45,87343404,627160,-0.0127,0.058,0
TXN-2022-1970,2022-04-28,Murabaha,Savdo,Buxoro,774,21,8.5,0.433,0,0,3,Ko'chmas mulk,0.7304,2.487,0.2005,48,231636902,288653785,0.439,0.1822,0.5474,0.0748,0.0704,1,0.1756,2,0,,0.1147,0.0908,0.081,0.25,0.0954,0.971,0.4237,1058.2169,0.1452,1.7335,0.3163,0.2598,0.0,0.4679,0.0705,0.45,288653785,9156655,-0.0119,0.6146,0
TXN-2023-1971,2023-03-02,Murabaha,Xizmat,Andijon,720,23,0.8,0.2281,2,0,5,Transport,0.6233,0.57,0.1379,48,182469432,54118818,0.4198,0.1498,0.8621,0.1385,0.3227,1,0.3314,3,0,,0.1251,0.0802,0.0533,0.1379,0.0892,1.0941,0.3763,1153.2294,0.4612,1.0942,0.1422,0.1649,0.0,0.4645,0.0211,0.45,54118818,514688,-0.013,0.0634,0
TXN-2021-1972,2021-06-17,Ijara,Qurilish,Toshkent,709,24,10.7,0.4282,2,0,3,Ko'chmas mulk,0.747,2.019,0.1492,48,64020061,97668387,0.602,0.155,0.6941,0.1449,0.3,1,0.1994,1,1,,0.0943,0.1027,0.0148,0.25,0.0879,1.0034,0.3861,947.8619,0.4448,1.5656,0.3198,0.3379,0.0,0.3853,0.0883,0.35,97668387,3017360,-0.0098,0.2039,0
TXN-2023-1973,2023-02-07,Murabaha,IT,Toshkent,650,39,7.3,0.3729,3,1,2,Moliyaviy aktiv,0.5793,1.977,0.1474,72,270357094,225960226,0.7628,0.4128,0.8711,0.1016,0.1156,1,0.1012,0,0,,0.1205,0.1106,0.069,0.25,0.063,1.0159,0.4801,1120.0578,0.2173,1.2136,0.216,0.2916,0.3332,0.6818,0.0568,0.45,225960226,5774489,-0.0125,0.1447,0
TXN-2022-1974,2022-04-05,Musharaka,Xizmat,Andijon,678,34,5.2,0.3637,1,0,3,Ko'chmas mulk,0.8033,5.489,0.2904,60,238989195,139716932,0.8416,0.3196,0.8522,0.5,0.0281,1,0.5291,3,0,,0.3346,0.14,0.0567,0.1632,0.0749,1.0078,0.6118,842.9692,0.5281,0.8654,0.2921,0.2464,0.0,0.4022,0.2794,0.6,139716932,23422315,-0.0347,0.4794,0
TXN-2021-1975,2021-02-27,Murabaha,Qishloq xo'jaligi,Samarqand,751,24,13.2,0.7221,3,0,3,Transport,0.6803,5.655,0.1207,24,166759319,135730373,0.535,0.262,0.7843,0.1944,0.0058,1,0.2577,6,0,,0.0864,0.0979,0.0349,0.25,0.0318,0.9999,0.5348,1102.3028,0.2002,1.3817,0.4912,0.3131,0.0,0.6273,0.0662,0.45,135730373,4045234,-0.009,-0.1074,0
TXN-2022-1976,2022-10-15,Sukuk,Ishlab chiqarish,Samarqand,531,35,7.2,0.239,3,0,3,Ko'chmas mulk,0.4183,1.67,0.1287,48,181388388,71137850,0.671,0.2877,0.7168,0.205,0.0591,1,0.3314,2,0,AA,0.0707,0.073,0.0563,0.1207,0.048,0.9161,0.8961,1266.4345,0.2641,1.7943,0.1,0.1374,0.0,0.5275,0.017,0.28,71137850,338261,-0.0073,-0.0184,0
TXN-2021-1977,2021-07-22,Murabaha,IT,Andijon,615,43,1.4,0.5791,1,0,3,Tovar,0.2826,0.062,0.1357,36,334116048,75224124,0.853,0.349,0.8811,0.1619,0.1063,1,0.2791,1,0,,0.1228,0.1101,0.0591,0.25,0.0666,0.9256,0.7475,2168.6386,0.2682,1.096,0.1636,0.301,0.0,0.6448,0.0433,0.45,75224124,1467419,-0.0127,0.0462,0
TXN-2024-1978,2024-08-24,Musharaka,Savdo,Boshqa,579,43,3.4,0.6813,3,0,3,Ko'chmas mulk,0.5706,4.655,0.1298,24,79007573,130627801,0.7934,0.3209,0.7692,0.0641,0.1347,1,0.376,3,0,,0.2482,0.1355,0.0419,0.25,0.0265,1.0662,0.4122,1012.9342,0.1988,0.5209,0.3888,0.3436,0.0,0.6163,0.3435,0.6,130627801,26918768,-0.0257,-0.0007,1
TXN-2022-1979,2022-11-18,Sukuk,Qurilish,Samarqand,677,21,4.1,0.3813,0,1,4,Ko'chmas mulk,0.7027,0.002,0.0987,48,527668547,51862158,0.853,0.3004,0.6091,0.3021,0.4,1,0.4074,1,0,AA,0.0729,0.0685,0.0488,0.25,0.0264,0.922,0.3376,962.0704,0.7021,1.3363,0.2679,0.2697,1000.0,0.1814,0.0331,0.28,51862158,481209,-0.0076,-0.4291,0
TXN-2021-1980,2021-10-27,Ijara,Xizmat,Andijon,749,36,0.5,0.6866,3,1,3,Transport,0.6677,1.626,0.0526,36,413601736,147440833,0.8776,0.1483,0.8431,0.0879,0.1894,1,0.2835,3,1,,0.1107,0.0813,0.0725,0.25,0.0666,1.0705,0.2375,1120.0291,0.2773,0.4705,0.4584,0.2587,0.3332,0.6093,0.0222,0.35,147440833,1145758,-0.0115,-0.6995,0
TXN-2021-1981,2021-10-09,Murabaha,Qurilish,Toshkent,594,24,18.6,0.423,1,1,1,Transport,0.7373,0.05,0.1774,60,197558257,328799248,0.645,0.132,0.7772,0.1912,0.1113,1,0.2432,4,0,,0.1006,0.0767,0.0475,0.25,0.1337,1.0342,0.6624,804.5237,0.3025,1.7455,0.3119,0.2792,0.999,0.5421,0.1382,0.45,328799248,20454655,-0.0104,0.4709,0
TXN-2021-1982,2021-03-20,Ijara,Ishlab chiqarish,Samarqand,441,47,0.8,0.3574,3,0,4,Ko'chmas mulk,0.6943,1.087,0.14,12,233783413,309107167,0.6467,0.1512,0.8264,0.2655,0.0526,1,0.6824,2,1,,0.1041,0.05,0.0741,0.2161,0.0316,0.9881,0.7112,634.3029,0.3181,1.3313,0.2481,0.192,0.0,0.5635,0.0791,0.35,309107167,8555783,-0.0108,0.0958,0
TXN-2022-1983,2022-08-11,Musharaka,Xizmat,Toshkent,609,45,7.2,0.6304,1,1,3,Ko'chmas mulk,0.4607,2.532,0.2939,36,296049061,215577810,0.7028,0.2561,0.7286,0.3303,0.2233,0,0.3518,4,0,,0.2306,0.111,0.0811,0.141,0.0969,0.9637,0.5126,1318.9539,0.5537,1.269,0.2905,0.1709,0.999,0.3252,0.3046,0.6,215577810,39399814,-0.0239,0.7107,0
TXN-2023-1984,2023-08-26,Musharaka,Qishloq xo'jaligi,Boshqa,722,29,4.2,0.2535,1,0,2,Moliyaviy aktiv,0.6118,1.16,0.1223,12,398997810,169717870,0.2975,0.3853,0.8346,0.3522,0.2096,1,0.2073,2,0,,0.2556,0.0812,0.0606,0.25,0.0465,1.0909,0.6164,1178.2429,0.5618,0.4765,0.1551,0.2706,0.0,0.3657,0.296,0.6,169717870,30137055,-0.0265,-0.0302,0
TXN-2024-1985,2024-11-26,Murabaha,Qishloq xo'jaligi,Boshqa,690,30,0.5,0.216,3,0,2,Ko'chmas mulk,0.7208,6.54,0.1103,48,826555796,140080448,0.7002,0.3312,0.8703,0.0999,0.046,1,0.4497,0,0,,0.156,0.0969,0.0296,0.25,0.051,1.0559,0.6357,955.9615,0.1459,0.7021,0.1557,0.3173,0.0,0.7434,0.0584,0.45,140080448,3682662,-0.0162,-0.1265,0
TXN-2021-1986,2021-10-12,Murabaha,Xizmat,Andijon,681,33,15.5,0.2937,2,0,4,Ko'chmas mulk,0.3598,2.559,0.0895,72,178451182,154394205,0.8312,0.545,0.7398,0.222,0.0494,1,0.083,2,0,,0.1178,0.1169,0.0372,0.1983,0.077,0.9819,0.3999,1887.2852,0.2714,0.7533,0.1057,0.2781,0.0,0.539,0.0245,0.45,154394205,1702083,-0.0122,-0.344,0
TXN-2024-1987,2024-12-15,Ijara,Savdo,Boshqa,621,21,11.5,0.5159,1,0,3,Ko'chmas mulk,0.6034,2.599,0.131,48,554667159,81904505,0.565,0.3144,0.9133,0.1175,0.1204,0,0.2778,3,1,,0.1024,0.0724,0.0577,0.25,0.1008,1.0231,0.7039,1027.5002,0.238,1.2666,0.3113,0.2646,0.0,0.696,0.0338,0.35,81904505,968191,-0.0106,0.0095,0
TXN-2023-1988,2023-08-19,Musharaka,Savdo,Samarqand,536,41,4.5,0.3659,0,0,5,Boshqa,0.3164,1.173,0.1551,48,214230715,99914815,0.8275,0.2323,0.9342,0.0406,0.1361,1,0.2735,0,0,,0.2845,0.0838,0.0609,0.25,0.0914,1.0005,0.4288,1688.6516,0.1767,0.5432,0.1158,0.2729,0.0,0.7692,0.0596,0.6,99914815,3574781,-0.0295,0.0882,0
TXN-2023-1989,2023-07-08,Musharaka,Qishloq xo'jaligi,Andijon,688,35,1.6,0.3657,4,0,3,Ko'chmas mulk,0.6859,0.098,0.1305,12,192717331,51730683,0.3511,0.1463,0.45,0.1702,0.1192,1,0.4148,1,0,,0.2143,0.0818,0.065,0.25,0.0732,1.0053,0.4869,1001.6089,0.2894,0.6061,0.2508,0.2669,0.0,0.3198,0.3834,0.6,51730683,11900670,-0.0222,0.0023,0
TXN-2024-1990,2024-06-14,Ijara,Qishloq xo'jaligi,Toshkent,574,47,0.8,0.4603,0,1,1,Tovar,0.5353,3.35,0.132,36,209601193,267582228,0.401,0.4144,0.7948,0.3859,0.0409,1,0.4262,2,1,,0.131,0.05,0.0779,0.25,0.0768,1.2328,0.6884,1070.269,0.4268,1.0004,0.2464,0.2221,1000.0,0.4556,0.1804,0.35,267582228,16890553,-0.0136,0.0153,0
TXN-2021-1991,2021-01-11,Ijara,Xizmat,Samarqand,830,27,2.7,0.2641,2,0,3,Moliyaviy aktiv,0.8687,3.149,0.1531,36,468605581,138004442,0.5735,0.4371,0.7254,0.263,0.0211,1,0.5187,4,1,,0.1223,0.0858,0.036,0.1531,0.0089,1.0695,0.4852,954.3269,0.2841,1.2411,0.2294,0.2029,0.0,0.5193,0.0201,0.35,138004442,970034,-0.0127,0.1885,0
TXN-2021-1992,2021-06-12,Murabaha,Qurilish,Namangan,693,31,1.8,0.4293,0,0,5,Transport,0.7658,1.888,0.1443,12,173598966,524829701,0.7545,0.3886,0.8635,0.1116,0.1208,1,0.2061,2,0,,0.1023,0.0589,0.0349,0.25,0.1087,1.1316,0.485,903.7865,0.2324,1.396,0.3287,0.274,0.0,0.6628,0.0223,0.45,524829701,5269036,-0.0106,0.1392,0
TXN-2021-1993,2021-02-08,Musharaka,IT,Toshkent,595,22,4.2,0.2746,1,0,4,Ko'chmas mulk,0.7144,1.346,0.1513,60,260872560,102231618,0.88,0.3185,0.9092,0.104,0.0496,1,0.4332,0,0,,0.2576,0.1022,0.0752,0.25,0.0954,1.0021,0.6271,831.7004,0.1536,0.5849,0.1962,0.277,0.0,0.7695,0.1975,0.6,102231618,12116550,-0.0267,0.0826,0
TXN-2022-1994,2022-06-09,Murabaha,Savdo,Toshkent,593,27,20.4,0.4194,1,1,3,Sanoat uskunasi,0.7447,1.932,0.1869,24,179859072,147614726,0.6715,0.4688,0.6138,0.1446,0.2326,1,0.5267,4,0,,0.0882,0.112,0.078,0.25,0.0567,0.8174,0.6668,795.2171,0.3772,2.0954,0.3123,0.284,0.999,0.3822,0.1979,0.45,147614726,13146608,-0.0091,0.6448,0
TXN-2022-1995,2022-03-18,Ijara,Savdo,Toshkent,637,26,5.1,0.2978,1,0,1,Sanoat uskunasi,0.7826,3.434,0.1124,48,189220363,231764889,0.5555,0.5691,0.6728,0.2106,0.1823,1,0.6419,1,1,,0.1318,0.0658,0.0636,0.25,0.0993,1.0,0.5949,812.9544,0.3928,0.8463,0.233,0.2521,0.0,0.4085,0.1268,0.35,231764889,10287139,-0.0137,-0.1337,0
TXN-2021-1996,2021-11-03,Ijara,Ishlab chiqarish,Namangan,624,47,13.2,0.3536,3,0,4,Tovar,0.5844,3.119,0.1119,36,550281045,193416860,0.8454,0.4376,0.7182,0.1613,0.4,1,0.2422,3,1,,0.0982,0.134,0.0866,0.25,0.0361,1.0289,0.219,1065.9784,0.5613,1.1286,0.2066,0.2974,0.0,0.315,0.0379,0.35,193416860,2568511,-0.0102,-0.184,0
TXN-2024-1997,2024-01-29,Sukuk,Qishloq xo'jaligi,Toshkent,739,31,6.3,0.4434,3,0,3,Tovar,0.8037,2.683,0.1128,120,243132621,140985407,0.6448,0.4033,0.7282,0.247,0.0838,1,0.2424,2,0,AA,0.0841,0.1216,0.0408,0.25,0.0424,0.9944,0.6198,918.3898,0.3308,1.3259,0.3563,0.3309,0.0,0.4873,0.0265,0.28,140985407,1045099,-0.0087,-0.2042,0
TXN-2024-1998,2024-05-31,Murabaha,Qurilish,Samarqand,660,39,3.9,0.0561,2,0,4,Ko'chmas mulk,0.8598,5.853,0.1126,24,164079546,454349518,0.9138,0.0842,0.7169,0.0712,0.3373,1,0.6812,7,0,,0.1425,0.0959,0.0704,0.25,0.0565,1.0402,0.5782,766.7707,0.4085,0.7846,0.0482,0.2755,0.0,0.4241,0.0435,0.45,454349518,8888833,-0.0148,-0.1223,0
TXN-2023-1999,2023-12-17,Murabaha,Ishlab chiqarish,Toshkent,582,34,11.6,0.3977,1,0,4,Sanoat uskunasi,0.8635,2.353,0.181,12,188589786,82622266,0.725,0.4944,0.6299,0.2932,0.1502,1,0.0167,1,0,,0.1153,0.0735,0.0905,0.25,0.0872,1.0197,0.876,673.2254,0.4434,1.5567,0.3434,0.233,0.0,0.3506,0.1526,0.45,82622266,5675513,-0.0119,0.4423,0
TXN-2023-2000,2023-05-17,Murabaha,Savdo,Toshkent,805,25,3.8,0.4632,1,0,3,Ko'chmas mulk,0.5885,0.037,0.1033,84,289341361,221580218,0.6947,0.4544,0.45,0.2852,0.1347,1,0.2943,2,0,,0.136,0.0944,0.0592,0.25,0.0689,1.0156,0.5428,1365.5831,0.4199,0.754,0.2726,0.2852,0.0,0.261,0.0802,0.45,221580218,7998543,-0.0141,-0.1963,0
TXN-2021-2001,2021-08-16,Murabaha,Savdo,Buxoro,649,36,12.2,0.5877,1,0,2,Transport,0.6986,2.406,0.1156,24,237140875,112807196,0.6721,0.1074,0.6263,0.1985,0.1016,1,0.1241,1,0,,0.1087,0.1382,0.0682,0.25,0.0084,1.0966,0.6255,927.733,0.3001,1.0534,0.4105,0.3201,0.0,0.4383,0.2095,0.45,112807196,10632707,-0.0113,-0.1324,1
TXN-2022-2002,2022-08-14,Murabaha,Qishloq xo'jaligi,Buxoro,710,43,2.1,0.4261,2,0,4,Sanoat uskunasi,0.6896,2.37,0.0939,48,245050969,136009535,0.5983,0.1363,0.7363,0.1457,0.4,0,0.3351,1,0,,0.1282,0.1061,0.0714,0.2078,0.088,1.0608,0.86,1028.1132,0.5457,0.7269,0.2938,0.2425,0.0,0.3345,0.0629,0.45,136009535,3851049,-0.0133,-0.2816,0
TXN-2022-2003,2022-05-02,Sukuk,Savdo,Boshqa,593,25,0.8,0.3433,0,0,4,Ko'chmas mulk,0.63,0.18,0.1216,36,204523613,174657047,0.7631,0.3737,0.8677,0.2776,0.132,1,0.5247,0,0,AA,0.0794,0.0751,0.0448,0.25,0.0293,0.9757,0.2664,939.7231,0.4096,1.5115,0.2163,0.2803,0.0,0.5123,0.0116,0.28,174657047,567947,-0.0082,-0.106,0
TXN-2022-2004,2022-09-09,Murabaha,Qurilish,Buxoro,675,46,11.6,0.6346,2,0,5,Ko'chmas mulk,0.624,1.395,0.1942,48,457798775,137097932,0.7304,0.2413,0.7425,0.1981,0.0664,1,0.2619,0,0,,0.1003,0.0797,0.0546,0.25,0.0675,1.2255,0.4614,1080.0157,0.2645,1.9164,0.396,0.2751,0.0,0.5461,0.0443,0.45,137097932,2731643,-0.0104,0.6398,1
TXN-2021-2005,2021-09-07,Murabaha,Xizmat,Andijon,671,29,5.3,0.379,0,1,3,Ko'chmas mulk,0.4644,2.632,0.1339,48,345816476,133661186,0.4485,0.3791,0.6175,0.1846,0.0104,1,0.2796,0,0,,0.1242,0.0684,0.0338,0.25,0.0765,1.104,0.4002,1441.722,0.195,1.0691,0.176,0.2845,1000.0,0.4971,0.0686,0.45,133661186,4127653,-0.0129,0.0314,0
TXN-2021-2006,2021-04-08,Ijara,Savdo,Buxoro,484,33,13.2,0.3929,2,0,4,Transport,0.5759,3.048,0.1334,48,213838190,56410088,0.8685,0.5666,0.7496,0.5,0.0528,1,0.3972,5,1,,0.1183,0.0623,0.0697,0.0532,0.0747,1.1125,0.4267,838.9475,0.5528,1.1182,0.2263,0.0458,0.0,0.3352,0.0729,0.35,56410088,1440034,-0.0123,0.0287,0
TXN-2022-2007,2022-05-04,Musharaka,Ishlab chiqarish,Toshkent,816,43,16.7,0.3052,1,0,2,Moliyaviy aktiv,0.7027,5.588,0.202,12,264533945,260871996,0.8306,0.4659,0.5467,0.1451,0.016,0,0.2379,4,0,,0.2624,0.1086,0.05,0.09,0.0709,1.0058,0.5593,1159.5775,0.1612,0.7668,0.2144,0.1486,0.0,0.4586,0.1912,0.6,260871996,29930693,-0.0272,0.2744,0
TXN-2023-2008,2023-05-10,Ijara,Qishloq xo'jaligi,Toshkent,754,31,0.5,0.5414,2,2,3,Transport,0.7979,4.603,0.1289,60,150080130,56108253,0.6824,0.107,0.7395,0.1307,0.0165,1,0.4014,2,1,,0.04,0.0732,0.0373,0.25,0.0759,1.1013,0.5854,943.8517,0.1471,3.144,0.4319,0.2859,0.9995,0.6307,0.0241,0.35,56108253,473734,-0.0041,-0.0274,0
TXN-2024-2009,2024-08-01,Murabaha,Ishlab chiqarish,Toshkent,611,38,4.2,0.5501,2,0,4,Tovar,0.7719,0.31,0.0937,36,234101179,365034934,0.634,0.5286,0.45,0.225,0.3361,1,0.6258,1,0,,0.1124,0.1107,0.0839,0.25,0.0994,1.0489,0.8425,790.5155,0.5611,0.8265,0.4246,0.2768,0.0,0.1975,0.2115,0.45,365034934,34740456,-0.0116,-0.323,0
TXN-2024-2010,2024-06-29,Musharaka,Qishloq xo'jaligi,Boshqa,551,34,2.8,0.239,0,0,5,Ko'chmas mulk,0.7264,2.346,0.1407,36,161712909,138896962,0.7127,0.2351,0.6714,0.3907,0.0273,1,0.098,2,0,,0.1807,0.1271,0.0971,0.25,0.0787,0.9797,0.635,757.4527,0.418,0.7742,0.1737,0.28,0.0,0.3908,0.1737,0.6,138896962,14475375,-0.0187,0.0592,0
TXN-2023-2011,2023-07-26,Murabaha,Ishlab chiqarish,Samarqand,674,39,5.9,0.5497,3,0,3,Ko'chmas mulk,0.7733,2.269,0.1704,36,275163159,265795922,0.6472,0.3917,0.7134,0.3078,0.1273,1,0.5704,0,0,,0.1505,0.14,0.0473,0.2026,0.088,1.0034,0.6153,870.4393,0.4351,1.1248,0.4251,0.2953,0.0,0.403,0.186,0.45,265795922,22243388,-0.0156,0.2684,0
TXN-2021-2012,2021-05-09,Murabaha,Savdo,Andijon,652,21,9.5,0.6267,1,0,4,Ko'chmas mulk,0.6452,0.905,0.1887,120,229962861,32210902,0.7328,0.2425,0.8904,0.2568,0.1195,0,0.5195,1,0,,0.151,0.1007,0.0757,0.1036,0.0867,0.9753,0.7654,1008.9167,0.3762,1.2413,0.4044,0.1286,0.0,0.5554,0.0668,0.45,32210902,968573,-0.0156,0.3884,1
TXN-2021-2013,2021-08-16,Sukuk,Qurilish,Toshkent,675,21,2.0,0.4469,2,0,4,Ko'chmas mulk,0.6532,0.509,0.1237,60,211762784,144906531,0.4266,0.1387,0.8603,0.2515,0.1796,1,0.2047,0,0,A,0.0906,0.05,0.0713,0.2476,0.053,1.1442,0.395,1031.8183,0.4311,1.3511,0.2919,0.2262,0.0,0.4894,0.0128,0.28,144906531,519164,-0.0094,-0.0692,0
TXN-2023-2014,2023-10-21,Murabaha,Xizmat,Boshqa,661,44,4.9,0.3162,1,0,3,Transport,0.95,0.556,0.1407,36,266595202,147188163,0.8248,0.5982,0.8044,0.0401,0.1002,1,0.2375,4,0,,0.1302,0.1227,0.0432,0.25,0.0536,1.0252,0.826,695.0578,0.1403,1.0719,0.3004,0.3295,0.0,0.6915,0.0933,0.45,147188163,6180018,-0.0135,0.0819,0
TXN-2024-2015,2024-05-07,Musharaka,Qurilish,Andijon,688,48,7.4,0.5244,3,1,5,Moliyaviy aktiv,0.3975,0.489,0.2281,60,292701634,85108099,0.3925,0.5363,0.7001,0.0417,0.0825,1,0.5633,7,0,,0.2271,0.0989,0.0706,0.25,0.0612,0.9926,0.5021,1726.3992,0.1242,1.0,0.2085,0.2783,0.3332,0.6131,0.0672,0.6,85108099,3431565,-0.0235,0.432,0
TXN-2024-2016,2024-01-03,Murabaha,Qishloq xo'jaligi,Boshqa,768,28,0.9,0.4468,2,1,4,Transport,0.7387,4.103,0.0785,36,470701837,255195469,0.5228,0.1609,0.8773,0.2127,0.1875,1,0.4554,0,0,,0.104,0.0878,0.0545,0.1947,0.0802,1.0026,0.4364,1038.2621,0.4002,0.7477,0.3301,0.228,0.4998,0.5262,0.0459,0.45,255195469,5269530,-0.0108,-0.4952,0
TXN-2021-2017,2021-02-03,Murabaha,Qishloq xo'jaligi,Toshkent,693,35,10.1,0.1609,0,0,4,Transport,0.6573,0.402,0.0592,72,390388440,100371864,0.4542,0.282,0.8827,0.0956,0.0452,1,0.6049,2,0,,0.1142,0.0999,0.0771,0.1477,0.0643,1.0745,0.5947,1052.7685,0.1408,0.5139,0.1058,0.1705,0.0,0.7584,0.0304,0.45,100371864,1373241,-0.0118,-0.6197,0
TXN-2024-2018,2024-07-18,Sukuk,Ishlab chiqarish,Toshkent,555,40,5.6,0.43,1,0,4,Ko'chmas mulk,0.2785,0.768,0.0656,12,432962518,85361273,0.7637,0.1673,0.5682,0.1747,0.13,1,0.4067,1,0,AA,0.0783,0.0807,0.0247,0.25,0.0598,0.9179,0.6272,1985.5699,0.3047,0.8274,0.1198,0.306,0.0,0.3951,0.0164,0.28,85361273,392535,-0.0081,-0.8221,0
TXN-2023-2019,2023-11-22,Murabaha,Ishlab chiqarish,Samarqand,760,44,17.9,0.28,3,1,3,Ko'chmas mulk,0.8049,0.614,0.2529,36,198103038,118316539,0.8897,0.4436,0.8328,0.0362,0.4,1,0.4098,4,0,,0.05,0.1238,0.068,0.2305,0.0974,0.9662,0.5846,943.045,0.4362,4.9606,0.2254,0.2863,0.3332,0.4695,0.0448,0.45,118316539,2385286,-0.0052,2.4577,0
TXN-2024-2020,2024-03-23,Ijara,Savdo,Boshqa,784,21,2.5,0.6558,2,0,5,Ko'chmas mulk,0.7954,3.119,0.1823,36,290796798,270870642,0.4825,0.2354,0.6425,0.3257,0.3327,1,0.3888,4,0,,0.136,0.0977,0.0819,0.25,0.1051,1.0999,0.3565,984.3695,0.6584,1.3306,0.5217,0.2658,0.0,0.2195,0.0462,0.35,270870642,4380123,-0.0141,0.3847,0
TXN-2022-2021,2022-05-11,Sukuk,Ishlab chiqarish,Andijon,850,29,0.7,0.3617,5,0,3,Sanoat uskunasi,0.4903,0.431,0.0601,48,692931777,176107715,0.5776,0.3421,0.8587,0.1744,0.3181,1,0.2398,0,0,A,0.0788,0.1102,0.054,0.25,0.062,1.0399,0.7755,1730.1001,0.4925,0.7531,0.1773,0.3062,0.0,0.4358,0.0073,0.28,176107715,361680,-0.0082,-0.8879,0
TXN-2021-2022,2021-10-22,Musharaka,Savdo,Namangan,549,34,4.2,0.3623,4,0,1,Transport,0.6471,0.061,0.1666,24,230877048,189723309,0.2582,0.6,0.8807,0.203,0.0712,1,0.1101,6,0,,0.2703,0.0956,0.0455,0.25,0.0281,1.0038,0.4815,847.0466,0.2742,0.6143,0.2345,0.3001,0.0,0.6392,0.5924,0.6,189723309,67436205,-0.028,0.1356,0
TXN-2022-2023,2022-08-20,Sukuk,Savdo,Boshqa,665,45,0.5,0.5622,0,0,5,Ko'chmas mulk,0.5638,1.172,0.0892,24,264435744,239000194,0.8264,0.1472,0.8289,0.2423,0.2346,1,0.6608,2,0,AAA,0.0798,0.1122,0.0471,0.25,0.024,1.1443,0.6429,1177.4476,0.4769,1.1036,0.3169,0.3151,0.0,0.4336,0.0165,0.28,239000194,1105600,-0.0083,-0.5109,0
TXN-2023-2024,2023-05-30,Murabaha,Savdo,Toshkent,468,62,20.9,0.4942,1,0,5,Sanoat uskunasi,0.7635,0.91,0.1918,48,266567146,129666747,0.3893,0.5137,0.8239,0.1206,0.2134,1,0.303,3,0,,0.1317,0.0967,0.0753,0.25,0.0718,1.0974,0.3211,612.1494,0.334,1.4448,0.3773,0.2713,0.0,0.5487,0.1284,0.45,129666747,7492868,-0.0137,0.4689,0
TXN-2021-2025,2021-01-04,Murabaha,Savdo,Boshqa,692,35,0.5,0.3792,2,0,3,Transport,0.7588,1.268,0.1662,12,229895545,284909311,0.6339,0.2939,0.6463,0.2277,0.2062,1,0.657,0,0,,0.0973,0.0824,0.0396,0.25,0.0901,1.09,0.7173,910.7759,0.4338,1.6907,0.2878,0.2927,0.0,0.3659,0.0601,0.45,284909311,7700912,-0.0101,0.3719,0
TXN-2024-2026,2024-06-13,Murabaha,Ishlab chiqarish,Buxoro,598,23,8.4,0.4725,0,0,3,Ko'chmas mulk,0.7088,3.504,0.1249,24,530008688,188055880,0.917,0.2864,0.6866,0.2444,0.1949,1,0.4754,3,0,,0.1253,0.115,0.0453,0.25,0.0272,0.936,0.4706,842.4882,0.4392,0.9892,0.3349,0.3196,0.0,0.3851,0.1606,0.45,188055880,13588114,-0.013,-0.0408,0
TXN-2022-2027,2022-12-24,Ijara,Xizmat,Namangan,808,42,4.5,0.3884,2,1,4,Sanoat uskunasi,0.3682,0.031,0.1369,60,187678923,250996875,0.6615,0.3331,0.73,0.0663,0.1892,1,0.3069,2,1,,0.1211,0.1374,0.0424,0.0866,0.025,0.9836,0.5541,2188.5064,0.2556,1.1214,0.143,0.1815,0.4998,0.5434,0.0172,0.35,250996875,1508678,-0.0125,0.0568,0
TXN-2022-2028,2022-05-08,Sukuk,Qurilish,Namangan,579,51,2.8,0.4969,1,0,2,Tovar,0.7855,0.096,0.1193,72,467764824,90939655,0.4484,0.3379,0.6243,0.0484,0.0508,1,0.6247,3,0,AAA,0.074,0.0974,0.0657,0.25,0.0636,0.9663,0.6925,736.1457,0.0992,1.5907,0.3904,0.2817,0.0,0.5624,0.0593,0.28,90939655,1510512,-0.0077,-0.1441,0
TXN-2024-2029,2024-03-14,Murabaha,Qurilish,Samarqand,501,39,0.5,0.4511,0,0,3,Ko'chmas mulk,0.775,0.738,0.0655,48,388271058,157694038,0.6599,0.2822,0.8029,0.2843,0.0407,1,0.4249,4,0,,0.1248,0.14,0.1,0.25,0.072,1.0344,0.5263,645.6123,0.325,0.5207,0.3496,0.29,0.0,0.542,0.1895,0.45,157694038,13446742,-0.0129,-0.5165,0
TXN-2023-2030,2023-05-04,Ijara,Qishloq xo'jaligi,Toshkent,604,28,5.8,0.4415,2,0,2,Sanoat uskunasi,0.6431,5.5,0.136,36,235929652,269578445,0.6381,0.3993,0.6649,0.1663,0.1505,1,0.4566,0,1,,0.1037,0.1295,0.0569,0.25,0.0927,1.1173,0.314,937.719,0.3168,1.2986,0.2839,0.3226,0.0,0.4542,0.104,0.35,269578445,9817057,-0.0107,0.0575,0
TXN-2022-2031,2022-01-19,Murabaha,Savdo,Buxoro,477,47,5.3,0.3703,2,0,4,Ko'chmas mulk,0.7705,0.463,0.1392,12,191208533,468805983,0.6809,0.5451,0.931,0.2474,0.0844,1,0.6715,3,0,,0.1002,0.1036,0.0543,0.25,0.0643,1.1161,0.753,618.2646,0.3318,1.3758,0.2853,0.2992,0.0,0.6222,0.0993,0.45,468805983,20943568,-0.0104,0.0922,0
TXN-2024-2032,2024-09-22,Musharaka,Xizmat,Toshkent,708,44,2.0,0.4245,4,0,1,Tovar,0.7454,12.0,0.1113,60,239937305,287721460,0.6194,0.3299,0.6539,0.0197,0.2531,1,0.2317,2,0,,0.366,0.1324,0.0788,0.25,0.0703,1.0216,0.4341,948.6116,0.2727,0.3032,0.3164,0.3036,0.0,0.4755,0.5943,0.6,287721460,102590316,-0.0379,-0.0512,0
TXN-2024-2033,2024-09-30,Musharaka,Savdo,Andijon,469,27,14.5,0.3026,1,0,4,Moliyaviy aktiv,0.478,4.096,0.1445,24,490551074,296258464,0.8795,0.5632,0.7744,0.2005,0.0533,0,0.6274,3,0,,0.1926,0.081,0.0469,0.1981,0.0416,1.0139,0.5692,979.1536,0.2539,0.7464,0.1447,0.2322,0.0,0.5778,0.184,0.6,296258464,32707849,-0.02,0.0753,0
TXN-2021-2034,2021-06-25,Sukuk,Savdo,Andijon,647,41,2.2,0.4585,2,1,4,Transport,0.6041,1.523,0.1071,36,466906168,55650761,0.5172,0.4315,0.8826,0.165,0.3096,1,0.6554,1,0,AA,0.0984,0.14,0.0721,0.25,0.068,1.088,0.9418,1069.2461,0.4746,1.0772,0.277,0.3179,0.4998,0.4637,0.0162,0.28,55650761,252850,-0.0102,-0.2328,0
TXN-2023-2035,2023-12-09,Musharaka,Savdo,Namangan,468,47,3.6,0.367,0,0,4,Ko'chmas mulk,0.6112,3.444,0.1875,12,395431090,123114276,0.622,0.3087,0.5655,0.1832,0.1512,1,0.1018,1,0,,0.3011,0.0841,0.0615,0.0242,0.0805,0.9956,0.5672,764.5023,0.3344,0.6205,0.2243,0.0467,0.0,0.3764,0.4423,0.6,123114276,32675587,-0.0312,0.1909,1
TXN-2023-2036,2023-01-09,Murabaha,Xizmat,Samarqand,617,49,4.7,0.3544,1,0,3,Transport,0.5738,1.829,0.1324,48,232326436,219487682,0.728,0.2288,0.9624,0.1285,0.2773,1,0.6071,1,0,,0.1006,0.05,0.0534,0.1635,0.0585,1.0042,0.4939,1073.439,0.4058,1.3027,0.2034,0.1601,0.0,0.5719,0.0352,0.45,219487682,3481369,-0.0104,0.024,0
TXN-2021-2037,2021-05-19,Murabaha,Ishlab chiqarish,Toshkent,784,37,0.6,0.7892,2,1,2,Ko'chmas mulk,0.8358,2.087,0.1279,36,251173105,62630824,0.7036,0.1764,0.817,0.129,0.0348,1,0.2035,5,0,,0.0949,0.1,0.0689,0.25,0.0555,0.9959,0.4852,936.9327,0.1638,1.3338,0.6596,0.2811,0.4998,0.6832,0.0876,0.45,62630824,2469892,-0.0098,-0.0218,0
TXN-2023-2038,2023-12-14,Murabaha,Ishlab chiqarish,Toshkent,675,34,16.1,0.1659,1,0,3,Ko'chmas mulk,0.5424,2.173,0.1422,72,356307123,196229470,0.4721,0.2933,0.9776,0.1075,0.0776,1,0.2967,3,0,,0.1056,0.1093,0.0429,0.25,0.0694,1.1246,0.3485,1242.1481,0.185,1.3346,0.09,0.3164,0.0,0.7967,0.0243,0.45,196229470,2149922,-0.0109,0.1158,0
TXN-2024-2039,2024-01-20,Murabaha,Xizmat,Toshkent,571,50,2.8,0.4647,3,0,3,Sanoat uskunasi,0.6166,2.615,0.0758,24,212276173,117951209,0.6108,0.2092,0.8679,0.2372,0.2808,1,0.2127,1,0,,0.1184,0.1015,0.0521,0.25,0.0565,0.9992,0.5629,924.5934,0.518,0.6346,0.2865,0.2994,0.0,0.4183,0.1274,0.45,117951209,6761467,-0.0123,-0.4579,0
TXN-2023-2040,2023-11-06,Murabaha,Qishloq xo'jaligi,Namangan,642,25,0.5,0.1904,1,0,4,Ko'chmas mulk,0.6905,0.157,0.2086,60,404458717,122023344,0.8175,0.4971,0.884,0.2442,0.1576,1,0.5029,0,0,,0.1291,0.0883,0.0476,0.2178,0.1099,0.9882,0.7033,928.4782,0.4017,1.6032,0.1314,0.2586,0.0,0.5289,0.0537,0.45,122023344,2949492,-0.0134,0.6087,0
TXN-2023-2041,2023-11-06,Sukuk,IT,Boshqa,646,42,2.9,0.3939,2,1,1,Ko'chmas mulk,0.7753,2.396,0.0909,36,268012602,155321262,0.7758,0.6,0.9492,0.1372,0.0455,0,0.5839,3,0,AAA,0.0718,0.0914,0.0526,0.2077,0.0719,1.0575,0.5174,832.1274,0.1826,1.2484,0.3054,0.2465,0.4998,0.7758,0.0296,0.28,155321262,1285601,-0.0074,-0.5437,0
TXN-2024-2042,2024-02-09,Musharaka,Qishloq xo'jaligi,Toshkent,685,24,5.5,0.5169,1,0,4,Sanoat uskunasi,0.2911,3.155,0.2104,36,449609059,190001675,0.598,0.5094,0.7013,0.0176,0.2745,1,0.3776,1,0,,0.149,0.0715,0.0393,0.2018,0.0959,1.2023,0.6161,2345.0438,0.2921,1.4025,0.1505,0.2339,0.0,0.4965,0.0896,0.6,190001675,10215729,-0.0154,0.5393,0
TXN-2021-2043,2021-02-11,Musharaka,Ishlab chiqarish,Namangan,528,48,4.3,0.253,0,0,4,Sanoat uskunasi,0.731,0.93,0.2771,48,104727098,247511821,0.6857,0.2665,0.7002,0.1846,0.0725,1,0.3432,0,0,,0.2175,0.0829,0.0709,0.1154,0.0424,1.0192,0.2,721.2966,0.2571,1.2682,0.1849,0.1274,0.0,0.5202,0.2797,0.6,247511821,41540614,-0.0225,0.6762,0
TXN-2023-2044,2023-03-11,Murabaha,Savdo,Samarqand,695,35,7.1,0.1892,2,0,3,Ko'chmas mulk,0.826,9.608,0.1854,60,169983541,69818327,0.7005,0.5089,0.8991,0.0459,0.2105,1,0.4915,3,0,,0.098,0.1269,0.0762,0.25,0.0951,1.0652,0.7136,840.4103,0.2564,1.8733,0.1563,0.3007,0.0,0.6686,0.0518,0.45,69818327,1628698,-0.0102,0.5653,0
TXN-2023-2045,2023-08-21,Sukuk,Savdo,Toshkent,415,50,0.5,0.4754,2,0,3,Sanoat uskunasi,0.4441,0.39,0.1075,36,200381313,287560947,0.5706,0.2569,0.8235,0.1228,0.1775,1,0.2064,0,0,AA,0.0579,0.1229,0.0593,0.0805,0.0933,1.008,0.6672,932.3165,0.3002,1.8248,0.2111,0.1441,0.0,0.5763,0.0634,0.28,287560947,5107538,-0.006,-0.3875,0
TXN-2021-2046,2021-03-31,Ijara,Ishlab chiqarish,Andijon,591,42,2.0,0.273,1,1,5,Moliyaviy aktiv,0.3378,6.032,0.1167,24,313409349,231129974,0.435,0.1839,0.9103,0.1567,0.3125,1,0.4135,0,1,,0.093,0.1021,0.0285,0.2405,0.0644,0.9457,0.4149,1744.4336,0.4691,1.2416,0.0922,0.3141,0.999,0.4832,0.0176,0.35,231129974,1421499,-0.0096,-0.1429,0
TXN-2024-2047,2024-07-25,Murabaha,Ishlab chiqarish,Toshkent,603,25,10.3,0.2485,0,0,4,Ko'chmas mulk,0.4705,2.821,0.1391,72,195292154,124654746,0.4571,0.211,0.5051,0.0553,0.0748,1,0.4794,3,0,,0.0982,0.0804,0.0868,0.25,0.121,0.9884,0.837,1278.8521,0.13,1.402,0.1169,0.2436,0.0,0.4394,0.0601,0.45,124654746,3371523,-0.0102,0.0924,0
TXN-2023-2048,2023-03-04,Ijara,Savdo,Toshkent,698,52,0.5,0.3461,2,0,5,Transport,0.5297,2.729,0.0712,36,905159768,289094723,0.7039,0.598,0.6414,0.0504,0.0943,1,0.52,4,1,,0.1065,0.0862,0.0527,0.25,0.0791,0.9698,0.4157,1315.3238,0.1447,0.662,0.1833,0.2836,0.0,0.5486,0.0155,0.35,289094723,1564012,-0.011,-0.5526,0
TXN-2023-2049,2023-02-04,Musharaka,Qurilish,Buxoro,646,53,11.6,0.683,2,0,3,Sanoat uskunasi,0.5553,5.219,0.1068,120,117775142,46164760,0.3689,0.3674,0.6146,0.1754,0.2532,1,0.3887,2,0,,0.2673,0.102,0.059,0.25,0.083,1.1146,0.7548,1161.2282,0.4286,0.398,0.3793,0.2931,0.0,0.3512,0.4054,0.6,46164760,11228137,-0.0277,-0.0867,0
TXN-2022-2050,2022-06-04,Murabaha,Xizmat,Buxoro,525,46,0.6,0.3692,1,0,5,Sanoat uskunasi,0.7013,4.455,0.1496,60,451149752,166588993,0.7227,0.2985,0.8585,0.0694,0.0074,1,0.3023,3,0,,0.1364,0.0893,0.0535,0.25,0.0847,1.0723,0.8893,747.5867,0.0768,1.089,0.2589,0.2858,0.0,0.7926,0.0538,0.45,166588993,4035704,-0.0141,0.1438,0
TXN-2021-2051,2021-02-03,Musharaka,Ishlab chiqarish,Andijon,561,30,10.8,0.3404,1,0,2,Ko'chmas mulk,0.5996,1.059,0.1573,48,511888931,100501066,0.3115,0.2443,0.8489,0.1398,0.0675,1,0.6589,0,0,,0.3164,0.1039,0.0678,0.1709,0.0727,1.0802,0.6827,934.0116,0.2074,0.4956,0.2041,0.207,0.0,0.6729,0.4353,0.6,100501066,26246458,-0.0328,0.0863,1
TXN-2023-2052,2023-01-02,Musharaka,Savdo,Samarqand,661,34,2.7,0.3367,4,0,3,Ko'chmas mulk,0.8402,3.055,0.0901,12,329959064,71414691,0.3811,0.6,0.8037,0.4332,0.0041,1,0.5033,3,0,,0.2514,0.11,0.0371,0.25,0.0958,1.0134,0.6606,785.7468,0.4374,0.3571,0.2829,0.3229,0.0,0.4522,0.3506,0.6,71414691,15024567,-0.026,-0.1587,0
TXN-2021-2053,2021-05-19,Murabaha,Qishloq xo'jaligi,Buxoro,638,39,5.7,0.2522,0,0,3,Tovar,0.8064,0.13,0.1516,36,202483996,52516269,0.6142,0.2109,0.7711,0.304,0.2568,1,0.5746,2,0,,0.1215,0.1095,0.0616,0.25,0.0897,0.9183,0.4939,790.1863,0.5608,1.2377,0.2034,0.2979,0.0,0.3387,0.1185,0.45,52516269,2799737,-0.0126,0.1777,0
TXN-2022-2054,2022-12-08,Sukuk,Savdo,Andijon,595,30,1.0,0.336,1,0,3,Boshqa,0.6976,1.559,0.1189,36,241891911,230931932,0.3753,0.6,0.8018,0.1132,0.4,1,0.1761,2,0,A,0.0731,0.0944,0.0493,0.2209,0.068,1.0269,0.7927,851.7028,0.5132,1.6052,0.2344,0.266,0.0,0.3903,0.0335,0.28,230931932,2165257,-0.0076,-0.1522,0
TXN-2022-2055,2022-05-09,Ijara,Qishloq xo'jaligi,Samarqand,604,54,0.5,0.5982,0,1,4,Tovar,0.5115,6.943,0.155,36,399508673,212300812,0.145,0.382,0.7615,0.2216,0.1688,1,0.5236,4,1,,0.0862,0.0611,0.0382,0.25,0.0484,0.8935,0.563,1178.6215,0.3905,1.7775,0.306,0.2729,1000.0,0.4642,0.0714,0.35,212300812,5304301,-0.0089,0.2895,0
TXN-2024-2056,2024-09-07,Ijara,IT,Toshkent,704,39,1.5,0.2628,2,0,3,Boshqa,0.3885,0.801,0.1359,24,93771191,343462630,0.5918,0.3359,0.8581,0.1544,0.3535,1,0.2407,0,1,,0.0807,0.1052,0.0736,0.0715,0.0631,0.8558,0.5118,1807.6265,0.5079,1.6645,0.1021,0.1031,0.0,0.4223,0.0282,0.35,343462630,3395736,-0.0084,0.0737,1
TXN-2024-2057,2024-07-10,Musharaka,Ishlab chiqarish,Andijon,600,21,0.8,0.2741,3,1,5,Sanoat uskunasi,0.4985,0.128,0.1421,36,167238308,236430004,0.4021,0.3446,0.7213,0.1913,0.1121,1,0.4582,6,0,,0.2818,0.0921,0.0558,0.0557,0.0547,1.013,0.6176,1201.1571,0.3034,0.5027,0.1367,0.092,0.3332,0.5024,0.1539,0.6,236430004,21830627,-0.0292,0.0431,0
TXN-2021-2058,2021-08-01,Murabaha,Savdo,Buxoro,637,41,2.2,0.5573,3,0,4,Moliyaviy aktiv,0.3727,2.186,0.1674,12,177230199,120822677,0.6302,0.0602,0.6716,0.3255,0.1583,1,0.4554,5,0,,0.0579,0.0773,0.0741,0.1267,0.0481,0.8747,0.6221,1704.3867,0.4838,2.8409,0.2077,0.1299,0.0,0.3467,0.0515,0.45,120822677,2801448,-0.006,0.6451,0
TXN-2024-2059,2024-04-06,Ijara,Savdo,Andijon,829,34,4.3,0.5338,2,0,5,Sanoat uskunasi,0.9165,1.097,0.1284,24,339261634,991567269,0.3359,0.3774,0.7902,0.2131,0.1538,0,0.6834,3,1,,0.0827,0.096,0.0301,0.25,0.0867,1.1239,0.6735,903.5014,0.3668,1.5348,0.4893,0.3159,0.0,0.5003,0.0256,0.35,991567269,8888551,-0.0086,-0.0189,0
TXN-2022-2060,2022-11-12,Musharaka,Ishlab chiqarish,Namangan,523,37,5.3,0.5667,2,0,1,Moliyaviy aktiv,0.8689,1.194,0.1245,12,470308462,301998276,0.6347,0.4153,0.7661,0.147,0.1535,1,0.2322,2,0,,0.2831,0.1251,0.0689,0.25,0.0238,1.1218,0.7198,601.252,0.3005,0.4381,0.4923,0.3062,0.0,0.5359,0.7353,0.6,301998276,133228206,-0.0293,-0.0194,0
TXN-2021-2061,2021-10-01,Murabaha,Savdo,Boshqa,487,34,9.4,0.1639,1,0,4,Ko'chmas mulk,0.6315,2.183,0.1017,60,803188527,66326632,0.7635,0.1959,0.8351,0.2325,0.1148,0,0.4552,4,0,,0.0779,0.0916,0.0465,0.2418,0.0485,1.0231,0.4877,770.0101,0.3473,1.2887,0.1035,0.2869,0.0,0.5451,0.087,0.45,66326632,2595306,-0.0081,-0.3637,0
TXN-2021-2062,2021-04-01,Musharaka,IT,Boshqa,711,46,6.4,0.3288,5,1,3,Tovar,0.435,2.429,0.231,48,79952357,135550234,0.6845,0.6,0.856,0.0929,0.1309,1,0.1895,3,0,,0.274,0.0916,0.0574,0.25,0.0662,0.9568,0.4341,1630.8018,0.2237,0.8397,0.143,0.2842,0.2,0.6645,0.1159,0.6,135550234,9428091,-0.0284,0.3684,0
TXN-2022-2063,2022-12-23,Ijara,Ishlab chiqarish,Andijon,587,49,5.6,0.5078,0,0,4,Ko'chmas mulk,0.8319,1.438,0.1294,72,132071360,173943175,0.9051,0.5154,0.7827,0.2626,0.2503,1,0.2933,4,1,,0.0705,0.0975,0.0482,0.1773,0.0559,1.0896,0.4672,704.7892,0.5129,1.811,0.4224,0.2266,0.0,0.3813,0.0723,0.35,173943175,4401794,-0.0073,-0.0084,0
TXN-2024-2064,2024-01-24,Musharaka,Qurilish,Buxoro,617,40,3.2,0.2359,2,0,4,Ko'chmas mulk,0.5795,1.771,0.1955,36,199282063,123455162,0.8118,0.1911,0.7688,0.1499,0.1069,1,0.5723,4,0,,0.2376,0.0729,0.0501,0.1514,0.0776,1.2458,0.8988,1062.8935,0.2568,0.8194,0.1367,0.1742,0.0,0.5714,0.1076,0.6,123455162,7970941,-0.0246,0.2755,1
TXN-2022-2065,2022-11-25,Murabaha,Savdo,Boshqa,578,34,3.9,0.5611,2,0,3,Transport,0.8049,12.0,0.1425,60,341612744,624832368,0.7124,0.2622,0.8174,0.0533,0.0596,1,0.3987,4,0,,0.1047,0.1121,0.073,0.2399,0.0526,0.9874,0.5279,717.2487,0.113,1.3481,0.4516,0.279,0.0,0.7251,0.1082,0.45,624832368,30412677,-0.0109,0.1197,0
TXN-2024-2066,2024-08-09,Ijara,Qishloq xo'jaligi,Boshqa,622,37,3.2,0.5366,0,0,3,Ko'chmas mulk,0.4823,7.875,0.1381,48,387085637,121161506,0.6438,0.4984,0.7043,0.2989,0.1409,1,0.7043,1,1,,0.117,0.1252,0.0473,0.25,0.0979,1.1189,0.8074,1287.1038,0.4398,1.1699,0.2588,0.3278,0.0,0.3945,0.0992,0.35,121161506,4204974,-0.0121,0.0688,0
TXN-2021-2067,2021-12-25,Murabaha,Ishlab chiqarish,Boshqa,780,38,11.1,0.242,1,0,4,Ko'chmas mulk,0.747,3.072,0.1195,48,120628970,113235454,0.6718,0.4703,0.6781,0.1911,0.0482,1,0.4976,1,0,,0.1409,0.0887,0.098,0.1157,0.064,0.9462,0.7741,1042.7915,0.2393,0.8422,0.1808,0.1064,0.0,0.5158,0.0293,0.45,113235454,1495547,-0.0146,-0.0743,0
TXN-2024-2068,2024-11-03,Murabaha,Qurilish,Andijon,713,29,1.6,0.3112,4,0,4,Boshqa,0.7839,0.44,0.1349,36,306685918,249345099,0.6414,0.2117,0.9068,0.014,0.4,1,0.2219,3,0,,0.1071,0.0964,0.0858,0.25,0.0882,1.093,0.6208,908.4102,0.414,1.2476,0.2439,0.2607,0.0,0.5314,0.0403,0.45,249345099,4524191,-0.0111,0.0458,0
TXN-2023-2069,2023-08-10,Murabaha,Xizmat,Namangan,718,43,0.5,0.3247,1,0,3,Sanoat uskunasi,0.5007,1.116,0.1698,60,52671512,161464760,0.5674,0.3518,0.5283,0.1128,0.0808,1,0.4702,6,0,,0.0868,0.07,0.0877,0.25,0.0639,1.0625,0.3093,1431.1336,0.1936,1.9341,0.1626,0.2324,0.0,0.426,0.056,0.45,161464760,4067774,-0.009,0.4585,0
TXN-2024-2070,2024-11-25,Murabaha,Qurilish,Toshkent,524,42,6.3,0.4949,3,1,4,Moliyaviy aktiv,0.7403,5.366,0.1415,12,291532955,127041660,0.2695,0.3135,0.7813,0.2748,0.2029,1,0.4714,0,0,,0.1115,0.0787,0.0491,0.25,0.0669,0.9621,0.6234,706.873,0.4777,1.258,0.3664,0.2796,0.3332,0.4081,0.183,0.45,127041660,10464171,-0.0116,0.1029,1
TXN-2023-2071,2023-09-08,Ijara,Savdo,Boshqa,547,53,1.4,0.3298,1,1,3,Boshqa,0.7996,1.377,0.0975,12,240884496,675922840,0.7843,0.4829,0.9109,0.0926,0.1241,1,0.549,3,1,,0.0843,0.0859,0.0612,0.25,0.0169,1.0757,0.4504,683.2172,0.2167,1.143,0.2637,0.2746,0.999,0.7135,0.0523,0.35,675922840,12380099,-0.0087,-0.3851,0
TXN-2024-2072,2024-07-17,Musharaka,Ishlab chiqarish,Toshkent,403,50,13.2,0.2838,2,0,4,Transport,0.5402,7.773,0.1387,12,230491721,434998024,0.7113,0.1601,0.5784,0.3438,0.1362,1,0.1426,1,0,,0.2249,0.0677,0.0644,0.1644,0.0803,0.999,0.6639,744.6003,0.48,0.614,0.1533,0.1678,0.0,0.3008,0.4125,0.6,434998024,107672962,-0.0233,0.0387,0
TXN-2022-2073,2022-01-09,Murabaha,Xizmat,Toshkent,576,31,11.8,0.6381,1,0,1,Ko'chmas mulk,0.5575,1.675,0.1418,24,193426579,55304933,0.7957,0.4212,0.81,0.291,0.159,1,0.5048,1,0,,0.0939,0.1222,0.0433,0.25,0.0457,1.0834,0.7611,1031.4189,0.45,1.4943,0.3557,0.3289,0.0,0.4455,0.2782,0.45,55304933,6923840,-0.0097,0.1256,0
TXN-2021-2074,2021-10-04,Sukuk,IT,Buxoro,726,46,0.5,0.3167,3,1,4,Ko'chmas mulk,0.7947,4.947,0.04,48,231873294,550659606,0.6812,0.5973,0.8551,0.1234,0.0541,1,0.3924,1,0,AAA,0.086,0.1167,0.0535,0.25,0.0645,1.0363,0.4362,912.4525,0.1775,0.4596,0.2517,0.3132,0.3332,0.7033,0.0087,0.28,550659606,1342014,-0.0089,-1.046,0
TXN-2021-2075,2021-05-10,Sukuk,Savdo,Buxoro,688,28,0.7,0.3777,2,0,4,Transport,0.4195,0.09,0.1438,48,296773053,130948099,0.4669,0.2732,0.8719,0.2431,0.0902,1,0.5797,0,0,A,0.0704,0.1078,0.0536,0.25,0.1119,1.073,0.3382,1636.2757,0.3333,2.0141,0.1584,0.3043,0.0,0.5813,0.008,0.28,130948099,294841,-0.0073,0.1957,0
TXN-2023-2076,2023-07-27,Sukuk,Qurilish,Toshkent,626,44,4.1,0.4731,3,0,4,Sanoat uskunasi,0.7061,1.424,0.0957,48,662762088,328386396,0.8683,0.2947,0.8101,0.2232,0.1092,1,0.283,4,0,AA,0.0771,0.0716,0.0711,0.1351,0.0235,0.9995,0.781,885.2914,0.3324,1.2251,0.3341,0.1356,0.0,0.5408,0.0157,0.28,328386396,1447383,-0.008,-0.4455,0
TXN-2021-2077,2021-03-17,Murabaha,Qurilish,Toshkent,643,32,5.6,0.3132,2,1,5,Transport,0.328,3.012,0.1594,24,113165420,594421395,0.3671,0.5377,0.6439,0.3682,0.0224,1,0.382,2,0,,0.0854,0.0734,0.0477,0.25,0.0764,0.942,0.5496,1954.3825,0.3906,1.845,0.1027,0.2757,0.4998,0.3924,0.0299,0.45,594421395,7995943,-0.0089,0.3444,0
TXN-2022-2078,2022-08-24,Musharaka,Qishloq xo'jaligi,Samarqand,586,27,1.9,0.4936,1,0,3,Transport,0.4866,4.98,0.2182,48,207737156,261649483,0.5124,0.4204,0.7429,0.308,0.0244,1,0.3916,4,0,,0.3006,0.0815,0.0698,0.25,0.1168,1.1017,0.5993,1201.8101,0.3324,0.7236,0.2402,0.2617,0.0,0.496,0.3039,0.6,261649483,47709102,-0.0311,0.2935,0
TXN-2022-2079,2022-02-17,Sukuk,Qurilish,Namangan,662,40,7.6,0.3433,4,1,3,Ko'chmas mulk,0.7041,2.352,0.1063,24,338496945,732867884,0.7038,0.5079,0.7664,0.1834,0.08,1,0.5589,3,0,AA,0.0865,0.0913,0.0632,0.25,0.0642,0.9707,0.6378,938.8213,0.2634,1.215,0.2417,0.2781,0.2499,0.5645,0.0188,0.28,732867884,3856779,-0.009,-0.274,0
TXN-2021-2080,2021-03-31,Ijara,Ishlab chiqarish,Buxoro,710,21,5.4,0.674,0,0,2,Transport,0.5623,0.476,0.079,12,235995869,269739773,0.5524,0.1375,0.8071,0.1414,0.1434,1,0.2238,2,1,,0.0801,0.1215,0.053,0.25,0.0606,1.1823,0.6591,1260.4673,0.2849,0.9744,0.379,0.3185,0.0,0.5772,0.0814,0.35,269739773,7685001,-0.0083,-0.6363,0
TXN-2022-2081,2022-02-13,Murabaha,Qurilish,Toshkent,507,21,2.4,0.2962,3,0,3,Ko'chmas mulk,0.7222,5.424,0.0973,48,263614998,230498358,0.7777,0.4293,0.8784,0.1092,0.0248,1,0.241,4,0,,0.1656,0.1319,0.0304,0.1407,0.0833,0.9337,0.776,701.0586,0.134,0.584,0.2139,0.2423,0.0,0.7607,0.0973,0.45,230498358,10092656,-0.0172,-0.1973,0
TXN-2021-2082,2021-03-27,Murabaha,Savdo,Toshkent,670,36,0.5,0.3836,2,0,2,Tovar,0.5051,2.138,0.0804,48,172091843,300842062,0.7032,0.4124,0.797,0.1605,0.1189,1,0.5591,1,0,,0.1097,0.1062,0.0464,0.25,0.0677,1.1019,0.5915,1323.9316,0.2794,0.7267,0.1937,0.3099,0.0,0.5744,0.072,0.45,300842062,9750536,-0.0114,-0.452,0
TXN-2022-2083,2022-10-09,Musharaka,Qurilish,Toshkent,724,38,8.3,0.5766,2,0,5,Ko'chmas mulk,0.7683,0.286,0.2457,48,401505878,62387423,0.8885,0.2269,0.6827,0.1286,0.1672,1,0.5852,2,0,,0.1777,0.0795,0.0228,0.25,0.0204,1.1353,0.5316,941.1011,0.2957,1.3749,0.443,0.3066,0.0,0.4808,0.0864,0.6,62387423,3235165,-0.0184,0.651,0
TXN-2022-2084,2022-09-28,Sukuk,Xizmat,Toshkent,609,34,1.5,0.5541,2,0,5,Transport,0.387,1.558,0.0614,24,66459045,128645784,0.6616,0.0942,0.839,0.2504,0.0865,1,0.6938,4,0,A,0.0753,0.1254,0.0543,0.25,0.1006,0.9955,0.2339,1569.6003,0.3368,0.8052,0.2144,0.3211,0.0,0.5564,0.0076,0.28,128645784,273561,-0.0078,-0.9107,0
TXN-2023-2085,2023-11-22,Musharaka,Qurilish,Samarqand,704,22,10.8,0.3691,0,0,3,Ko'chmas mulk,0.4903,3.001,0.1402,72,134880463,70116999,0.6256,0.4573,0.7238,0.197,0.0877,1,0.4476,4,0,,0.2965,0.0775,0.0567,0.25,0.1117,1.0265,0.4761,1432.961,0.2847,0.4712,0.181,0.2708,0.0,0.5178,0.1393,0.6,70116999,5860738,-0.0307,0.0343,0
TXN-2023-2086,2023-03-27,Musharaka,Ishlab chiqarish,Toshkent,850,29,3.3,0.655,3,0,3,Tovar,0.9082,1.499,0.2584,72,790984733,131011319,0.4028,0.577,0.7756,0.166,0.1771,1,0.5083,4,0,,0.2568,0.0788,0.0368,0.2461,0.0827,1.1339,0.5442,934.9116,0.3431,1.0025,0.5948,0.288,0.0,0.5095,0.1652,0.6,131011319,12983849,-0.0266,0.5,0
TXN-2024-2087,2024-01-18,Murabaha,Savdo,Toshkent,636,41,5.2,0.207,2,0,2,Ko'chmas mulk,0.5866,5.116,0.0948,36,117059870,203322918,0.523,0.5039,0.7882,0.2083,0.2196,1,0.2746,5,0,,0.1075,0.0886,0.0502,0.1205,0.0665,0.9876,0.4331,1082.2997,0.4278,0.8741,0.1214,0.1589,0.0,0.451,0.1244,0.45,203322918,11381065,-0.0111,-0.3274,0
TXN-2023-2088,2023-08-28,Ijara,Qishloq xo'jaligi,Andijon,678,43,12.4,0.4258,1,0,5,Ko'chmas mulk,0.6198,1.378,0.1245,120,145006132,133888888,0.7598,0.2047,0.7543,0.4576,0.1121,1,0.4985,2,1,,0.1248,0.1154,0.0523,0.1864,0.0716,0.9382,0.2883,1092.1611,0.5697,0.9897,0.2639,0.2495,0.0,0.3246,0.041,0.35,133888888,1920557,-0.0129,-0.0442,0
TXN-2022-2089,2022-06-03,Ijara,Xizmat,Toshkent,582,37,12.0,0.3555,3,1,5,Transport,0.7715,2.189,0.1428,24,152535661,134204482,0.6334,0.4538,0.608,0.1821,0.2664,1,0.5143,3,1,,0.1132,0.1033,0.0696,0.25,0.0585,1.1028,0.4992,753.3785,0.4485,1.2506,0.2742,0.2837,0.3332,0.3353,0.0626,0.35,134204482,2941843,-0.0117,0.1129,0
TXN-2021-2090,2021-03-16,Murabaha,IT,Samarqand,660,49,2.8,0.3737,2,0,3,Moliyaviy aktiv,0.5714,0.593,0.1376,36,176853688,57423675,0.9125,0.4222,0.8986,0.4237,0.0266,0,0.6264,0,0,,0.1436,0.1117,0.0699,0.25,0.1042,1.0702,0.4562,1152.985,0.4503,0.9518,0.2136,0.2917,0.0,0.494,0.0673,0.45,57423675,1738847,-0.0149,0.0532,1
TXN-2024-2091,2024-08-17,Ijara,Qurilish,Toshkent,684,41,1.4,0.3186,0,1,4,Moliyaviy aktiv,0.7472,1.797,0.1247,72,241874981,102803724,0.5875,0.2308,0.7063,0.3857,0.0428,1,0.5085,2,0,,0.0843,0.05,0.0602,0.25,0.0883,0.8747,0.6209,914.2036,0.4285,1.4612,0.2381,0.2398,1000.0,0.4037,0.0256,0.35,102803724,919880,-0.0087,-0.0632,0
TXN-2022-2092,2022-01-27,Sukuk,Savdo,Andijon,661,30,9.0,0.4016,0,1,3,Ko'chmas mulk,0.6454,0.63,0.1133,36,467497847,477086161,0.5865,0.4999,0.6833,0.1207,0.0909,1,0.4829,2,0,AA,0.0843,0.0972,0.0671,0.25,0.074,1.0562,0.729,1022.6179,0.2116,1.328,0.2592,0.2801,1000.0,0.5387,0.027,0.28,477086161,3600978,-0.0087,-0.1977,0
TXN-2022-2093,2022-08-09,Murabaha,Xizmat,Andijon,558,35,3.4,0.227,4,0,3,Sanoat uskunasi,0.49,0.638,0.2114,36,325855458,100498409,0.6389,0.2439,0.8384,0.0417,0.1409,1,0.6092,2,0,,0.138,0.0831,0.0655,0.25,0.0709,1.1196,0.4817,1136.3412,0.1826,1.5211,0.1112,0.2676,0.0,0.6853,0.076,0.45,100498409,3438661,-0.0143,0.5901,0
TXN-2023-2094,2023-01-02,Musharaka,Xizmat,Toshkent,662,23,1.3,0.4137,4,0,1,Ko'chmas mulk,0.6158,0.821,0.1239,12,212371740,116607432,0.4216,0.2738,0.7248,0.2924,0.133,0,0.4116,4,0,,0.1532,0.1217,0.0249,0.25,0.0918,1.168,0.5465,1073.2965,0.4255,0.8037,0.2547,0.3468,0.0,0.4164,0.4817,0.6,116607432,33702044,-0.0159,-0.0395,1
TXN-2021-2095,2021-04-08,Murabaha,Xizmat,Andijon,769,36,14.1,0.3553,3,1,4,Ko'chmas mulk,0.8427,0.113,0.1224,24,698877019,174733497,0.5433,0.1456,0.8081,0.2656,0.1976,1,0.4769,4,0,,0.0934,0.1241,0.0414,0.1796,0.0643,1.0393,0.5281,911.4277,0.4632,1.2966,0.2995,0.2623,0.3332,0.4337,0.0483,0.45,174733497,3800302,-0.0097,-0.081,0
TXN-2024-2096,2024-09-04,Ijara,Savdo,Buxoro,683,49,1.3,0.426,0,0,2,Transport,0.3021,0.446,0.139,24,190502004,192447332,0.7577,0.6,0.8148,0.3912,0.077,1,0.5929,4,1,,0.0876,0.122,0.0528,0.25,0.0709,1.0452,0.4091,2253.0718,0.4681,1.5679,0.1287,0.3192,0.0,0.4334,0.0349,0.35,192447332,2353687,-0.0091,0.1025,0
TXN-2022-2097,2022-11-11,Musharaka,Qurilish,Samarqand,726,44,0.5,0.3863,3,0,1,Ko'chmas mulk,0.5181,1.381,0.1682,48,253293341,134853654,0.7207,0.6,0.8488,0.1574,0.3748,1,0.3297,3,0,,0.2521,0.1118,0.0662,0.25,0.054,1.1746,0.4961,1398.5888,0.5322,0.6645,0.2001,0.2955,0.0,0.397,0.3015,0.6,134853654,24397084,-0.0261,0.1515,0
TXN-2022-2098,2022-07-14,Musharaka,Savdo,Buxoro,624,52,0.5,0.3278,2,0,2,Tovar,0.7673,0.351,0.1463,36,262843498,55862291,0.7608,0.3542,0.9153,0.3992,0.1512,1,0.1062,2,0,,0.2658,0.0588,0.0424,0.25,0.0189,1.0015,0.6666,812.1488,0.5504,0.5486,0.2515,0.2664,0.0,0.4115,0.4592,0.6,55862291,15391660,-0.0275,0.0615,0
TXN-2021-2099,2021-09-12,Ijara,Qurilish,Samarqand,708,34,5.8,0.2364,1,0,3,Moliyaviy aktiv,0.7791,0.358,0.1509,12,406751540,216718710,0.5578,0.4656,0.9111,0.2165,0.074,1,0.665,0,1,,0.1146,0.1188,0.0581,0.25,0.0863,1.0376,0.3997,907.6164,0.2906,1.3053,0.1842,0.3107,0.0,0.6464,0.0326,0.35,216718710,2469848,-0.0119,0.1826,0
TXN-2023-2100,2023-01-24,Murabaha,Qurilish,Samarqand,668,51,6.5,0.4658,2,0,4,Ko'chmas mulk,0.5066,8.6,0.051,36,122650566,569313609,0.5145,0.2816,0.8171,0.3017,0.1457,1,0.394,3,0,,0.0738,0.1287,0.0601,0.25,0.0651,0.9235,0.7043,1316.0117,0.4474,0.6816,0.236,0.3186,0.0,0.4515,0.0626,0.45,569313609,16043462,-0.0076,-1.0707,0
TXN-2023-2101,2023-06-14,Sukuk,Ishlab chiqarish,Toshkent,564,36,2.2,0.367,3,0,3,Ko'chmas mulk,0.9373,1.393,0.1282,48,132385267,536481690,0.6656,0.4249,0.8533,0.3161,0.1549,1,0.7939,6,0,BBB,0.0986,0.0716,0.0757,0.1586,0.0654,1.009,0.3223,601.096,0.4709,1.2869,0.344,0.1545,0.0,0.4514,0.0403,0.28,536481690,6060564,-0.0102,-0.0182,0
TXN-2023-2102,2023-03-31,Musharaka,Qurilish,Toshkent,672,52,2.3,0.5038,2,0,5,Transport,0.7947,1.293,0.2753,48,430789678,89816391,0.3438,0.6,0.8852,0.1528,0.0328,1,0.553,2,0,,0.2579,0.078,0.0677,0.1056,0.0471,0.9887,0.7031,844.5299,0.1856,1.0632,0.4004,0.1159,0.0,0.7208,0.1413,0.6,89816391,7616234,-0.0267,0.5632,0
TXN-2023-2103,2023-06-20,Murabaha,Qurilish,Namangan,560,37,2.5,0.3147,1,1,3,Sanoat uskunasi,0.8691,0.779,0.1318,60,713995007,196682272,0.753,0.5528,0.6826,0.3318,0.3115,1,0.5105,2,0,,0.0981,0.0911,0.0694,0.25,0.064,0.985,0.6011,643.634,0.6433,1.3294,0.2735,0.2717,0.999,0.2435,0.1873,0.45,196682272,16574956,-0.0102,0.0182,0
TXN-2023-2104,2023-03-03,Ijara,Savdo,Toshkent,591,45,6.8,0.2748,2,1,3,Moliyaviy aktiv,0.5991,1.796,0.0805,36,196673437,872068519,0.5786,0.3403,0.8431,0.1457,0.1726,1,0.3376,1,1,,0.1117,0.095,0.0743,0.25,0.0895,0.981,0.7618,984.8209,0.3183,0.7149,0.1646,0.2708,0.4998,0.5747,0.0812,0.35,872068519,24773207,-0.0116,-0.443,0
TXN-2022-2105,2022-11-26,Ijara,Savdo,Buxoro,661,52,0.5,0.2475,3,0,3,Moliyaviy aktiv,0.6495,2.266,0.1253,36,114776461,148027545,0.4903,0.0951,0.7822,0.1462,0.1206,1,0.3699,1,0,,0.0531,0.128,0.058,0.25,0.0634,0.9589,0.4633,1016.0652,0.2668,2.3179,0.1608,0.32,0.0,0.5735,0.0328,0.35,148027545,1698237,-0.0055,-0.0881,0
TXN-2022-2106,2022-01-18,Murabaha,Qishloq xo'jaligi,Toshkent,670,36,15.9,0.5786,2,0,3,Sanoat uskunasi,0.1904,1.354,0.1593,48,119814511,177381477,0.7577,0.4193,0.9034,0.1754,0.1779,0,0.5181,7,0,,0.1152,0.1168,0.0814,0.25,0.0471,1.1318,0.4628,3500.6849,0.3532,1.3701,0.1102,0.2853,0.0,0.5843,0.0377,0.45,177381477,3012098,-0.0119,0.2539,0
TXN-2023-2107,2023-10-14,Sukuk,Ishlab chiqarish,Andijon,543,40,1.5,0.1608,1,0,2,Ko'chmas mulk,0.3727,1.251,0.059,12,455650259,52164801,0.6014,0.508,0.8544,0.0651,0.002,1,0.1409,1,0,A,0.0857,0.1132,0.0646,0.25,0.0455,1.0073,0.3559,1452.9081,0.067,0.6804,0.0599,0.2985,0.0,0.7972,0.0277,0.28,52164801,405097,-0.0089,-0.8287,0
TXN-2024-2108,2024-11-18,Sukuk,Qurilish,Buxoro,734,50,30.0,0.4239,2,0,3,Tovar,0.5706,3.013,0.1021,48,88948949,307782739,0.5688,0.5259,0.8468,0.4681,0.0752,1,0.2107,5,0,A,0.0709,0.1185,0.0462,0.25,0.0736,0.9723,0.6593,1284.0407,0.5433,1.4198,0.2419,0.3223,0.0,0.3868,0.0166,0.28,307782739,1428054,-0.0073,-0.3942,0
TXN-2023-2109,2023-10-16,Murabaha,Qishloq xo'jaligi,Namangan,693,36,1.1,0.642,3,0,5,Ko'chmas mulk,0.6728,7.478,0.218,36,254244571,180317190,0.7314,0.2383,0.7607,0.1938,0.4,1,0.5348,1,0,,0.1301,0.0945,0.0599,0.25,0.0604,1.0061,0.4454,1028.4534,0.5938,1.6632,0.432,0.2846,0.0,0.309,0.0676,0.45,180317190,5482219,-0.0135,0.6764,0
TXN-2023-2110,2023-01-23,Sukuk,Qurilish,Toshkent,585,24,8.9,0.4072,1,0,4,Boshqa,0.398,5.256,0.1316,36,220140134,79492942,0.8329,0.2324,0.739,0.1093,0.0025,1,0.7226,2,0,AAA,0.09,0.0569,0.055,0.25,0.0966,1.2166,0.453,1466.2609,0.1118,1.4454,0.1621,0.2519,0.0,0.6564,0.0177,0.28,79492942,394680,-0.0093,0.0174,0
TXN-2023-2111,2023-11-30,Murabaha,IT,Toshkent,514,59,1.5,0.6177,0,0,5,Ko'chmas mulk,0.3883,0.316,0.161,24,163162834,241145076,0.4812,0.5135,0.7785,0.2802,0.1214,1,0.882,1,0,,0.0801,0.1166,0.0963,0.1831,0.0398,1.116,0.4854,1320.4837,0.4017,1.9861,0.2398,0.2034,0.0,0.4658,0.0875,0.45,241145076,9492083,-0.0083,0.3869,0
TXN-2022-2112,2022-07-01,Murabaha,Qurilish,Namangan,632,33,0.5,0.3627,2,0,2,Sanoat uskunasi,0.4633,2.641,0.1564,24,146201308,294324035,0.64,0.367,0.8848,0.1397,0.1923,1,0.2405,1,0,,0.1086,0.1048,0.0347,0.25,0.096,0.8162,0.8397,1361.0848,0.3321,1.4271,0.1681,0.3201,0.0,0.591,0.0882,0.45,294324035,11683427,-0.0113,0.2427,0
TXN-2021-2113,2021-06-19,Murabaha,IT,Boshqa,607,39,12.5,0.2502,4,1,3,Ko'chmas mulk,0.5461,0.018,0.1416,36,371554487,91322687,0.6207,0.4989,0.88,0.0623,0.0707,1,0.5597,1,0,,0.1493,0.1176,0.0284,0.25,0.0608,1.0171,0.6336,1109.429,0.133,0.942,0.1366,0.3392,0.2499,0.763,0.059,0.45,91322687,2424498,-0.0155,0.0774,0
TXN-2023-2114,2023-05-20,Sukuk,Savdo,Buxoro,654,49,11.7,0.3964,0,1,3,Transport,0.7527,2.507,0.1038,36,390115846,46386949,0.4932,0.1416,0.9717,0.0547,0.089,1,0.3434,1,0,AA,0.0642,0.1271,0.0628,0.2302,0.0656,0.8682,0.5477,867.7076,0.1437,1.5904,0.2984,0.2945,1000.0,0.832,0.0183,0.28,46386949,237419,-0.0067,-0.4082,0
TXN-2021-2115,2021-06-11,Ijara,Ishlab chiqarish,Boshqa,614,31,3.1,0.213,1,0,4,Sanoat uskunasi,0.8512,1.561,0.1172,84,492943535,163592017,0.6942,0.2963,0.817,0.325,0.018,1,0.4046,3,1,,0.0784,0.0553,0.0422,0.25,0.0682,1.0536,0.3257,720.4622,0.343,1.4746,0.1813,0.263,0.0,0.5368,0.046,0.35,163592017,2632898,-0.0081,-0.1638,0
TXN-2023-2116,2023-06-01,Murabaha,Savdo,Toshkent,474,27,7.3,0.3735,1,0,5,Sanoat uskunasi,0.2332,1.689,0.1482,84,327210749,240991037,0.5226,0.3107,0.8942,0.1175,0.06,1,0.6316,0,0,,0.1477,0.1075,0.0314,0.0499,0.0988,1.1013,0.6836,2023.8936,0.1775,0.9968,0.0871,0.126,0.0,0.7355,0.0509,0.45,240991037,5524429,-0.0153,0.1231,0
TXN-2024-2117,2024-05-18,Musharaka,Ishlab chiqarish,Namangan,611,40,4.9,0.2765,1,0,5,Tovar,0.3778,2.217,0.0821,48,245806117,178898061,0.6286,0.247,0.7069,0.4899,0.2466,1,0.5052,3,0,,0.2792,0.0894,0.0785,0.101,0.1161,1.0116,0.7431,1612.9248,0.7365,0.293,0.1045,0.1118,0.0,0.1863,0.1243,0.6,178898061,13344085,-0.0289,-0.1716,0
TXN-2022-2118,2022-01-05,Musharaka,Ishlab chiqarish,Namangan,619,21,11.5,0.4614,3,0,1,Sanoat uskunasi,0.8893,3.393,0.0501,72,269874369,333830378,0.3947,0.3532,0.6864,0.2372,0.0638,1,0.3317,3,0,,0.2875,0.1369,0.0511,0.25,0.0625,1.164,0.6336,695.2346,0.3009,0.1737,0.4103,0.3358,0.0,0.4798,0.6671,0.6,333830378,133621272,-0.0298,-0.2779,0
TXN-2024-2119,2024-01-23,Murabaha,Qurilish,Andijon,698,35,2.3,0.1608,3,1,3,Ko'chmas mulk,0.665,3.268,0.11,60,443410204,44762785,0.6872,0.2431,0.8963,0.3189,0.1393,1,0.2925,6,0,,0.1551,0.0989,0.0593,0.25,0.02,1.0985,0.3679,1048.0575,0.4582,0.7046,0.1069,0.2896,0.3332,0.4856,0.0385,0.45,44762785,775244,-0.0161,-0.1292,0
TXN-2022-2120,2022-08-25,Sukuk,Ishlab chiqarish,Boshqa,585,40,4.4,0.4143,2,0,1,Moliyaviy aktiv,0.8201,0.114,0.1258,36,87836694,72949669,0.6901,0.6,0.8329,0.1603,0.1539,0,0.6283,4,0,AAA,0.0698,0.0969,0.0605,0.2334,0.0663,0.8245,0.5306,712.4992,0.3142,1.7761,0.3397,0.2697,0.0,0.5712,0.0713,0.28,72949669,1456130,-0.0072,-0.06,0
TXN-2022-2121,2022-10-20,Ijara,Savdo,Buxoro,787,35,4.0,0.6212,0,0,1,Tovar,0.7666,3.334,0.1378,48,319378614,173326107,0.3994,0.41,0.925,0.2766,0.0734,1,0.7315,2,1,,0.0941,0.0964,0.0629,0.25,0.0797,1.08,0.2295,1025.2522,0.3501,1.4498,0.4762,0.2835,0.0,0.6012,0.0911,0.35,173326107,5529256,-0.0097,0.083,0
TXN-2021-2122,2021-07-30,Musharaka,Qurilish,Samarqand,482,22,2.6,0.48,0,0,2,Ko'chmas mulk,0.7334,4.427,0.2308,24,172957239,49889242,0.788,0.5934,0.8042,0.1043,0.0848,1,0.6258,3,0,,0.2014,0.14,0.072,0.0464,0.0473,0.9639,0.5738,656.3078,0.1891,1.1404,0.352,0.1144,0.0,0.6521,0.5687,0.6,49889242,17022370,-0.0209,0.5004,1
TXN-2021-2123,2021-06-13,Sukuk,Savdo,Samarqand,756,53,13.3,0.6552,1,1,3,Tovar,0.4343,0.177,0.1024,48,306644539,87313531,0.5786,0.6,0.9724,0.3605,0.0408,1,0.3293,2,0,AA,0.0643,0.1055,0.0636,0.25,0.0656,1.0795,0.5909,1736.7749,0.4013,1.5687,0.2845,0.2919,0.999,0.5822,0.0081,0.28,87313531,197082,-0.0067,-0.4297,0
TXN-2022-2124,2022-11-03,Murabaha,Savdo,Toshkent,625,39,1.1,0.5421,3,0,3,Boshqa,0.506,0.975,0.1886,12,131849736,102621661,0.5692,0.5077,0.7212,0.3704,0.0552,1,0.4082,1,0,,0.1475,0.1107,0.0423,0.25,0.1032,1.0727,0.5251,1232.7311,0.4256,1.2702,0.2743,0.3185,0.0,0.4143,0.1145,0.45,102621661,5285378,-0.0153,0.3973,0
TXN-2024-2125,2024-09-15,Sukuk,Savdo,Namangan,718,52,1.0,0.665,1,0,3,Sanoat uskunasi,0.6787,3.926,0.1333,60,407499766,302359856,0.791,0.1698,0.7629,0.0511,0.2453,1,0.545,3,0,A,0.0754,0.1302,0.068,0.25,0.0218,0.9163,0.4989,1056.3086,0.2964,1.7455,0.4513,0.3122,0.0,0.5368,0.0291,0.28,302359856,2465565,-0.0078,0.0439,0
TXN-2022-2126,2022-08-29,Ijara,Ishlab chiqarish,Buxoro,651,35,5.2,0.7542,2,1,3,Ko'chmas mulk,0.5138,1.699,0.1558,48,348118558,370354142,0.6241,0.6,0.9233,0.2765,0.2432,1,0.5252,5,1,,0.1107,0.1085,0.0333,0.25,0.04,0.9112,0.7043,1264.5818,0.5197,1.3947,0.3875,0.3252,0.4998,0.4435,0.1129,0.35,370354142,14640750,-0.0115,0.2333,0
TXN-2022-2127,2022-09-20,Musharaka,Savdo,Toshkent,741,29,6.4,0.2688,0,0,4,Sanoat uskunasi,0.5882,2.968,0.1391,12,160254482,246323663,0.6351,0.3065,0.45,0.3199,0.1321,1,0.6837,0,0,,0.2783,0.1037,0.0467,0.25,0.0911,1.0385,0.7859,1257.7381,0.452,0.498,0.1581,0.307,0.0,0.2466,0.2382,0.6,246323663,35201445,-0.0288,0.0327,0
TXN-2023-2128,2023-07-03,Murabaha,Ishlab chiqarish,Samarqand,612,40,1.3,0.3114,1,0,2,Ko'chmas mulk,0.2356,1.744,0.1422,72,184889606,551236471,0.7604,0.2394,0.8463,0.1684,0.2368,1,0.6002,5,0,,0.0974,0.121,0.0671,0.238,0.1112,0.942,0.4772,2586.5675,0.4052,1.4451,0.0734,0.292,0.0,0.5033,0.0558,0.45,551236471,13837353,-0.0101,0.1252,0
TXN-2024-2129,2024-05-19,Sukuk,Qishloq xo'jaligi,Namangan,551,35,3.0,0.5836,2,0,2,Sanoat uskunasi,0.5201,9.567,0.0884,72,174968106,395295680,0.5677,0.3691,0.5411,0.3352,0.0717,1,0.3257,2,0,AA,0.0801,0.1059,0.0598,0.25,0.1012,0.9285,0.5455,1057.31,0.4069,1.0907,0.3036,0.2962,0.0,0.3209,0.14,0.28,395295680,15495513,-0.0083,-0.5192,0
TXN-2023-2130,2023-05-23,Musharaka,Qishloq xo'jaligi,Toshkent,765,26,17.6,0.2694,1,1,4,Transport,0.4008,6.88,0.2685,60,253239943,258012902,0.6104,0.2548,0.9194,0.009,0.0256,1,0.2039,5,0,,0.1515,0.1155,0.0488,0.25,0.0464,1.0185,0.7384,1903.7863,0.0346,1.7608,0.108,0.3168,0.999,0.8876,0.0299,0.6,258012902,4626317,-0.0157,0.9142,0
TXN-2021-2131,2021-12-08,Murabaha,Xizmat,Andijon,635,52,1.7,0.4102,2,1,4,Moliyaviy aktiv,0.3476,0.825,0.1849,60,827047606,252647112,0.6105,0.6,0.6902,0.2213,0.0698,1,0.3733,4,0,,0.1221,0.0608,0.0439,0.25,0.0391,0.9914,0.2,1821.4623,0.2911,1.5016,0.1426,0.2669,0.4998,0.4893,0.0293,0.45,252647112,3326576,-0.0127,0.4495,0
TXN-2024-2132,2024-11-13,Murabaha,Qurilish,Buxoro,663,31,6.6,0.5701,2,0,2,Sanoat uskunasi,0.52,1.219,0.1583,48,82218474,98447934,0.7787,0.4099,0.8144,0.0998,0.0413,1,0.4351,4,0,,0.1132,0.14,0.0586,0.2357,0.0546,0.9972,0.5109,1272.539,0.1412,1.3857,0.2965,0.3171,0.0,0.6994,0.0733,0.45,98447934,3245758,-0.0117,0.2498,0
TXN-2023-2133,2023-06-29,Musharaka,Ishlab chiqarish,Toshkent,749,21,8.1,0.688,2,0,5,Ko'chmas mulk,0.5623,1.411,0.2213,36,297499405,55902689,0.3831,0.3031,0.7999,0.0449,0.4,1,0.3874,3,0,,0.1515,0.0841,0.0411,0.1249,0.0844,0.9288,0.9034,1329.7282,0.4449,1.4512,0.3868,0.1679,0.0,0.444,0.0645,0.6,55902689,2162083,-0.0157,0.6028,0
TXN-2022-2134,2022-12-21,Musharaka,Xizmat,Samarqand,557,51,3.6,0.3818,0,0,3,Sanoat uskunasi,0.5113,0.275,0.1975,24,316862530,90036273,0.7543,0.2736,0.8936,0.2328,0.0501,1,0.5442,2,0,,0.2435,0.0853,0.0958,0.2263,0.0422,1.0578,0.8237,1087.2276,0.2829,0.8078,0.1952,0.2158,0.0,0.6408,0.2238,0.6,90036273,12091146,-0.0252,0.2772,0
TXN-2023-2135,2023-07-05,Ijara,Ishlab chiqarish,Samarqand,695,32,16.6,0.5479,3,0,3,Ko'chmas mulk,0.3325,1.294,0.092,24,177936482,267496056,0.2001,0.1537,0.6501,0.3291,0.1786,1,0.2892,0,1,,0.1459,0.0837,0.0696,0.25,0.0865,1.0057,0.6055,2084.1014,0.5077,0.6265,0.1822,0.2641,0.0,0.32,0.0559,0.35,267496056,5232767,-0.0151,-0.2604,0
TXN-2021-2136,2021-03-28,Sukuk,Ishlab chiqarish,Samarqand,594,31,8.0,0.6058,1,0,3,Ko'chmas mulk,0.7609,3.727,0.1268,36,89644957,119187685,0.4149,0.3156,0.8697,0.482,0.0748,1,0.7527,3,0,A,0.0906,0.0712,0.0617,0.07,0.0908,1.1949,0.3961,779.6155,0.5568,1.3843,0.461,0.0795,0.0,0.3855,0.062,0.28,119187685,2067505,-0.0094,-0.0353,0
TXN-2022-2137,2022-12-24,Murabaha,Qurilish,Toshkent,633,21,3.7,0.4322,1,0,3,Transport,0.6527,4.692,0.2207,36,216889160,227657612,0.6725,0.3845,0.5347,0.2224,0.1802,1,0.3165,3,0,,0.105,0.1258,0.0698,0.25,0.0895,0.9971,0.5492,968.3811,0.4026,2.0816,0.2821,0.306,0.0,0.3194,0.126,0.45,227657612,12912211,-0.0109,0.8635,1
TXN-2024-2138,2024-06-13,Ijara,Xizmat,Namangan,651,55,5.1,0.595,3,0,4,Ko'chmas mulk,0.7511,5.432,0.1352,48,117855588,41268385,0.675,0.2819,0.8808,0.3033,0.141,1,0.5755,6,1,,0.0876,0.0948,0.0675,0.2128,0.0589,0.9642,0.4643,865.5474,0.4443,1.5261,0.4469,0.2401,0.0,0.4894,0.0506,0.35,41268385,730655,-0.0091,0.0589,0
TXN-2023-2139,2023-06-10,Murabaha,Qishloq xo'jaligi,Toshkent,517,25,7.1,0.2962,3,1,3,Boshqa,0.5466,0.037,0.1352,24,341677288,214448492,0.5113,0.4121,0.6867,0.1577,0.0818,1,0.273,5,0,,0.1178,0.0695,0.0671,0.25,0.0684,0.9565,0.3866,944.1681,0.2395,1.1378,0.1619,0.2523,0.3332,0.5222,0.1201,0.45,214448492,11593097,-0.0122,0.044,0
TXN-2022-2140,2022-07-17,Sukuk,Qishloq xo'jaligi,Boshqa,578,38,5.4,0.2449,1,0,3,Transport,0.6797,3.887,0.0818,24,106784770,81554202,0.4355,0.3467,0.5765,0.3962,0.1574,1,0.431,4,0,BBB,0.0871,0.084,0.0485,0.25,0.0641,1.0348,0.3754,849.1041,0.5536,0.9287,0.1665,0.2855,0.0,0.2574,0.0664,0.28,81554202,1515295,-0.009,-0.5529,0
TXN-2024-2141,2024-08-02,Ijara,Qurilish,Toshkent,759,47,12.7,0.3576,1,0,5,Tovar,0.8029,1.746,0.1123,48,237450148,89116977,0.5423,0.3506,0.9063,0.0544,0.0605,1,0.5595,5,0,,0.0815,0.0836,0.0476,0.1956,0.031,1.1593,0.5102,944.1337,0.1149,1.3613,0.2871,0.2316,0.0,0.8022,0.0142,0.35,89116977,444053,-0.0084,-0.2173,0
TXN-2021-2142,2021-04-28,Musharaka,Savdo,Namangan,720,42,2.6,0.4321,1,0,3,Ko'chmas mulk,0.6838,0.577,0.1035,12,154085924,476419230,0.2943,0.2938,0.6292,0.2246,0.0666,1,0.4064,1,0,,0.2197,0.1265,0.0424,0.25,0.0712,1.0295,0.2352,1051.328,0.2912,0.4691,0.2955,0.334,0.0,0.446,0.2663,0.6,476419230,76116342,-0.0228,-0.1206,0
TXN-2021-2143,2021-06-03,Ijara,Ishlab chiqarish,Namangan,639,37,2.1,0.457,1,0,4,Tovar,0.6045,1.727,0.0926,24,478273079,669045879,0.5377,0.245,0.9222,0.203,0.0728,1,0.1731,3,1,,0.0934,0.0712,0.0698,0.25,0.0381,1.0231,0.3655,1055.3992,0.2758,0.9804,0.2762,0.2514,0.0,0.6679,0.0328,0.35,669045879,7677399,-0.0097,-0.4009,0
TXN-2024-2144,2024-10-06,Murabaha,Qishloq xo'jaligi,Toshkent,665,21,1.4,0.3446,2,0,3,Sanoat uskunasi,0.7432,4.649,0.1333,36,627590063,69985361,0.7853,0.4138,0.9364,0.3682,0.1181,1,0.3091,5,0,,0.0791,0.09,0.0613,0.25,0.0687,1.0433,0.4706,893.5983,0.4863,1.6635,0.2561,0.2787,0.0,0.481,0.1068,0.45,69985361,3364315,-0.0082,0.0417,0
TXN-2024-2145,2024-07-29,Musharaka,Qurilish,Samarqand,619,29,0.5,0.4671,2,0,3,Transport,0.6813,1.424,0.199,24,197266293,126277448,0.758,0.6,0.7191,0.3394,0.0772,1,0.5248,4,0,,0.2649,0.117,0.037,0.25,0.0423,0.8936,0.4773,907.2735,0.4166,0.7485,0.3182,0.33,0.0,0.4195,0.3854,0.6,126277448,29199076,-0.0274,0.2604,0
TXN-2023-2146,2023-04-12,Ijara,Xizmat,Toshkent,760,39,0.5,0.7617,4,0,3,Boshqa,0.5895,11.631,0.0757,84,130236032,136084161,0.5608,0.2083,0.7658,0.1064,0.3206,1,0.1227,2,1,,0.1045,0.0722,0.068,0.1504,0.0302,1.0689,0.4373,1287.104,0.427,0.7176,0.449,0.1546,0.0,0.4388,0.0556,0.35,136084161,2647022,-0.0108,-0.519,1
TXN-2023-2147,2023-01-15,Musharaka,Qurilish,Andijon,627,30,12.2,0.3958,1,1,4,Transport,0.4172,2.397,0.1915,48,667486178,248648213,0.8144,0.563,0.8022,0.0717,0.066,1,0.4371,0,0,,0.2134,0.074,0.0574,0.25,0.0352,0.9478,0.5667,1499.2458,0.1377,0.8936,0.1651,0.2666,0.999,0.6917,0.0692,0.6,248648213,10321306,-0.0221,0.2884,0
TXN-2023-2148,2023-11-17,Murabaha,Qishloq xo'jaligi,Toshkent,664,40,6.8,0.4418,4,0,4,Sanoat uskunasi,0.4555,1.682,0.2033,36,225469387,106785837,0.8657,0.398,0.7543,0.3757,0.3382,1,0.6735,1,0,,0.1043,0.14,0.0191,0.25,0.0867,0.9589,0.7018,1454.3937,0.7139,1.9311,0.2013,0.3709,0.0,0.2158,0.0569,0.45,106785837,2735362,-0.0108,0.7028,0
TXN-2024-2149,2024-10-23,Musharaka,Qishloq xo'jaligi,Toshkent,742,44,6.5,0.4021,3,0,1,Ko'chmas mulk,0.1497,0.874,0.2061,24,295447808,84462873,0.6156,0.4035,0.45,0.2344,0.0505,1,0.3958,2,0,,0.1936,0.091,0.0665,0.25,0.0355,1.1139,0.5687,4923.9134,0.2849,1.0592,0.0602,0.2744,0.0,0.3218,0.2897,0.6,84462873,14682987,-0.0201,0.3932,0
TXN-2021-2150,2021-11-24,Ijara,Qishloq xo'jaligi,Toshkent,578,47,5.7,0.7511,0,0,2,Ko'chmas mulk,0.95,0.028,0.1349,36,227516538,182212617,0.9213,0.4836,0.8537,0.0433,0.1649,0,0.2266,1,1,,0.1035,0.14,0.042,0.1221,0.0768,1.0161,0.5731,607.7813,0.2083,1.291,0.7136,0.2201,0.0,0.6759,0.1983,0.35,182212617,12645582,-0.0107,0.047,0
TXN-2021-2151,2021-03-05,Murabaha,Ishlab chiqarish,Toshkent,777,25,11.4,0.2768,1,0,5,Moliyaviy aktiv,0.4559,2.358,0.1562,48,216292634,157067918,0.3986,0.3412,0.7961,0.0934,0.1858,1,0.282,4,0,,0.0968,0.0899,0.0607,0.25,0.0517,1.1575,0.6808,1700.6669,0.2793,1.5971,0.1262,0.2791,0.0,0.5738,0.0129,0.45,157067918,908652,-0.01,0.2709,0
TXN-2021-2152,2021-10-20,Murabaha,Qishloq xo'jaligi,Samarqand,514,59,3.9,0.6076,2,0,5,Tovar,0.6966,2.154,0.076,84,182051831,272422657,0.9028,0.1594,0.8586,0.2757,0.0836,1,0.4945,6,0,,0.1307,0.1033,0.087,0.25,0.0579,0.8239,0.7414,736.8338,0.3594,0.577,0.4232,0.2663,0.0,0.55,0.0752,0.45,272422657,9219285,-0.0135,-0.4133,0
TXN-2024-2153,2024-05-29,Ijara,Qishloq xo'jaligi,Toshkent,783,45,12.3,0.2868,4,0,4,Transport,0.6979,1.818,0.0746,36,78774986,92048245,0.6485,0.0951,0.8462,0.1597,0.0955,1,0.5472,2,1,,0.1173,0.14,0.03,0.25,0.0787,1.004,0.5992,1120.2703,0.2551,0.631,0.2002,0.36,0.0,0.6303,0.0198,0.35,92048245,637425,-0.0122,-0.4719,0
TXN-2024-2154,2024-10-20,Ijara,Qishloq xo'jaligi,Andijon,613,37,2.7,0.3096,4,1,4,Moliyaviy aktiv,0.8606,1.929,0.1379,48,706622190,128587785,0.6273,0.3265,0.8745,0.0803,0.0495,0,0.3002,2,1,,0.1044,0.0857,0.0681,0.1149,0.1021,1.058,0.4491,711.4599,0.1299,1.309,0.2664,0.1325,0.2499,0.7609,0.0262,0.35,128587785,1179663,-0.0108,0.0761,0
TXN-2023-2155,2023-06-17,Murabaha,Xizmat,Buxoro,624,48,15.7,0.25,0,1,5,Transport,0.3339,4.637,0.1684,24,275554510,255706810,0.2331,0.2625,0.6763,0.0455,0.1076,0,0.6921,0,0,,0.1089,0.0761,0.0419,0.2209,0.0499,1.0106,0.67,1863.5156,0.153,1.5322,0.0835,0.2551,1000.0,0.5728,0.0245,0.45,255706810,2814133,-0.0113,0.3526,0
TXN-2021-2156,2021-03-13,Murabaha,Qurilish,Samarqand,484,61,7.2,0.4746,3,1,2,Sanoat uskunasi,0.4796,0.953,0.1818,48,233013798,142230194,0.7918,0.3149,0.9022,0.1087,0.3156,1,0.5688,3,0,,0.1108,0.093,0.0474,0.25,0.0877,1.1392,0.6217,1007.0256,0.4243,1.6257,0.2276,0.2956,0.3332,0.5194,0.1237,0.45,142230194,7918235,-0.0115,0.4673,0
TXN-2021-2157,2021-09-16,Murabaha,IT,Toshkent,606,23,1.8,0.4785,2,1,4,Transport,0.6266,1.998,0.194,24,427040231,45819477,0.6486,0.2505,0.6696,0.4047,0.3005,1,0.626,4,0,,0.0987,0.114,0.0178,0.2081,0.0785,0.9399,0.5585,965.5162,0.7052,1.9462,0.2998,0.3043,0.4998,0.1974,0.1427,0.45,45819477,2942575,-0.0102,0.6485,0
TXN-2021-2158,2021-05-18,Murabaha,Xizmat,Toshkent,556,35,5.0,0.3912,2,0,4,Sanoat uskunasi,0.5443,2.848,0.1193,24,174915246,462870769,0.6,0.1553,0.8739,0.234,0.0836,1,0.166,1,0,,0.1243,0.1086,0.0658,0.25,0.0507,1.0602,0.5393,1019.5295,0.3176,0.9525,0.213,0.2928,0.0,0.5964,0.0443,0.45,462870769,9228648,-0.0129,-0.0858,0
TXN-2022-2159,2022-04-29,Musharaka,Qishloq xo'jaligi,Toshkent,593,21,4.6,0.5313,2,0,4,Ko'chmas mulk,0.3577,0.589,0.2382,36,305458177,139905811,0.4309,0.2688,0.7818,0.3738,0.0639,1,0.6168,2,0,,0.2132,0.1073,0.0426,0.25,0.0542,1.1217,0.4899,1652.9795,0.4377,1.1122,0.1901,0.3148,0.0,0.4396,0.2492,0.6,139905811,20919619,-0.0221,0.5077,0
TXN-2024-2160,2024-08-14,Ijara,Ishlab chiqarish,Buxoro,633,39,0.9,0.314,2,0,1,Transport,0.6506,6.47,0.1487,24,154198919,141663972,0.288,0.36,0.7457,0.1626,0.0155,1,0.5611,3,1,,0.125,0.0967,0.0585,0.25,0.1079,0.9616,0.7147,971.5128,0.1781,1.1799,0.2043,0.2882,0.0,0.6128,0.1191,0.35,141663972,5902966,-0.013,0.1496,0
TXN-2023-2161,2023-01-21,Ijara,Savdo,Samarqand,726,41,5.4,0.4611,2,2,4,Boshqa,0.8152,3.34,0.1661,48,198937850,870505219,0.5321,0.4567,0.6558,0.2996,0.0455,1,0.6493,2,1,,0.0712,0.14,0.0689,0.25,0.0452,0.8596,0.5269,889.5204,0.3451,2.3018,0.3759,0.3211,0.9995,0.4295,0.0492,0.35,870505219,14997159,-0.0074,0.507,0
TXN-2023-2162,2023-01-12,Musharaka,Qishloq xo'jaligi,Buxoro,662,37,2.3,0.6578,1,0,4,Ko'chmas mulk,0.3419,0.137,0.2762,72,347460244,651237872,0.6416,0.3281,0.7486,0.0876,0.1156,1,0.5298,1,0,,0.2203,0.133,0.0851,0.25,0.0569,1.0061,0.4012,1930.586,0.2032,1.248,0.2249,0.2979,0.0,0.5965,0.1067,0.6,651237872,41709372,-0.0228,0.6635,0
TXN-2023-2163,2023-02-24,Murabaha,Xizmat,Samarqand,671,31,0.5,0.3651,1,0,5,Ko'chmas mulk,0.8131,5.008,0.1244,36,288568592,288583550,0.9439,0.3979,0.8763,0.1758,0.0688,1,0.6248,2,0,,0.1025,0.0852,0.0829,0.25,0.0352,1.022,0.7409,824.2357,0.2446,1.2023,0.2969,0.2523,0.0,0.6619,0.0243,0.45,288583550,3149851,-0.0106,-0.0545,0
TXN-2024-2164,2024-03-07,Ijara,Qurilish,Samarqand,551,21,17.8,0.3785,2,0,4,Ko'chmas mulk,0.7478,6.644,0.1176,36,201213970,69382748,0.5295,0.349,0.7303,0.352,0.1966,1,0.2215,3,1,,0.1023,0.109,0.0351,0.25,0.033,1.172,0.377,735.8828,0.5486,1.1388,0.2831,0.3239,0.0,0.3297,0.0913,0.35,69382748,2216599,-0.0106,-0.1211,0
TXN-2021-2165,2021-03-08,Musharaka,Savdo,Andijon,570,41,6.2,0.5268,0,0,5,Ko'chmas mulk,0.5752,3.946,0.1925,24,379386184,388638756,0.7202,0.5774,0.8769,0.1408,0.0161,1,0.186,2,0,,0.2044,0.1086,0.0612,0.25,0.0396,1.1342,0.3342,989.2083,0.1569,0.937,0.303,0.2974,0.0,0.7393,0.1268,0.6,388638756,29560567,-0.0212,0.3056,0
TXN-2024-2166,2024-05-24,Sukuk,Qishloq xo'jaligi,Buxoro,797,52,12.6,0.618,2,0,5,Transport,0.8061,1.389,0.0793,36,153494039,42944070,0.6799,0.5182,0.742,0.2784,0.1026,1,0.3505,6,0,BBB,0.0874,0.0881,0.1,0.25,0.1065,1.0682,0.2109,987.4866,0.3809,0.8977,0.4981,0.2381,0.0,0.4593,0.015,0.28,42944070,180426,-0.0091,-0.58,0
TXN-2021-2167,2021-11-11,Musharaka,Ishlab chiqarish,Andijon,582,32,6.8,0.4892,4,0,3,Ko'chmas mulk,0.5791,12.0,0.2465,48,141380485,163229341,0.4987,0.2205,0.7393,0.1922,0.3349,1,0.5449,0,0,,0.2571,0.1346,0.0646,0.2335,0.0842,0.9969,0.7961,1003.1947,0.5272,0.9549,0.2833,0.3035,0.0,0.3496,0.4557,0.6,163229341,44625585,-0.0266,0.453,0
TXN-2024-2168,2024-10-22,Murabaha,IT,Andijon,785,42,2.6,0.4145,1,0,2,Transport,0.7981,0.332,0.1315,36,186496545,107231966,0.7508,0.2863,0.7315,0.0397,0.2867,0,0.4665,1,0,,0.1274,0.1276,0.0632,0.25,0.1073,0.8983,0.5979,982.3609,0.3264,1.024,0.3308,0.3144,0.0,0.4928,0.0516,0.45,107231966,2491759,-0.0132,0.0119,0
TXN-2023-2169,2023-07-11,Ijara,Savdo,Toshkent,624,22,4.3,0.3299,2,0,4,Sanoat uskunasi,0.3803,1.923,0.1551,48,213096169,90819118,0.8748,0.1138,0.7324,0.1616,0.0881,1,0.3918,4,1,,0.0641,0.111,0.0658,0.1022,0.0401,1.0345,0.6194,1636.6743,0.2497,2.3838,0.1255,0.1474,0.0,0.5495,0.0212,0.35,90819118,673130,-0.0066,0.3914,0
TXN-2023-2170,2023-01-30,Murabaha,Qurilish,Toshkent,645,42,6.8,0.4864,1,0,5,Tovar,0.5097,0.467,0.2005,48,200444279,174562718,0.4575,0.5227,0.7317,0.0935,0.2681,0,0.4503,1,0,,0.101,0.1029,0.0553,0.25,0.0694,1.0469,0.6238,1262.9276,0.3616,1.9652,0.2479,0.2976,0.0,0.4671,0.0449,0.45,174562718,3524854,-0.0105,0.6978,0
TXN-2023-2171,2023-02-01,Ijara,Xizmat,Samarqand,735,34,19.4,0.5508,3,0,2,Boshqa,0.6367,1.447,0.1115,12,189398200,227948290,0.4727,0.5116,0.8495,0.1006,0.1209,1,0.2015,3,1,,0.1142,0.0917,0.0788,0.25,0.0766,1.0797,0.6028,1152.5233,0.2215,0.968,0.3507,0.2629,0.0,0.6613,0.0378,0.35,227948290,3018116,-0.0118,-0.1617,1
TXN-2023-2172,2023-06-29,Murabaha,Ishlab chiqarish,Boshqa,753,30,1.8,0.4172,1,0,4,Sanoat uskunasi,0.2877,6.558,0.0702,48,420815685,257354263,0.9368,0.4346,0.4659,0.3444,0.1944,1,0.4094,3,0,,0.091,0.0762,0.0529,0.25,0.0521,1.1232,0.7027,2608.372,0.5388,0.7625,0.12,0.2734,0.0,0.2149,0.0373,0.45,257354263,4321002,-0.0094,-0.6569,0
TXN-2021-2173,2021-06-07,Murabaha,Qishloq xo'jaligi,Toshkent,635,30,12.5,0.5056,0,1,2,Ko'chmas mulk,0.5721,3.953,0.1389,72,603165827,140186132,0.7569,0.4279,0.8142,0.1462,0.1023,1,0.3204,3,0,,0.0957,0.1115,0.0728,0.25,0.0474,1.033,0.6002,1108.0396,0.2485,1.4365,0.2892,0.2887,1000.0,0.6119,0.1224,0.45,140186132,7719691,-0.0099,0.0925,0
TXN-2024-2174,2024-03-21,Sukuk,Ishlab chiqarish,Toshkent,611,34,15.5,0.4963,1,0,1,Ko'chmas mulk,0.5447,3.809,0.1334,12,226257822,128119319,0.7038,0.3658,0.8672,0.0603,0.1049,1,0.7596,4,0,AA,0.0873,0.0861,0.0348,0.25,0.0769,1.1816,0.6319,1119.6566,0.1652,1.5109,0.2703,0.3012,0.0,0.724,0.031,0.28,128119319,1113302,-0.009,0.0393,0
TXN-2021-2175,2021-10-09,Murabaha,Savdo,Buxoro,640,41,6.7,0.227,3,0,4,Tovar,0.5594,1.092,0.193,48,349015428,269856359,0.6916,0.1038,0.8135,0.2061,0.167,0,0.366,2,0,,0.0907,0.1119,0.0222,0.25,0.1113,1.0598,0.4877,1142.1255,0.3731,2.1041,0.127,0.3398,0.0,0.51,0.0261,0.45,269856359,3171709,-0.0094,0.694,1
TXN-2023-2176,2023-12-21,Ijara,Ishlab chiqarish,Boshqa,673,24,16.1,0.4502,5,0,4,Sanoat uskunasi,0.6167,6.806,0.117,48,157420645,274468950,0.6883,0.4174,0.7211,0.0174,0.2135,1,0.2596,1,1,,0.0668,0.0766,0.053,0.1153,0.0225,1.039,0.8356,1089.4607,0.2309,1.7266,0.2776,0.1389,0.0,0.5546,0.0321,0.35,274468950,3081552,-0.0069,-0.1949,0
TXN-2023-2177,2023-01-22,Murabaha,Xizmat,Samarqand,720,34,3.0,0.5035,3,1,4,Ko'chmas mulk,0.4148,1.148,0.1449,48,231180001,163452988,0.9151,0.153,0.4908,0.2185,0.0708,1,0.7456,4,0,,0.1006,0.05,0.0361,0.25,0.0331,0.8927,0.8236,1731.4004,0.2893,1.4253,0.2089,0.2639,0.3332,0.3488,0.0433,0.45,163452988,3182930,-0.0104,0.1478,0
TXN-2023-2178,2023-03-27,Ijara,Ishlab chiqarish,Andijon,645,37,18.3,0.6108,2,0,5,Ko'chmas mulk,0.4295,0.102,0.1154,36,323134462,80970826,0.6494,0.2926,0.5459,0.3987,0.4,0,0.3709,0,1,,0.1373,0.0769,0.0247,0.2076,0.0332,1.0238,0.7133,1498.3823,0.7987,0.8343,0.2623,0.2599,0.0,0.1099,0.0664,0.35,80970826,1881749,-0.0142,-0.1061,0
TXN-2022-2179,2022-10-06,Ijara,Ishlab chiqarish,Samarqand,697,27,7.3,0.4783,4,0,2,Tovar,0.8239,2.539,0.1022,60,147721954,45445528,0.7544,0.4016,0.8219,0.2734,0.0229,1,0.4834,1,1,,0.0725,0.0503,0.0862,0.25,0.0993,1.0831,0.7499,844.9297,0.2964,1.3898,0.3941,0.214,0.0,0.5783,0.0835,0.35,45445528,1328384,-0.0075,-0.3833,0
TXN-2024-2180,2024-08-23,Musharaka,Qishloq xo'jaligi,Samarqand,784,55,0.5,0.5069,3,1,2,Sanoat uskunasi,0.7016,1.126,0.0771,36,383734871,235482131,0.5916,0.6,0.9087,0.2319,0.2518,1,0.6436,3,0,,0.1699,0.1377,0.0687,0.25,0.037,1.115,0.6674,1115.8567,0.4837,0.4509,0.3556,0.319,0.3332,0.4692,0.1791,0.6,235482131,25310083,-0.0176,-0.3116,0
TXN-2022-2181,2022-07-25,Murabaha,Qishloq xo'jaligi,Toshkent,677,29,14.2,0.3221,3,1,5,Sanoat uskunasi,0.5772,0.417,0.1608,36,158181362,293231821,0.5876,0.313,0.83,0.1665,0.0185,1,0.5928,5,0,,0.1579,0.14,0.0585,0.25,0.0626,1.1435,0.7215,1170.9268,0.1851,1.0117,0.1859,0.3315,0.3332,0.6764,0.0178,0.45,293231821,2347415,-0.0164,0.1949,0
TXN-2022-2182,2022-05-27,Murabaha,Qishloq xo'jaligi,Buxoro,671,31,4.0,0.368,2,0,4,Ko'chmas mulk,0.7678,6.82,0.1207,48,451599967,128768624,0.7199,0.2158,0.7309,0.1241,0.2385,0,0.1278,2,0,,0.1271,0.076,0.0533,0.1997,0.036,0.9986,0.3125,872.7742,0.3626,0.9416,0.2825,0.2224,0.0,0.4659,0.0643,0.45,128768624,3727318,-0.0132,-0.0735,0
TXN-2021-2183,2021-08-21,Murabaha,Qurilish,Boshqa,515,28,3.7,0.145,1,0,3,Sanoat uskunasi,0.5373,2.535,0.1486,72,407378286,192716449,0.5728,0.3968,0.9317,0.198,0.0654,1,0.5672,0,0,,0.1267,0.0649,0.0741,0.25,0.0923,1.0087,0.7536,956.6524,0.2634,1.164,0.0779,0.2408,0.0,0.6863,0.085,0.45,192716449,7367199,-0.0131,0.1468,0
TXN-2021-2184,2021-02-23,Murabaha,Ishlab chiqarish,Samarqand,421,55,5.0,0.2049,1,0,4,Tovar,0.6111,7.056,0.1671,60,477877433,373924564,0.6278,0.3164,0.5395,0.0819,0.1006,0,0.3674,3,0,,0.0756,0.0721,0.078,0.25,0.0887,1.1043,0.4735,687.8397,0.1825,2.1815,0.1252,0.2442,0.0,0.441,0.1081,0.45,373924564,18197449,-0.0078,0.4908,0
TXN-2022-2185,2022-01-17,Ijara,Xizmat,Buxoro,678,43,1.0,0.1932,2,0,5,Moliyaviy aktiv,0.5672,2.187,0.1471,72,452279494,606470592,0.4061,0.05,0.7692,0.0144,0.1429,1,0.516,3,1,,0.0673,0.0931,0.0387,0.25,0.0587,0.9764,0.3743,1193.332,0.1573,2.153,0.1096,0.3044,0.0,0.6482,0.0083,0.35,606470592,1756820,-0.007,0.2541,0
TXN-2023-2186,2023-10-20,Sukuk,Ishlab chiqarish,Namangan,636,28,3.8,0.5386,5,0,4,Tovar,0.236,0.165,0.0828,24,780229794,112527789,0.7974,0.4695,0.8248,0.1438,0.1867,1,0.4817,4,0,AA,0.0805,0.1243,0.0494,0.25,0.0596,1.0218,0.679,2683.6757,0.3305,1.016,0.1271,0.3249,0.0,0.5522,0.0097,0.28,112527789,304523,-0.0083,-0.5863,0
TXN-2023-2187,2023-11-27,Sukuk,Qurilish,Samarqand,601,49,10.7,0.4538,1,1,4,Sanoat uskunasi,0.6763,0.076,0.0756,24,331779960,139590447,0.6374,0.5429,0.8164,0.1039,0.2646,1,0.2487,1,0,A,0.0573,0.0741,0.0525,0.25,0.0567,1.074,0.7376,887.4012,0.3685,1.2966,0.3069,0.2716,0.999,0.5156,0.0265,0.28,139590447,1037091,-0.0059,-0.9495,0
TXN-2023-2188,2023-03-04,Ijara,Qurilish,Samarqand,665,40,0.5,0.5046,2,1,3,Sanoat uskunasi,0.5901,5.771,0.1377,36,102717931,203968230,0.5096,0.0833,0.8735,0.0917,0.1334,1,0.1759,1,1,,0.1144,0.1086,0.0716,0.176,0.0868,0.9427,0.901,1124.9463,0.225,1.1928,0.2978,0.2129,0.4998,0.6769,0.0457,0.35,203968230,3264600,-0.0119,0.0669,0
TXN-2024-2189,2024-02-25,Ijara,Qishloq xo'jaligi,Toshkent,639,40,1.9,0.2177,1,0,3,Transport,0.5814,0.099,0.1398,12,264361074,63403287,0.4731,0.4946,0.715,0.0076,0.1199,1,0.2506,5,1,,0.0754,0.0966,0.0517,0.1361,0.0919,0.8816,0.386,1097.2686,0.1275,1.8292,0.1265,0.181,0.0,0.6239,0.0438,0.35,63403287,972039,-0.0078,0.1303,0
TXN-2021-2190,2021-08-30,Ijara,Ishlab chiqarish,Toshkent,740,34,0.5,0.4105,1,1,5,Ko'chmas mulk,0.2653,2.387,0.1031,48,185935449,33084070,0.5119,0.2777,0.9668,0.2174,0.14,1,0.5443,4,1,,0.1123,0.1296,0.0625,0.25,0.0453,0.935,0.503,2778.4668,0.3574,0.9098,0.1089,0.3171,0.999,0.6212,0.0078,0.35,33084070,89948,-0.0116,-0.2395,0
TXN-2022-2191,2022-06-21,Murabaha,Qurilish,Toshkent,652,30,3.2,0.3889,3,0,4,Moliyaviy aktiv,0.4731,0.884,0.1798,24,107891578,58312721,0.7931,0.5641,0.6346,0.164,0.0684,1,0.2634,2,0,,0.1084,0.1168,0.054,0.0696,0.1278,1.0343,0.7089,1375.3757,0.2324,1.6428,0.184,0.1323,0.0,0.4871,0.044,0.45,58312721,1154542,-0.0112,0.4591,0
TXN-2022-2192,2022-06-18,Sukuk,Savdo,Samarqand,581,41,7.8,0.5071,4,0,3,Transport,0.6034,2.909,0.099,36,527034131,122414106,0.5792,0.6,0.7848,0.3642,0.2626,1,0.3154,2,0,AA,0.0695,0.115,0.0728,0.25,0.078,0.9933,0.6514,961.2816,0.6268,1.4051,0.306,0.2922,0.0,0.2929,0.056,0.28,122414106,1919027,-0.0072,-0.4453,0
TXN-2024-2193,2024-12-12,Ijara,Qurilish,Namangan,729,32,9.6,0.391,1,0,4,Sanoat uskunasi,0.4508,0.838,0.0977,48,203622430,89405493,0.3833,0.5227,0.7827,0.4228,0.2277,1,0.5034,2,1,,0.0682,0.0898,0.0698,0.1232,0.1126,0.9917,0.4756,1613.3692,0.6505,1.4112,0.1763,0.1432,0.0,0.2736,0.023,0.35,89405493,719425,-0.0071,-0.4731,0
TXN-2023-2194,2023-07-03,Musharaka,Xizmat,Samarqand,626,56,17.4,0.3105,0,0,4,Boshqa,0.6844,0.095,0.121,36,100042287,83858823,0.396,0.4879,0.8241,0.2691,0.0524,1,0.3362,1,0,,0.3696,0.0975,0.0481,0.25,0.0737,0.9338,0.7662,913.3218,0.3215,0.3265,0.2125,0.2994,0.0,0.5591,0.2434,0.6,83858823,12245275,-0.0383,-0.0243,0
TXN-2022-2195,2022-03-16,Murabaha,Qurilish,Namangan,689,25,5.6,0.529,2,0,3,Boshqa,0.4625,3.281,0.1595,24,166191379,153811560,0.4666,0.3161,0.79,0.1882,0.0552,1,0.6151,1,0,,0.0972,0.1051,0.0421,0.25,0.0649,1.0656,0.672,1486.5248,0.2433,1.6243,0.2447,0.313,0.0,0.5977,0.0522,0.45,153811560,3610426,-0.0101,0.3037,0
TXN-2024-2196,2024-06-07,Musharaka,Ishlab chiqarish,Namangan,604,53,1.8,0.6808,3,0,4,Sanoat uskunasi,0.4706,0.931,0.1944,72,952443270,146889794,0.8246,0.3243,0.8781,0.152,0.1712,1,0.6198,1,0,,0.2916,0.1177,0.0396,0.25,0.0422,0.9152,0.8518,1280.7448,0.3232,0.6645,0.3204,0.3282,0.0,0.5943,0.1351,0.6,146889794,11902717,-0.0302,0.2209,0
TXN-2022-2197,2022-08-08,Musharaka,Qurilish,Boshqa,589,36,15.5,0.3484,1,0,1,Ko'chmas mulk,0.6274,2.001,0.2028,60,555809973,87420210,0.6215,0.3871,0.6343,0.1501,0.0244,0,0.3984,3,0,,0.1798,0.093,0.0863,0.25,0.032,0.9034,0.6816,937.3001,0.1745,1.1214,0.2186,0.2567,0.0,0.5236,0.5152,0.6,87420210,27025154,-0.0186,0.4047,0
TXN-2024-2198,2024-11-22,Sukuk,Qishloq xo'jaligi,Samarqand,652,40,9.0,0.1621,0,0,3,Transport,0.7797,3.717,0.0724,48,379059771,47936954,0.3916,0.1906,0.45,0.1833,0.1377,1,0.4937,3,0,AAA,0.1003,0.1049,0.1,0.25,0.047,1.0282,0.2613,835.141,0.321,0.7141,0.1264,0.2549,0.0,0.3055,0.0428,0.28,47936954,574899,-0.0104,-0.5746,0
TXN-2023-2199,2023-10-03,Musharaka,Savdo,Andijon,646,46,5.1,0.534,2,1,4,Moliyaviy aktiv,0.7781,3.034,0.0465,48,357259849,197476144,0.4989,0.2283,0.6284,0.1818,0.0388,1,0.3341,1,0,,0.2913,0.1044,0.0771,0.2468,0.0796,1.0184,0.7596,829.1925,0.2207,0.159,0.4155,0.2741,0.4998,0.4897,0.3073,0.6,197476144,36410078,-0.0302,-0.2867,1
TXN-2022-2200,2022-02-14,Murabaha,Qishloq xo'jaligi,Toshkent,685,31,7.1,0.3154,2,0,2,Ko'chmas mulk,0.5966,1.071,0.1644,36,142302789,310357824,0.6039,0.4619,0.8761,0.2048,0.2148,1,0.3958,8,0,,0.1165,0.1008,0.0262,0.2281,0.0624,0.9339,0.6287,1146.3052,0.4196,1.3993,0.1882,0.3026,0.0,0.5085,0.0891,0.45,310357824,12441757,-0.0121,0.2955,1
TXN-2021-2201,2021-09-09,Sukuk,Qurilish,Buxoro,622,46,15.5,0.1818,1,0,3,Boshqa,0.714,3.444,0.13,36,136015300,96257575,0.4354,0.2188,0.7004,0.123,0.0587,1,0.3908,3,0,AAA,0.0681,0.0762,0.0444,0.2105,0.0955,0.9287,0.2449,869.9528,0.1818,1.8811,0.1298,0.2422,0.0,0.5731,0.0216,0.28,96257575,583239,-0.0071,0.0003,0
TXN-2021-2202,2021-10-05,Murabaha,Qurilish,Toshkent,488,21,7.5,0.2871,4,2,5,Ko'chmas mulk,0.6038,6.498,0.0752,24,342000775,113379527,0.3761,0.2166,0.9207,0.0851,0.0759,1,0.1403,4,0,,0.1374,0.1368,0.0421,0.1689,0.0493,1.0229,0.7804,806.8886,0.161,0.5437,0.1733,0.2636,0.4999,0.7724,0.0587,0.45,113379527,2996872,-0.0142,-0.3987,0
TXN-2021-2203,2021-06-01,Musharaka,Xizmat,Andijon,608,30,2.8,0.5432,1,0,4,Sanoat uskunasi,0.6871,2.354,0.1548,60,634651183,262134755,0.7914,0.3856,0.8089,0.0879,0.2078,1,0.5525,3,0,,0.2073,0.096,0.0515,0.25,0.0907,1.0392,0.5171,883.5816,0.2957,0.7428,0.3733,0.2945,0.0,0.5697,0.2078,0.6,262134755,32689365,-0.0215,0.1194,1
TXN-2023-2204,2023-07-15,Murabaha,Savdo,Toshkent,712,28,7.5,0.3907,2,1,4,Transport,0.5426,3.039,0.2456,36,132971444,309168301,0.6684,0.5483,0.6885,0.2168,0.1492,1,0.5526,5,0,,0.1273,0.105,0.0182,0.25,0.0539,1.0178,0.642,1309.7479,0.366,1.9145,0.212,0.3368,0.4998,0.4365,0.0308,0.45,309168301,4280379,-0.0132,0.908,0
TXN-2021-2205,2021-12-20,Ijara,Qishloq xo'jaligi,Buxoro,619,25,0.5,0.4693,0,0,3,Ko'chmas mulk,0.4847,5.023,0.1369,48,230919001,107709885,0.5586,0.4377,0.9295,0.0949,0.2018,1,0.5576,3,1,,0.106,0.0681,0.0372,0.25,0.0348,1.1366,0.5423,1274.452,0.2967,1.279,0.2275,0.2809,0.0,0.6537,0.0229,0.35,107709885,862185,-0.011,0.065,0
TXN-2024-2206,2024-12-31,Sukuk,IT,Toshkent,624,35,2.9,0.2223,4,2,3,Moliyaviy aktiv,0.6052,4.639,0.1327,24,281617680,138016704,0.5357,0.3218,0.6253,0.0493,0.2335,1,0.3914,3,0,AAA,0.093,0.0753,0.0866,0.222,0.0667,0.941,0.3566,1029.4049,0.2827,1.4123,0.1345,0.2107,0.4999,0.4485,0.0221,0.28,138016704,852983,-0.0096,0.0289,0
TXN-2023-2207,2023-07-01,Murabaha,IT,Samarqand,728,41,3.1,0.4284,3,1,4,Sanoat uskunasi,0.6477,1.083,0.2052,60,183299767,416780646,0.3907,0.2807,0.7672,0.1971,0.1081,1,0.6798,1,0,,0.1176,0.0976,0.0679,0.1486,0.0691,0.9183,0.5725,1122.2692,0.3052,1.7295,0.2775,0.1783,0.3332,0.533,0.0535,0.45,416780646,10025225,-0.0122,0.639,0
TXN-2021-2208,2021-06-29,Sukuk,Qishloq xo'jaligi,Andijon,584,45,1.1,0.3444,1,0,2,Ko'chmas mulk,0.5426,11.979,0.0879,24,220186348,274217511,0.751,0.4312,0.7274,0.1395,0.0737,1,0.5743,3,0,A,0.0566,0.0964,0.058,0.0851,0.0185,0.9636,0.7154,1074.3383,0.2132,1.5256,0.1869,0.1235,0.0,0.5723,0.0391,0.28,274217511,3001949,-0.0059,-0.7435,0
TXN-2024-2209,2024-10-28,Murabaha,Savdo,Toshkent,513,40,0.5,0.2567,3,0,4,Transport,0.6235,0.072,0.2336,48,132007988,66824294,0.5467,0.3583,0.959,0.3029,0.286,1,0.3355,0,0,,0.0604,0.0658,0.0494,0.0842,0.0851,1.1462,0.5848,821.5156,0.5889,3.8061,0.16,0.1006,0.0,0.3942,0.0456,0.45,66824294,1372441,-0.0063,1.7159,0
TXN-2022-2210,2022-10-17,Sukuk,Xizmat,Toshkent,631,31,0.9,0.3262,0,0,3,Sanoat uskunasi,0.744,10.801,0.0565,60,294491531,44636254,0.7974,0.3202,0.7702,0.0897,0.0964,1,0.5342,3,0,BBB,0.061,0.0788,0.0499,0.25,0.0746,1.1421,0.2764,847.0097,0.1862,0.9122,0.2426,0.279,0.0,0.6268,0.0302,0.28,44636254,377113,-0.0063,-1.2039,0
TXN-2024-2211,2024-09-29,Ijara,Qurilish,Toshkent,603,41,6.4,0.4622,0,0,4,Ko'chmas mulk,0.6303,0.706,0.1353,48,271336934,122232446,0.4302,0.5797,0.9163,0.4002,0.4,0,0.6068,6,1,,0.1234,0.1157,0.0663,0.25,0.085,0.9639,0.4404,955.2001,0.8002,1.0874,0.2913,0.2994,0.0,0.183,0.1239,0.35,122232446,5302392,-0.0128,0.0427,1
TXN-2022-2212,2022-12-13,Ijara,Qurilish,Toshkent,562,39,9.7,0.402,3,0,2,Tovar,0.3986,1.451,0.1304,48,354164901,75479518,0.4533,0.5655,0.8201,0.0561,0.0293,1,0.6441,4,0,,0.1143,0.0965,0.0588,0.25,0.0623,0.8922,0.4557,1406.3061,0.0854,1.1311,0.1603,0.2877,0.0,0.7501,0.0729,0.35,75479518,1925902,-0.0118,0.0032,0
TXN-2024-2213,2024-12-24,Murabaha,Qurilish,Toshkent,630,47,26.6,0.3465,0,0,2,Ko'chmas mulk,0.6819,5.379,0.0959,36,216483542,205905458,0.5992,0.2933,0.9208,0.0558,0.2436,1,0.3893,2,0,,0.14,0.1197,0.0418,0.0655,0.0761,1.0763,0.6097,922.5852,0.2994,0.6799,0.2362,0.1434,0.0,0.6451,0.113,0.45,205905458,10472476,-0.0145,-0.2438,1
TXN-2021-2214,2021-05-13,Sukuk,Savdo,Boshqa,686,45,2.6,0.2806,1,0,5,Ko'chmas mulk,0.6775,0.7,0.0814,48,375281028,244560540,0.2871,0.6,0.8742,0.1293,0.2094,1,0.3923,1,0,BBB,0.0594,0.0822,0.0725,0.1976,0.0786,0.9937,0.5416,1010.9869,0.3387,1.349,0.1901,0.2072,0.0,0.5782,0.0053,0.28,244560540,364154,-0.0062,-0.8174,0
TXN-2024-2215,2024-02-01,Ijara,Qurilish,Boshqa,644,38,5.5,0.1751,4,0,5,Ko'chmas mulk,0.6735,0.637,0.1016,12,299835793,177556598,0.5389,0.6,0.8674,0.3007,0.2662,1,0.197,5,1,,0.1066,0.0737,0.0451,0.25,0.0688,1.105,0.442,954.7211,0.5668,0.9439,0.118,0.2786,0.0,0.3757,0.0258,0.35,177556598,1603579,-0.011,-0.2663,0
TXN-2024-2216,2024-01-16,Murabaha,Xizmat,Toshkent,671,29,16.6,0.4677,1,1,3,Ko'chmas mulk,0.3161,2.576,0.0822,24,513473164,84434995,0.3685,0.6,0.803,0.2436,0.0625,1,0.4126,3,0,,0.0932,0.0682,0.0763,0.25,0.0364,1.045,0.4107,2115.7539,0.3061,0.8725,0.1478,0.2419,0.999,0.5572,0.0523,0.45,84434995,1989036,-0.0097,-0.5128,0
TXN-2022-2217,2022-08-18,Ijara,Savdo,Andijon,799,31,1.1,0.3883,1,0,4,Ko'chmas mulk,0.6981,3.056,0.0776,48,208726711,60986704,0.5659,0.3465,0.8151,0.1439,0.0856,1,0.3658,2,1,,0.0952,0.0602,0.0354,0.25,0.054,0.9922,0.7213,1142.8517,0.2295,0.8067,0.2711,0.2748,0.0,0.628,0.0162,0.35,60986704,346444,-0.0099,-0.5504,0
TXN-2022-2218,2022-09-07,Murabaha,Qurilish,Andijon,615,32,7.6,0.3948,0,0,4,Boshqa,0.7132,0.019,0.1272,84,430813075,235750040,0.7851,0.6,0.8393,0.1794,0.1742,1,0.2316,4,0,,0.0878,0.0886,0.0407,0.1162,0.1073,1.0184,0.8736,861.0775,0.3536,1.4315,0.2816,0.1641,0.0,0.5425,0.0508,0.45,235750040,5389743,-0.0091,-0.0324,0
TXN-2021-2219,2021-11-19,Sukuk,Qishloq xo'jaligi,Buxoro,668,34,8.4,0.4924,2,0,2,Ko'chmas mulk,0.7433,1.497,0.0879,36,213895019,265140434,0.4827,0.3686,0.5704,0.3539,0.1932,1,0.4198,1,0,A,0.0825,0.0942,0.0739,0.1252,0.0757,1.0676,0.698,897.5352,0.5471,1.0529,0.366,0.1455,0.0,0.2583,0.1007,0.28,265140434,7477193,-0.0085,-0.5109,0
TXN-2024-2220,2024-12-28,Murabaha,Savdo,Buxoro,601,40,0.6,0.2993,1,0,3,Ko'chmas mulk,0.5957,1.679,0.1137,48,359577926,322194257,0.4768,0.3878,0.6984,0.1493,0.0923,0,0.7539,2,0,,0.0986,0.0834,0.0453,0.1429,0.0911,0.9659,0.5578,1007.259,0.2416,1.1424,0.1783,0.181,0.0,0.5297,0.0847,0.45,322194257,12279217,-0.0102,-0.1649,1
TXN-2024-2221,2024-12-24,Ijara,Qishloq xo'jaligi,Samarqand,573,45,11.9,0.3326,2,0,3,Ko'chmas mulk,0.4053,0.793,0.145,48,543030867,121128700,0.7172,0.6,0.5904,0.1485,0.1358,1,0.7905,1,1,,0.1135,0.1091,0.0803,0.25,0.062,1.0446,0.3639,1410.2292,0.2843,1.2659,0.1348,0.2787,0.0,0.4225,0.0739,0.35,121128700,3132508,-0.0118,0.1318,0
TXN-2024-2222,2024-12-05,Musharaka,Xizmat,Toshkent,595,37,10.1,0.254,1,0,4,Sanoat uskunasi,0.3221,1.975,0.135,120,495187400,139219386,0.5247,0.6,0.8806,0.4683,0.1715,1,0.2081,8,0,,0.2749,0.0833,0.0678,0.25,0.0569,0.9982,0.6152,1841.8179,0.6398,0.4891,0.0818,0.2655,0.0,0.3172,0.1657,0.6,139219386,13844090,-0.0285,0.018,0
TXN-2024-2223,2024-07-30,Murabaha,Savdo,Toshkent,604,38,0.5,0.4468,3,1,4,Tovar,0.8042,0.42,0.1507,60,216519105,261896515,0.4004,0.5158,0.8707,0.1922,0.0582,1,0.316,1,0,,0.1109,0.0809,0.0781,0.25,0.0372,0.9456,0.7176,750.1426,0.2504,1.3466,0.3593,0.2527,0.3332,0.6527,0.0794,0.45,261896515,9361338,-0.0115,0.1867,0
TXN-2021-2224,2021-12-23,Murabaha,Savdo,Samarqand,675,39,0.6,0.1317,1,1,5,Tovar,0.5772,0.977,0.14,48,178504470,149637336,0.519,0.4449,0.6424,0.1426,0.1849,1,0.3515,2,0,,0.0766,0.077,0.0546,0.25,0.0392,0.9713,0.8409,1167.3755,0.3276,1.8034,0.076,0.2724,0.999,0.432,0.026,0.45,149637336,1753465,-0.0079,0.13,0
TXN-2023-2225,2023-01-11,Murabaha,Qishloq xo'jaligi,Toshkent,844,32,0.5,0.2346,2,0,4,Ko'chmas mulk,0.7594,3.123,0.1274,24,438202491,99408117,0.4891,0.2332,0.6543,0.3521,0.0823,1,0.6087,2,0,,0.1092,0.1078,0.0376,0.1945,0.0698,1.0489,0.6209,1109.9355,0.4344,1.1561,0.1781,0.2647,0.0,0.3701,0.0362,0.45,99408117,1621592,-0.0113,-0.024,0
TXN-2023-2226,2023-11-08,Musharaka,Qurilish,Namangan,584,28,2.4,0.2774,2,0,5,Sanoat uskunasi,0.3113,5.174,0.0979,36,186400859,82486005,0.7234,0.1409,0.9269,0.3495,0.2952,1,0.3958,1,0,,0.2482,0.092,0.0393,0.25,0.0891,0.9486,0.5605,1870.1871,0.6447,0.3929,0.0863,0.3028,0.0,0.3293,0.0788,0.6,82486005,3897831,-0.0257,-0.1293,0
TXN-2022-2227,2022-04-05,Murabaha,Qurilish,Buxoro,609,21,4.3,0.3037,2,0,5,Sanoat uskunasi,0.6129,2.225,0.1332,24,443153312,245392564,0.6654,0.2123,0.9791,0.1954,0.0373,1,0.6869,3,0,,0.1108,0.1015,0.0753,0.25,0.0481,1.0365,0.6057,991.9504,0.2327,1.1914,0.1862,0.2762,0.0,0.7513,0.0196,0.45,245392564,2160231,-0.0115,0.0286,0
TXN-2021-2228,2021-09-06,Musharaka,Qurilish,Andijon,639,31,4.6,0.213,0,1,5,Transport,0.7095,0.194,0.1415,60,119459008,120988703,0.6357,0.2261,0.5708,0.1849,0.0664,1,0.2422,3,0,,0.2525,0.1266,0.0473,0.2085,0.0416,1.103,0.8631,899.3817,0.2513,0.5581,0.1511,0.2878,1000.0,0.4273,0.1687,0.6,120988703,12244768,-0.0262,0.0455,0
TXN-2022-2229,2022-02-16,Murabaha,Qishloq xo'jaligi,Samarqand,678,42,1.9,0.3347,2,1,3,Transport,0.7612,2.839,0.1785,36,325138117,101390561,0.7236,0.308,0.8203,0.186,0.1103,1,0.2602,3,0,,0.1323,0.14,0.0588,0.1297,0.0719,0.8205,0.6152,889.4762,0.2962,1.3386,0.2548,0.2109,0.4998,0.5773,0.0827,0.45,101390561,3774345,-0.0137,0.3662,0
TXN-2021-2230,2021-10-12,Murabaha,Savdo,Toshkent,667,30,14.6,0.1788,2,0,3,Tovar,0.5136,5.697,0.1655,36,196185470,203384199,0.5707,0.255,0.9008,0.2709,0.2454,1,0.5109,3,0,,0.0984,0.05,0.0374,0.25,0.0474,0.908,0.8171,1296.2246,0.5164,1.6652,0.0918,0.2626,0.0,0.4357,0.0369,0.45,203384199,3379173,-0.0102,0.3611,0
TXN-2022-2231,2022-04-30,Ijara,Qishloq xo'jaligi,Andijon,754,35,2.8,0.3663,3,0,4,Ko'chmas mulk,0.4612,1.755,0.1024,84,90056205,90138681,0.7671,0.5602,0.6076,0.5,0.3431,0,0.7901,0,1,,0.1086,0.1133,0.0685,0.1457,0.0584,1.081,0.7252,1631.4967,0.8431,0.9342,0.1689,0.1905,0.0,0.0953,0.0386,0.35,90138681,1217618,-0.0113,-0.2545,0
TXN-2023-2232,2023-10-09,Murabaha,Savdo,Buxoro,438,42,0.5,0.4431,1,0,4,Ko'chmas mulk,0.4272,1.702,0.1043,60,153783481,99033225,0.6043,0.3686,0.7005,0.0567,0.0569,1,0.6988,1,0,,0.1387,0.0689,0.0287,0.0334,0.0337,1.0094,0.6126,1022.7794,0.1136,0.7462,0.1893,0.0736,0.0,0.621,0.0901,0.45,99033225,4014940,-0.0144,-0.1855,0
TXN-2021-2233,2021-02-23,Sukuk,Qishloq xo'jaligi,Buxoro,442,43,2.1,0.3199,2,0,3,Ko'chmas mulk,0.8099,11.894,0.0776,60,193989476,152634154,0.627,0.3723,0.7765,0.2232,0.0138,1,0.4134,3,0,AAA,0.0847,0.0955,0.0799,0.25,0.0475,1.0421,0.5822,545.0533,0.237,0.9058,0.2591,0.2656,0.0,0.5925,0.0753,0.28,152634154,3216777,-0.0088,-0.6178,0
TXN-2023-2234,2023-01-10,Sukuk,IT,Toshkent,602,27,4.5,0.4597,2,0,5,Transport,0.5671,2.529,0.0938,24,776504424,107070053,0.7582,0.3173,0.8315,0.0083,0.2908,1,0.3906,4,0,BBB,0.0959,0.0677,0.0337,0.25,0.1148,1.0292,0.7588,1059.6433,0.2991,0.9688,0.2607,0.284,0.0,0.5828,0.0103,0.28,107070053,308638,-0.0099,-0.3771,0
TXN-2024-2235,2024-02-09,Ijara,Xizmat,Buxoro,738,47,3.1,0.3462,3,0,5,Ko'chmas mulk,0.4293,4.1,0.1515,12,50000000,399519210,0.6143,0.2593,0.8376,0.2672,0.0043,1,0.3835,1,1,,0.0823,0.0637,0.0387,0.25,0.087,1.052,0.7581,1715.1588,0.2715,1.8181,0.1486,0.275,0.0,0.6102,0.0061,0.35,399519210,847470,-0.0085,0.2608,0
TXN-2024-2236,2024-03-18,Musharaka,IT,Boshqa,511,49,1.9,0.5567,2,1,4,Sanoat uskunasi,0.7726,2.6,0.2508,24,200383201,215590322,0.4871,0.2175,0.7779,0.1487,0.3132,1,0.4474,1,0,,0.1609,0.0713,0.0547,0.25,0.0625,1.0794,0.8375,660.5095,0.4619,1.5493,0.4301,0.2666,0.4998,0.4186,0.3614,0.6,215590322,46749881,-0.0167,0.7508,0
TXN-2023-2237,2023-01-26,Sukuk,Savdo,Samarqand,389,26,0.8,0.4382,1,0,3,Moliyaviy aktiv,0.6893,0.624,0.04,48,198474048,162196507,0.6237,0.2316,0.7366,0.5,0.2846,0,0.503,1,0,AA,0.0934,0.0781,0.0974,0.25,0.0527,1.0867,0.4713,563.5541,0.7846,0.4238,0.302,0.2307,0.0,0.1586,0.2294,0.28,162196507,10419324,-0.0097,-0.9637,0
TXN-2023-2238,2023-08-16,Murabaha,IT,Buxoro,693,29,10.3,0.2472,1,2,5,Sanoat uskunasi,0.6733,0.835,0.2007,36,136723079,396685389,0.7609,0.2938,0.8009,0.0852,0.156,1,0.1925,5,0,,0.1194,0.0518,0.0491,0.1797,0.0946,1.0017,0.6111,1027.6584,0.2412,1.6674,0.1665,0.1824,1.998,0.6078,0.0221,0.45,396685389,3953824,-0.0124,0.5924,0
TXN-2024-2239,2024-02-04,Murabaha,Savdo,Toshkent,665,49,30.0,0.4365,0,0,1,Transport,0.3055,2.739,0.1353,24,193859575,156927169,0.5772,0.5771,0.9468,0.3453,0.0239,1,0.23,3,0,,0.1184,0.0801,0.0492,0.25,0.0296,1.0808,0.8645,2169.8188,0.3692,1.1329,0.1333,0.2809,0.0,0.5972,0.0741,0.45,156927169,5231014,-0.0123,0.0446,1
TXN-2021-2240,2021-09-23,Murabaha,Savdo,Samarqand,552,36,2.4,0.3296,1,0,2,Tovar,0.8581,1.522,0.085,48,223911430,316504427,0.6272,0.167,0.8767,0.2805,0.1614,1,0.4609,1,0,,0.1533,0.08,0.0513,0.25,0.1118,1.0405,0.2,642.5341,0.4419,0.5507,0.2829,0.2786,0.0,0.4893,0.2121,0.45,316504427,30201651,-0.0159,-0.2936,0
TXN-2024-2241,2024-06-07,Ijara,Savdo,Boshqa,561,21,2.9,0.4085,3,0,5,Tovar,0.7995,1.295,0.1185,24,163699397,73979423,0.3187,0.4521,0.8689,0.2879,0.089,1,0.5501,4,1,,0.0723,0.1115,0.0869,0.0724,0.0833,0.9613,0.7761,700.8339,0.3768,1.617,0.3266,0.097,0.0,0.5415,0.0439,0.35,73979423,1135528,-0.0075,-0.1596,0
TXN-2021-2242,2021-06-26,Murabaha,Savdo,Toshkent,562,24,5.8,0.3916,1,0,4,Transport,0.7987,0.057,0.1069,48,303207400,95352866,0.5963,0.2955,0.9615,0.312,0.1887,1,0.6985,1,0,,0.0951,0.074,0.0896,0.1454,0.0712,1.0076,0.8787,702.7216,0.5007,1.1125,0.3128,0.1297,0.0,0.4801,0.0682,0.45,95352866,2928422,-0.0099,-0.2424,0
TXN-2021-2243,2021-05-15,Musharaka,Savdo,Namangan,654,35,7.6,0.3861,2,1,3,Sanoat uskunasi,0.5947,5.393,0.2791,48,632098777,75894756,0.7132,0.2627,0.9023,0.1362,0.1184,1,0.3179,1,0,,0.3209,0.0929,0.0717,0.25,0.0374,1.0994,0.8667,1097.8533,0.2546,0.8671,0.2296,0.2712,0.4998,0.6726,0.0949,0.6,75894756,4323202,-0.0333,0.4647,1
TXN-2022-2244,2022-09-26,Sukuk,Ishlab chiqarish,Boshqa,591,26,3.0,0.3234,0,0,5,Sanoat uskunasi,0.8994,5.396,0.0855,48,237521886,211255431,0.6207,0.3249,0.7299,0.2883,0.1892,1,0.3977,2,0,AA,0.0697,0.05,0.072,0.2424,0.0701,0.9597,0.4377,656.3865,0.4775,1.209,0.2909,0.2204,0.0,0.3814,0.0196,0.28,211255431,1161608,-0.0072,-0.6378,0
TXN-2023-2245,2023-03-27,Sukuk,Savdo,Boshqa,686,33,14.1,0.581,1,0,3,Ko'chmas mulk,0.6219,1.545,0.0761,120,162073479,50327325,0.6375,0.1952,0.918,0.1525,0.0514,1,0.5699,1,0,AA,0.0646,0.1007,0.0472,0.25,0.0774,1.1463,0.5643,1101.3385,0.2039,1.1592,0.3613,0.3035,0.0,0.7308,0.022,0.28,50327325,310335,-0.0067,-0.8338,0
TXN-2023-2246,2023-09-08,Musharaka,Qurilish,Samarqand,402,38,4.9,0.4008,2,0,4,Transport,0.8073,3.016,0.3,36,229075395,185365669,0.5637,0.4196,0.6905,0.4238,0.1729,1,0.6817,1,0,,0.2615,0.1074,0.0401,0.25,0.0832,1.0314,0.702,497.3173,0.5967,1.143,0.3236,0.3174,0.0,0.2785,0.53,0.6,185365669,58942371,-0.0271,0.6502,1
TXN-2023-2247,2023-12-13,Murabaha,Qurilish,Toshkent,572,52,3.6,0.2167,5,0,4,Ko'chmas mulk,0.5952,0.489,0.156,36,198589447,105034315,0.5453,0.4116,0.9333,0.0675,0.1375,1,0.7864,3,0,,0.1371,0.0954,0.0799,0.2495,0.076,1.105,0.2451,959.4287,0.205,1.1298,0.129,0.265,0.0,0.742,0.0346,0.45,105034315,1637269,-0.0142,0.1896,0
TXN-2023-2248,2023-04-22,Ijara,Savdo,Samarqand,549,35,6.2,0.3703,0,1,3,Boshqa,0.4773,1.752,0.1047,24,472510044,162612366,0.6753,0.3077,0.5252,0.3262,0.2578,1,0.6097,1,1,,0.0907,0.0771,0.0701,0.25,0.0367,1.0439,0.5614,1147.7798,0.584,1.142,0.1768,0.257,1000.0,0.2185,0.1135,0.35,162612366,6457724,-0.0094,-0.279,0
TXN-2023-2249,2023-04-19,Musharaka,IT,Buxoro,623,48,18.3,0.4494,2,1,3,Ko'chmas mulk,0.5258,1.444,0.2912,36,185203401,146394735,0.428,0.2796,0.9766,0.482,0.0841,1,0.3885,2,0,,0.2488,0.1135,0.0585,0.1748,0.0683,0.9738,0.5767,1182.5086,0.5661,1.1656,0.2363,0.2297,0.4998,0.4238,0.2647,0.6,146394735,23250098,-0.0258,0.6477,0
TXN-2024-2250,2024-03-23,Murabaha,Qurilish,Namangan,599,52,9.5,0.3837,3,0,5,Ko'chmas mulk,0.7054,2.672,0.1924,60,327816977,218897107,0.814,0.4849,0.5517,0.2486,0.1194,1,0.7268,3,0,,0.1245,0.1097,0.0537,0.2064,0.0278,0.9451,0.5561,847.9163,0.368,1.5332,0.2707,0.2625,0.0,0.3487,0.066,0.45,218897107,6504475,-0.0129,0.501,0
TXN-2021-2251,2021-06-01,Murabaha,Savdo,Toshkent,712,52,0.5,0.6963,2,1,3,Transport,0.7251,1.586,0.1154,84,291007913,710005253,0.5733,0.5142,0.8365,0.089,0.1542,1,0.2205,3,0,,0.1307,0.1161,0.0555,0.1377,0.0506,0.98,0.5836,980.591,0.2433,0.8761,0.5049,0.1983,0.4998,0.633,0.0817,0.45,710005253,26109502,-0.0135,-0.1116,0
TXN-2021-2252,2021-09-14,Sukuk,Qurilish,Samarqand,486,40,2.4,0.5238,0,0,3,Tovar,0.8502,1.725,0.0799,84,260871298,609990777,0.5139,0.4968,0.7999,0.2552,0.0142,1,0.1417,0,0,AA,0.085,0.1037,0.0676,0.0637,0.0608,1.1188,0.6551,570.9509,0.2694,0.929,0.4454,0.0998,0.0,0.5844,0.071,0.28,609990777,12133667,-0.0088,-0.5899,0
TXN-2022-2253,2022-10-12,Ijara,Savdo,Boshqa,648,21,3.8,0.4481,2,0,4,Transport,0.7088,0.876,0.123,36,123756418,262899550,0.7344,0.5415,0.9543,0.2772,0.0946,1,0.8767,1,1,,0.1049,0.05,0.0878,0.0846,0.0556,1.1247,0.5224,912.9572,0.3718,1.1609,0.3176,0.0468,0.0,0.5995,0.0243,0.35,262899550,2238621,-0.0109,-0.0671,0
TXN-2024-2254,2024-08-08,Ijara,Xizmat,Boshqa,692,42,2.3,0.4494,1,1,2,Tovar,0.7519,0.124,0.1151,48,169257092,116728934,0.8586,0.41,0.4735,0.0569,0.1444,1,0.581,2,1,,0.0777,0.1119,0.0559,0.25,0.0454,0.9095,0.6305,919.133,0.2013,1.4638,0.3379,0.306,0.999,0.3782,0.0797,0.35,116728934,3254989,-0.008,-0.1914,0
TXN-2021-2255,2021-06-01,Sukuk,Ishlab chiqarish,Buxoro,802,48,7.2,0.1833,4,0,5,Sanoat uskunasi,0.5718,6.223,0.0822,48,218289318,169360010,0.3944,0.6,0.7825,0.0659,0.1069,1,0.4584,1,0,AAA,0.0752,0.0842,0.0265,0.1732,0.0568,0.9042,0.6578,1400.1593,0.1728,1.0795,0.1048,0.2309,0.0,0.6472,0.0031,0.28,169360010,148528,-0.0078,-0.6358,0
TXN-2023-2256,2023-07-11,Musharaka,Savdo,Buxoro,604,37,10.5,0.4579,0,0,2,Sanoat uskunasi,0.5933,0.031,0.1788,36,119775776,112362233,0.5003,0.2014,0.7763,0.2983,0.1866,1,0.3848,0,0,,0.1847,0.0976,0.07,0.1515,0.0794,1.0458,0.7509,1016.3801,0.4849,0.9628,0.2716,0.1791,0.0,0.3998,0.4021,0.6,112362233,27111738,-0.0191,0.2642,0
TXN-2023-2257,2023-08-13,Musharaka,Qurilish,Toshkent,672,55,7.9,0.5073,2,0,4,Tovar,0.4784,0.826,0.2849,24,135932903,88667882,0.6204,0.5413,0.9576,0.0723,0.0536,1,0.5077,1,0,,0.2995,0.088,0.077,0.25,0.0446,1.0085,0.7641,1401.6212,0.1259,0.9481,0.2427,0.2609,0.0,0.837,0.0912,0.6,88667882,4850101,-0.031,0.5172,0
TXN-2024-2258,2024-10-24,Musharaka,Qurilish,Boshqa,491,46,27.2,0.3133,4,0,3,Ko'chmas mulk,0.723,1.484,0.2428,12,183483134,37824466,0.4219,0.2911,0.6641,0.0304,0.0067,0,0.4383,4,0,,0.2224,0.0666,0.098,0.0615,0.0928,0.8875,0.544,678.1638,0.037,1.0867,0.2265,0.03,0.0,0.6395,0.4516,0.6,37824466,10249582,-0.023,0.5071,0
TXN-2023-2259,2023-11-26,Murabaha,Qishloq xo'jaligi,Toshkent,441,43,1.9,0.3147,4,0,5,Moliyaviy aktiv,0.712,0.961,0.1555,36,300390447,126530824,0.7817,0.3912,0.8722,0.0633,0.2224,1,0.4976,1,0,,0.1207,0.0767,0.0638,0.0755,0.092,1.2031,0.6907,618.5544,0.2857,1.278,0.2241,0.0884,0.0,0.6231,0.086,0.45,126530824,4897023,-0.0125,0.2115,0
TXN-2022-2260,2022-12-07,Musharaka,IT,Toshkent,716,48,12.5,0.2401,0,0,4,Tovar,0.9374,2.007,0.1596,24,569594356,180038107,0.3193,0.1839,0.6447,0.1895,0.0406,1,0.3882,1,0,,0.2391,0.1315,0.0467,0.0342,0.0747,1.0532,0.6113,762.9805,0.2301,0.6646,0.2251,0.1189,0.0,0.4963,0.2711,0.6,180038107,29281982,-0.0248,0.1236,0
TXN-2021-2261,2021-09-20,Ijara,Qurilish,Samarqand,644,41,8.7,0.274,2,1,3,Moliyaviy aktiv,0.8678,1.548,0.1162,72,287245245,227703080,0.6829,0.3353,0.7041,0.3043,0.0382,1,0.3525,3,1,,0.0873,0.0797,0.0456,0.1459,0.0555,1.0893,0.5431,741.2503,0.3425,1.3155,0.2378,0.18,0.4998,0.4629,0.0627,0.35,227703080,4998968,-0.009,-0.1582,1
TXN-2024-2262,2024-02-04,Musharaka,Savdo,Andijon,745,21,2.7,0.8179,0,0,5,Tovar,0.6242,0.738,0.2211,60,264054709,160607715,0.534,0.2281,0.8234,0.1553,0.2351,1,0.3234,5,0,,0.2354,0.1385,0.0598,0.2434,0.0277,1.0807,0.6457,1191.6344,0.3904,0.9352,0.5105,0.3221,0.0,0.502,0.1238,0.6,160607715,11930347,-0.0244,0.3868,0
TXN-2024-2263,2024-08-03,Sukuk,Qishloq xo'jaligi,Andijon,528,33,7.9,0.531,1,0,2,Tovar,0.7334,0.23,0.1151,48,255149420,91288343,0.9556,0.6,0.8801,0.4467,0.2246,1,0.0509,2,0,AA,0.0602,0.1092,0.039,0.25,0.0065,0.9996,0.7658,718.9199,0.6713,1.8794,0.3894,0.3202,0.0,0.2893,0.0799,0.28,91288343,2043284,-0.0062,-0.2475,0
TXN-2024-2264,2024-04-18,Musharaka,Ishlab chiqarish,Namangan,689,49,0.7,0.4593,2,1,4,Ko'chmas mulk,0.6268,0.37,0.1839,12,199415547,104709541,0.6877,0.2472,0.8201,0.1686,0.0151,1,0.3603,2,0,,0.2145,0.1267,0.0605,0.25,0.0581,1.0607,0.6747,1097.4785,0.1836,0.8534,0.2879,0.3162,0.4998,0.6695,0.1946,0.6,104709541,12225748,-0.0222,0.2513,0
TXN-2022-2265,2022-01-08,Musharaka,Qishloq xo'jaligi,Andijon,803,29,9.3,0.4631,2,0,5,Ko'chmas mulk,0.5502,1.665,0.2451,48,231093454,283286096,0.4075,0.3525,0.6918,0.2058,0.0966,1,0.3134,3,0,,0.237,0.0776,0.0764,0.25,0.0915,1.0932,0.863,1456.8364,0.3023,1.03,0.2548,0.2511,0.0,0.4827,0.0717,0.6,283286096,12186185,-0.0246,0.4858,0
TXN-2021-2266,2021-09-22,Musharaka,Savdo,Toshkent,680,35,4.6,0.6711,2,0,4,Ko'chmas mulk,0.4398,4.676,0.1101,48,343093757,44847201,0.4748,0.295,0.6724,0.0352,0.089,0,0.4586,2,0,,0.2731,0.0977,0.0924,0.2372,0.0544,1.0301,0.5524,1542.5077,0.1243,0.4017,0.2952,0.2425,0.0,0.5889,0.2009,0.6,44847201,5405459,-0.0283,-0.0728,0
TXN-2023-2267,2023-06-06,Musharaka,IT,Boshqa,668,27,2.1,0.5751,2,1,4,Ko'chmas mulk,0.5585,0.265,0.2391,36,431695957,103896718,0.8083,0.4776,0.7084,0.142,0.0567,1,0.817,5,0,,0.1962,0.1067,0.0591,0.25,0.0842,1.144,0.95,1193.8986,0.1987,1.2119,0.3212,0.2975,0.4998,0.5676,0.1572,0.6,103896718,9797114,-0.0203,0.5556,0
TXN-2023-2268,2023-10-27,Ijara,Qurilish,Toshkent,645,55,6.4,0.1914,1,1,1,Sanoat uskunasi,0.5189,2.827,0.1386,48,56586254,150859491,0.6298,0.3246,0.7461,0.1486,0.1879,1,0.2299,2,1,,0.1284,0.0507,0.0283,0.25,0.0969,1.0899,0.591,1240.5313,0.3364,1.0716,0.0993,0.2724,0.999,0.4951,0.0644,0.35,150859491,3397827,-0.0133,0.0672,1
TXN-2021-2269,2021-04-24,Murabaha,Qishloq xo'jaligi,Samarqand,511,54,6.2,0.2928,7,0,1,Ko'chmas mulk,0.3315,3.927,0.0829,60,377254436,111366456,0.7681,0.2848,0.7841,0.5,0.1047,1,0.2805,2,0,,0.0801,0.0796,0.0593,0.25,0.0865,0.8981,0.3703,1537.0271,0.6047,1.0222,0.0971,0.2703,0.0,0.31,0.2135,0.45,111366456,10700554,-0.0083,-0.5872,1
TXN-2021-2270,2021-09-12,Musharaka,Savdo,Buxoro,760,29,1.4,0.4787,3,0,1,Ko'chmas mulk,0.6155,0.81,0.1406,60,205049411,51277074,0.5613,0.6,0.45,0.2397,0.0714,1,0.2211,2,0,,0.3063,0.1284,0.0305,0.25,0.0849,1.0817,0.3573,1232.7455,0.3111,0.4576,0.2947,0.348,0.0,0.31,0.4479,0.6,51277074,13780410,-0.0317,0.0346,1
TXN-2023-2271,2023-11-28,Murabaha,Savdo,Toshkent,593,39,0.5,0.4309,4,0,5,Tovar,0.6151,2.758,0.1999,36,329219990,285567159,0.5485,0.3098,0.8203,0.1256,0.1764,1,0.4414,2,0,,0.0912,0.0839,0.0677,0.25,0.0262,0.9373,0.5808,962.5308,0.302,2.1687,0.2651,0.2662,0.0,0.5726,0.0351,0.45,285567159,4512701,-0.0094,0.7666,0
TXN-2021-2272,2021-11-10,Murabaha,Qurilish,Toshkent,687,31,3.4,0.4253,4,0,5,Moliyaviy aktiv,0.95,2.901,0.161,24,303768106,335257461,0.7667,0.3357,0.9181,0.1184,0.0259,1,0.4037,5,0,,0.0832,0.1014,0.081,0.25,0.0862,0.9138,0.6165,722.3975,0.1442,1.9131,0.404,0.2704,0.0,0.7857,0.0247,0.45,335257461,3722589,-0.0086,0.3731,0
TXN-2022-2273,2022-09-15,Musharaka,Savdo,Buxoro,512,44,5.1,0.2207,2,0,3,Tovar,0.6178,3.076,0.1731,36,226092660,74361850,0.9107,0.2347,0.635,0.171,0.3411,1,0.3214,0,0,,0.2106,0.0781,0.0759,0.25,0.088,1.0593,0.7737,827.4536,0.5121,0.8181,0.1364,0.2522,0.0,0.3098,0.3868,0.6,74361850,17258447,-0.0218,0.2045,0
TXN-2021-2274,2021-12-04,Ijara,Savdo,Boshqa,544,43,12.6,0.3721,1,0,3,Tovar,0.5379,5.537,0.1299,84,335419848,20000000,0.9409,0.3779,0.7126,0.1581,0.1897,1,0.3041,4,1,,0.1103,0.112,0.0378,0.25,0.0452,1.0054,0.7606,1009.4721,0.3478,1.1673,0.2001,0.3242,0.0,0.4648,0.0871,0.35,20000000,609979,-0.0114,-0.0012,0
TXN-2021-2275,2021-11-28,Sukuk,Savdo,Toshkent,766,46,15.8,0.502,1,0,2,Sanoat uskunasi,0.8023,1.271,0.1003,60,290360416,601772722,0.8682,0.3458,0.8682,0.3815,0.2542,1,0.513,2,0,A,0.0511,0.0963,0.0345,0.25,0.0737,1.0299,0.8869,953.5597,0.6357,1.9261,0.4028,0.3117,0.0,0.3163,0.0306,0.28,601772722,5152138,-0.0053,-0.581,0
TXN-2022-2276,2022-10-23,Musharaka,Savdo,Buxoro,615,41,4.5,0.3101,4,0,3,Moliyaviy aktiv,0.6015,0.698,0.2016,12,239224416,110944200,0.4551,0.6,0.6247,0.081,0.2742,1,0.503,1,0,,0.2134,0.0825,0.0441,0.25,0.0572,0.8336,0.4562,1020.7077,0.3552,0.9402,0.1865,0.2884,0.0,0.4028,0.2413,0.6,110944200,16063359,-0.0221,0.3355,1
TXN-2024-2277,2024-12-23,Ijara,Savdo,Buxoro,768,65,8.4,0.2073,1,0,3,Transport,0.7143,1.962,0.1481,60,229154433,75123937,0.5844,0.2432,0.8404,0.0944,0.1971,1,0.4408,1,1,,0.1023,0.09,0.0562,0.2274,0.0471,1.0708,0.6953,1073.6472,0.2916,1.4331,0.1481,0.2611,0.0,0.5954,0.0145,0.35,75123937,380195,-0.0106,0.1767,0
TXN-2022-2278,2022-04-07,Musharaka,Savdo,Toshkent,638,27,3.5,0.5399,0,1,4,Boshqa,0.3376,0.161,0.2887,24,135320007,137278298,0.8283,0.457,0.6452,0.2147,0.0953,1,0.2329,1,0,,0.2231,0.1193,0.0175,0.25,0.0375,1.1406,0.4296,1884.496,0.3101,1.2879,0.1822,0.3518,1000.0,0.4451,0.1233,0.6,137278298,10158584,-0.0231,0.711,0
TXN-2022-2279,2022-12-10,Musharaka,Ishlab chiqarish,Toshkent,488,21,8.2,0.2029,3,0,5,Ko'chmas mulk,0.7958,1.016,0.1214,48,246805893,185762018,0.6478,0.278,0.6929,0.1722,0.1182,1,0.6173,3,0,,0.2272,0.115,0.0586,0.25,0.0806,1.0737,0.4916,612.4283,0.2903,0.5321,0.1614,0.3064,0.0,0.4917,0.2139,0.6,185762018,23839188,-0.0235,-0.0376,0
TXN-2023-2280,2023-11-29,Murabaha,Qishloq xo'jaligi,Boshqa,720,34,1.4,0.5246,3,0,4,Tovar,0.671,5.369,0.1866,60,74105591,95563891,0.6817,0.1016,0.7645,0.0171,0.2128,1,0.5506,5,0,,0.1301,0.1048,0.0438,0.25,0.0301,0.993,0.5609,1071.4297,0.2299,1.423,0.352,0.311,0.0,0.5888,0.0419,0.45,95563891,1803196,-0.0135,0.4349,0
TXN-2022-2281,2022-08-05,Murabaha,Xizmat,Andijon,594,22,2.8,0.405,1,0,4,Sanoat uskunasi,0.6653,1.899,0.1251,48,290831978,162573958,0.5787,0.2418,0.7898,0.0578,0.0368,0,0.5675,1,0,,0.1399,0.1018,0.0471,0.25,0.1135,0.9728,0.5818,891.5283,0.0946,0.8882,0.2694,0.3047,0.0,0.715,0.074,0.45,162573958,5411186,-0.0145,-0.0347,0
TXN-2021-2282,2021-06-11,Murabaha,Xizmat,Toshkent,704,23,6.0,0.3918,0,0,4,Sanoat uskunasi,0.5899,1.435,0.0909,36,383542649,136510974,0.8306,0.4658,0.6535,0.2207,0.0695,1,0.7408,1,0,,0.1109,0.1361,0.0381,0.1549,0.0486,1.0499,0.7282,1191.4482,0.2902,0.8122,0.2311,0.2529,0.0,0.4638,0.0425,0.45,136510974,2610533,-0.0115,-0.3529,0
TXN-2022-2283,2022-05-29,Musharaka,Qurilish,Samarqand,647,27,0.5,0.5164,1,0,4,Sanoat uskunasi,0.5813,0.772,0.2586,36,102592040,91712601,0.8047,0.4497,0.7436,0.0753,0.0689,1,0.2816,2,0,,0.2638,0.1161,0.0211,0.25,0.0732,1.0503,0.6899,1111.1328,0.1442,0.9763,0.3002,0.345,0.0,0.6364,0.1205,0.6,91712601,6630313,-0.0273,0.4872,0
TXN-2022-2284,2022-02-07,Murabaha,Qishloq xo'jaligi,Buxoro,513,28,7.7,0.3549,0,0,4,Tovar,0.59,0.72,0.1124,36,207243020,47313443,0.3992,0.5651,0.6923,0.2238,0.0997,1,0.2406,2,0,,0.1333,0.0929,0.0644,0.2246,0.0393,1.0535,0.427,868.0137,0.3235,0.8366,0.2094,0.253,0.0,0.4683,0.0952,0.45,47313443,2026530,-0.0138,-0.1323,0
TXN-2024-2285,2024-07-24,Murabaha,Qishloq xo'jaligi,Andijon,658,28,10.8,0.5919,2,0,3,Tovar,0.2657,0.675,0.1799,60,573451698,377036546,0.5956,0.4572,0.8327,0.0294,0.2431,1,0.5552,0,0,,0.0878,0.1072,0.0844,0.0915,0.0582,1.0489,0.6841,2467.6433,0.2725,2.025,0.1573,0.1143,0.0,0.6058,0.0461,0.45,377036546,7826710,-0.0091,0.5681,0
TXN-2024-2286,2024-02-03,Murabaha,Xizmat,Toshkent,831,43,3.1,0.3338,0,1,3,Ko'chmas mulk,0.7405,4.419,0.1832,60,906594401,220355485,0.3503,0.4522,0.7937,0.152,0.1196,1,0.6049,2,0,,0.1154,0.0633,0.0438,0.25,0.0629,1.133,0.7021,1120.685,0.2717,1.5741,0.2472,0.2695,1000.0,0.5781,0.0389,0.45,220355485,3855939,-0.012,0.4608,0
TXN-2022-2287,2022-07-17,Sukuk,Ishlab chiqarish,Toshkent,686,32,3.6,0.4685,0,0,4,Ko'chmas mulk,0.2805,10.503,0.1486,60,230912704,86689196,0.2765,0.1731,0.6711,0.0243,0.1764,1,0.3244,2,0,A,0.0527,0.0879,0.0577,0.25,0.0636,0.9429,0.5193,2437.1837,0.2007,2.7646,0.1314,0.2802,0.0,0.5364,0.0126,0.28,86689196,304784,-0.0055,0.3522,0
TXN-2021-2288,2021-09-14,Murabaha,Savdo,Buxoro,640,36,11.4,0.3211,3,0,5,Ko'chmas mulk,0.6172,1.913,0.1894,24,254034313,197162550,0.509,0.3889,0.6853,0.1271,0.3618,1,0.586,0,0,,0.153,0.1106,0.0633,0.1987,0.0472,0.8,0.4181,1035.3469,0.4889,1.2297,0.1982,0.2461,0.0,0.3502,0.0504,0.45,197162550,4474501,-0.0159,0.3882,0
TXN-2024-2289,2024-07-04,Musharaka,Qishloq xo'jaligi,Buxoro,736,46,9.0,0.4454,2,0,4,Ko'chmas mulk,0.5543,0.208,0.2582,60,234439928,80761647,0.3382,0.59,0.7503,0.2987,0.3023,0,0.8592,3,0,,0.2968,0.129,0.0564,0.25,0.0875,0.897,0.542,1325.4223,0.601,0.8672,0.2469,0.3226,0.0,0.2993,0.1887,0.6,80761647,9143883,-0.0308,0.432,0
TXN-2022-2290,2022-09-13,Murabaha,Savdo,Andijon,662,30,2.0,0.485,2,0,5,Ko'chmas mulk,0.7327,3.476,0.1872,12,267819741,144488464,0.7015,0.5477,0.7729,0.2308,0.1408,1,0.4241,1,0,,0.1051,0.0929,0.079,0.2202,0.0624,1.1194,0.5814,902.2452,0.3716,1.7649,0.3554,0.234,0.0,0.4857,0.0561,0.45,144488464,3646460,-0.0109,0.5442,0
TXN-2024-2291,2024-06-12,Musharaka,Qurilish,Toshkent,662,35,2.3,0.4616,2,0,1,Sanoat uskunasi,0.4703,5.24,0.1935,24,513556590,224855035,0.6422,0.2926,0.8612,0.2835,0.2687,1,0.457,5,0,,0.2606,0.14,0.0674,0.25,0.0451,1.1207,0.5076,1404.5726,0.5522,0.7399,0.2171,0.3226,0.0,0.3857,0.4885,0.6,224855035,65904586,-0.027,0.2438,0
TXN-2023-2292,2023-12-29,Murabaha,Qishloq xo'jaligi,Samarqand,552,41,6.8,0.2346,3,0,4,Transport,0.4947,6.692,0.1942,36,245184492,205364530,0.655,0.2607,0.6706,0.287,0.2474,1,0.3077,1,0,,0.0516,0.05,0.0955,0.2145,0.0734,1.1115,0.6813,1113.5077,0.5343,3.6911,0.116,0.1691,0.0,0.3123,0.077,0.45,205364530,7119275,-0.0053,1.2437,0
TXN-2021-2293,2021-07-11,Murabaha,Xizmat,Andijon,664,21,5.0,0.55,1,1,5,Tovar,0.5791,2.477,0.1295,36,107463910,111664204,0.5894,0.549,0.8483,0.1985,0.3758,1,0.6343,1,0,,0.1599,0.05,0.0607,0.25,0.078,1.2201,0.4385,1144.5511,0.5743,0.805,0.3185,0.2393,0.999,0.3611,0.0432,0.45,111664204,2171636,-0.0166,-0.0031,0
TXN-2023-2294,2023-10-27,Musharaka,Qurilish,Boshqa,733,21,1.1,0.5513,1,0,4,Transport,0.6183,1.768,0.1426,24,285511733,262810332,0.7422,0.2668,0.8224,0.4052,0.1751,0,0.3483,4,0,,0.2071,0.0577,0.0658,0.25,0.081,1.0686,0.3306,1183.5181,0.5804,0.6852,0.3409,0.2419,0.0,0.3451,0.0989,0.6,262810332,15602606,-0.0215,0.0608,0
TXN-2024-2295,2024-08-05,Murabaha,Savdo,Andijon,573,41,2.2,0.4859,1,0,5,Sanoat uskunasi,0.5875,2.422,0.1638,12,194238577,149514584,0.7476,0.1672,0.8795,0.0439,0.0601,1,0.5855,1,0,,0.1339,0.1215,0.055,0.1788,0.0801,1.1135,0.2937,973.6283,0.1039,1.2142,0.2855,0.2453,0.0,0.7881,0.0388,0.45,149514584,2607687,-0.0139,0.2523,0
TXN-2021-2296,2021-12-12,Murabaha,Ishlab chiqarish,Andijon,766,42,13.8,0.3057,0,0,4,Ko'chmas mulk,0.7948,0.033,0.1896,48,124964681,102625408,0.7862,0.2831,0.7218,0.451,0.0192,1,0.346,0,0,,0.0894,0.1356,0.0743,0.091,0.0588,1.0219,0.5066,962.5281,0.4702,2.0962,0.243,0.1523,0.0,0.3824,0.0477,0.45,102625408,2201622,-0.0093,0.666,0
TXN-2024-2297,2024-04-27,Murabaha,Qurilish,Toshkent,637,58,7.0,0.2786,4,1,3,Tovar,0.8631,2.664,0.1332,36,124991017,479501595,0.5574,0.5391,0.9796,0.2878,0.1035,1,0.5516,5,0,,0.1579,0.1014,0.0647,0.25,0.0827,1.058,0.5526,737.1966,0.3913,0.8382,0.2405,0.2867,0.2499,0.5963,0.0698,0.45,479501595,15057292,-0.0164,0.02,0
TXN-2024-2298,2024-04-04,Murabaha,Ishlab chiqarish,Toshkent,569,39,25.6,0.5559,0,0,3,Tovar,0.5015,3.092,0.1242,12,229056708,67568699,0.6241,0.2955,0.7955,0.2936,0.0586,1,0.2022,4,0,,0.1206,0.098,0.0561,0.25,0.0405,1.1892,0.5186,1132.2552,0.3522,1.0213,0.2788,0.2919,0.0,0.5153,0.1059,0.45,67568699,3219526,-0.0125,-0.048,0
TXN-2021-2299,2021-11-12,Murabaha,Qishloq xo'jaligi,Andijon,729,46,8.7,0.2883,2,0,4,Ko'chmas mulk,0.579,3.201,0.0826,36,356406338,196342784,0.6392,0.4703,0.6988,0.1902,0.3597,0,0.5589,0,0,,0.0616,0.14,0.0596,0.25,0.0434,0.9034,0.5908,1256.9102,0.5499,1.3195,0.1669,0.3304,0.0,0.3145,0.0493,0.45,196342784,4352146,-0.0064,-0.7701,0
TXN-2021-2300,2021-12-17,Murabaha,Qurilish,Samarqand,620,36,17.1,0.3267,1,1,5,Ko'chmas mulk,0.6927,2.07,0.1071,36,344697476,400114235,0.545,0.5737,0.8647,0.0945,0.0776,1,0.3634,3,0,,0.1271,0.1027,0.0791,0.1988,0.0909,1.0619,0.6493,893.7156,0.1721,0.8359,0.2263,0.2224,0.999,0.7159,0.0261,0.45,400114235,4702644,-0.0132,-0.1801,0
TXN-2024-2301,2024-09-11,Ijara,Savdo,Toshkent,709,40,1.5,0.6575,1,2,2,Ko'chmas mulk,0.4863,3.01,0.0991,48,504431722,45086783,0.8485,0.0963,0.778,0.1951,0.1248,1,0.5589,0,1,,0.0988,0.0888,0.0286,0.2396,0.0795,1.0155,0.5835,1454.9196,0.3199,0.9931,0.3198,0.2998,1.998,0.5291,0.057,0.35,45086783,899970,-0.0102,-0.3126,0
TXN-2024-2302,2024-07-02,Musharaka,Xizmat,Samarqand,620,54,8.9,0.3399,0,0,4,Tovar,0.7916,2.546,0.2536,72,155379670,466691647,0.5964,0.4386,0.8837,0.2424,0.1597,1,0.278,3,0,,0.1889,0.1076,0.0384,0.25,0.0594,1.0417,0.5854,782.2452,0.4021,1.3349,0.269,0.3192,0.0,0.5284,0.1409,0.6,466691647,39459257,-0.0196,0.6539,0
TXN-2024-2303,2024-05-24,Musharaka,Qurilish,Buxoro,639,21,0.5,0.444,1,0,4,Tovar,0.5599,0.307,0.1557,36,195997647,484345111,0.654,0.3459,0.8891,0.5,0.0654,1,0.395,3,0,,0.2802,0.1066,0.0555,0.0922,0.036,1.0532,0.5099,1139.3346,0.5654,0.5537,0.2486,0.1432,0.0,0.3864,0.1744,0.6,484345111,50694348,-0.029,0.0918,1
TXN-2022-2304,2022-11-23,Murabaha,IT,Namangan,686,42,6.7,0.3851,2,0,2,Sanoat uskunasi,0.7676,5.716,0.1593,120,358267229,106909475,0.5207,0.3991,0.7917,0.2104,0.4,1,0.3614,1,0,,0.1105,0.0989,0.0755,0.25,0.0716,0.8745,0.5548,892.5379,0.6104,1.4289,0.2956,0.2734,0.0,0.3084,0.1642,0.45,106909475,7899829,-0.0114,0.2648,0
TXN-2024-2305,2024-02-29,Sukuk,Qishloq xo'jaligi,Toshkent,669,59,3.8,0.6294,1,0,2,Ko'chmas mulk,0.75,2.437,0.0625,12,377081846,181739316,0.3196,0.4667,0.4694,0.2126,0.1093,1,0.7087,2,0,A,0.0894,0.1061,0.0393,0.25,0.0593,1.0245,0.611,890.8039,0.322,0.691,0.4721,0.3168,0.0,0.3183,0.1626,0.28,181739316,8276480,-0.0093,-0.7549,0
TXN-2021-2306,2021-03-26,Murabaha,Qurilish,Boshqa,475,40,2.6,0.6545,3,0,3,Ko'chmas mulk,0.6572,3.253,0.192,12,179006736,88635046,0.5485,0.0927,0.7949,0.0721,0.0647,1,0.6117,2,0,,0.102,0.1074,0.0555,0.25,0.0607,0.9371,0.2,721.7004,0.1368,1.865,0.4301,0.3019,0.0,0.6861,0.1424,0.45,88635046,5678800,-0.0106,0.6082,0
TXN-2021-2307,2021-02-28,Murabaha,Qurilish,Toshkent,549,54,11.9,0.6001,0,0,3,Ko'chmas mulk,0.5836,1.05,0.1494,48,162034871,83298598,0.8702,0.5735,0.715,0.1256,0.0384,1,0.5651,4,0,,0.1103,0.1072,0.045,0.2383,0.0646,0.9972,0.5334,939.1658,0.164,1.3419,0.3502,0.3005,0.0,0.5977,0.0991,0.45,83298598,3716276,-0.0114,0.176,0
TXN-2021-2308,2021-06-16,Musharaka,Savdo,Samarqand,723,31,11.6,0.4607,2,1,3,Ko'chmas mulk,0.95,6.291,0.0989,48,324638919,67200770,0.7724,0.5327,0.8523,0.0573,0.1147,1,0.3139,4,0,,0.2438,0.1215,0.0997,0.25,0.0417,1.0533,0.6011,760.2524,0.172,0.404,0.4377,0.2718,0.4998,0.7057,0.1735,0.6,67200770,6997446,-0.0253,-0.1276,0
TXN-2021-2309,2021-04-04,Murabaha,Qishloq xo'jaligi,Andijon,633,37,0.5,0.4167,1,0,3,Ko'chmas mulk,0.6381,1.746,0.1193,36,414704296,485910131,0.4729,0.2556,0.9376,0.3803,0.1971,1,0.208,3,0,,0.1275,0.1129,0.0631,0.25,0.0762,1.0372,0.6566,990.4362,0.5774,0.9285,0.2659,0.2998,0.0,0.3962,0.0824,0.45,485910131,18017446,-0.0132,-0.0842,0
TXN-2024-2310,2024-08-06,Murabaha,Qurilish,Toshkent,600,38,5.6,0.5279,0,0,2,Ko'chmas mulk,0.8448,2.841,0.109,24,212191584,126137731,0.5257,0.3515,0.5816,0.1013,0.2118,1,0.4664,3,0,,0.1127,0.0994,0.0504,0.2472,0.0697,1.0436,0.7813,709.3595,0.3131,0.9583,0.4459,0.2963,0.0,0.3995,0.2624,0.45,126137731,14896404,-0.0117,-0.1863,0
TXN-2024-2311,2024-03-27,Musharaka,Savdo,Namangan,529,21,2.8,0.5272,2,1,4,Sanoat uskunasi,0.5107,7.601,0.1939,60,322358016,56256778,0.3473,0.6,0.7843,0.1357,0.0209,1,0.3022,0,0,,0.2875,0.0729,0.0683,0.25,0.059,1.0194,0.6823,1033.8895,0.1566,0.6721,0.2692,0.2547,0.4998,0.6614,0.2574,0.6,56256778,8687251,-0.0298,0.2222,0
TXN-2022-2312,2022-06-27,Sukuk,Qishloq xo'jaligi,Boshqa,553,26,3.2,0.3849,3,1,4,Transport,0.7709,6.195,0.0911,84,245108948,307046590,0.4654,0.3402,0.8508,0.3539,0.1194,1,0.3081,3,0,AAA,0.0526,0.1016,0.0596,0.1709,0.0476,0.8039,0.4607,716.4589,0.4733,1.6997,0.2967,0.2129,0.3332,0.4481,0.0341,0.28,307046590,2934979,-0.0054,-0.7403,0
TXN-2024-2313,2024-08-26,Musharaka,Qishloq xo'jaligi,Toshkent,473,27,10.7,0.5578,3,0,4,Transport,0.3464,2.588,0.1621,120,165512799,237774740,0.887,0.2346,0.8295,0.1226,0.0132,1,0.5688,5,0,,0.3446,0.1318,0.0989,0.0606,0.1165,1.049,0.3537,1361.6096,0.1358,0.4691,0.1932,0.0935,0.0,0.7169,0.2231,0.6,237774740,31825068,-0.0357,0.0932,0
TXN-2022-2314,2022-03-08,Ijara,Qurilish,Toshkent,636,46,2.2,0.4513,0,0,4,Sanoat uskunasi,0.4071,0.453,0.0949,48,380364250,193075129,0.4715,0.6,0.6672,0.1089,0.0593,1,0.3875,1,0,,0.1163,0.0898,0.059,0.25,0.0527,0.9778,0.5946,1558.4081,0.1682,0.8092,0.1837,0.2808,0.0,0.555,0.0273,0.35,193075129,1843164,-0.012,-0.302,0
TXN-2024-2315,2024-03-17,Sukuk,Savdo,Boshqa,594,46,17.2,0.2097,2,0,5,Sanoat uskunasi,0.4728,7.518,0.0693,48,213490220,93612550,0.8043,0.3175,0.45,0.2718,0.126,1,0.4949,0,0,AA,0.0906,0.086,0.0644,0.25,0.0273,1.0195,0.7135,1253.7886,0.3978,0.7565,0.0991,0.2716,0.0,0.271,0.0234,0.28,93612550,614575,-0.0094,-0.6699,0
TXN-2023-2316,2023-05-04,Murabaha,Ishlab chiqarish,Toshkent,562,41,1.2,0.3238,1,0,5,Sanoat uskunasi,0.4977,10.359,0.1728,60,98559485,111905152,0.6493,0.4011,0.823,0.05,0.1119,1,0.2806,1,0,,0.1211,0.138,0.0184,0.25,0.0995,0.9388,0.7402,1127.04,0.1619,1.4154,0.1611,0.3696,0.0,0.6898,0.0411,0.45,111905152,2067366,-0.0125,0.3536,0
TXN-2024-2317,2024-06-19,Murabaha,Qurilish,Toshkent,639,46,6.5,0.1837,2,0,5,Ko'chmas mulk,0.6355,0.273,0.1799,60,164872424,633221746,0.6879,0.3046,0.7147,0.2732,0.0968,0,0.4495,3,0,,0.0996,0.1064,0.0439,0.25,0.0976,1.0148,0.3833,1003.9996,0.37,1.7885,0.1168,0.3125,0.0,0.4502,0.0323,0.45,633221746,9205962,-0.0103,0.5007,0
TXN-2024-2318,2024-08-01,Murabaha,Ishlab chiqarish,Toshkent,675,36,6.7,0.4727,1,0,3,Tovar,0.855,1.496,0.1134,120,63470756,194343527,0.311,0.5618,0.7108,0.351,0.0534,1,0.7707,1,0,,0.1386,0.0593,0.0519,0.25,0.0423,0.9979,0.7208,788.597,0.4044,0.8121,0.4041,0.2574,0.0,0.4233,0.1382,0.45,194343527,12084149,-0.0144,-0.12,0
TXN-2021-2319,2021-03-04,Musharaka,Ishlab chiqarish,Namangan,822,50,1.7,0.2169,0,0,5,Moliyaviy aktiv,0.6081,1.987,0.2099,60,1239408463,102504080,0.6367,0.3714,0.7742,0.005,0.0401,1,0.6367,4,0,,0.2768,0.0619,0.0528,0.1519,0.102,0.9599,0.4245,1349.4426,0.0451,0.7556,0.1319,0.161,0.0,0.7393,0.0243,0.6,102504080,1493217,-0.0287,0.2887,0
TXN-2023-2320,2023-10-17,Murabaha,Ishlab chiqarish,Toshkent,516,38,2.4,0.2425,0,0,4,Ko'chmas mulk,0.6588,0.242,0.1043,48,533515086,249738713,0.7394,0.1571,0.8277,0.4603,0.0569,1,0.6294,3,0,,0.1071,0.05,0.046,0.25,0.1096,1.001,0.8488,782.0537,0.5172,0.9648,0.1598,0.254,0.0,0.3996,0.0761,0.45,249738713,8551492,-0.0111,-0.2402,1
TXN-2024-2321,2024-07-08,Sukuk,Ishlab chiqarish,Toshkent,743,38,10.8,0.5343,2,0,3,Ko'chmas mulk,0.7064,0.526,0.1196,36,110863329,267896196,0.4278,0.3702,0.45,0.2931,0.0211,1,0.2682,5,0,A,0.0757,0.0876,0.0664,0.0509,0.0561,0.9532,0.5538,1050.3289,0.3142,1.5605,0.3774,0.0721,0.0,0.3086,0.052,0.28,267896196,3897816,-0.0078,-0.1371,0
TXN-2024-2322,2024-01-23,Ijara,Qurilish,Namangan,727,35,8.6,0.206,3,0,2,Moliyaviy aktiv,0.6242,1.929,0.1159,48,171762049,528099734,0.8276,0.3136,0.71,0.1759,0.1154,1,0.3685,4,1,,0.0943,0.0678,0.044,0.25,0.057,0.9168,0.4789,1162.741,0.2914,1.2166,0.1286,0.2738,0.0,0.5031,0.0303,0.35,528099734,5601261,-0.0098,-0.1491,0
TXN-2022-2323,2022-08-17,Musharaka,Ishlab chiqarish,Buxoro,578,44,2.4,0.37,1,0,4,Moliyaviy aktiv,0.4725,8.248,0.1356,72,280060142,155383594,0.77,0.452,0.6355,0.3203,0.0542,1,0.49,5,0,,0.1952,0.0827,0.0445,0.2129,0.1055,1.0757,0.527,1220.7993,0.3744,0.6912,0.1748,0.251,0.0,0.3975,0.189,0.6,155383594,17624717,-0.0202,0.0289,0
TXN-2024-2324,2024-08-07,Murabaha,Savdo,Buxoro,662,33,4.6,0.3262,2,0,2,Ko'chmas mulk,0.7926,0.071,0.0991,36,638887310,247827878,0.5214,0.4085,0.8249,0.0959,0.153,1,0.3278,2,0,,0.1324,0.1302,0.0558,0.1678,0.09,1.0977,0.2179,834.2039,0.2489,0.7431,0.2586,0.2423,0.0,0.6195,0.1356,0.45,247827878,15126787,-0.0137,-0.2332,0
TXN-2022-2325,2022-09-11,Ijara,Savdo,Samarqand,606,47,0.5,0.4855,2,0,3,Ko'chmas mulk,0.3757,6.089,0.1527,12,377865567,215289933,0.5352,0.2877,0.6461,0.2569,0.0056,1,0.3323,2,1,,0.0914,0.0802,0.0687,0.2103,0.0905,1.1456,0.4536,1608.6176,0.2625,1.6538,0.1824,0.2217,0.0,0.4765,0.0738,0.35,215289933,5561229,-0.0095,0.2489,0
TXN-2023-2326,2023-09-17,Sukuk,Ishlab chiqarish,Toshkent,660,26,1.4,0.4416,2,0,4,Tovar,0.5686,5.722,0.0652,36,279352515,90011099,0.4727,0.4524,0.7418,0.3627,0.0644,1,0.2708,1,0,A,0.0839,0.093,0.0367,0.25,0.1049,0.9245,0.7029,1158.7926,0.4271,0.7683,0.2511,0.3063,0.0,0.425,0.0216,0.28,90011099,545307,-0.0087,-0.7718,0
TXN-2022-2327,2022-05-17,Ijara,Qurilish,Toshkent,773,27,4.0,0.6065,1,2,4,Ko'chmas mulk,0.6211,4.865,0.1176,84,171903262,57048861,0.4066,0.3268,0.74,0.1987,0.1407,1,0.8272,6,1,,0.1017,0.1006,0.0662,0.1422,0.048,1.0492,0.562,1242.5629,0.3394,1.1457,0.3767,0.1766,1.998,0.4889,0.042,0.35,57048861,838817,-0.0105,-0.1215,0
TXN-2024-2328,2024-11-03,Murabaha,Savdo,Toshkent,696,44,0.5,0.6275,3,0,5,Moliyaviy aktiv,0.5149,1.185,0.0632,60,326020972,229303100,0.4884,0.1483,0.9164,0.1924,0.215,1,0.2912,2,0,,0.0741,0.1128,0.0652,0.1878,0.0374,1.0632,0.6597,1348.9816,0.4074,0.8424,0.3231,0.2354,0.0,0.5431,0.0272,0.45,229303100,2803287,-0.0077,-0.9011,0
TXN-2023-2329,2023-04-12,Musharaka,Qishloq xo'jaligi,Andijon,688,37,11.1,0.3575,0,0,4,Ko'chmas mulk,0.76,1.687,0.1222,24,318233305,240976654,0.6705,0.4904,0.9307,0.168,0.4,1,0.3713,2,0,,0.3077,0.1109,0.0658,0.25,0.0763,1.0721,0.8391,904.0571,0.568,0.3957,0.2717,0.2951,0.0,0.4021,0.129,0.6,240976654,18656706,-0.0319,-0.0255,0
TXN-2022-2330,2022-09-02,Murabaha,Savdo,Toshkent,608,33,7.6,0.3203,3,0,4,Tovar,0.364,1.292,0.0892,12,249783104,27045429,0.6599,0.3191,0.5854,0.0928,0.1049,1,0.2482,2,0,,0.1703,0.0704,0.0417,0.25,0.0417,1.0207,0.5889,1665.6886,0.1977,0.5203,0.1166,0.2787,0.0,0.4696,0.0413,0.45,27045429,502794,-0.0177,-0.2398,0
TXN-2023-2331,2023-07-18,Murabaha,Ishlab chiqarish,Toshkent,518,46,17.3,0.3175,2,0,3,Ko'chmas mulk,0.6186,7.371,0.042,48,233268103,215066158,0.4081,0.2249,0.8117,0.2573,0.2485,1,0.3365,2,0,,0.0985,0.1206,0.0488,0.1038,0.0857,1.1714,0.9005,836.0623,0.5058,0.4222,0.1964,0.1756,0.0,0.4012,0.1512,0.45,215066158,14637604,-0.0102,-0.8933,0
TXN-2021-2332,2021-05-30,Murabaha,Qurilish,Samarqand,627,31,7.1,0.2313,1,0,4,Ko'chmas mulk,0.3091,1.842,0.1186,48,187119358,140426088,0.6472,0.2726,0.6719,0.0815,0.1573,1,0.3843,0,0,,0.1166,0.1037,0.0554,0.25,0.0997,0.9822,0.6041,2022.1462,0.2388,1.0089,0.0715,0.2983,0.0,0.5114,0.0354,0.45,140426088,2236503,-0.0121,-0.0978,0
TXN-2024-2333,2024-11-11,Musharaka,Savdo,Buxoro,747,35,16.9,0.6146,1,0,3,Boshqa,0.749,0.21,0.16,12,529597741,201329549,0.4026,0.1825,0.7723,0.1824,0.145,0,0.4841,4,0,,0.3261,0.0689,0.0591,0.25,0.064,0.8922,0.7177,995.9536,0.3274,0.4891,0.4604,0.2598,0.0,0.5194,0.2683,0.6,201329549,32413423,-0.0338,0.092,0
TXN-2021-2334,2021-05-03,Ijara,Ishlab chiqarish,Toshkent,515,51,4.9,0.4288,2,1,5,Ko'chmas mulk,0.4716,0.801,0.0848,84,88681941,105963158,0.7306,0.35,0.7727,0.3077,0.4,1,0.3942,2,1,,0.1081,0.0937,0.0547,0.25,0.0659,1.1345,0.617,1089.7587,0.7077,0.7773,0.2022,0.289,0.4998,0.2258,0.0465,0.35,105963158,1725132,-0.0112,-0.4175,0
TXN-2021-2335,2021-11-20,Murabaha,Ishlab chiqarish,Toshkent,555,53,5.5,0.6311,1,1,3,Ko'chmas mulk,0.7934,1.55,0.1156,48,294452125,410798439,0.7137,0.1685,0.8134,0.1133,0.0563,1,0.8678,3,0,,0.0727,0.0623,0.0626,0.0503,0.0659,1.0873,0.7105,698.6213,0.1696,1.5691,0.5007,0.05,0.999,0.6755,0.1247,0.45,410798439,23047461,-0.0075,-0.1984,1
TXN-2023-2336,2023-06-20,Murabaha,Qurilish,Toshkent,655,53,22.6,0.2949,2,0,3,Tovar,0.5485,7.674,0.1307,48,247171005,305210231,0.7444,0.1175,0.9409,0.2751,0.2385,1,0.2924,5,0,,0.1112,0.0769,0.0585,0.25,0.0661,1.1186,0.4361,1192.04,0.5136,1.1652,0.1617,0.2684,0.0,0.4576,0.0619,0.45,305210231,8506432,-0.0115,0.0062,0
TXN-2023-2337,2023-05-02,Musharaka,Qishloq xo'jaligi,Boshqa,561,35,6.2,0.1751,3,0,3,Ko'chmas mulk,0.768,2.104,0.0663,60,75105995,56124837,0.8412,0.5709,0.5855,0.0262,0.3434,1,0.3657,2,0,,0.2231,0.0799,0.0351,0.25,0.0179,0.9083,0.7047,729.5592,0.3696,0.296,0.1345,0.2948,0.0,0.3692,0.3453,0.6,56124837,11627597,-0.0231,-0.2854,1
TXN-2023-2338,2023-09-19,Murabaha,Xizmat,Andijon,577,50,0.5,0.2422,1,0,5,Ko'chmas mulk,0.4946,2.977,0.1413,36,195010554,74761228,0.5292,0.2704,0.45,0.3775,0.2814,1,0.2331,1,0,,0.097,0.0679,0.06,0.25,0.0423,0.8987,0.6999,1164.3535,0.6589,1.4413,0.1198,0.2579,0.0,0.1535,0.0858,0.45,74761228,2886222,-0.0101,0.1162,0
TXN-2023-2339,2023-08-10,Murabaha,Ishlab chiqarish,Toshkent,608,28,7.7,0.3747,2,0,5,Ko'chmas mulk,0.7089,0.232,0.1641,48,132760543,154810567,0.5495,0.3297,0.636,0.1896,0.2132,0,0.6815,3,0,,0.1128,0.0938,0.0462,0.0896,0.0622,1.0264,0.4862,856.5026,0.4027,1.4425,0.2656,0.1372,0.0,0.3798,0.0602,0.45,154810567,4192803,-0.0117,0.3025,0
TXN-2022-2340,2022-02-22,Murabaha,Savdo,Boshqa,528,28,14.2,0.3891,3,1,3,Sanoat uskunasi,0.3942,5.246,0.1518,48,131691545,96237188,0.6209,0.5412,0.7574,0.2808,0.2025,1,0.6508,2,0,,0.1348,0.1068,0.0759,0.25,0.1296,0.9375,0.6133,1335.944,0.4833,1.1177,0.1534,0.2808,0.3332,0.3914,0.113,0.45,96237188,4894506,-0.014,0.1614,0
TXN-2022-2341,2022-11-28,Ijara,Savdo,Samarqand,562,21,9.5,0.54,3,0,4,Sanoat uskunasi,0.7025,1.936,0.1294,84,152935700,316396357,0.4949,0.1798,0.8935,0.1267,0.0794,0,0.2836,1,1,,0.08,0.1123,0.0476,0.25,0.1062,1.0251,0.7723,798.8519,0.2061,1.5984,0.3793,0.3147,0.0,0.7093,0.0362,0.35,316396357,4010164,-0.0083,-0.0073,1
TXN-2024-2342,2024-05-27,Murabaha,Savdo,Buxoro,704,54,5.3,0.727,4,0,4,Moliyaviy aktiv,0.6832,6.353,0.1339,24,516484548,73067037,0.5653,0.359,0.8223,0.3994,0.0487,0,0.5874,5,0,,0.144,0.116,0.0334,0.25,0.0729,0.9119,0.5811,1028.885,0.4481,0.923,0.4967,0.3326,0.0,0.4538,0.103,0.45,73067037,3387443,-0.0149,0.0268,0
TXN-2021-2343,2021-10-22,Murabaha,IT,Buxoro,533,29,6.7,0.3613,1,0,5,Transport,0.8995,1.474,0.154,60,236148805,314477132,0.7951,0.4648,0.8175,0.3053,0.1508,1,0.6017,0,0,,0.144,0.1265,0.0448,0.1281,0.0931,0.8771,0.6846,591.9254,0.4561,1.062,0.325,0.2098,0.0,0.4446,0.0862,0.45,314477132,12192122,-0.0149,0.1663,1
TXN-2022-2344,2022-10-03,Murabaha,Ishlab chiqarish,Andijon,509,36,27.7,0.2782,2,0,4,Transport,0.541,2.873,0.1827,48,382624217,27132688,0.6062,0.494,0.7172,0.2608,0.1067,1,0.5317,2,0,,0.1094,0.05,0.0715,0.25,0.0229,0.9683,0.7045,939.1647,0.3675,1.6545,0.1505,0.2285,0.0,0.4536,0.0516,0.45,27132688,630467,-0.0113,0.4815,0
TXN-2022-2345,2022-10-16,Sukuk,Ishlab chiqarish,Buxoro,591,28,0.6,0.3315,3,1,2,Transport,0.6127,1.591,0.1628,60,118942731,111794059,0.5359,0.373,0.6952,0.1634,0.1401,1,0.2779,0,0,AA,0.0643,0.14,0.0914,0.2316,0.0807,0.9705,0.4415,963.0547,0.3035,2.4944,0.2031,0.2803,0.3332,0.4842,0.0506,0.28,111794059,1585213,-0.0067,0.5108,0
TXN-2022-2346,2022-12-09,Ijara,Ishlab chiqarish,Samarqand,707,44,6.6,0.621,1,0,3,Tovar,0.3576,0.385,0.089,60,168748794,392258454,0.8779,0.4656,0.8306,0.4086,0.0605,1,0.6164,1,1,,0.1241,0.0659,0.0635,0.25,0.0483,0.9983,0.8646,1971.6655,0.4691,0.7114,0.2221,0.2525,0.0,0.4409,0.0442,0.35,392258454,6072385,-0.0129,-0.3307,0
TXN-2023-2347,2023-03-28,Ijara,Qurilish,Toshkent,628,34,2.0,0.4906,0,0,4,Sanoat uskunasi,0.5877,0.794,0.0951,12,189578441,142575340,0.6792,0.0955,0.8836,0.1885,0.2152,0,0.3794,3,1,,0.0585,0.05,0.0745,0.25,0.0622,1.0035,0.606,1066.7083,0.4036,1.5992,0.2884,0.2255,0.0,0.527,0.0325,0.35,142575340,1621534,-0.0061,-0.5966,0
TXN-2021-2348,2021-09-25,Murabaha,Savdo,Samarqand,605,24,6.1,0.3217,0,0,3,Moliyaviy aktiv,0.8765,0.174,0.1012,24,269316465,151326624,0.7267,0.5343,0.8179,0.3444,0.1075,1,0.5276,1,0,,0.1437,0.1083,0.0322,0.25,0.0606,1.0882,0.2404,689.4975,0.4519,0.6993,0.2819,0.3261,0.0,0.4483,0.1438,0.45,151326624,9792049,-0.0149,-0.2007,0
TXN-2023-2349,2023-01-29,Musharaka,Ishlab chiqarish,Buxoro,648,42,5.6,0.2659,0,0,3,Boshqa,0.2555,1.451,0.2565,24,336652103,255832405,0.7507,0.3469,0.6928,0.0971,0.1299,1,0.5301,4,0,,0.2836,0.1096,0.0581,0.25,0.0595,1.0661,0.4445,2526.7514,0.2271,0.901,0.0679,0.3015,0.0,0.5355,0.1116,0.6,255832405,17131554,-0.0294,0.4458,0
TXN-2023-2350,2023-11-21,Murabaha,Xizmat,Buxoro,496,23,1.0,0.4107,0,0,1,Ko'chmas mulk,0.4847,2.62,0.2022,36,287879419,214719417,0.5954,0.4402,0.7259,0.0386,0.2049,1,0.4026,1,0,,0.1463,0.123,0.0681,0.25,0.0476,1.0048,0.4987,1021.1318,0.2435,1.3723,0.1991,0.3049,0.0,0.5491,0.1987,0.45,214719417,19196792,-0.0152,0.4933,1
TXN-2024-2351,2024-02-25,Musharaka,Ishlab chiqarish,Buxoro,687,29,1.4,0.4923,4,0,4,Transport,0.6374,0.698,0.2257,72,150727406,137204136,0.4416,0.196,0.8484,0.0304,0.1413,1,0.5624,1,0,,0.1027,0.1231,0.0654,0.25,0.0375,1.0607,0.5518,1076.1807,0.1717,2.1754,0.3138,0.3077,0.0,0.7027,0.1159,0.6,137204136,9542250,-0.0106,0.9311,0
TXN-2021-2352,2021-08-06,Sukuk,Ishlab chiqarish,Toshkent,677,21,5.8,0.7085,1,0,5,Sanoat uskunasi,0.3559,1.685,0.0668,12,381498526,373464816,0.4039,0.294,0.6372,0.3954,0.041,0,0.3195,3,0,A,0.0791,0.0541,0.0373,0.199,0.0399,1.073,0.7674,1896.9469,0.4364,0.8333,0.2521,0.2158,0.0,0.3592,0.0137,0.28,373464816,1436851,-0.0082,-0.7986,0
TXN-2022-2353,2022-10-16,Musharaka,Qishloq xo'jaligi,Toshkent,610,23,0.8,0.6131,2,0,5,Ko'chmas mulk,0.417,1.536,0.1619,36,169770915,162463656,0.5726,0.3187,0.8867,0.3086,0.002,1,0.1873,0,0,,0.1957,0.1073,0.0463,0.25,0.0947,0.9974,0.6925,1459.2323,0.3106,0.823,0.2557,0.3111,0.0,0.6113,0.1109,0.6,162463656,10807608,-0.0203,0.1631,0
TXN-2022-2354,2022-05-11,Sukuk,Qishloq xo'jaligi,Andijon,730,39,1.8,0.3037,0,0,4,Ko'chmas mulk,0.723,1.906,0.1087,72,287078882,216964108,0.8592,0.2801,0.8727,0.2586,0.0492,1,0.5778,0,0,AA,0.0801,0.1112,0.034,0.25,0.0354,1.0122,0.7118,1008.2504,0.3078,1.34,0.2196,0.3272,0.0,0.6041,0.0138,0.28,216964108,838835,-0.0083,-0.2654,0
TXN-2023-2355,2023-08-14,Ijara,Ishlab chiqarish,Andijon,549,21,10.8,0.5606,2,0,5,Tovar,0.5204,0.51,0.1302,72,107294847,287593181,0.8223,0.1952,0.8288,0.0921,0.2219,1,0.6728,1,1,,0.1037,0.1122,0.0568,0.2469,0.0691,1.0356,0.7163,1052.8617,0.314,1.2436,0.2917,0.3024,0.0,0.5686,0.0295,0.35,287593181,2967845,-0.0107,0.0024,0
TXN-2021-2356,2021-09-08,Murabaha,Savdo,Toshkent,740,23,2.4,0.419,1,0,3,Transport,0.8081,1.909,0.2175,48,209853148,27100343,0.4433,0.2903,0.6882,0.1162,0.1733,1,0.7999,1,0,,0.1657,0.1168,0.0402,0.2403,0.0367,1.0098,0.6779,914.6326,0.2895,1.3042,0.3386,0.3169,0.0,0.4889,0.0678,0.45,27100343,826819,-0.0172,0.5277,1
TXN-2022-2357,2022-07-02,Sukuk,Ishlab chiqarish,Andijon,658,37,4.0,0.4501,1,0,4,Sanoat uskunasi,0.6175,1.132,0.1266,60,333768313,89696265,0.7432,0.2942,0.9207,0.1764,0.1532,1,0.6129,3,0,A,0.0606,0.0827,0.0677,0.25,0.0289,0.9976,0.743,1063.9001,0.3295,2.0548,0.2779,0.265,0.0,0.6173,0.0107,0.28,89696265,268286,-0.0063,-0.0569,0
TXN-2023-2358,2023-07-10,Murabaha,Qurilish,Buxoro,616,32,17.0,0.5149,0,1,2,Sanoat uskunasi,0.8541,0.842,0.1806,36,260252055,98220081,0.5394,0.2462,0.9108,0.3138,0.1021,1,0.5556,3,0,,0.1006,0.0886,0.0225,0.0892,0.0502,1.0268,0.6851,720.4073,0.4159,1.7778,0.4398,0.1554,1000.0,0.5319,0.1633,0.45,98220081,7218537,-0.0104,0.5026,1
TXN-2022-2359,2022-05-23,Musharaka,Savdo,Buxoro,643,57,1.5,0.6778,0,0,4,Tovar,0.6414,2.205,0.1547,24,149799190,235368724,0.7101,0.3521,0.8346,0.2717,0.0317,0,0.2717,2,0,,0.1817,0.1057,0.0613,0.25,0.0808,1.0463,0.6967,1000.9077,0.3034,0.8468,0.4348,0.2944,0.0,0.5814,0.1648,0.6,235368724,23268499,-0.0188,0.136,0
TXN-2021-2360,2021-10-16,Murabaha,Xizmat,Namangan,635,56,3.0,0.4178,1,0,5,Ko'chmas mulk,0.8801,0.401,0.1566,12,338732293,502851748,0.7009,0.324,0.6602,0.1608,0.1046,1,0.3366,4,0,,0.131,0.0891,0.0162,0.195,0.0337,0.9395,0.4375,720.678,0.2655,1.1864,0.3677,0.2679,0.0,0.485,0.0814,0.45,502851748,18408698,-0.0136,0.2032,0
TXN-2021-2361,2021-07-18,Murabaha,Qurilish,Boshqa,748,29,5.6,0.2433,3,1,5,Sanoat uskunasi,0.8383,5.773,0.0743,36,153443272,40198504,0.7751,0.6,0.8446,0.1974,0.1177,1,0.3936,2,0,,0.1612,0.1014,0.0784,0.1183,0.0309,1.0775,0.7038,891.1956,0.315,0.4577,0.204,0.1413,0.3332,0.5786,0.0239,0.45,40198504,433235,-0.0167,-0.3457,0
TXN-2021-2362,2021-04-14,Musharaka,Qurilish,Buxoro,553,43,8.4,0.1442,0,0,4,Transport,0.564,6.828,0.185,36,85757104,110915322,0.6917,0.5144,0.9055,0.4299,0.1371,1,0.3613,0,0,,0.2487,0.1131,0.0479,0.25,0.0509,1.0028,0.5256,978.7776,0.567,0.741,0.0813,0.3151,0.0,0.3921,0.1956,0.6,110915322,13017644,-0.0258,0.2212,0
TXN-2022-2363,2022-08-18,Murabaha,Qurilish,Toshkent,580,45,13.9,0.5549,1,0,4,Moliyaviy aktiv,0.682,2.702,0.1471,36,454796089,319247027,0.4758,0.3001,0.5449,0.0858,0.1906,1,0.3246,3,0,,0.1088,0.1231,0.0542,0.203,0.1033,0.9719,0.4022,849.1707,0.2763,1.3397,0.3785,0.2718,0.0,0.3944,0.113,0.45,319247027,16235764,-0.0113,0.1571,0
TXN-2023-2364,2023-02-26,Musharaka,Ishlab chiqarish,Toshkent,733,32,14.8,0.3177,1,1,5,Transport,0.6537,0.903,0.1049,24,134007668,43909024,0.5593,0.1634,0.8665,0.0517,0.1618,1,0.5641,0,0,,0.3204,0.0742,0.052,0.127,0.0991,0.9758,0.8807,1119.5328,0.2135,0.3264,0.2077,0.1492,0.999,0.6815,0.0619,0.6,43909024,1631720,-0.0332,-0.0784,0
TXN-2024-2365,2024-06-14,Musharaka,Qurilish,Toshkent,594,23,9.0,0.4539,0,0,3,Moliyaviy aktiv,0.7682,2.459,0.1621,24,392904497,194091489,0.2711,0.289,0.9238,0.3562,0.1764,0,0.4467,2,0,,0.2852,0.1023,0.1,0.241,0.0994,1.103,0.568,772.2389,0.5326,0.5662,0.3487,0.2433,0.0,0.4318,0.4821,0.6,194091489,56142109,-0.0296,0.1124,1
TXN-2023-2366,2023-05-07,Murabaha,Ishlab chiqarish,Samarqand,721,37,1.6,0.2225,6,2,4,Transport,0.3388,2.3,0.1987,24,212258654,204158209,0.3015,0.5123,0.6109,0.1064,0.3441,1,0.3074,1,0,,0.0578,0.1058,0.0509,0.25,0.0597,0.9932,0.6881,2121.5549,0.4505,3.3814,0.0754,0.3048,0.3333,0.3357,0.0259,0.45,204158209,2377181,-0.006,1.1895,0
TXN-2022-2367,2022-05-24,Murabaha,Ishlab chiqarish,Namangan,789,36,0.5,0.2775,2,0,3,Boshqa,0.4669,1.241,0.1385,84,360430807,216213717,0.6281,0.333,0.8817,0.3395,0.0605,1,0.5653,1,0,,0.1393,0.0944,0.0667,0.25,0.0965,0.9358,0.4475,1686.3047,0.4,0.9867,0.1296,0.2777,0.0,0.529,0.0174,0.45,216213717,1696737,-0.0144,0.0609,0
TXN-2021-2368,2021-11-24,Musharaka,Qurilish,Samarqand,610,33,2.9,0.4055,2,0,5,Tovar,0.5263,0.847,0.2174,84,152773722,67562101,0.6479,0.465,0.7423,0.2234,0.1747,1,0.3299,4,0,,0.2237,0.1039,0.0697,0.25,0.0387,0.958,0.7818,1156.8969,0.3981,0.9677,0.2134,0.2843,0.0,0.4468,0.0879,0.6,67562101,3561756,-0.0232,0.3909,0
TXN-2022-2369,2022-11-02,Murabaha,Savdo,Boshqa,702,42,0.9,0.5557,2,1,2,Sanoat uskunasi,0.6097,0.461,0.2356,12,408689801,144269999,0.5867,0.2483,0.7184,0.1333,0.143,0,0.422,5,0,,0.0879,0.1265,0.0431,0.25,0.0375,1.0435,0.3556,1149.4201,0.2763,2.6487,0.3388,0.3334,0.4998,0.5199,0.0812,0.45,144269999,5273747,-0.0091,1.2004,0
TXN-2024-2370,2024-03-29,Ijara,Qurilish,Namangan,546,30,7.4,0.3564,2,0,3,Transport,0.4393,0.613,0.1064,24,176427427,63985503,0.8904,0.2329,0.8613,0.2627,0.2654,1,0.1516,1,1,,0.1266,0.0728,0.0838,0.25,0.0508,1.017,0.5595,1240.1512,0.5281,0.8335,0.1565,0.239,0.0,0.4065,0.0528,0.35,63985503,1183109,-0.0131,-0.1867,0
TXN-2022-2371,2022-10-03,Ijara,Ishlab chiqarish,Samarqand,709,26,6.5,0.6233,2,0,4,Transport,0.7749,2.646,0.1455,72,207620066,322178907,0.5601,0.2514,0.7446,0.1446,0.0487,1,0.4607,3,1,,0.0789,0.0683,0.0192,0.25,0.0435,1.0948,0.516,913.7584,0.1933,1.8216,0.483,0.2991,0.0,0.6006,0.0336,0.35,322178907,3784572,-0.0082,0.1966,0
TXN-2022-2372,2022-01-24,Ijara,Qurilish,Toshkent,661,39,0.5,0.2623,4,1,3,Tovar,0.7655,5.427,0.1144,12,67133698,70458594,0.6722,0.4578,0.8121,0.1249,0.2224,1,0.597,6,1,,0.0779,0.097,0.0502,0.2403,0.0654,0.8861,0.427,862.3562,0.3472,1.4493,0.2008,0.2871,0.2499,0.5301,0.0479,0.35,70458594,1182187,-0.0081,-0.1999,1
TXN-2021-2373,2021-11-23,Ijara,Qurilish,Samarqand,685,41,10.9,0.2134,2,1,2,Sanoat uskunasi,0.5111,1.215,0.1532,84,92555905,152360583,0.3571,0.2181,0.7168,0.0501,0.3303,1,0.3646,2,1,,0.072,0.0812,0.0547,0.25,0.0333,1.0995,0.5136,1337.5178,0.3804,2.0994,0.1091,0.2766,0.4998,0.4441,0.0499,0.35,152360583,2660452,-0.0075,0.3222,0
TXN-2023-2374,2023-10-18,Musharaka,Qishloq xo'jaligi,Boshqa,590,26,1.7,0.4261,1,0,4,Transport,0.4497,0.325,0.1774,36,385618989,641363956,0.7019,0.5602,0.9483,0.1928,0.1477,1,0.475,3,0,,0.1845,0.1249,0.0516,0.1727,0.0684,1.0138,0.4179,1309.1412,0.3405,0.9563,0.1916,0.246,0.0,0.6254,0.1102,0.6,641363956,42390364,-0.0191,0.2568,0
TXN-2023-2375,2023-11-21,Ijara,Qurilish,Toshkent,503,47,3.4,0.3755,1,1,5,Sanoat uskunasi,0.2003,0.032,0.1517,36,164033227,326809878,0.5151,0.6,0.7191,0.1427,0.1769,1,0.6416,2,0,,0.0822,0.1042,0.0463,0.25,0.1052,0.9949,0.4001,2498.5183,0.3196,1.823,0.0752,0.3079,0.999,0.4892,0.0271,0.35,326809878,3099873,-0.0085,0.2637,0
TXN-2023-2376,2023-08-15,Murabaha,Xizmat,Buxoro,687,21,6.6,0.3332,3,0,3,Tovar,0.5991,1.302,0.1949,60,75418430,43041326,0.3557,0.3171,0.9637,0.2316,0.0493,1,0.6714,6,0,,0.1214,0.1085,0.0382,0.0806,0.0881,1.0158,0.5557,1144.7909,0.2809,1.5925,0.1996,0.1509,0.0,0.693,0.0475,0.45,43041326,920106,-0.0126,0.5348,0
TXN-2023-2377,2023-10-19,Murabaha,Qishloq xo'jaligi,Toshkent,469,32,3.4,0.439,1,0,5,Ko'chmas mulk,0.7349,0.662,0.1319,24,168269940,119981856,0.6169,0.5225,0.6874,0.2969,0.0235,1,0.3034,2,0,,0.0981,0.0943,0.0615,0.171,0.066,1.1447,0.633,637.2804,0.3205,1.3308,0.3226,0.2038,0.0,0.4671,0.1718,0.45,119981856,9277612,-0.0102,0.019,0
TXN-2022-2378,2022-09-24,Ijara,Savdo,Toshkent,618,35,3.5,0.3434,3,0,5,Ko'chmas mulk,0.4474,0.974,0.1516,24,337967654,155414078,0.8854,0.4445,0.8868,0.0731,0.1684,1,0.1782,4,1,,0.0929,0.0519,0.0485,0.25,0.072,1.1388,0.5365,1378.318,0.2415,1.6145,0.1536,0.2533,0.0,0.6726,0.013,0.35,155414078,708879,-0.0096,0.2327,0
TXN-2023-2379,2023-10-16,Musharaka,Qurilish,Boshqa,725,31,0.5,0.3095,3,0,4,Ko'chmas mulk,0.3356,0.692,0.0769,60,119359359,129934351,0.343,0.2873,0.7263,0.2543,0.354,0,0.3829,3,0,,0.2158,0.1008,0.0567,0.1884,0.0528,1.1171,0.5883,2154.135,0.6083,0.3548,0.1038,0.2324,0.0,0.2845,0.0879,0.6,129934351,6855021,-0.0224,-0.246,0
TXN-2021-2380,2021-02-17,Ijara,Savdo,Andijon,661,32,3.1,0.5604,1,0,4,Ko'chmas mulk,0.3002,2.728,0.1239,120,455644907,194769925,0.5062,0.418,0.8926,0.1921,0.1916,1,0.3869,2,1,,0.0995,0.1123,0.0704,0.25,0.0591,1.051,0.3806,2194.7557,0.3837,1.232,0.1682,0.292,0.0,0.5501,0.0265,0.35,194769925,1804739,-0.0103,-0.0615,0
TXN-2021-2381,2021-07-04,Ijara,Ishlab chiqarish,Boshqa,810,56,8.7,0.5182,0,0,1,Transport,0.3104,2.544,0.1593,48,175835358,228368666,0.5901,0.6,0.6223,0.2216,0.2969,1,0.2199,2,1,,0.1153,0.0789,0.0265,0.2187,0.0566,1.1809,0.5216,2601.2461,0.5185,1.3697,0.1608,0.2711,0.0,0.2997,0.0561,0.35,228368666,4481771,-0.0119,0.2538,0
TXN-2023-2382,2023-03-17,Sukuk,Xizmat,Samarqand,732,29,14.8,0.4827,0,0,3,Tovar,0.3887,6.085,0.1595,60,194218052,535603286,0.7857,0.4533,0.8076,0.2848,0.0743,1,0.7526,3,0,AAA,0.0704,0.0769,0.062,0.1515,0.0645,0.95,0.6963,1878.1821,0.3591,2.2351,0.1876,0.1665,0.0,0.5176,0.0129,0.28,535603286,1937372,-0.0073,0.4193,0
TXN-2023-2383,2023-11-02,Sukuk,Savdo,Namangan,589,62,3.2,0.6972,3,0,3,Transport,0.4598,3.008,0.0684,84,153699771,107013682,0.7014,0.5551,0.7079,0.1173,0.038,1,0.4283,0,0,A,0.0788,0.05,0.0561,0.1328,0.0729,0.9332,0.4335,1278.3505,0.1554,0.8581,0.3205,0.1267,0.0,0.5979,0.0294,0.28,107013682,882139,-0.0082,-0.7814,0
TXN-2023-2384,2023-07-26,Musharaka,Savdo,Andijon,647,42,3.3,0.3257,2,1,2,Ko'chmas mulk,0.5853,0.451,0.1123,24,79204759,249712689,0.6862,0.4012,0.836,0.3138,0.2288,1,0.927,0,0,,0.2196,0.1077,0.0504,0.25,0.0326,1.1652,0.5616,1103.4614,0.5426,0.5092,0.1906,0.3073,0.4998,0.3823,0.274,0.6,249712689,41055205,-0.0228,-0.0806,0
TXN-2022-2385,2022-05-09,Murabaha,Ishlab chiqarish,Namangan,640,38,7.3,0.5143,2,0,3,Transport,0.7555,3.482,0.119,36,203083120,130677252,0.6033,0.2171,0.6421,0.3154,0.2971,1,0.3895,2,0,,0.1441,0.1136,0.0594,0.25,0.0912,0.9323,0.7953,846.0067,0.6126,0.8201,0.3886,0.3042,0.0,0.2488,0.174,0.45,130677252,10232651,-0.0149,-0.0761,0
TXN-2022-2386,2022-03-17,Musharaka,Savdo,Boshqa,510,42,17.2,0.5889,2,0,3,Boshqa,0.4708,0.5,0.1899,24,230800857,444905038,0.6333,0.276,0.8371,0.41,0.0385,1,0.5308,4,0,,0.177,0.1023,0.0547,0.25,0.1058,1.0756,0.203,1081.0484,0.4485,1.0669,0.2772,0.2976,0.0,0.4616,0.3601,0.6,444905038,96130119,-0.0183,0.3383,0
TXN-2024-2387,2024-04-09,Murabaha,Ishlab chiqarish,Andijon,565,63,1.9,0.462,4,0,4,Ko'chmas mulk,0.5521,2.045,0.1141,12,303360441,195167454,0.5298,0.4548,0.7927,0.1964,0.4,1,0.3875,0,0,,0.1705,0.0856,0.0691,0.1629,0.0042,1.1571,0.4594,1021.5884,0.5964,0.6652,0.255,0.1793,0.0,0.32,0.1143,0.45,195167454,10041132,-0.0177,-0.0934,0
TXN-2022-2388,2022-12-24,Musharaka,Qurilish,Namangan,597,28,3.5,0.6112,0,0,4,Boshqa,0.6614,0.201,0.2336,48,152799450,152700701,0.7138,0.6,0.8743,0.1737,0.2554,0,0.4009,0,0,,0.1833,0.0938,0.0721,0.2471,0.0748,1.0426,0.7233,901.3016,0.4292,1.2671,0.4042,0.2688,0.0,0.499,0.1911,0.6,152700701,17511528,-0.019,0.5649,0
TXN-2021-2389,2021-04-10,Ijara,Savdo,Buxoro,471,26,9.5,0.3288,2,1,5,Ko'chmas mulk,0.703,0.121,0.1115,24,90664665,123592252,0.6438,0.4989,0.5452,0.3002,0.1412,1,0.6655,1,1,,0.1309,0.0666,0.0617,0.25,0.0288,1.1209,0.5551,669.061,0.4414,0.8458,0.2311,0.2549,0.4998,0.3045,0.0783,0.35,123592252,3387661,-0.0136,-0.141,1
TXN-2021-2390,2021-04-14,Ijara,Ishlab chiqarish,Samarqand,649,30,5.6,0.4301,2,0,2,Ko'chmas mulk,0.6679,1.56,0.0986,12,675780540,80710001,0.8338,0.3838,0.8186,0.1581,0.2418,1,0.5237,0,1,,0.0854,0.1091,0.0441,0.25,0.1157,0.9299,0.5122,970.2699,0.4,1.1411,0.2873,0.315,0.0,0.4912,0.0731,0.35,80710001,2064204,-0.0089,-0.3672,0
TXN-2022-2391,2022-07-31,Murabaha,Savdo,Toshkent,623,38,0.7,0.4888,1,0,2,Sanoat uskunasi,0.7319,0.277,0.0983,36,269354024,272223623,0.6124,0.3341,0.8232,0.1422,0.1131,1,0.4649,2,0,,0.1046,0.1056,0.0545,0.1532,0.0527,1.1437,0.7512,850.0239,0.2552,0.9308,0.3578,0.2044,0.0,0.6131,0.1551,0.45,272223623,19002641,-0.0108,-0.3032,1
TXN-2023-2392,2023-10-11,Murabaha,Qishloq xo'jaligi,Toshkent,502,21,5.9,0.2572,3,0,4,Transport,0.7574,0.916,0.1422,12,230530187,83550934,0.4888,0.4229,0.6757,0.3022,0.0229,1,0.815,3,0,,0.0944,0.0913,0.0215,0.153,0.0792,1.0766,0.3577,661.9134,0.325,1.4899,0.1948,0.2227,0.0,0.4561,0.167,0.45,83550934,6277593,-0.0098,0.1292,0
TXN-2024-2393,2024-05-08,Musharaka,Savdo,Toshkent,679,38,1.2,0.4158,1,0,1,Tovar,0.4521,1.034,0.2076,24,453533978,40190683,0.7243,0.3203,0.6546,0.0945,0.0588,1,0.6694,0,0,,0.2031,0.0904,0.0673,0.25,0.033,0.9912,0.8053,1498.5288,0.1533,1.017,0.188,0.2731,0.0,0.5542,0.241,0.6,40190683,5810892,-0.0211,0.382,0
TXN-2024-2394,2024-09-01,Murabaha,Qurilish,Samarqand,705,54,4.3,0.3194,0,0,4,Tovar,0.7455,3.668,0.1763,12,134390019,75754930,0.7674,0.3023,0.6682,0.0463,0.2005,1,0.1385,2,0,,0.0916,0.0792,0.0608,0.25,0.0285,0.8662,0.5677,944.3956,0.2469,1.9048,0.2381,0.2684,0.0,0.5032,0.043,0.45,75754930,1465596,-0.0095,0.5057,0
TXN-2024-2395,2024-10-09,Sukuk,Qurilish,Toshkent,664,39,4.5,0.5455,1,0,4,Ko'chmas mulk,0.6669,1.011,0.0904,72,121827391,165185491,0.574,0.0621,0.8558,0.1864,0.0576,1,0.2938,4,0,A,0.0838,0.0825,0.0595,0.25,0.0875,1.0962,0.5357,994.1986,0.244,1.0653,0.3638,0.273,0.0,0.647,0.023,0.28,165185491,1064134,-0.0087,-0.4728,0
TXN-2023-2396,2023-08-22,Murabaha,Ishlab chiqarish,Namangan,617,35,12.5,0.2677,2,1,4,Sanoat uskunasi,0.7288,1.705,0.1589,60,352281140,63105623,0.7398,0.3713,0.7003,0.0359,0.1717,1,0.1409,2,0,,0.0897,0.0941,0.0476,0.25,0.0742,0.964,0.4386,845.4291,0.2076,1.7524,0.1951,0.2965,0.4998,0.5549,0.0617,0.45,63105623,1751438,-0.0093,0.3226,0
TXN-2022-2397,2022-08-09,Murabaha,Savdo,Toshkent,695,31,3.7,0.6441,0,0,3,Sanoat uskunasi,0.7182,3.702,0.203,60,707969935,84474475,0.2084,0.3396,0.7781,0.2158,0.1279,1,0.1298,2,0,,0.0633,0.1283,0.0868,0.25,0.0861,1.0383,0.9478,966.2996,0.3437,3.1579,0.4626,0.2914,0.0,0.5107,0.1483,0.45,84474475,5637428,-0.0066,1.1535,0
TXN-2024-2398,2024-01-05,Murabaha,Qurilish,Andijon,702,46,2.0,0.6019,1,0,3,Tovar,0.4393,0.573,0.1892,60,103164125,39506330,0.6867,0.5504,0.7564,0.0607,0.0459,1,0.3273,3,0,,0.0911,0.0887,0.0862,0.25,0.0658,1.0072,0.8672,1594.2013,0.1066,2.0545,0.2644,0.2524,0.0,0.6758,0.0599,0.45,39506330,1065527,-0.0094,0.6497,0
TXN-2021-2399,2021-01-17,Ijara,Qurilish,Toshkent,671,29,1.6,0.2257,2,0,3,Transport,0.6509,4.086,0.1075,84,235274909,83167042,0.7531,0.3978,0.6628,0.0874,0.1012,1,0.2486,3,1,,0.1037,0.0842,0.0742,0.2287,0.0456,1.0546,0.7094,1029.3107,0.1886,1.0265,0.1469,0.2387,0.0,0.5378,0.0334,0.35,83167042,971410,-0.0107,-0.2173,0
TXN-2021-2400,2021-08-09,Musharaka,Qishloq xo'jaligi,Namangan,574,56,12.4,0.3124,2,0,1,Ko'chmas mulk,0.6883,4.456,0.2208,24,293532260,491908607,0.7849,0.2686,0.6405,0.1166,0.0832,1,0.1333,2,0,,0.3018,0.1106,0.0396,0.25,0.0708,1.071,0.328,832.7179,0.1998,0.7292,0.215,0.321,0.0,0.5125,0.5206,0.6,491908607,153656477,-0.0313,0.3009,1
TXN-2023-2401,2023-06-02,Murabaha,Qurilish,Toshkent,668,57,1.1,0.3173,2,1,2,Sanoat uskunasi,0.6427,11.24,0.1327,72,312043742,95277926,0.6103,0.2734,0.8664,0.0978,0.2718,1,0.3326,1,0,,0.167,0.0802,0.0487,0.25,0.0585,1.0232,0.7835,1037.7769,0.3696,0.79,0.2039,0.2815,0.4998,0.5461,0.0619,0.45,95277926,2655980,-0.0173,0.0163,0
TXN-2021-2402,2021-10-02,Murabaha,Savdo,Boshqa,746,40,3.3,0.4929,2,0,4,Boshqa,0.5032,1.468,0.1225,36,197464069,137583192,0.7243,0.6,0.8565,0.3854,0.1621,1,0.1753,3,0,,0.1303,0.1184,0.0719,0.1168,0.0614,1.0576,0.5752,1479.6228,0.5476,0.9333,0.248,0.1632,0.0,0.3875,0.0352,0.45,137583192,2180990,-0.0135,-0.0575,0
TXN-2022-2403,2022-06-26,Murabaha,Ishlab chiqarish,Samarqand,594,37,1.2,0.6007,0,0,2,Ko'chmas mulk,0.355,1.158,0.1028,24,136849828,712732627,0.6964,0.4912,0.5323,0.0714,0.0427,0,0.3414,2,0,,0.1559,0.119,0.054,0.25,0.0753,1.1121,0.5042,1668.5723,0.1142,0.6552,0.2132,0.3151,0.0,0.4716,0.1202,0.45,712732627,38565878,-0.0162,-0.1745,0
TXN-2023-2404,2023-01-20,Murabaha,Qishloq xo'jaligi,Namangan,823,48,8.9,0.4137,4,0,4,Ko'chmas mulk,0.5122,3.027,0.2109,48,68471761,187136770,0.6281,0.3391,0.6647,0.4506,0.1947,1,0.6153,0,0,,0.1486,0.1209,0.0788,0.1983,0.077,0.9346,0.5424,1603.6628,0.6453,1.4099,0.2119,0.2404,0.0,0.2358,0.0392,0.45,187136770,3299447,-0.0154,0.5446,0
TXN-2023-2405,2023-04-06,Ijara,Savdo,Toshkent,600,48,3.9,0.6646,2,0,3,Ko'chmas mulk,0.3636,0.15,0.0989,36,792458765,182046629,0.433,0.4565,0.7172,0.2029,0.0565,1,0.4727,3,1,,0.0697,0.0925,0.0301,0.25,0.0846,1.0211,0.382,1645.6,0.2595,1.3988,0.2416,0.3124,0.0,0.5311,0.0561,0.35,182046629,3575341,-0.0072,-0.4467,0
TXN-2023-2406,2023-01-20,Musharaka,Savdo,Andijon,647,29,2.6,0.2613,1,0,2,Tovar,0.7649,0.101,0.1705,12,618599618,76082164,0.5721,0.3836,0.8307,0.2837,0.0606,1,0.4994,1,0,,0.2916,0.089,0.0237,0.25,0.0217,1.0441,0.8003,844.76,0.3444,0.5828,0.1999,0.3153,0.0,0.5447,0.3136,0.6,76082164,14316418,-0.0302,0.139,0
TXN-2021-2407,2021-04-03,Murabaha,Qurilish,Andijon,587,32,2.7,0.3359,1,1,3,Ko'chmas mulk,0.6656,1.02,0.0638,12,158671502,173932864,0.4963,0.5153,0.8871,0.1159,0.0127,1,0.31,2,0,,0.1203,0.1158,0.086,0.25,0.0553,0.9636,0.6778,880.5808,0.1286,0.5257,0.2236,0.2798,0.999,0.773,0.0658,0.45,173932864,5151846,-0.0125,-0.5503,0
TXN-2023-2408,2023-04-01,Murabaha,Ishlab chiqarish,Buxoro,663,24,11.5,0.6911,1,0,3,Ko'chmas mulk,0.5952,3.269,0.184,36,238441594,498875591,0.445,0.2666,0.685,0.2369,0.1069,1,0.6687,4,0,,0.1648,0.14,0.0844,0.2222,0.049,0.9873,0.4966,1112.0307,0.3438,1.1096,0.4113,0.2778,0.0,0.4495,0.1748,0.45,498875591,39239722,-0.0171,0.3276,0
TXN-2021-2409,2021-04-15,Sukuk,Savdo,Samarqand,496,42,4.8,0.3779,1,0,1,Sanoat uskunasi,0.6673,0.31,0.0992,60,163497065,63693852,0.356,0.5428,0.8124,0.2158,0.0477,1,0.6225,3,0,BBB,0.0678,0.05,0.0477,0.2068,0.0595,0.9749,0.3219,742.2341,0.2635,1.4413,0.2522,0.2092,0.0,0.5983,0.1264,0.28,63693852,2254068,-0.007,-0.4545,0
TXN-2024-2410,2024-03-13,Musharaka,Qishloq xo'jaligi,Boshqa,598,44,7.6,0.6062,3,0,2,Ko'chmas mulk,0.6142,2.523,0.2513,36,196845509,130320168,0.5164,0.6,0.6263,0.3994,0.0915,1,0.5405,1,0,,0.3074,0.0942,0.0778,0.25,0.0673,1.0994,0.4528,972.0999,0.4909,0.8147,0.3723,0.2664,0.0,0.3189,0.5496,0.6,130320168,42974342,-0.0319,0.3945,1
TXN-2024-2411,2024-02-25,Ijara,Ishlab chiqarish,Samarqand,552,24,13.6,0.3636,5,0,3,Ko'chmas mulk,0.83,0.785,0.1306,60,216032429,65244842,0.5509,0.3391,0.7427,0.0965,0.0678,1,0.3289,2,1,,0.1311,0.1007,0.0722,0.25,0.0362,1.0461,0.3025,664.294,0.1643,0.9887,0.3018,0.2785,0.0,0.6207,0.0967,0.35,65244842,2208389,-0.0136,0.0046,0
TXN-2022-2412,2022-02-03,Murabaha,Xizmat,Andijon,656,33,13.9,0.5953,5,0,3,Transport,0.5336,2.637,0.1454,12,113551857,460138211,0.3271,0.2029,0.8581,0.0563,0.076,1,0.4829,2,0,,0.1223,0.0933,0.0644,0.25,0.0441,0.9416,0.6375,1227.0835,0.1323,1.1793,0.3177,0.279,0.0,0.7446,0.0982,0.45,460138211,20336972,-0.0127,0.1258,0
TXN-2023-2413,2023-01-13,Musharaka,Ishlab chiqarish,Andijon,729,24,2.4,0.4491,5,0,5,Transport,0.6279,1.527,0.2304,36,225421108,64980812,0.36,0.5678,0.8709,0.0731,0.0467,0,0.4452,4,0,,0.3168,0.0813,0.0745,0.25,0.0985,1.0123,0.2581,1159.2473,0.1198,0.725,0.282,0.2569,0.0,0.7665,0.0705,0.6,64980812,2750106,-0.0328,0.3169,0
TXN-2024-2414,2024-02-08,Murabaha,Savdo,Buxoro,699,29,18.3,0.2964,1,0,5,Ko'chmas mulk,0.6753,0.306,0.1396,24,252050897,90685780,0.693,0.3489,0.6929,0.2419,0.0364,1,0.7965,0,0,,0.0939,0.0968,0.0396,0.1784,0.1075,1.0545,0.2403,1033.5857,0.2783,1.4698,0.2001,0.2357,0.0,0.5,0.0335,0.45,90685780,1365968,-0.0097,0.1017,0
TXN-2022-2415,2022-08-15,Musharaka,Qurilish,Buxoro,443,43,0.5,0.4351,5,0,3,Ko'chmas mulk,0.7194,0.71,0.0696,60,88044004,65915895,0.7035,0.3854,0.8412,0.2489,0.0619,1,0.3904,1,0,,0.2612,0.1158,0.042,0.2286,0.0606,1.1513,0.4737,614.8993,0.3108,0.2655,0.313,0.3023,0.0,0.5798,0.4591,0.6,65915895,18159021,-0.0271,-0.2311,1
TXN-2021-2416,2021-05-31,Sukuk,Qurilish,Toshkent,818,30,2.8,0.3264,2,1,2,Transport,0.9019,0.62,0.1066,84,152838629,56388582,0.8179,0.3589,0.7419,0.2251,0.1633,0,0.7261,0,0,A,0.1016,0.0933,0.0546,0.25,0.0823,1.1365,0.5745,906.0179,0.3885,1.0387,0.2944,0.2887,0.4998,0.4537,0.0188,0.28,56388582,296042,-0.0105,-0.2299,0
TXN-2023-2417,2023-03-03,Murabaha,Savdo,Toshkent,670,34,13.6,0.5215,3,0,4,Tovar,0.8978,0.45,0.1845,36,101294741,158303092,0.8475,0.4335,0.8156,0.0361,0.2433,1,0.3821,6,0,,0.1461,0.0852,0.0715,0.2471,0.0845,1.0948,0.4375,745.4057,0.2794,1.254,0.4683,0.2608,0.0,0.5877,0.0496,0.45,158303092,3530029,-0.0151,0.3728,0
TXN-2023-2418,2023-10-30,Murabaha,Savdo,Boshqa,578,21,1.9,0.5764,1,0,5,Transport,0.6872,1.579,0.1055,120,125581563,116162684,0.7275,0.5167,0.8599,0.1762,0.4,1,0.4552,0,0,,0.1157,0.0894,0.0658,0.25,0.0484,1.1728,0.581,839.9168,0.5762,0.9037,0.3961,0.2736,0.0,0.3644,0.0696,0.45,116162684,3638823,-0.012,-0.2119,0
TXN-2023-2419,2023-07-12,Murabaha,Qurilish,Samarqand,658,39,1.9,0.562,2,1,5,Sanoat uskunasi,0.6251,7.734,0.0557,60,204225716,189744869,0.3091,0.6,0.6184,0.2709,0.0134,1,0.0806,5,0,,0.0718,0.0796,0.054,0.25,0.0353,1.0026,0.5865,1050.9756,0.2843,0.7655,0.3513,0.2755,0.4998,0.4426,0.08,0.45,189744869,6831460,-0.0074,-1.0339,0
TXN-2024-2420,2024-02-01,Murabaha,Ishlab chiqarish,Samarqand,659,37,2.2,0.5109,1,1,1,Ko'chmas mulk,0.8264,2.683,0.1112,12,214686555,229270915,0.5366,0.5396,0.8822,0.3088,0.137,1,0.214,6,0,,0.0787,0.14,0.0511,0.25,0.0847,0.9955,0.5335,796.4936,0.4458,1.3966,0.4222,0.3389,0.999,0.4889,0.2213,0.45,229270915,22827352,-0.0082,-0.2383,0
TXN-2022-2421,2022-07-27,Murabaha,Qurilish,Samarqand,588,30,5.7,0.3327,1,0,3,Ko'chmas mulk,0.5819,4.52,0.1532,36,215668052,45737896,0.4847,0.3124,0.5156,0.4283,0.159,1,0.6522,2,0,,0.0833,0.0785,0.0621,0.2249,0.0501,1.1157,0.3546,1008.7857,0.5874,1.8159,0.1936,0.2413,0.0,0.2128,0.1572,0.45,45737896,3235596,-0.0086,0.2778,0
TXN-2024-2422,2024-06-30,Murabaha,Qurilish,Samarqand,661,36,3.5,0.4197,0,1,4,Tovar,0.2807,9.919,0.0929,60,827473282,183334819,0.7081,0.6,0.568,0.139,0.0634,1,0.2399,6,0,,0.1156,0.1296,0.0709,0.1875,0.0492,0.9718,0.4625,2346.804,0.2024,0.7967,0.1178,0.2462,1000.0,0.453,0.029,0.45,183334819,2393129,-0.012,-0.321,0
TXN-2024-2423,2024-10-25,Ijara,Savdo,Boshqa,593,39,7.8,0.2561,2,0,5,Ko'chmas mulk,0.6843,1.945,0.1165,36,284727853,78342268,0.4387,0.2765,0.7631,0.2361,0.066,1,0.1723,3,1,,0.0913,0.1153,0.0776,0.25,0.078,1.0046,0.7406,865.2929,0.3021,1.2632,0.1753,0.2877,0.0,0.5326,0.0434,0.35,78342268,1189101,-0.0095,-0.1476,0
TXN-2024-2424,2024-06-05,Musharaka,Qurilish,Toshkent,610,29,13.5,0.6795,0,0,2,Transport,0.5058,0.68,0.2046,36,297815790,164141620,0.9669,0.3127,0.7034,0.1321,0.1274,1,0.2221,4,0,,0.2163,0.0799,0.029,0.25,0.0812,1.1697,0.8513,1203.6133,0.2595,0.9416,0.3437,0.3009,0.0,0.5208,0.2487,0.6,164141620,24492256,-0.0224,0.3448,0
TXN-2021-2425,2021-09-01,Murabaha,Qurilish,Toshkent,586,23,6.7,0.346,6,1,4,Tovar,0.7043,6.571,0.1049,36,253993233,187470233,0.252,0.6,0.8574,0.1773,0.2323,1,0.6837,1,0,,0.1136,0.1263,0.0405,0.1283,0.0767,0.9696,0.7063,830.8515,0.4096,0.9152,0.2437,0.2142,0.1666,0.5062,0.1058,0.45,187470233,8923069,-0.0118,-0.2207,0
TXN-2021-2426,2021-09-21,Sukuk,Savdo,Toshkent,523,56,1.4,0.5198,2,1,3,Sanoat uskunasi,0.9024,3.001,0.1323,36,99673801,123812944,0.5806,0.1634,0.45,0.209,0.1254,1,0.5679,4,0,AA,0.0668,0.0975,0.0488,0.25,0.0301,1.0658,0.234,578.9247,0.3344,1.9508,0.4691,0.2987,0.4998,0.2995,0.1653,0.28,123812944,5732055,-0.0069,0.0342,0
TXN-2021-2427,2021-07-18,Murabaha,IT,Boshqa,657,31,16.2,0.1851,2,0,2,Tovar,0.4703,7.982,0.1671,12,219999747,373018883,0.4527,0.4265,0.8503,0.057,0.2462,1,0.4647,3,0,,0.1149,0.0636,0.0784,0.25,0.0103,0.9683,0.4146,1393.9235,0.3032,1.442,0.0871,0.2352,0.0,0.5925,0.0559,0.45,373018883,9390089,-0.0119,0.323,0
TXN-2023-2428,2023-03-18,Sukuk,Qurilish,Buxoro,694,37,1.8,0.4125,1,0,4,Sanoat uskunasi,0.5165,2.632,0.0749,48,237673470,54434817,0.7071,0.2216,0.775,0.3719,0.2051,1,0.4057,3,0,A,0.0547,0.075,0.054,0.25,0.0679,1.0295,0.5673,1341.0087,0.5769,1.3434,0.2131,0.2709,0.0,0.3279,0.0149,0.28,54434817,227766,-0.0057,-1.0073,0
TXN-2023-2429,2023-02-04,Murabaha,Xizmat,Toshkent,688,48,1.0,0.1948,0,0,2,Ko'chmas mulk,0.6535,3.731,0.1678,60,369081360,67481472,0.5825,0.2164,0.5992,0.1529,0.172,1,0.3364,1,0,,0.1313,0.1389,0.0192,0.224,0.1031,0.9677,0.6334,1051.2219,0.3249,1.2683,0.1273,0.3437,0.0,0.4045,0.0929,0.45,67481472,2820761,-0.0136,0.2881,0
TXN-2022-2430,2022-11-26,Sukuk,Xizmat,Buxoro,714,65,0.6,0.644,0,0,4,Boshqa,0.7581,5.533,0.0794,60,121933373,176049420,0.7551,0.6,0.8721,0.3129,0.0564,1,0.7458,6,0,BBB,0.1191,0.0942,0.0627,0.25,0.0455,0.9899,0.5427,940.6187,0.3692,0.6609,0.4882,0.2815,0.0,0.5501,0.0188,0.28,176049420,924334,-0.0123,-0.4253,0
TXN-2024-2431,2024-02-17,Musharaka,Qishloq xo'jaligi,Samarqand,672,25,5.0,0.3582,3,0,4,Moliyaviy aktiv,0.6623,3.56,0.1491,48,168759566,650881115,0.5823,0.3752,0.8159,0.2643,0.0431,1,0.2801,3,0,,0.2847,0.114,0.0435,0.25,0.0928,0.9381,0.8094,1013.0777,0.3075,0.5219,0.2372,0.3205,0.0,0.565,0.14,0.6,650881115,54655272,-0.0295,0.0671,0
TXN-2023-2432,2023-01-19,Ijara,Qurilish,Boshqa,599,42,0.7,0.4936,4,0,5,Ko'chmas mulk,0.8561,2.068,0.1213,36,123598797,76787022,0.3696,0.6,0.6856,0.285,0.1273,1,0.4821,3,1,,0.1469,0.0846,0.045,0.25,0.0567,1.0487,0.4736,698.896,0.4124,0.8198,0.4225,0.2896,0.0,0.4029,0.0961,0.35,76787022,2583286,-0.0152,-0.0593,0
TXN-2021-2433,2021-10-23,Sukuk,Qurilish,Buxoro,716,30,0.9,0.4645,3,0,3,Tovar,0.7813,1.596,0.1206,12,158898289,141785236,0.74,0.4066,0.6817,0.1292,0.146,1,0.547,1,0,A,0.1013,0.0881,0.0301,0.239,0.0526,0.9876,0.657,915.2072,0.2752,1.1788,0.363,0.297,0.0,0.4941,0.0284,0.28,141785236,1126273,-0.0105,-0.0927,0
TXN-2022-2434,2022-02-12,Murabaha,Qishloq xo'jaligi,Boshqa,529,32,2.1,0.2308,0,0,1,Transport,0.5736,4.334,0.1382,72,198651468,341604841,0.5466,0.3415,0.7845,0.3244,0.1588,1,0.4913,3,0,,0.0951,0.1124,0.0517,0.1568,0.0769,0.8759,0.7806,920.5864,0.4832,1.4383,0.1324,0.2175,0.0,0.4054,0.2065,0.45,341604841,31739756,-0.0099,0.0866,0
TXN-2024-2435,2024-05-18,Sukuk,Ishlab chiqarish,Andijon,568,30,2.0,0.3337,0,1,3,Sanoat uskunasi,0.5925,3.696,0.1103,36,115724649,281822940,0.5779,0.1072,0.8129,0.3101,0.0724,1,0.2637,0,0,A,0.0675,0.1077,0.0425,0.25,0.0831,1.1775,0.6262,957.0951,0.3825,1.6105,0.1977,0.3152,1000.0,0.502,0.0441,0.28,281822940,3479011,-0.007,-0.2912,0
TXN-2023-2436,2023-11-09,Murabaha,Qurilish,Andijon,563,26,5.6,0.381,2,0,3,Ko'chmas mulk,0.7038,1.141,0.1973,48,389783916,228263495,0.7916,0.3862,0.9427,0.1645,0.3158,1,0.5427,1,0,,0.0964,0.096,0.0274,0.1507,0.0765,1.0378,0.4797,798.7579,0.4804,2.0258,0.2681,0.2193,0.0,0.4898,0.0933,0.45,228263495,9584453,-0.01,0.6984,0
TXN-2023-2437,2023-04-03,Murabaha,Ishlab chiqarish,Toshkent,736,37,10.2,0.15,2,0,4,Transport,0.45,1.725,0.1505,24,131337294,89693927,0.3256,0.2013,0.7145,0.2715,0.0319,1,0.6422,1,0,,0.1722,0.0688,0.0772,0.25,0.0651,0.9812,0.4521,1632.0858,0.3034,0.8686,0.0675,0.2417,0.0,0.4978,0.0339,0.45,89693927,1367606,-0.0178,0.1187,0
TXN-2023-2438,2023-10-22,Murabaha,Ishlab chiqarish,Toshkent,725,23,8.6,0.476,4,1,3,Ko'chmas mulk,0.4593,2.52,0.1148,24,359085866,145795971,0.552,0.5059,0.5835,0.1483,0.1852,1,0.2337,2,0,,0.1448,0.1396,0.0566,0.25,0.0498,1.0761,0.2,1575.1156,0.3335,0.7872,0.2186,0.333,0.2499,0.3889,0.0784,0.45,145795971,5143938,-0.015,-0.1052,0
TXN-2021-2439,2021-03-24,Musharaka,Savdo,Buxoro,686,47,1.8,0.168,0,0,4,Transport,0.8883,0.072,0.2219,12,181708114,151524230,0.4793,0.3117,0.9068,0.0465,0.067,1,0.2511,1,0,,0.2527,0.0752,0.06,0.25,0.0559,1.0757,0.5572,771.4001,0.1135,0.8743,0.1492,0.2653,0.0,0.8038,0.1206,0.6,151524230,10966609,-0.0262,0.3634,0
TXN-2021-2440,2021-04-03,Murabaha,Qishloq xo'jaligi,Samarqand,736,38,1.7,0.5153,0,1,4,Ko'chmas mulk,0.6754,0.711,0.1181,60,179198658,308033916,0.7112,0.299,0.7833,0.2055,0.1343,1,0.5019,1,0,,0.1065,0.1339,0.0282,0.25,0.0805,1.022,0.3637,1088.0706,0.3398,1.0993,0.348,0.3557,1000.0,0.5171,0.039,0.45,308033916,5411571,-0.011,-0.1114,0
TXN-2021-2441,2021-03-21,Musharaka,Ishlab chiqarish,Boshqa,570,42,20.3,0.4612,1,0,2,Transport,0.6699,0.72,0.1627,48,397471565,135220734,0.6774,0.4334,0.45,0.1612,0.0323,1,0.4648,2,0,,0.1094,0.1062,0.0469,0.25,0.0625,1.1531,0.2972,849.5592,0.1934,1.474,0.309,0.3094,0.0,0.363,0.3891,0.6,135220734,31566327,-0.0113,0.2992,0
TXN-2021-2442,2021-10-08,Musharaka,Qurilish,Toshkent,674,33,0.5,0.5754,1,0,4,Sanoat uskunasi,0.7668,5.369,0.2138,48,349041519,383442148,0.7508,0.2944,0.8615,0.2473,0.1338,1,0.2015,2,0,,0.2552,0.0871,0.0656,0.25,0.0704,1.1174,0.6374,877.858,0.3811,0.8347,0.4412,0.2714,0.0,0.5332,0.2025,0.6,383442148,46578150,-0.0264,0.3285,1
TXN-2022-2443,2022-11-14,Ijara,Savdo,Toshkent,634,34,12.7,0.1484,1,0,3,Tovar,0.459,1.007,0.1376,72,314778801,142844414,0.6094,0.2295,0.6933,0.4065,0.1592,1,0.4355,3,1,,0.1034,0.1013,0.018,0.25,0.1,0.949,0.5895,1378.3667,0.5657,1.3179,0.0681,0.3333,0.0,0.3011,0.0444,0.35,142844414,2219092,-0.0107,0.0732,0
TXN-2023-2444,2023-08-29,Ijara,Qishloq xo'jaligi,Toshkent,716,40,1.3,0.6575,4,0,5,Ko'chmas mulk,0.411,1.969,0.1146,24,84901990,163625994,0.7729,0.37,0.5879,0.0978,0.0786,0,0.4956,5,1,,0.0869,0.1277,0.0623,0.25,0.0767,1.1124,0.6377,1737.8182,0.1764,1.3038,0.2702,0.3154,0.0,0.4842,0.0172,0.35,163625994,984303,-0.009,-0.1777,0
TXN-2023-2445,2023-11-30,Musharaka,Savdo,Toshkent,635,26,17.7,0.1291,3,0,4,Moliyaviy aktiv,0.8003,4.453,0.1612,24,499573362,135684871,0.4529,0.1484,0.9818,0.0381,0.0318,1,0.3661,1,0,,0.2051,0.1209,0.0659,0.25,0.107,0.9011,0.6828,792.4206,0.0699,0.7824,0.1033,0.305,0.0,0.9131,0.0993,0.6,135684871,8088014,-0.0212,0.1523,0
TXN-2023-2446,2023-07-25,Murabaha,Qishloq xo'jaligi,Toshkent,612,34,2.5,0.4872,2,0,2,Transport,0.567,0.752,0.2131,24,578956696,131078728,0.2169,0.3377,0.6037,0.3988,0.2705,0,0.6491,3,0,,0.1307,0.0755,0.0638,0.25,0.0557,1.0018,0.3259,1077.4024,0.6693,1.618,0.2762,0.2617,0.0,0.1996,0.3645,0.45,131078728,21500001,-0.0135,0.6356,1
TXN-2021-2447,2021-11-02,Murabaha,Qishloq xo'jaligi,Buxoro,690,29,3.5,0.1761,1,0,4,Tovar,0.6352,0.33,0.0523,36,204870378,141208340,0.4608,0.2503,0.45,0.184,0.0829,1,0.1223,2,0,,0.108,0.0858,0.0624,0.25,0.1224,1.0641,0.6874,1084.4981,0.2669,0.4798,0.1119,0.2734,0.0,0.3299,0.0563,0.45,141208340,3577890,-0.0112,-0.7193,0
TXN-2024-2448,2024-05-26,Murabaha,Savdo,Namangan,719,29,7.4,0.3518,2,0,4,Transport,0.7699,7.409,0.1546,72,134548483,152028163,0.3164,0.4613,0.7125,0.2287,0.172,1,0.4914,1,0,,0.1064,0.0831,0.0504,0.2318,0.0563,1.0336,0.4644,932.7017,0.4007,1.4398,0.2709,0.2645,0.0,0.427,0.0489,0.45,152028163,3347372,-0.011,0.2312,0
TXN-2023-2449,2023-11-22,Murabaha,Ishlab chiqarish,Boshqa,588,21,5.3,0.1865,1,0,2,Tovar,0.6783,3.049,0.1407,72,115963005,47706798,0.6555,0.14,0.9317,0.1505,0.0285,0,0.1727,4,0,,0.1195,0.1127,0.0405,0.25,0.0785,1.0841,0.7555,865.6442,0.179,1.1677,0.1265,0.3222,0.0,0.765,0.0847,0.45,47706798,1819195,-0.0124,0.0894,0
TXN-2021-2450,2021-10-14,Murabaha,Ishlab chiqarish,Namangan,639,51,2.3,0.3013,2,0,4,Sanoat uskunasi,0.5717,0.487,0.1231,48,200096671,122010615,0.7235,0.3663,0.5679,0.0748,0.0816,1,0.4946,4,0,,0.1305,0.1198,0.0213,0.25,0.0768,0.978,0.8349,1115.728,0.1564,0.936,0.1723,0.3485,0.0,0.4791,0.0417,0.45,122010615,2290329,-0.0135,-0.0527,0
TXN-2022-2451,2022-11-03,Murabaha,Ishlab chiqarish,Toshkent,555,31,4.8,0.4664,2,0,3,Transport,0.6412,4.283,0.1515,48,124450342,484018673,0.5689,0.4877,0.8955,0.0761,0.082,1,0.5485,4,0,,0.1278,0.07,0.0826,0.25,0.0331,1.0197,0.4862,864.2587,0.1581,1.1768,0.299,0.2373,0.0,0.7539,0.0887,0.45,484018673,19327955,-0.0132,0.1685,0
TXN-2024-2452,2024-06-09,Sukuk,Qurilish,Samarqand,432,49,7.9,0.4621,5,0,4,Ko'chmas mulk,0.7508,3.868,0.0756,72,209806615,41703455,0.6847,0.2811,0.6358,0.1374,0.2315,1,0.1521,1,0,AA,0.0781,0.1016,0.0608,0.2423,0.0674,0.9088,0.4524,574.6308,0.3689,0.9563,0.3469,0.2832,0.0,0.4013,0.0754,0.28,41703455,881021,-0.0081,-0.6963,1
TXN-2022-2453,2022-10-15,Musharaka,Qishloq xo'jaligi,Toshkent,662,48,0.5,0.3393,2,0,5,Boshqa,0.6649,4.543,0.1018,48,171507366,125036235,0.388,0.3258,0.7778,0.2654,0.0154,1,0.5247,4,0,,0.2845,0.125,0.0324,0.25,0.1186,0.984,0.7216,994.1162,0.2808,0.3567,0.2256,0.3426,0.0,0.5594,0.1457,0.6,125036235,10931395,-0.0295,-0.099,0
TXN-2021-2454,2021-11-29,Murabaha,Xizmat,Andijon,696,25,0.5,0.5814,2,0,4,Tovar,0.5542,0.808,0.1816,24,107417743,100193577,0.8057,0.538,0.4664,0.2042,0.0623,1,0.1006,1,0,,0.0887,0.1151,0.0553,0.25,0.0587,0.8884,0.5835,1253.5547,0.2665,2.0245,0.3222,0.3099,0.0,0.3421,0.0807,0.45,100193577,3638172,-0.0092,0.582,0
TXN-2023-2455,2023-03-16,Musharaka,Savdo,Toshkent,667,27,3.7,0.2168,3,0,3,Transport,0.594,1.488,0.1396,48,159815354,186554710,0.7184,0.3398,0.617,0.1706,0.0267,0,0.2845,2,0,,0.2477,0.1193,0.0483,0.1498,0.0412,0.9603,0.4812,1121.0407,0.1973,0.5614,0.1288,0.2208,0.0,0.4952,0.1994,0.6,186554710,22319307,-0.0257,0.0388,0
TXN-2024-2456,2024-06-16,Murabaha,Ishlab chiqarish,Samarqand,479,63,0.8,0.2127,1,0,1,Ko'chmas mulk,0.578,2.958,0.1351,60,252370251,212115563,0.7382,0.6,0.7993,0.1322,0.1954,1,0.2618,0,0,,0.1616,0.0816,0.0672,0.25,0.0928,1.1095,0.6619,827.3135,0.3276,0.8308,0.1229,0.2644,0.0,0.5375,0.2107,0.45,212115563,20111499,-0.0167,0.0316,0
TXN-2022-2457,2022-09-05,Musharaka,Ishlab chiqarish,Buxoro,615,55,6.6,0.2004,1,0,2,Tovar,0.5788,1.238,0.0447,48,138592908,164368459,0.389,0.6,0.7982,0.0648,0.1569,1,0.4751,3,0,,0.136,0.1219,0.0523,0.1178,0.0645,1.0039,0.611,1060.6956,0.2217,0.3261,0.116,0.1874,0.0,0.6212,0.1805,0.6,164368459,17805659,-0.0141,-0.6274,0
TXN-2024-2458,2024-04-30,Musharaka,Qurilish,Andijon,456,37,1.4,0.3841,3,0,4,Boshqa,0.5989,0.181,0.0759,24,193985786,36279891,0.3247,0.3474,0.7566,0.235,0.1566,0,0.7028,5,0,,0.2565,0.0896,0.0384,0.1897,0.0884,1.0378,0.6187,760.1092,0.3916,0.2949,0.2301,0.2409,0.0,0.4603,0.4072,0.6,36279891,8864329,-0.0266,-0.2107,0
TXN-2022-2459,2022-11-20,Musharaka,Qishloq xo'jaligi,Boshqa,761,40,3.4,0.1694,0,0,4,Ko'chmas mulk,0.95,0.367,0.1952,36,409860884,35890903,0.7632,0.1886,0.697,0.0436,0.1895,1,0.5804,1,0,,0.2201,0.1236,0.079,0.0396,0.0617,1.0492,0.3795,800.2103,0.2331,0.8827,0.161,0.0842,0.0,0.5345,0.1218,0.6,35890903,2622060,-0.0228,0.296,0
TXN-2023-2460,2023-11-05,Murabaha,Qishloq xo'jaligi,Andijon,552,31,1.3,0.4056,1,0,3,Moliyaviy aktiv,0.6206,2.273,0.1833,36,152671493,22990951,0.9342,0.5302,0.8244,0.13,0.3824,1,0.0576,1,0,,0.115,0.0756,0.062,0.1494,0.0533,0.8979,0.6867,887.9972,0.5125,1.5804,0.2517,0.163,0.0,0.4019,0.0897,0.45,22990951,928415,-0.0119,0.4637,0
TXN-2023-2461,2023-11-10,Sukuk,Savdo,Toshkent,751,42,4.8,0.4339,3,0,5,Ko'chmas mulk,0.5775,1.176,0.0828,24,137337054,134951641,0.7404,0.6,0.8813,0.2408,0.1772,0,0.4807,4,0,A,0.0904,0.0627,0.085,0.25,0.0249,0.9826,0.3108,1298.2576,0.4179,0.9067,0.2506,0.2277,0.0,0.513,0.0053,0.28,134951641,199030,-0.0094,-0.5217,0
TXN-2023-2462,2023-12-27,Sukuk,Qurilish,Buxoro,725,30,0.7,0.3486,0,0,3,Boshqa,0.3643,0.013,0.1408,36,257761495,46969257,0.4978,0.4003,0.6265,0.045,0.0572,1,0.713,3,0,AAA,0.0763,0.14,0.0473,0.25,0.0292,0.9916,0.5946,1984.8304,0.1021,1.8216,0.127,0.3427,0.0,0.5625,0.012,0.28,46969257,157707,-0.0079,0.1415,0
TXN-2023-2463,2023-10-01,Musharaka,Savdo,Andijon,568,21,0.5,0.1874,3,1,4,Tovar,0.7759,3.64,0.2572,24,481631046,28679197,0.847,0.5144,0.73,0.1548,0.048,1,0.2432,2,0,,0.287,0.14,0.078,0.25,0.0725,0.8747,0.5886,731.1206,0.2028,0.8928,0.1454,0.312,0.3332,0.582,0.1798,0.6,28679197,3093171,-0.0297,0.443,0
TXN-2024-2464,2024-12-22,Musharaka,Qishloq xo'jaligi,Andijon,548,24,0.5,0.5274,1,0,4,Ko'chmas mulk,0.569,1.348,0.2331,36,310937192,77959249,0.6,0.3556,0.7139,0.1574,0.0397,1,0.6861,1,0,,0.2072,0.0871,0.0497,0.2025,0.0387,0.9723,0.5673,961.4634,0.1971,1.1197,0.3001,0.2399,0.0,0.5732,0.2643,0.6,77959249,12364828,-0.0215,0.4976,1
TXN-2024-2465,2024-02-27,Musharaka,IT,Toshkent,674,38,18.5,0.4274,5,0,4,Ko'chmas mulk,0.619,0.941,0.245,12,160324233,92029199,0.8814,0.4539,0.6849,0.2107,0.3791,1,0.5903,3,0,,0.2226,0.05,0.0495,0.1675,0.0379,0.9382,0.5538,1087.0227,0.5898,1.096,0.2646,0.168,0.0,0.2809,0.1293,0.6,92029199,7140152,-0.0231,0.5168,0
TXN-2022-2466,2022-09-06,Murabaha,IT,Andijon,573,26,0.9,0.3714,2,1,4,Sanoat uskunasi,0.368,3.125,0.1926,84,159996233,140120986,0.8095,0.2333,0.9234,0.0483,0.0438,1,0.4854,1,0,,0.1136,0.0631,0.0516,0.25,0.0776,1.0038,0.6716,1553.0047,0.0921,1.6798,0.1367,0.2615,0.4998,0.8384,0.0223,0.45,140120986,1406005,-0.0118,0.5506,0
TXN-2023-2467,2023-08-31,Murabaha,Savdo,Toshkent,653,37,7.4,0.3117,1,0,3,Sanoat uskunasi,0.479,1.518,0.1192,24,178979781,149173458,0.3974,0.1737,0.8516,0.175,0.089,1,0.3485,0,0,,0.1355,0.0789,0.0661,0.0759,0.0849,1.0461,0.7515,1360.3854,0.264,0.8733,0.1493,0.0888,0.0,0.6268,0.0508,0.45,149173458,3411299,-0.014,-0.0798,0
TXN-2021-2468,2021-02-04,Murabaha,IT,Buxoro,603,27,0.5,0.4524,2,0,5,Moliyaviy aktiv,0.7686,2.967,0.1211,36,196907534,154844418,0.4154,0.6,0.8172,0.0602,0.0714,1,0.3963,4,0,,0.0703,0.0643,0.0585,0.25,0.0306,1.0379,0.5678,783.5231,0.1316,1.6992,0.3477,0.2557,0.0,0.7096,0.0414,0.45,154844418,2882931,-0.0073,-0.1267,0
TXN-2023-2469,2023-01-25,Musharaka,Qurilish,Andijon,493,30,0.7,0.6513,1,0,3,Tovar,0.4348,0.033,0.2218,12,1072875298,263485666,0.3103,0.6,0.6718,0.3002,0.137,1,0.4069,4,0,,0.2336,0.0917,0.0622,0.0495,0.0535,1.0988,0.7691,1131.2736,0.4372,0.9454,0.2832,0.0789,0.0,0.3781,0.5362,0.6,263485666,84774674,-0.0242,0.3929,0
TXN-2022-2470,2022-11-10,Musharaka,Ishlab chiqarish,Namangan,455,46,4.3,0.3198,2,0,4,Transport,0.6685,0.024,0.1054,24,258630456,120878475,0.8876,0.3849,0.7487,0.0562,0.1139,1,0.5222,2,0,,0.2736,0.1021,0.027,0.25,0.0465,0.9386,0.8229,679.5951,0.1701,0.3838,0.2138,0.3251,0.0,0.6213,0.2927,0.6,120878475,21230894,-0.0284,-0.09,0
TXN-2024-2471,2024-10-11,Murabaha,Qurilish,Toshkent,664,40,3.8,0.2775,5,0,4,Moliyaviy aktiv,0.5164,2.052,0.1533,48,715358020,250704257,0.4232,0.3967,0.7848,0.205,0.3033,0,0.8551,4,0,,0.1548,0.0781,0.0426,0.25,0.1021,1.0892,0.595,1283.3678,0.5083,0.9838,0.1433,0.2855,0.0,0.3859,0.0606,0.45,250704257,6837395,-0.016,0.1504,0
TXN-2021-2472,2021-08-13,Sukuk,Qishloq xo'jaligi,Namangan,597,37,18.2,0.2543,2,0,2,Sanoat uskunasi,0.6781,10.073,0.1115,24,400110270,116167195,0.8808,0.262,0.6848,0.1677,0.054,1,0.1845,3,0,BBB,0.0637,0.07,0.0802,0.25,0.0759,1.0534,0.8626,879.1577,0.2218,1.7227,0.1724,0.2398,0.0,0.533,0.0406,0.28,116167195,1321740,-0.0066,-0.2907,0
TXN-2023-2473,2023-05-04,Sukuk,Qurilish,Samarqand,597,46,17.4,0.4187,2,0,4,Tovar,0.3127,0.795,0.1175,48,53566807,112314740,0.434,0.4449,0.7422,0.0701,0.0216,0,0.5305,1,0,A,0.0587,0.0806,0.0794,0.25,0.0746,1.0065,0.5935,1902.8044,0.0918,1.9671,0.131,0.2512,0.0,0.674,0.0091,0.28,112314740,286700,-0.0061,-0.2132,0
TXN-2024-2474,2024-04-10,Ijara,Savdo,Namangan,704,42,9.1,0.5047,3,0,4,Tovar,0.6051,2.871,0.1372,12,179846091,99489052,0.671,0.067,0.8618,0.3727,0.0164,1,0.1878,3,1,,0.0931,0.0828,0.0347,0.2023,0.0873,1.0331,0.7793,1161.5131,0.3891,1.4577,0.3054,0.2504,0.0,0.5265,0.0319,0.35,99489052,1111054,-0.0097,0.0773,0
TXN-2022-2475,2022-09-23,Musharaka,IT,Samarqand,744,52,5.5,0.2335,2,1,4,Moliyaviy aktiv,0.6402,0.473,0.1027,36,234258354,144681973,0.7761,0.5293,0.8465,0.0851,0.0667,1,0.4268,2,0,,0.248,0.104,0.0715,0.25,0.0312,1.0488,0.6325,1160.2623,0.1519,0.4127,0.1495,0.2826,0.4998,0.7179,0.0796,0.6,144681973,6911128,-0.0257,-0.1099,0
TXN-2024-2476,2024-11-10,Sukuk,Xizmat,Toshkent,621,33,3.6,0.4027,4,0,4,Ko'chmas mulk,0.4197,0.933,0.0574,48,269774917,235535100,0.553,0.2566,0.8337,0.3945,0.2946,1,0.1964,3,0,AA,0.0785,0.0937,0.0553,0.25,0.053,0.9499,0.5953,1476.1461,0.6891,0.7213,0.169,0.2884,0.0,0.2592,0.0188,0.28,235535100,1242360,-0.0081,-0.9248,1
TXN-2024-2477,2024-07-12,Murabaha,Savdo,Samarqand,616,33,2.6,0.3875,1,0,5,Sanoat uskunasi,0.3591,0.203,0.1426,72,254209364,232252229,0.5305,0.317,0.7092,0.1207,0.2711,1,0.6048,3,0,,0.1039,0.0819,0.0509,0.25,0.0158,0.9103,0.7388,1710.8501,0.3918,1.3597,0.1391,0.281,0.0,0.4313,0.0507,0.45,232252229,5297842,-0.0108,0.1216,0
TXN-2021-2478,2021-02-24,Ijara,Ishlab chiqarish,Andijon,687,24,17.6,0.415,4,0,3,Transport,0.6349,5.317,0.1934,36,86882036,227359881,0.7338,0.2164,0.7434,0.161,0.0078,1,0.2861,0,1,,0.0664,0.0939,0.0386,0.25,0.0676,0.9584,0.6782,1080.326,0.1688,2.8671,0.2635,0.3054,0.0,0.6179,0.0317,0.35,227359881,2525964,-0.0069,0.9535,0
TXN-2024-2479,2024-05-07,Murabaha,Qishloq xo'jaligi,Boshqa,529,33,5.5,0.4478,0,0,5,Transport,0.8577,0.929,0.1016,60,84900401,184443015,0.7073,0.2522,0.7858,0.1676,0.2409,1,0.228,1,0,,0.1122,0.1152,0.0229,0.25,0.0582,1.0331,0.5296,616.0273,0.4085,0.8974,0.3841,0.3424,0.0,0.4648,0.1031,0.45,184443015,8560500,-0.0116,-0.2536,0
TXN-2023-2480,2023-08-30,Ijara,Savdo,Buxoro,663,47,5.2,0.3523,2,0,3,Transport,0.95,0.655,0.1103,60,237801367,66239677,0.6755,0.274,0.8372,0.0656,0.1813,1,0.2546,1,1,,0.1127,0.14,0.0373,0.25,0.0352,1.0141,0.3597,697.1609,0.2469,0.9706,0.3347,0.3527,0.0,0.6305,0.0705,0.35,66239677,1633431,-0.0117,-0.1745,0
TXN-2022-2481,2022-06-28,Murabaha,Xizmat,Buxoro,691,50,1.6,0.2396,0,0,4,Tovar,0.7983,3.279,0.1519,24,191457340,1022538871,0.4268,0.413,0.8296,0.207,0.1823,1,0.2157,3,0,,0.1328,0.069,0.0542,0.25,0.0397,1.0884,0.3112,864.5323,0.3893,1.1354,0.1912,0.2647,0.0,0.5066,0.0559,0.45,1022538871,25710085,-0.0138,0.165,0
TXN-2024-2482,2024-09-04,Sukuk,Qurilish,Toshkent,702,47,0.5,0.239,1,0,2,Ko'chmas mulk,0.3929,0.556,0.0865,72,524381676,58359878,0.3935,0.3477,0.8764,0.146,0.098,1,0.435,2,0,BBB,0.0541,0.0942,0.056,0.25,0.0725,0.9212,0.4465,1782.2531,0.244,1.5705,0.0939,0.2882,0.0,0.6626,0.0153,0.28,58359878,249711,-0.0056,-0.8034,0
TXN-2024-2483,2024-03-30,Sukuk,Qurilish,Andijon,480,21,17.4,0.2974,3,1,1,Transport,0.7122,0.687,0.1164,48,245040433,161680503,0.3937,0.5411,0.4685,0.1009,0.1734,1,0.1959,1,0,AA,0.0564,0.1005,0.0738,0.25,0.088,0.9647,0.5273,672.9965,0.2744,2.0287,0.2118,0.2768,0.3332,0.34,0.2851,0.28,161680503,12907110,-0.0058,-0.2415,0
TXN-2024-2484,2024-03-28,Murabaha,Xizmat,Toshkent,580,48,2.3,0.48,0,0,2,Ko'chmas mulk,0.7046,0.273,0.1684,24,387514233,1210014493,0.556,0.6,0.7344,0.3039,0.2995,1,0.3405,5,0,,0.1147,0.1333,0.0606,0.25,0.0604,1.0797,0.8877,822.0277,0.6034,1.4558,0.3382,0.3227,0.0,0.2912,0.3293,0.45,1210014493,179328793,-0.0119,0.335,1
TXN-2022-2485,2022-04-12,Musharaka,Ishlab chiqarish,Samarqand,570,21,3.5,0.2564,3,0,3,Ko'chmas mulk,0.704,8.233,0.2725,72,360755528,275245809,0.6585,0.4464,0.9089,0.4877,0.158,1,0.3183,0,0,,0.2624,0.0876,0.0391,0.25,0.098,0.9545,0.6989,808.5344,0.6456,1.0345,0.1805,0.2985,0.0,0.3221,0.3,0.6,275245809,49538206,-0.0272,0.543,0
TXN-2021-2486,2021-04-16,Sukuk,Savdo,Toshkent,653,46,0.7,0.4218,0,1,1,Sanoat uskunasi,0.6546,0.711,0.1137,24,234395145,90903650,0.9064,0.2033,0.45,0.1123,0.2423,1,0.416,3,0,A,0.091,0.1088,0.0376,0.25,0.0553,0.8891,0.3509,996.0317,0.3546,1.2364,0.2761,0.3212,1000.0,0.2904,0.0982,0.28,90903650,2499088,-0.0094,-0.1786,0
TXN-2024-2487,2024-04-10,Musharaka,Savdo,Samarqand,685,34,10.9,0.4204,2,0,4,Ko'chmas mulk,0.8614,12.0,0.1602,36,473892801,348225440,0.4588,0.1946,0.7585,0.2257,0.0586,1,0.245,3,0,,0.2886,0.134,0.0769,0.25,0.0515,1.0878,0.2453,794.2788,0.2843,0.5531,0.3622,0.3071,0.0,0.5429,0.2751,0.6,348225440,57486182,-0.0299,0.1046,0
TXN-2023-2488,2023-09-11,Sukuk,Qishloq xo'jaligi,Buxoro,772,45,0.5,0.729,2,0,3,Ko'chmas mulk,0.5027,0.484,0.1217,36,184916044,170132997,0.7611,0.1921,0.938,0.1273,0.0463,1,0.4639,2,0,AA,0.0574,0.0965,0.0697,0.25,0.0841,1.1193,0.8291,1532.5723,0.1736,2.0842,0.3665,0.2768,0.0,0.7752,0.0128,0.28,170132997,609113,-0.0059,-0.1445,0
TXN-2021-2489,2021-12-16,Musharaka,Savdo,Namangan,602,24,10.8,0.5928,6,0,4,Transport,0.2012,0.052,0.1776,48,236735367,83810779,0.5661,0.4399,0.9086,0.1548,0.1746,1,0.7649,4,0,,0.3323,0.0659,0.0529,0.2323,0.0661,1.0244,0.4382,2977.3729,0.3294,0.5328,0.1193,0.2453,0.0,0.6094,0.157,0.6,83810779,7893241,-0.0344,0.1432,0
TXN-2023-2490,2023-12-10,Murabaha,Xizmat,Andijon,602,49,0.9,0.812,1,0,1,Ko'chmas mulk,0.7454,5.651,0.1249,48,254647504,172891585,0.6778,0.6,0.81,0.0121,0.2046,1,0.2836,2,0,,0.1169,0.1389,0.0665,0.25,0.0631,1.1069,0.5904,806.5656,0.2168,1.0596,0.6053,0.3224,0.0,0.6344,0.2963,0.45,172891585,23054808,-0.0121,-0.0435,0
TXN-2024-2491,2024-07-12,Murabaha,Xizmat,Buxoro,742,23,13.1,0.4723,2,0,3,Ko'chmas mulk,0.7355,2.169,0.1235,24,147148127,115131992,0.7693,0.4306,0.8461,0.0953,0.1242,1,0.747,3,0,,0.1166,0.0832,0.0722,0.25,0.0781,1.0951,0.5873,1007.4935,0.2195,1.0499,0.3473,0.261,0.0,0.6603,0.0446,0.45,115131992,2312401,-0.0121,-0.0562,0
TXN-2024-2492,2024-06-23,Murabaha,Savdo,Andijon,670,31,7.9,0.476,5,1,3,Tovar,0.5454,1.082,0.1202,36,121858030,127702634,0.733,0.3611,0.898,0.0496,0.0625,1,0.5536,2,0,,0.1648,0.1232,0.025,0.25,0.0954,0.9813,0.6681,1226.2811,0.112,0.7251,0.2596,0.3482,0.2,0.7974,0.0349,0.45,127702634,2006583,-0.0171,-0.0592,0
TXN-2023-2493,2023-02-18,Ijara,Qishloq xo'jaligi,Boshqa,752,28,1.1,0.2584,1,0,3,Tovar,0.5883,1.8,0.1527,24,112825879,152890249,0.8439,0.4296,0.7205,0.0875,0.3047,0,0.2098,1,1,,0.1339,0.1167,0.0423,0.25,0.0704,1.25,0.8593,1276.1224,0.3923,1.1317,0.152,0.3243,0.0,0.4379,0.0306,0.35,152890249,1636278,-0.0139,0.1693,0
TXN-2021-2494,2021-10-30,Murabaha,Savdo,Andijon,669,21,5.0,0.6248,5,0,2,Ko'chmas mulk,0.923,0.755,0.183,24,130482709,242185302,0.4737,0.2819,0.9457,0.2446,0.0736,1,0.3781,4,0,,0.0988,0.0638,0.0445,0.25,0.0719,1.0062,0.3552,723.9873,0.3182,1.8338,0.5767,0.2693,0.0,0.6448,0.1421,0.45,242185302,15481787,-0.0102,0.5362,1
TXN-2024-2495,2024-10-26,Musharaka,Savdo,Toshkent,546,38,2.2,0.3212,3,0,5,Ko'chmas mulk,0.4677,2.518,0.1969,60,225275630,278986969,0.396,0.3483,0.8705,0.1099,0.1458,1,0.6457,3,0,,0.2141,0.0914,0.0364,0.25,0.0908,1.0039,0.3533,1164.9886,0.2557,0.9154,0.1502,0.305,0.0,0.6479,0.0905,0.6,278986969,15148224,-0.0222,0.3125,0
TXN-2022-2496,2022-05-12,Musharaka,Savdo,Namangan,531,56,1.2,0.2478,0,0,3,Moliyaviy aktiv,0.571,2.396,0.1533,60,293891999,89137681,0.4966,0.5037,0.8336,0.2679,0.0604,1,0.4875,0,0,,0.3827,0.1087,0.0468,0.2425,0.0579,1.0774,0.7244,928.327,0.3283,0.3994,0.1415,0.3044,0.0,0.5599,0.291,0.6,89137681,15563880,-0.0397,0.0608,0
TXN-2021-2497,2021-03-06,Musharaka,Savdo,Buxoro,513,64,11.8,0.6371,0,0,4,Ko'chmas mulk,0.6537,0.209,0.1913,36,114898596,190969919,0.6099,0.3558,0.5161,0.1177,0.3236,1,0.3151,3,0,,0.2611,0.1063,0.0649,0.25,0.065,0.8,0.5633,783.5902,0.4413,0.7297,0.4164,0.2914,0.0,0.2884,0.5061,0.6,190969919,57995539,-0.0271,0.2346,0
TXN-2024-2498,2024-03-18,Sukuk,Qishloq xo'jaligi,Toshkent,701,38,3.1,0.5403,2,0,3,Sanoat uskunasi,0.2007,6.039,0.0816,12,252633139,123056157,0.3041,0.2863,0.8943,0.1117,0.0022,1,0.6946,2,0,A,0.072,0.0632,0.0467,0.0814,0.0602,1.1337,0.732,3476.0533,0.1139,1.1186,0.1084,0.0979,0.0,0.7924,0.0081,0.28,123056157,278224,-0.0075,-0.672,0
TXN-2024-2499,2024-12-05,Sukuk,Ishlab chiqarish,Boshqa,746,49,3.1,0.2265,3,0,5,Sanoat uskunasi,0.7178,1.543,0.0977,36,209765853,253928159,0.8935,0.2977,0.8443,0.1587,0.0168,1,0.3136,2,0,AA,0.069,0.1206,0.0741,0.25,0.0739,0.9806,0.5907,1037.8449,0.1755,1.3955,0.1626,0.2965,0.0,0.6961,0.0042,0.28,253928159,300113,-0.0072,-0.4681,0
TXN-2021-2500,2021-08-14,Murabaha,Ishlab chiqarish,Toshkent,802,40,1.1,0.2727,1,0,3,Tovar,0.3413,0.543,0.0795,24,426798602,72607558,0.7016,0.5837,0.658,0.067,0.0827,1,0.0835,2,0,,0.1447,0.1,0.0489,0.1476,0.0076,0.917,0.6959,2343.1703,0.1497,0.5458,0.093,0.1987,0.0,0.5595,0.0174,0.45,72607558,569016,-0.015,-0.3486,0
