xizmat_turi,mintaqa,sektor,kredit_ball,yosh,tajriba,oldingi_kreditlar,oldingi_defaultlar,moliyalash_miqdori,muddat_oy,foyda_stavkasi,ltv_nisbati,qarz_xizmat_nisbati,likvidlik,leverage,garov_sifati,sharia_audit,gharar_darajasi,maysir_ekspozitsiya,halal_sertifikat,bozor_volatilligi,yim_osishi,inflyatsiya,valyuta_tebranishi,neft_narxi,bank_indeksi,pd_qiymati,ead,lgd,kutilgan_zarar,default_holati,risk_darajasi,risk_kodi,xizmat_enc,mintaqa_enc,sektor_enc
Murabaha,Toshkent,Qurilish,689,25,7,5,2,99682,60,0.1224,0.6055,0.5699,0.622,0.7558,1,0.8132,0.205,0.1293,1,0.1707,0.067,0.136,0.0668,0.0786,0.1034,0.9734,130188,0.3206,40625,1,Juda Yuqori,3,1,5,3
Sukuk,Qashqadaryo,Eksport,728,52,2,2,0,190858,60,0.0882,0.6891,0.6137,0.848,0.521,4,0.6822,0.0806,0.0333,1,0.0957,0.069,0.1175,0.0539,-0.1251,0.235,0.1175,232946,0.2661,7285,1,O'rta,1,3,3,0
Ijara,Farg'ona,Xizmat,661,55,12,3,0,15394,60,0.1131,0.545,0.4528,0.8299,0.2037,2,0.5618,0.2702,0.0838,1,0.1213,0.0514,0.1164,0.0846,0.1172,0.1005,0.3422,19747,0.3153,2130,0,Yuqori,2,0,1,5
Musharaka,Qashqadaryo,Eksport,677,27,12,0,0,25687,60,0.2227,0.4822,0.3725,0.7961,0.8591,4,0.5542,0.2293,0.0598,1,0.2508,0.0714,0.0938,0.0286,-0.149,0.0025,0.4954,39991,0.542,10738,1,Juda Yuqori,3,2,3,0
Murabaha,Namangan,Qurilish,573,33,16,5,0,109576,24,0.1429,0.5949,0.2081,0.8562,0.8662,2,0.8101,0.1535,0.0174,1,0.1121,0.0625,0.1197,0.0459,-0.028,0.0521,0.2736,125237,0.6172,21148,1,Yuqori,2,1,2,3
Murabaha,Qashqadaryo,Eksport,648,36,21,4,0,93249,60,0.1383,0.4373,0.4897,0.4119,0.6092,4,0.55,0.3342,0.1598,1,0.1257,0.0708,0.1082,0.0633,0.1542,-0.1293,0.6746,125490,0.4875,41271,1,Juda Yuqori,3,1,3,0
Murabaha,Samarqand,Qurilish,593,48,3,2,0,113193,36,0.1429,0.7334,0.1425,0.9575,0.2923,4,0.8066,0.2571,0.4,1,0.1419,0.0758,0.0891,0.0379,-0.5007,0.0727,0.1584,137450,0.521,11344,0,O'rta,1,1,4,3
Sukuk,Farg'ona,Xizmat,609,49,14,2,0,49625,60,0.0457,0.7693,0.5982,0.5357,0.1491,5,0.8061,0.1161,0.0397,1,0.1129,0.044,0.0777,0.038,-0.1036,0.0964,0.1107,55295,0.2517,1541,0,O'rta,1,3,1,5
Musharaka,Farg'ona,Ishlab chiqarish,557,52,10,2,1,19663,120,0.2718,0.6021,0.2212,0.9002,0.1786,2,0.8113,0.1176,0.15,1,0.2573,0.0671,0.0932,0.0552,-0.0285,0.126,0.6878,46384,0.6043,19279,1,Juda Yuqori,3,2,1,1
Ijara,Qashqadaryo,Qishloq xo'jaligi,850,27,1,2,0,362633,84,0.1269,0.5545,0.508,0.7715,0.8855,3,0.8978,0.0973,0.1252,1,0.0922,0.0583,0.0971,0.0676,0.1483,0.0611,0.096,523723,0.384,19299,0,Past,0,0,3,2
Murabaha,Samarqand,Xizmat,631,62,8,3,0,50822,6,0.0813,0.7323,0.4943,0.6543,0.2152,3,0.9318,0.2224,0.2368,1,0.1621,0.0541,0.0758,0.0117,0.0961,0.0878,0.5712,51855,0.4614,13666,1,Juda Yuqori,3,1,4,5
Sukuk,Toshkent,Xizmat,602,25,7,4,0,34206,24,0.0532,0.52,0.563,0.7981,0.4507,2,0.8924,0.0563,0.2761,1,0.0178,0.0606,0.0433,0.0754,-0.0929,-0.0701,0.1646,36027,0.3483,2066,0,O'rta,1,3,5,5
Ijara,Buxoro,Eksport,612,54,22,1,0,30871,24,0.0699,0.5063,0.3091,0.8754,0.8417,1,0.856,0.1068,0.0512,1,0.1062,0.0574,0.0615,0.0121,0.0999,0.1239,0.2092,33028,0.3939,2722,0,O'rta,1,0,0,0
Murabaha,Toshkent,Savdo,623,53,5,2,0,13904,12,0.0999,0.2892,0.078,0.5716,0.6389,4,0.6791,0.4238,0.1582,1,0.0798,0.054,0.085,0.0274,-0.0848,0.049,0.1878,14598,0.3231,886,0,O'rta,1,1,5,4
Murabaha,Samarqand,Qishloq xo'jaligi,485,40,3,7,1,161865,6,0.0924,0.7598,0.298,0.7169,0.7184,5,0.632,0.3331,0.1147,1,0.196,0.0514,0.0978,0.0972,-0.141,-0.0671,0.8479,165604,0.4624,64924,1,Juda Yuqori,3,1,4,2
Murabaha,Farg'ona,Ishlab chiqarish,745,39,2,2,0,67637,36,0.1797,0.7041,0.2497,0.5656,0.7436,4,0.8174,0.2471,0.0585,1,0.106,0.0588,0.1048,0.0956,0.1807,0.0553,0.223,85868,0.4426,8475,0,O'rta,1,1,1,1
Murabaha,Namangan,Qishloq xo'jaligi,542,34,11,3,0,19295,24,0.0904,0.4684,0.5847,0.5775,0.6094,3,0.55,0.2484,0.2263,1,0.1384,0.0322,0.0923,0.0742,-0.0106,0.0756,0.8966,21039,0.4216,7952,1,Juda Yuqori,3,1,2,2
Musharaka,Qashqadaryo,Qishloq xo'jaligi,766,61,7,1,0,29259,120,0.3038,0.5271,0.2578,0.669,0.6235,1,0.8159,0.2952,0.2602,1,0.2841,0.063,0.0672,0.0583,-0.295,0.09,0.8423,73700,0.5947,36918,1,Juda Yuqori,3,2,3,2
Musharaka,Toshkent,Savdo,589,39,23,6,1,61222,12,0.2875,0.4746,0.5827,0.9755,0.8282,2,0.55,0.2564,0.1973,1,0.3091,0.073,0.0869,0.0311,-0.0755,0.1093,0.9882,70023,0.5717,39559,1,Juda Yuqori,3,2,5,4
Murabaha,Farg'ona,Ishlab chiqarish,572,33,17,1,0,109415,60,0.0794,0.7371,0.4721,0.7841,0.3843,3,0.8067,0.0883,0.0578,1,0.1255,0.0609,0.0759,0.0453,-0.2464,0.0336,0.2502,131123,0.3551,11650,0,Yuqori,2,1,1,1
Musharaka,Namangan,Savdo,448,34,16,6,2,62310,12,0.3442,0.9342,0.4988,0.8924,0.8226,4,0.9231,0.2802,0.0922,1,0.2657,0.0734,0.0856,0.0395,0.1308,0.0816,0.993,73033,0.6108,44297,1,Juda Yuqori,3,2,2,4
Murabaha,Samarqand,Savdo,503,41,7,2,0,253554,60,0.1658,0.7526,0.4312,0.7741,0.4745,1,0.7969,0.3413,0.0647,1,0.148,0.0529,0.0638,0.0396,0.0574,-0.0315,0.8168,358635,0.4063,119014,1,Juda Yuqori,3,1,4,4
Murabaha,Toshkent,Ishlab chiqarish,607,32,7,5,0,195412,24,0.1417,0.4512,0.2598,0.7656,0.6428,3,0.7248,0.1177,0.0815,1,0.134,0.0533,0.1051,0.0159,0.0328,-0.1993,0.1722,223095,0.3196,12273,0,O'rta,1,1,5,1
Murabaha,Farg'ona,Ishlab chiqarish,715,31,19,3,0,120284,24,0.1024,0.7341,0.2286,0.8571,0.583,3,0.7842,0.2075,0.1327,1,0.0995,0.0793,0.1126,0.0505,-0.0071,0.0155,0.1535,132597,0.4635,9433,1,O'rta,1,1,1,1
Musharaka,Samarqand,Savdo,583,59,5,1,0,37302,12,0.3529,0.511,0.3646,0.8658,0.2921,2,0.641,0.2856,0.0669,1,0.234,0.0706,0.1009,0.0714,-0.0253,0.0187,0.7797,43884,0.6349,21724,0,Juda Yuqori,3,2,4,4
Ijara,Toshkent,Ishlab chiqarish,571,27,5,0,0,23728,24,0.1047,0.6826,0.3805,0.7046,0.6294,2,0.9672,0.1656,0.1185,1,0.0939,0.0465,0.0897,0.0382,-0.16,0.0166,0.4199,26213,0.4315,4749,1,Yuqori,2,0,5,1
Murabaha,Buxoro,Qishloq xo'jaligi,794,30,7,2,0,50023,60,0.162,0.568,0.3417,0.6828,0.2897,3,0.9391,0.2345,0.1759,1,0.1248,0.0602,0.0744,0.0431,0.2432,-0.0775,0.1226,70284,0.4307,3710,0,O'rta,1,1,0,2
Musharaka,Samarqand,Qishloq xo'jaligi,630,39,17,1,0,10931,36,0.364,0.4544,0.268,0.689,0.1419,4,0.8646,0.1243,0.1046,1,0.2277,0.0706,0.1161,0.0186,0.1637,-0.1173,0.264,16899,0.704,3141,0,Yuqori,2,2,4,2
Musharaka,Toshkent,Xizmat,648,61,12,2,0,14534,84,0.3364,0.6013,0.1215,0.7166,0.655,4,0.6819,0.0893,0.0091,1,0.2127,0.0387,0.0818,0.0377,0.0658,-0.0241,0.1969,31646,0.629,3920,1,O'rta,1,2,5,5
Murabaha,Samarqand,Qurilish,564,26,20,4,1,55342,24,0.1097,0.5951,0.3348,0.913,0.3642,3,0.8261,0.3147,0.0603,1,0.1364,0.0809,0.0616,0.0333,-0.0903,0.0977,0.3562,61410,0.5106,11170,0,Yuqori,2,1,4,3
Musharaka,Buxoro,Ishlab chiqarish,576,58,22,2,1,107036,84,0.2776,0.8806,0.3209,0.401,0.3367,1,0.6684,0.2545,0.0428,1,0.2601,0.0602,0.1121,0.0776,0.0751,0.0518,0.983,211017,0.543,112637,1,Juda Yuqori,3,2,0,1
Murabaha,Namangan,Eksport,748,52,14,3,0,330485,36,0.1056,0.7975,0.633,0.599,0.633,4,0.8744,0.2967,0.0595,1,0.1171,0.0749,0.0812,0.0259,0.0718,-0.0862,0.5079,382827,0.4594,89337,0,Juda Yuqori,3,1,2,0
Murabaha,Farg'ona,Qurilish,630,34,22,3,1,44863,60,0.1635,0.6627,0.3233,0.7873,0.3174,5,0.8475,0.299,0.1138,1,0.1227,0.0675,0.0516,0.0297,0.1764,-0.1062,0.2331,63201,0.3855,5680,0,O'rta,1,1,1,3
Sukuk,Qashqadaryo,Qurilish,640,35,14,1,0,48959,60,0.0671,0.8081,0.218,0.4676,0.4212,5,0.8448,0.2006,0.137,1,0.1128,0.0531,0.1157,0.0264,-0.046,0.0223,0.0975,57172,0.3204,1787,0,Past,0,3,3,3
Sukuk,Namangan,Xizmat,772,25,22,0,0,596357,84,0.087,0.4792,0.2073,0.7572,0.4048,3,0.8045,0.1182,0.0088,1,0.109,0.064,0.0645,0.0969,0.0278,0.0861,0.009,777965,0.3204,2232,0,Past,0,3,2,5
Ijara,Farg'ona,Ishlab chiqarish,535,53,5,0,0,67642,84,0.1111,0.2152,0.5007,0.6503,0.1059,3,0.55,0.1376,0.4,1,0.0493,0.065,0.1144,0.0221,0.0949,0.0527,0.3435,93944,0.329,10617,0,Yuqori,2,0,1,1
Murabaha,Buxoro,Qurilish,602,49,19,0,0,173216,6,0.1157,0.4999,0.6136,0.6382,0.8379,2,0.7652,0.1118,0.1124,1,0.1165,0.0731,0.0787,0.0959,-0.2421,0.0748,0.7323,178226,0.4628,60397,0,Juda Yuqori,3,1,0,3
Murabaha,Buxoro,Qishloq xo'jaligi,614,55,3,1,0,427335,36,0.1796,0.6446,0.4049,0.3341,0.2681,3,0.891,0.1922,0.2343,1,0.1027,0.0301,0.1006,0.048,-0.0142,0.1195,0.4867,542471,0.5012,132340,1,Juda Yuqori,3,1,0,2
Ijara,Namangan,Qishloq xo'jaligi,655,56,1,3,0,63327,12,0.0789,0.4784,0.5439,0.8818,0.2975,5,0.9001,0.1299,0.2621,1,0.123,0.0627,0.1024,0.0662,-0.0346,0.0179,0.0791,65826,0.514,2676,0,Past,0,0,2,2
Musharaka,Namangan,Xizmat,645,31,24,3,0,49856,120,0.2268,0.4383,0.5877,0.7304,0.442,4,0.6479,0.2959,0.0381,1,0.2336,0.0507,0.1138,0.0322,0.0835,0.0665,0.696,106388,0.6006,44472,1,Juda Yuqori,3,2,2,5
Murabaha,Farg'ona,Eksport,468,45,11,3,0,15506,12,0.077,0.7347,0.2618,0.6649,0.6107,5,0.6618,0.4637,0.2037,1,0.1347,0.0451,0.0887,0.0045,0.1547,-0.0011,0.7333,16103,0.4193,4951,1,Juda Yuqori,3,1,1,0
Musharaka,Namangan,Eksport,689,36,3,4,1,140729,24,0.3216,0.6215,0.1725,0.8252,0.7953,3,0.6305,0.0745,0.1541,1,0.1964,0.0578,0.0772,0.0028,0.0362,0.0841,0.6256,185992,0.6299,73288,0,Juda Yuqori,3,2,2,0
Murabaha,Farg'ona,Savdo,699,54,1,5,1,50883,12,0.078,0.4882,0.1646,0.6675,0.8895,4,0.6974,0.1556,0.1057,1,0.1298,0.0269,0.0961,0.0438,-0.029,-0.0434,0.2085,52869,0.4192,4620,1,O'rta,1,1,1,4
Sukuk,Qashqadaryo,Ishlab chiqarish,670,40,12,2,0,321519,84,0.0664,0.6142,0.5722,0.6899,0.7372,2,0.8735,0.0373,0.121,1,0.0847,0.0466,0.1238,0.0151,0.0931,0.1346,0.3788,396244,0.18,27025,1,Yuqori,2,3,3,1
Murabaha,Namangan,Eksport,551,53,6,2,0,16863,12,0.1458,0.4939,0.339,0.813,0.4026,4,0.55,0.3142,0.1549,1,0.1451,0.0451,0.0911,0.1005,0.2629,-0.0375,0.4347,18092,0.416,3272,0,Yuqori,2,1,2,0
Ijara,Toshkent,Eksport,626,38,18,5,0,17671,84,0.0762,0.6691,0.3704,0.7448,0.4912,4,0.6236,0.2994,0.0741,1,0.0795,0.0741,0.073,0.0617,0.0646,0.1697,0.1994,22386,0.2755,1230,0,O'rta,1,0,5,0
Murabaha,Qashqadaryo,Savdo,518,25,11,5,0,44310,12,0.117,0.486,0.2308,0.7642,0.6825,1,0.8471,0.2669,0.1562,1,0.1259,0.0817,0.0723,0.0626,0.1145,-0.1101,0.6313,46902,0.5204,15409,1,Juda Yuqori,3,1,3,4
Musharaka,Toshkent,Qishloq xo'jaligi,649,55,9,4,0,114202,24,0.3088,0.8866,0.4368,0.7447,0.6333,4,0.8647,0.4943,0.3587,0,0.2457,0.0269,0.091,0.094,0.0741,-0.0291,0.9741,149465,0.7913,115207,1,Juda Yuqori,3,2,5,2
Musharaka,Buxoro,Ishlab chiqarish,677,60,24,1,0,254744,60,0.1476,0.3882,0.2606,0.4604,0.3659,3,0.55,0.3743,0.1847,1,0.2682,0.0869,0.0811,0.0136,0.0489,0.1316,0.7411,348746,0.6028,155795,1,Juda Yuqori,3,2,0,1
Murabaha,Samarqand,Ishlab chiqarish,636,43,12,2,0,75557,12,0.0712,0.4443,0.5225,0.8234,0.7083,3,0.6791,0.1574,0.056,0,0.0702,0.0744,0.0931,0.0721,0.032,0.1312,0.3764,78245,0.4634,13645,1,Yuqori,2,1,4,1
Sukuk,Toshkent,Xizmat,680,35,11,2,0,43268,24,0.0529,0.552,0.4614,0.5196,0.7956,5,0.55,0.05,0.0119,1,0.0746,0.0603,0.0739,0.0233,0.2898,-0.0188,0.1357,45557,0.2575,1592,0,O'rta,1,3,5,5
Ijara,Toshkent,Qurilish,653,52,15,0,0,46096,24,0.1185,0.4195,0.431,0.4748,0.2268,4,0.8852,0.0271,0.3196,0,0.0812,0.0283,0.087,0.046,-0.0765,-0.0217,0.1231,51561,0.2647,1681,0,O'rta,1,0,5,3
Sukuk,Farg'ona,Qishloq xo'jaligi,650,60,14,2,0,44019,120,0.0961,0.4868,0.396,0.9885,0.8671,3,0.8867,0.3266,0.1321,1,0.0888,0.0515,0.0985,0.0385,-0.2264,0.1274,0.2256,65182,0.306,4499,0,O'rta,1,3,1,2
Sukuk,Buxoro,Qurilish,492,38,7,3,0,13445,24,0.0912,0.5328,0.0981,0.5084,0.7352,3,0.7361,0.2961,0.1063,0,0.0215,0.0434,0.0896,0.0633,-0.0926,-0.0597,0.3167,14671,0.2323,1079,0,Yuqori,2,3,0,3
Musharaka,Toshkent,Savdo,550,41,6,3,1,136264,60,0.3337,0.5948,0.554,0.5863,0.4937,4,0.7546,0.048,0.167,1,0.2451,0.0526,0.0931,0.0766,-0.253,-0.0012,0.8749,249928,0.7088,154985,1,Juda Yuqori,3,2,5,4
Sukuk,Buxoro,Savdo,572,35,13,4,1,41927,60,0.0787,0.6758,0.6576,0.9238,0.8899,4,0.5672,0.2805,0.0635,1,0.0784,0.0372,0.0726,0.0243,-0.1449,0.0314,0.7171,50173,0.3054,10988,0,Juda Yuqori,3,3,0,4
Murabaha,Namangan,Savdo,695,46,15,2,0,103595,36,0.0743,0.2828,0.249,0.8644,0.1835,3,0.8753,0.1031,0.0767,1,0.1461,0.0612,0.0843,0.0575,-0.1154,0.1158,0.0124,115135,0.5478,784,0,Past,0,1,2,4
Murabaha,Toshkent,Xizmat,568,32,1,0,0,16973,12,0.0782,0.5423,0.4273,0.711,0.1776,3,0.8092,0.1812,0.2065,1,0.1138,0.0494,0.0824,0.0563,0.0193,0.0697,0.3191,17637,0.4987,2807,0,Yuqori,2,1,5,5
Murabaha,Qashqadaryo,Xizmat,554,46,11,3,0,62156,6,0.1306,0.8516,0.626,0.7355,0.2516,3,0.795,0.1484,0.1717,1,0.0906,0.0713,0.1118,0.086,0.0237,-0.0255,0.583,64185,0.3555,13303,0,Juda Yuqori,3,1,3,5
Murabaha,Namangan,Qurilish,738,39,23,2,0,22728,12,0.0762,0.4454,0.1784,0.8099,0.7072,2,0.7977,0.0697,0.0718,1,0.1304,0.0519,0.1045,0.0272,0.0126,0.0791,0.0769,23593,0.4804,872,0,Past,0,1,2,3
Murabaha,Farg'ona,Savdo,595,57,23,0,0,17516,6,0.1266,0.7282,0.2731,0.8426,0.1438,2,0.9876,0.0928,0.0312,1,0.1306,0.0505,0.0933,0.0848,-0.2065,0.0354,0.1036,18070,0.3879,726,1,O'rta,1,1,1,4
Murabaha,Toshkent,Qurilish,704,26,13,2,0,44926,12,0.1511,0.63,0.1691,0.6157,0.6218,3,0.7095,0.1431,0.0929,1,0.1031,0.0518,0.1158,0.0316,-0.0924,0.0223,0.1308,48321,0.5956,3766,0,O'rta,1,1,5,3
Ijara,Samarqand,Xizmat,616,62,12,5,0,40564,60,0.1129,0.4252,0.4235,0.7635,0.4457,3,0.8146,0.0625,0.0695,0,0.0994,0.0517,0.1232,0.0315,0.0175,0.0315,0.161,52016,0.4881,4088,0,O'rta,1,0,4,5
Murabaha,Namangan,Xizmat,702,47,12,2,0,26109,60,0.1184,0.6095,0.2657,0.5191,0.3328,5,0.6631,0.3012,0.1159,1,0.1162,0.0667,0.0855,0.0224,0.0132,-0.0116,0.1258,33839,0.4435,1889,0,O'rta,1,1,2,5
Murabaha,Buxoro,Qurilish,758,40,3,2,0,10155,12,0.1762,0.3405,0.3465,0.8969,0.2912,3,0.8533,0.1348,0.0736,1,0.1347,0.0641,0.1107,0.0444,0.231,0.0013,0.0363,11049,0.4469,179,0,Past,0,1,0,3
Musharaka,Namangan,Qishloq xo'jaligi,687,43,23,6,1,89538,120,0.1584,0.8164,0.4507,0.9049,0.5795,3,0.8637,0.1218,0.2236,0,0.2522,0.0434,0.1118,0.0593,0.3288,0.0603,0.9042,160471,0.6617,96001,1,Juda Yuqori,3,2,2,2
Murabaha,Samarqand,Xizmat,655,30,8,1,0,59805,12,0.0718,0.4926,0.3948,0.925,0.7825,1,0.6511,0.3163,0.0838,1,0.128,0.059,0.1025,0.0704,0.4076,0.1399,0.6488,61951,0.4252,17088,1,Juda Yuqori,3,1,4,5
Ijara,Qashqadaryo,Qurilish,523,28,16,6,1,36807,36,0.0935,0.854,0.5346,0.5422,0.6782,2,0.7232,0.0413,0.2686,1,0.0977,0.0681,0.0861,0.0465,0.0522,0.1798,0.9424,41971,0.3367,13317,1,Juda Yuqori,3,0,3,3
Murabaha,Farg'ona,Xizmat,655,60,4,2,0,54919,24,0.0866,0.6733,0.4236,0.8467,0.122,4,0.7421,0.4115,0.3346,1,0.1261,0.0604,0.0676,0.0106,0.1719,-0.101,0.3554,59677,0.3024,6415,0,Yuqori,2,1,1,5
Sukuk,Qashqadaryo,Savdo,712,36,23,4,1,29362,84,0.0634,0.9201,0.3311,0.7459,0.7138,1,0.8589,0.1836,0.0131,0,0.0224,0.0222,0.0985,0.0196,-0.2553,0.1684,0.5687,35874,0.338,6895,1,Juda Yuqori,3,3,3,4
Ijara,Buxoro,Eksport,570,30,16,4,0,13150,84,0.1138,0.7702,0.2465,0.5955,0.2253,4,0.6874,0.0943,0.2619,1,0.1089,0.0671,0.1193,0.0572,-0.1884,0.0243,0.3102,18388,0.2593,1479,0,Yuqori,2,0,0,0
Murabaha,Farg'ona,Qurilish,632,56,18,2,0,42801,36,0.1468,0.7716,0.5488,0.5976,0.4871,3,0.856,0.1848,0.1469,1,0.1461,0.0356,0.0823,0.024,-0.0049,0.0217,0.5687,52227,0.4731,14053,0,Juda Yuqori,3,1,1,3
Murabaha,Qashqadaryo,Xizmat,705,56,13,2,0,168841,36,0.1608,0.5568,0.456,0.6218,0.1519,5,0.8849,0.1971,0.2206,1,0.1315,0.066,0.1507,0.1092,-0.083,0.1699,0.1435,209560,0.3826,11506,0,O'rta,1,1,3,5
Ijara,Qashqadaryo,Eksport,656,38,20,1,0,121889,24,0.0854,0.6152,0.3107,0.8385,0.6985,4,0.6665,0.174,0.1661,1,0.054,0.0742,0.0866,0.0105,0.0155,-0.0318,0.1492,132303,0.3652,7211,0,O'rta,1,0,3,0
Ijara,Qashqadaryo,Eksport,587,41,5,1,0,82919,84,0.0924,0.4621,0.638,0.6072,0.5923,5,0.7224,0.1903,0.0505,1,0.1278,0.0565,0.1157,0.0501,-0.1337,0.0597,0.2876,109725,0.3468,10945,0,Yuqori,2,0,3,0
Ijara,Namangan,Ishlab chiqarish,526,39,20,3,1,12620,12,0.0722,0.4296,0.2681,0.7224,0.5477,5,0.5908,0.218,0.2416,1,0.1048,0.0529,0.0835,0.0368,0.1004,0.0128,0.3293,13075,0.2921,1258,1,Yuqori,2,0,2,1
Ijara,Buxoro,Eksport,645,23,19,3,0,69736,12,0.1274,0.6022,0.4848,0.5877,0.1423,3,0.869,0.1295,0.0097,1,0.0868,0.0706,0.055,0.0377,0.0521,-0.0334,0.1375,74178,0.3318,3383,0,O'rta,1,0,0,0
Murabaha,Qashqadaryo,Qurilish,767,45,3,2,0,152114,24,0.1,0.5465,0.3509,0.6143,0.7956,2,0.8398,0.0721,0.0537,1,0.1284,0.0813,0.1091,0.0184,-0.0185,0.0646,0.321,167318,0.5041,27073,0,Yuqori,2,1,3,3
Murabaha,Qashqadaryo,Qishloq xo'jaligi,622,62,10,0,0,279179,24,0.1362,0.8314,0.3792,0.5988,0.2198,3,0.9206,0.3342,0.165,1,0.1063,0.0597,0.1249,0.0625,0.3809,0.0859,0.5213,317209,0.4511,74588,0,Juda Yuqori,3,1,3,2
Murabaha,Samarqand,Qishloq xo'jaligi,613,38,22,1,0,9725,24,0.0929,0.7245,0.3671,0.8759,0.7388,3,0.9803,0.2309,0.1447,1,0.1272,0.0548,0.1233,0.0161,-0.0213,0.1399,0.4766,10628,0.4384,2221,1,Juda Yuqori,3,1,4,2
Sukuk,Samarqand,Xizmat,728,54,19,4,0,92282,120,0.0842,0.7958,0.4606,0.5047,0.878,3,0.7374,0.1836,0.0074,1,0.1066,0.0587,0.122,0.0006,-0.1198,-0.0484,0.5175,131152,0.4286,29094,1,Juda Yuqori,3,3,4,5
Musharaka,Samarqand,Xizmat,744,53,3,1,1,244932,12,0.3123,0.6079,0.2989,0.594,0.1479,3,0.8559,0.4238,0.0139,1,0.2039,0.0574,0.135,0.0746,-0.0513,0.0462,0.5559,283173,0.5828,91741,1,Juda Yuqori,3,2,4,5
Murabaha,Qashqadaryo,Savdo,740,60,17,3,0,127772,60,0.1391,0.8264,0.3846,0.6104,0.1663,3,0.866,0.3159,0.1038,1,0.1137,0.0223,0.066,0.0362,-0.1771,0.1035,0.2621,172197,0.4788,21607,0,Yuqori,2,1,3,4
Murabaha,Qashqadaryo,Qishloq xo'jaligi,674,32,20,3,0,45888,24,0.1413,0.5427,0.3781,0.8042,0.6776,4,0.7471,0.0705,0.2085,1,0.1013,0.0666,0.12,0.0457,-0.1445,0.1835,0.1321,52373,0.3332,2305,0,O'rta,1,1,3,2
Murabaha,Buxoro,Ishlab chiqarish,793,51,1,2,0,22422,60,0.1427,0.5088,0.6163,0.91,0.774,1,0.8252,0.337,0.0787,1,0.087,0.035,0.0816,0.0295,0.133,-0.0092,0.4467,30418,0.4011,5450,0,Yuqori,2,1,0,1
Murabaha,Buxoro,Savdo,612,49,19,4,0,88957,36,0.0951,0.7486,0.4255,0.5964,0.7907,1,0.7538,0.2583,0.2782,1,0.1429,0.0547,0.1458,0.0009,-0.1242,-0.1452,0.9704,101647,0.3744,36929,1,Juda Yuqori,3,1,0,4
Ijara,Buxoro,Qurilish,552,23,10,3,0,8541,36,0.0917,0.5852,0.1412,0.7285,0.1345,3,0.857,0.2357,0.1832,1,0.0816,0.0608,0.097,0.0915,0.0814,0.151,0.1073,9716,0.3363,351,1,O'rta,1,0,0,3
Musharaka,Qashqadaryo,Eksport,535,39,7,2,0,44688,24,0.2398,0.7867,0.4406,0.571,0.7031,2,0.6896,0.0308,0.4,0,0.2417,0.0718,0.0787,0.0254,0.1715,0.0365,0.9894,55405,0.5463,29946,1,Juda Yuqori,3,2,3,0
Sukuk,Toshkent,Qurilish,666,39,12,1,0,48370,84,0.0701,0.7934,0.3126,0.3501,0.7502,3,0.7578,0.1973,0.0312,1,0.1075,0.084,0.1043,0.0519,-0.0615,0.0099,0.4905,60236,0.2548,7529,0,Juda Yuqori,3,3,5,3
Musharaka,Samarqand,Savdo,636,37,1,2,0,96189,84,0.3188,0.4561,0.5143,0.7646,0.4841,1,0.7731,0.2348,0.1069,1,0.1974,0.0447,0.1396,0.0365,0.0418,0.1443,0.862,203519,0.4421,77559,1,Juda Yuqori,3,2,4,4
Murabaha,Toshkent,Qishloq xo'jaligi,703,45,6,2,0,48065,12,0.1776,0.3048,0.1437,0.5984,0.8735,5,0.7185,0.1351,0.0131,1,0.0971,0.0623,0.0902,0.0488,0.1247,-0.0586,0.0242,52334,0.5179,657,0,Past,0,1,5,2
Ijara,Qashqadaryo,Qishloq xo'jaligi,537,52,11,4,0,42113,12,0.091,0.4406,0.3269,0.6661,0.4631,2,0.7279,0.3356,0.0944,1,0.0554,0.0817,0.1112,0.0298,-0.022,0.1889,0.3984,44029,0.3628,6365,1,Yuqori,2,0,3,2
Ijara,Toshkent,Qurilish,761,49,21,1,0,69217,12,0.0741,0.8861,0.345,0.5611,0.2454,3,0.8815,0.036,0.0731,1,0.0532,0.0468,0.0827,0.0297,-0.038,-0.0108,0.0643,71782,0.2412,1113,0,Past,0,0,5,3
Musharaka,Namangan,Ishlab chiqarish,749,24,23,5,1,8270,84,0.3367,0.5601,0.089,0.8246,0.4068,3,0.55,0.0312,0.1061,0,0.2567,0.0329,0.0751,0.0785,0.0514,0.0081,0.4181,18017,0.7002,5274,0,Yuqori,2,2,2,1
Ijara,Qashqadaryo,Ishlab chiqarish,659,54,5,6,0,24179,12,0.0832,0.7553,0.2798,0.8975,0.6262,3,0.8582,0.1844,0.1792,1,0.134,0.0339,0.0926,0.052,0.1109,0.0536,0.1732,25185,0.358,1561,0,O'rta,1,0,3,1
Musharaka,Samarqand,Eksport,743,58,13,3,0,82686,60,0.2574,0.7464,0.2231,0.4885,0.8333,4,0.8053,0.3599,0.157,1,0.2144,0.052,0.1121,0.0193,0.1039,-0.0799,0.806,135901,0.5246,57466,1,Juda Yuqori,3,2,4,0
Musharaka,Toshkent,Xizmat,598,46,6,3,0,26375,84,0.2033,0.4558,0.3229,0.8368,0.5826,4,0.9597,0.1002,0.0374,1,0.2026,0.0675,0.116,0.0747,0.2028,0.2162,0.1739,45146,0.7037,5523,1,O'rta,1,2,5,5
Musharaka,Namangan,Xizmat,693,38,9,1,0,44409,84,0.3001,0.4768,0.2493,0.7809,0.4859,2,0.7263,0.1053,0.0119,1,0.2257,0.0373,0.1274,0.0914,0.068,0.1377,0.3382,91059,0.4963,15282,1,Yuqori,2,2,2,5
Murabaha,Samarqand,Qurilish,589,31,16,0,0,20484,60,0.1784,0.6797,0.3624,0.671,0.6322,4,0.7344,0.1555,0.2058,1,0.1293,0.0345,0.088,0.0243,0.1525,0.077,0.3523,29620,0.5724,5973,1,Yuqori,2,1,4,3
Murabaha,Qashqadaryo,Eksport,579,28,17,2,0,247684,24,0.0813,0.7411,0.1387,0.7301,0.5651,3,0.8361,0.237,0.1386,1,0.0695,0.0685,0.0691,0.0016,-0.0345,0.1769,0.2532,267827,0.2962,20085,1,Yuqori,2,1,3,0
Murabaha,Toshkent,Qishloq xo'jaligi,613,25,22,3,0,11470,60,0.0874,0.656,0.0656,0.7821,0.1109,4,0.8659,0.4187,0.0245,1,0.1423,0.0781,0.0713,0.1085,-0.2592,-0.0003,0.0706,13976,0.3785,373,0,Past,0,1,5,2
Musharaka,Namangan,Eksport,505,62,23,2,0,61588,36,0.3407,0.482,0.2444,0.7678,0.8045,5,0.9054,0.1538,0.2619,1,0.2574,0.0323,0.1201,0.032,-0.0337,0.251,0.6079,93060,0.4217,23856,1,Juda Yuqori,3,2,2,0
Murabaha,Farg'ona,Xizmat,611,31,22,1,0,16256,36,0.1502,0.4296,0.3743,0.5985,0.1675,3,0.8953,0.0289,0.2722,1,0.0692,0.0701,0.0699,0.0595,-0.1001,0.0561,0.1181,19918,0.459,1079,0,O'rta,1,1,1,5
Musharaka,Toshkent,Qurilish,679,25,23,4,0,140744,84,0.3777,0.6148,0.1053,0.3856,0.8153,4,0.7258,0.0722,0.2127,1,0.2327,0.05,0.1378,0.0564,-0.0664,0.1179,0.6421,326788,0.5064,106260,1,Juda Yuqori,3,2,5,3
Sukuk,Farg'ona,Xizmat,584,46,22,2,0,488739,84,0.066,0.6969,0.539,0.8959,0.5682,4,0.7849,0.0585,0.0268,1,0.0446,0.0383,0.1077,0.0956,0.0146,0.0398,0.138,601650,0.1528,12686,0,O'rta,1,3,1,5
Murabaha,Namangan,Xizmat,589,60,9,2,0,23503,6,0.1573,0.7493,0.4097,0.7596,0.8711,5,0.7332,0.1752,0.1512,1,0.0965,0.053,0.0756,0.0171,-0.0338,0.0008,0.3459,24428,0.3424,2893,0,Yuqori,2,1,2,5
Murabaha,Toshkent,Savdo,621,25,18,2,0,24643,36,0.1701,0.6407,0.6047,0.8358,0.6418,3,0.7095,0.3163,0.0757,1,0.1101,0.0304,0.1116,0.077,-0.1166,0.0205,0.6863,30930,0.4273,9069,1,Juda Yuqori,3,1,5,4
Ijara,Qashqadaryo,Xizmat,709,56,10,2,0,66712,84,0.0972,0.2649,0.7407,0.5239,0.8848,2,0.5968,0.0354,0.4,1,0.0627,0.0685,0.0597,0.0425,0.1951,0.0801,0.7117,89415,0.3963,25221,1,Juda Yuqori,3,0,3,5
Murabaha,Toshkent,Eksport,684,56,8,2,0,16755,60,0.1567,0.7497,0.7713,0.947,0.6974,1,0.815,0.1044,0.0639,1,0.1095,0.0141,0.074,0.0643,0.0974,-0.0636,0.6868,23319,0.6214,9953,1,Juda Yuqori,3,1,5,0
Murabaha,Namangan,Xizmat,605,35,16,3,0,10726,24,0.101,0.5822,0.2192,0.6017,0.4496,3,0.9474,0.3263,0.2059,0,0.1227,0.0655,0.1192,0.0137,0.3495,0.1014,0.5417,11809,0.2716,1737,0,Juda Yuqori,3,1,2,5
Murabaha,Toshkent,Qurilish,805,27,7,1,1,22613,36,0.1118,0.6933,0.0868,0.9056,0.2043,2,0.764,0.1564,0.0308,1,0.1032,0.0386,0.0909,0.0654,0.2915,0.0927,0.0699,26405,0.4064,750,0,Past,0,1,5,3
Murabaha,Namangan,Xizmat,799,30,24,1,0,74216,24,0.1628,0.3709,0.2061,0.5384,0.7986,1,0.6148,0.1833,0.1186,1,0.1058,0.0385,0.1026,0.0276,-0.2465,-0.0489,0.262,86296,0.4879,11029,0,Yuqori,2,1,2,5
Sukuk,Farg'ona,Ishlab chiqarish,585,50,17,3,0,114925,120,0.0954,0.6689,0.308,0.7254,0.5239,4,0.8555,0.1557,0.2875,1,0.1025,0.048,0.0939,0.0072,0.15,-0.0399,0.1604,169731,0.3176,8645,0,O'rta,1,3,1,1
Ijara,Toshkent,Qurilish,638,64,11,4,0,121406,84,0.0752,0.8312,0.2341,0.5921,0.2772,3,0.7261,0.1094,0.4,1,0.1433,0.0537,0.0718,0.095,-0.1035,0.0983,0.3277,153346,0.4159,20901,0,Yuqori,2,0,5,3
Musharaka,Farg'ona,Xizmat,631,22,2,4,0,37247,120,0.3692,0.5631,0.3295,0.9044,0.4274,3,0.9476,0.2457,0.0157,1,0.2304,0.0305,0.1241,0.0954,-0.3289,0.0025,0.3342,106000,0.4428,15688,0,Yuqori,2,2,1,5
Sukuk,Buxoro,Ishlab chiqarish,519,29,14,2,0,342102,36,0.0886,0.8551,0.3175,0.7626,0.3695,2,0.5905,0.0455,0.0846,1,0.0532,0.0403,0.0814,0.0489,-0.2389,0.0418,0.3883,387590,0.348,52379,1,Yuqori,2,3,0,1
Ijara,Buxoro,Xizmat,698,55,16,2,0,139255,12,0.0525,0.5115,0.3416,0.7842,0.8819,4,0.8465,0.0835,0.1407,1,0.1192,0.0498,0.1213,0.0335,-0.1733,-0.0029,0.1502,142913,0.3619,7769,0,O'rta,1,0,0,5
Murabaha,Namangan,Eksport,629,52,20,1,0,78017,6,0.0729,0.6385,0.453,0.8046,0.4487,4,0.8616,0.1646,0.4,1,0.1199,0.0262,0.0959,0.0528,-0.1523,-0.0264,0.4337,79438,0.3529,12158,1,Yuqori,2,1,2,0
Sukuk,Buxoro,Qurilish,652,37,13,1,0,20905,84,0.0793,0.4951,0.0806,0.7903,0.5092,3,0.55,0.1945,0.1787,1,0.0987,0.0411,0.0969,0.1015,0.1946,0.1479,0.0805,26706,0.2226,479,0,Past,0,3,0,3
Musharaka,Namangan,Qishloq xo'jaligi,790,24,23,3,0,223735,60,0.2946,0.6481,0.5737,0.9127,0.2397,2,0.95,0.2172,0.1349,1,0.2534,0.0525,0.1031,0.05,0.0695,-0.0021,0.5291,388512,0.6358,130686,0,Juda Yuqori,3,2,2,2
Ijara,Buxoro,Qishloq xo'jaligi,729,59,11,5,1,291797,12,0.0599,0.8258,0.3668,0.8584,0.3428,3,0.7911,0.2694,0.2273,1,0.1226,0.0802,0.1087,0.093,-0.213,0.0933,0.4706,300533,0.2869,40583,0,Juda Yuqori,3,0,0,2
Sukuk,Toshkent,Savdo,747,28,8,4,0,17492,84,0.0557,0.3809,0.4235,0.7216,0.1773,3,0.9167,0.0092,0.061,1,0.1114,0.0703,0.112,0.0504,-0.1301,0.1513,0.0156,20905,0.2034,67,0,Past,0,3,5,4
Murabaha,Toshkent,Eksport,575,40,9,0,0,49997,12,0.0818,0.6304,0.3409,0.5959,0.5377,3,0.7509,0.2306,0.0796,1,0.1518,0.0565,0.061,0.0567,0.0914,0.0872,0.314,52043,0.5162,8435,0,Yuqori,2,1,5,0
Murabaha,Toshkent,Ishlab chiqarish,705,44,15,3,0,18688,60,0.1064,0.5477,0.4586,0.7642,0.7514,3,0.6228,0.2729,0.0846,1,0.1685,0.0335,0.1052,0.0101,-0.269,0.0653,0.5628,23658,0.4811,6405,0,Juda Yuqori,3,1,5,1
Murabaha,Buxoro,Savdo,659,38,17,3,0,404949,36,0.0978,0.4595,0.1716,0.7778,0.7673,2,0.7282,0.3279,0.1332,1,0.0801,0.0436,0.09,0.0359,-0.2271,0.1497,0.3965,464325,0.504,92800,0,Yuqori,2,1,0,4
Musharaka,Farg'ona,Xizmat,657,34,16,1,0,31730,24,0.2395,0.4566,0.6618,0.7902,0.8271,2,0.7703,0.0177,0.084,1,0.2186,0.0551,0.0962,0.0696,-0.0962,0.1494,0.8455,39328,0.5969,19848,1,Juda Yuqori,3,2,1,5
Ijara,Namangan,Eksport,738,43,21,3,1,159496,24,0.0858,0.8665,0.4122,0.8035,0.3646,4,0.7961,0.2047,0.1094,1,0.1233,0.0731,0.1095,0.047,0.0942,-0.0848,0.4166,173187,0.3445,24856,0,Yuqori,2,0,2,0
Sukuk,Namangan,Eksport,647,24,16,3,1,23348,60,0.0703,0.5841,0.3167,0.4321,0.2677,3,0.7716,0.082,0.2621,1,0.0474,0.0837,0.0882,0.0817,0.0418,0.07,0.3452,27452,0.255,2416,0,Yuqori,2,3,2,0
Murabaha,Samarqand,Savdo,577,22,21,1,0,87977,36,0.0898,0.6432,0.2793,0.8052,0.6231,3,0.8943,0.2793,0.3004,1,0.1247,0.0593,0.1324,0.0502,-0.1428,-0.0558,0.5401,99822,0.429,23131,0,Juda Yuqori,3,1,4,4
Musharaka,Samarqand,Xizmat,635,44,6,3,0,64837,60,0.316,0.3775,0.6495,0.5825,0.8397,1,0.6473,0.4402,0.1286,1,0.2518,0.0589,0.0872,0.0,-0.0709,0.0236,0.9901,116061,0.6416,73721,1,Juda Yuqori,3,2,4,5
Murabaha,Toshkent,Eksport,591,25,4,4,0,432396,12,0.1595,0.2609,0.3026,0.6423,0.333,5,0.8513,0.0913,0.0623,1,0.121,0.0467,0.0487,0.0538,-0.0963,-0.024,0.0188,466868,0.3859,3391,0,Past,0,1,5,0
Murabaha,Toshkent,Eksport,650,38,17,3,0,22614,60,0.1492,0.376,0.1546,0.7171,0.4347,2,0.9242,0.0604,0.049,0,0.1509,0.083,0.099,0.0811,0.0663,0.0567,0.0888,31051,0.328,905,0,Past,0,1,5,0
Murabaha,Samarqand,Savdo,547,54,4,2,0,207972,12,0.1659,0.827,0.1811,0.6771,0.3845,2,0.8788,0.0653,0.0158,1,0.1347,0.0653,0.0799,0.0189,0.1427,0.0717,0.2459,225223,0.43,23816,0,O'rta,1,1,4,4
Murabaha,Namangan,Qishloq xo'jaligi,531,34,5,4,1,8688,6,0.0752,0.6603,0.373,0.7814,0.4331,2,0.6475,0.2484,0.0272,1,0.1242,0.0301,0.128,0.0625,0.4198,0.1264,0.8544,8852,0.3629,2744,1,Juda Yuqori,3,1,2,2
Sukuk,Toshkent,Eksport,626,51,7,4,0,5278,120,0.0414,0.8525,0.5037,0.7578,0.2848,3,0.9205,0.101,0.0666,1,0.0587,0.0485,0.1186,0.0693,0.2897,0.0147,0.1343,6372,0.3135,268,0,O'rta,1,3,5,0
Murabaha,Farg'ona,Qishloq xo'jaligi,603,27,16,5,2,89084,36,0.1203,0.4275,0.2247,0.8269,0.6139,4,0.7954,0.1396,0.2234,1,0.0747,0.0639,0.0765,0.0839,0.466,-0.0322,0.3311,105164,0.4435,15445,0,Yuqori,2,1,1,2
Musharaka,Toshkent,Savdo,599,49,18,2,0,38089,36,0.1286,0.5605,0.48,0.6905,0.4731,3,0.7548,0.1692,0.1319,1,0.2122,0.0588,0.0978,0.0049,0.2281,0.1071,0.6847,45436,0.6334,19706,1,Juda Yuqori,3,2,5,4
Ijara,Buxoro,Qurilish,603,62,22,2,1,30518,24,0.1068,0.7846,0.4793,0.854,0.3657,3,0.9118,0.1375,0.0144,1,0.1028,0.062,0.1359,0.0939,-0.2684,0.0862,0.3886,33778,0.4077,5352,1,Yuqori,2,0,0,3
Murabaha,Samarqand,Qurilish,672,60,16,0,0,155334,12,0.1582,0.3501,0.527,0.5933,0.2348,3,0.8708,0.5,0.0618,1,0.1758,0.0529,0.091,0.0461,-0.1274,0.1027,0.4871,167620,0.3699,30207,0,Juda Yuqori,3,1,4,3
Sukuk,Samarqand,Qishloq xo'jaligi,572,25,22,1,0,45791,24,0.0707,0.7849,0.2271,0.5118,0.5524,3,0.8791,0.1458,0.1434,1,0.0713,0.0393,0.0757,0.0062,-0.0624,0.1464,0.2325,49030,0.2694,3072,1,O'rta,1,3,4,2
Sukuk,Farg'ona,Qishloq xo'jaligi,694,61,7,5,0,9541,120,0.0949,0.4003,0.2674,0.9213,0.4435,3,0.8153,0.0345,0.0878,1,0.0595,0.0687,0.0654,0.0194,0.0077,0.0212,0.0102,14067,0.2543,36,0,Past,0,3,1,2
Murabaha,Namangan,Savdo,804,41,24,4,0,32039,12,0.1706,0.4548,0.1945,0.7624,0.5185,4,0.7943,0.489,0.3634,1,0.104,0.0888,0.1136,0.0242,-0.0271,0.0328,0.14,34772,0.6073,2957,0,O'rta,1,1,2,4
Musharaka,Farg'ona,Savdo,685,55,1,3,0,652029,120,0.3032,0.5221,0.347,0.5699,0.6455,2,0.739,0.096,0.0513,1,0.2593,0.0516,0.1207,0.0399,0.0847,0.0309,0.7006,1640341,0.4847,557052,0,Juda Yuqori,3,2,1,4
Murabaha,Qashqadaryo,Qishloq xo'jaligi,607,37,3,2,0,505394,36,0.1153,0.8199,0.6267,0.7357,0.4755,3,0.8662,0.2714,0.0547,1,0.1236,0.0395,0.115,0.0679,0.2557,0.0783,0.6689,592780,0.556,220458,1,Juda Yuqori,3,1,3,2
Murabaha,Namangan,Eksport,716,42,20,3,1,59953,60,0.1774,0.4049,0.207,0.5923,0.4037,3,0.9265,0.0308,0.018,0,0.1187,0.0633,0.0932,0.0155,0.1296,-0.0155,0.0878,86544,0.5971,4537,0,Past,0,1,2,0
Murabaha,Namangan,Ishlab chiqarish,656,32,6,1,0,168384,24,0.1176,0.5533,0.5955,0.5945,0.5953,3,0.7371,0.4733,0.113,1,0.1224,0.0626,0.1037,0.0558,-0.0071,0.048,0.8081,188179,0.3276,49816,1,Juda Yuqori,3,1,2,1
Musharaka,Toshkent,Eksport,635,54,23,2,0,213585,120,0.3685,0.6438,0.14,0.7456,0.4336,2,0.6693,0.2091,0.2465,1,0.253,0.0447,0.0925,0.0725,0.0663,0.1329,0.6952,607075,0.728,307268,1,Juda Yuqori,3,2,5,0
Musharaka,Farg'ona,Eksport,775,49,1,5,0,11626,60,0.3794,0.5325,0.3556,0.8904,0.2968,1,0.8949,0.1854,0.0412,1,0.247,0.0645,0.0999,0.0424,-0.0424,0.0591,0.2558,22652,0.6336,3671,0,Yuqori,2,2,1,0
Murabaha,Toshkent,Eksport,559,27,3,5,1,41140,12,0.106,0.2503,0.3404,0.9961,0.655,3,0.9353,0.1202,0.0744,1,0.146,0.0592,0.0909,0.0555,-0.0578,0.1775,0.1691,43321,0.4431,3245,0,O'rta,1,1,5,0
Murabaha,Toshkent,Qishloq xo'jaligi,536,28,23,0,0,21525,24,0.0791,0.4472,0.2994,0.5188,0.2722,3,0.7225,0.1698,0.0689,1,0.1333,0.0296,0.0898,0.0617,0.0408,0.0895,0.288,23227,0.4394,2939,0,Yuqori,2,1,5,2
Sukuk,Samarqand,Qurilish,794,51,21,2,0,30004,120,0.0744,0.7881,0.3271,0.8331,0.5985,2,0.7134,0.4414,0.132,1,0.0508,0.0444,0.0864,0.0096,-0.0674,-0.0122,0.2698,41171,0.1439,1599,0,Yuqori,2,3,4,3
Murabaha,Toshkent,Ishlab chiqarish,607,52,1,1,0,110813,36,0.179,0.4536,0.3638,0.7066,0.5382,3,0.8153,0.0679,0.1614,1,0.0889,0.0336,0.1152,0.0486,-0.0495,-0.0452,0.2229,140565,0.3294,10321,0,O'rta,1,1,5,1
Murabaha,Qashqadaryo,Xizmat,654,43,22,4,0,68664,36,0.1277,0.8508,0.3525,0.6122,0.65,3,0.6601,0.0315,0.1821,1,0.0862,0.0672,0.0949,0.0282,-0.2292,0.0191,0.4191,81818,0.4638,15906,1,Yuqori,2,1,3,5
Musharaka,Farg'ona,Xizmat,611,41,12,2,0,280140,120,0.2437,0.8086,0.2625,0.79,0.4823,4,0.878,0.0891,0.0605,1,0.2463,0.034,0.1054,0.0669,-0.2232,-0.0672,0.2886,621547,0.5858,105083,0,Yuqori,2,2,1,5
Sukuk,Farg'ona,Xizmat,729,44,11,4,0,32233,36,0.0619,0.3989,0.4999,0.7938,0.1123,3,0.8808,0.1966,0.1266,1,0.0608,0.0901,0.085,0.0976,-0.0709,-0.0105,0.0393,35224,0.3327,461,0,Past,0,3,1,5
Murabaha,Qashqadaryo,Ishlab chiqarish,645,24,9,4,0,93254,24,0.1097,0.348,0.05,0.8961,0.6594,4,0.9543,0.0785,0.0364,1,0.1115,0.0416,0.1002,0.1085,-0.1387,-0.0021,0.0108,103483,0.4933,550,0,Past,0,1,3,1
Ijara,Toshkent,Ishlab chiqarish,652,27,21,3,0,26389,60,0.0531,0.7055,0.3966,0.6564,0.5086,3,0.8687,0.2706,0.1705,1,0.1417,0.0279,0.0686,0.0357,0.2398,0.0826,0.3314,29890,0.4043,4005,0,Yuqori,2,0,5,1
Ijara,Toshkent,Ishlab chiqarish,583,55,19,4,0,26832,60,0.0622,0.6074,0.4965,0.628,0.1046,3,0.8926,0.0278,0.2017,1,0.0895,0.0695,0.1122,0.0288,-0.1792,0.0169,0.2587,31006,0.4417,3544,0,Yuqori,2,0,5,1
Murabaha,Samarqand,Qishloq xo'jaligi,548,24,11,1,0,12063,12,0.1087,0.4174,0.2333,0.9522,0.8132,4,0.6185,0.3733,0.1208,1,0.1422,0.0593,0.0679,0.0206,0.1919,0.1419,0.3632,12719,0.4777,2207,0,Yuqori,2,1,4,2
Ijara,Farg'ona,Qishloq xo'jaligi,616,36,5,3,0,132230,36,0.1213,0.5055,0.1965,0.7799,0.473,5,0.7153,0.116,0.025,0,0.0916,0.0497,0.1093,0.1107,-0.0281,0.0813,0.0283,156282,0.3185,1408,0,Past,0,0,1,2
Murabaha,Toshkent,Xizmat,594,54,18,2,0,84572,60,0.0847,0.9003,0.4062,0.7921,0.3141,4,0.55,0.1323,0.221,1,0.1155,0.0522,0.055,0.0393,0.1522,0.0832,0.4314,102475,0.42,18564,0,Yuqori,2,1,5,5
Musharaka,Samarqand,Ishlab chiqarish,759,36,3,1,0,20503,36,0.2584,0.5649,0.7964,0.5158,0.3969,3,0.6099,0.077,0.0301,1,0.2359,0.0844,0.1178,0.0373,-0.2189,0.1456,0.8428,28451,0.5758,13806,1,Juda Yuqori,3,2,4,1
Musharaka,Samarqand,Eksport,752,44,15,5,1,181042,120,0.337,0.51,0.3805,0.7682,0.679,3,0.9357,0.34,0.0574,1,0.2827,0.0341,0.1062,0.0547,0.0269,0.0455,0.7144,486141,0.5738,199262,1,Juda Yuqori,3,2,4,0
Musharaka,Namangan,Ishlab chiqarish,616,44,13,2,1,56028,36,0.1348,0.7446,0.3785,0.8603,0.6022,4,0.6807,0.2194,0.0057,1,0.2588,0.0602,0.0917,0.0669,0.144,0.0194,0.7478,67356,0.5246,26423,1,Juda Yuqori,3,2,2,1
Murabaha,Qashqadaryo,Xizmat,550,36,4,1,0,465199,36,0.1442,0.5647,0.2142,0.7859,0.2962,3,0.939,0.4136,0.1265,1,0.0842,0.0518,0.0759,0.0516,-0.035,0.0541,0.2183,565795,0.3711,45835,0,O'rta,1,1,3,5
Ijara,Samarqand,Savdo,687,36,21,2,1,217127,36,0.1258,0.3485,0.5199,0.7156,0.2317,1,0.8708,0.1084,0.1029,0,0.1147,0.0344,0.09,0.0563,0.1001,0.1594,0.4556,258088,0.4684,55076,0,Juda Yuqori,3,0,4,4
Murabaha,Samarqand,Ishlab chiqarish,531,59,1,2,0,23483,6,0.1084,0.5028,0.3059,0.7678,0.6798,4,0.55,0.0801,0.2408,1,0.113,0.0884,0.1191,0.0293,-0.0715,0.0608,0.4281,24120,0.5902,6095,0,Yuqori,2,1,4,1
Murabaha,Buxoro,Eksport,558,42,10,4,0,17981,6,0.1736,0.4088,0.3884,0.8459,0.8443,5,0.85,0.3149,0.0653,1,0.1151,0.0546,0.0988,0.0592,-0.0982,0.0765,0.1913,18761,0.5901,2118,1,O'rta,1,1,0,0
Murabaha,Buxoro,Eksport,596,38,7,1,0,73959,6,0.1364,0.6271,0.3144,0.8078,0.8721,4,0.6762,0.1839,0.2684,1,0.0766,0.0638,0.1104,0.0439,0.1186,0.0452,0.5486,76480,0.3797,15933,0,Juda Yuqori,3,1,0,0
Musharaka,Samarqand,Qurilish,765,61,11,2,0,61009,12,0.172,0.8017,0.4485,0.9704,0.1344,3,0.5528,0.1604,0.0075,0,0.2362,0.0516,0.0809,0.0129,0.0766,0.0493,0.4485,66256,0.5339,15866,0,Yuqori,2,2,4,3
Ijara,Qashqadaryo,Ishlab chiqarish,763,24,3,2,0,7071,36,0.0587,0.5619,0.5804,0.8364,0.2046,3,0.8495,0.27,0.1203,1,0.1246,0.0582,0.0735,0.0409,0.0003,-0.1311,0.1229,7694,0.3994,378,0,O'rta,1,0,3,1
Murabaha,Qashqadaryo,Qishloq xo'jaligi,674,22,12,3,1,153775,12,0.1141,0.6977,0.4407,0.7437,0.2348,3,0.7504,0.1259,0.0242,1,0.145,0.0648,0.0812,0.0719,-0.0692,0.0659,0.3039,162546,0.5837,28830,1,Yuqori,2,1,3,2
Musharaka,Namangan,Qishloq xo'jaligi,613,58,16,2,0,106431,60,0.1879,0.5608,0.1824,0.5171,0.6517,5,0.8805,0.0327,0.0796,0,0.2258,0.0429,0.1128,0.0411,-0.2689,0.183,0.3172,156426,0.7078,35120,0,Yuqori,2,2,2,2
Murabaha,Toshkent,Xizmat,722,48,19,2,0,7769,36,0.1595,0.6827,0.2646,0.6319,0.1894,4,0.8542,0.169,0.124,1,0.1438,0.0685,0.1249,0.0016,0.2996,0.1279,0.0986,9628,0.5363,509,1,Past,0,1,5,5
Ijara,Namangan,Qishloq xo'jaligi,638,32,10,3,1,22310,84,0.1296,0.5814,0.5539,0.7232,0.1739,4,0.8327,0.1045,0.2534,1,0.1076,0.0498,0.0922,0.0164,0.3207,0.1145,0.2019,32429,0.324,2122,0,O'rta,1,0,2,2
Murabaha,Samarqand,Xizmat,652,27,8,3,0,95814,60,0.1533,0.3838,0.3505,0.6561,0.6612,3,0.8735,0.1337,0.0565,1,0.0979,0.046,0.096,0.0299,0.1306,-0.0699,0.0698,132545,0.4951,4583,0,Past,0,1,4,5
Ijara,Farg'ona,Qishloq xo'jaligi,724,64,10,2,1,17888,24,0.1061,0.9426,0.3882,0.7086,0.2848,5,0.7515,0.174,0.112,0,0.0837,0.0435,0.0972,0.0379,-0.0569,-0.0005,0.3655,19787,0.4887,3534,1,Yuqori,2,0,1,2
Murabaha,Samarqand,Qurilish,678,39,16,4,0,129480,36,0.1062,0.7238,0.2644,0.8766,0.6434,3,0.8286,0.4958,0.3318,0,0.1578,0.0686,0.1088,0.0275,0.2621,0.0424,0.8147,150110,0.5275,64510,1,Juda Yuqori,3,1,4,3
Sukuk,Samarqand,Ishlab chiqarish,654,24,5,3,0,30159,24,0.0476,0.6787,0.3498,0.5663,0.7453,2,0.5714,0.0908,0.0343,1,0.0706,0.0406,0.1142,0.0561,-0.1008,0.1155,0.3808,31596,0.1,1203,0,Yuqori,2,3,4,1
Murabaha,Farg'ona,Ishlab chiqarish,667,54,4,3,1,59464,12,0.0934,0.6313,0.7526,0.81,0.1259,5,0.877,0.0697,0.2068,1,0.1404,0.054,0.0884,0.0432,-0.1248,-0.0507,0.3602,62240,0.4878,10937,0,Yuqori,2,1,1,1
Murabaha,Farg'ona,Ishlab chiqarish,640,53,20,1,0,94427,12,0.0784,0.7445,0.5499,0.9219,0.1908,4,0.7711,0.1053,0.0954,1,0.104,0.0617,0.0794,0.0029,0.133,-0.0466,0.1103,98130,0.513,5553,0,O'rta,1,1,1,1
Murabaha,Qashqadaryo,Savdo,827,57,13,3,1,7423,12,0.1102,0.5839,0.4076,0.6848,0.5912,3,0.8151,0.0207,0.0301,0,0.1053,0.0586,0.1176,0.0136,-0.082,0.0548,0.3607,7831,0.414,1170,0,Yuqori,2,1,3,4
Sukuk,Toshkent,Eksport,398,47,1,0,0,5684,24,0.068,0.7576,0.0976,0.6339,0.7098,2,0.8251,0.1472,0.0998,1,0.1079,0.0663,0.058,0.0469,0.0334,0.0097,0.3698,6071,0.2206,495,0,Yuqori,2,3,5,0
Sukuk,Namangan,Qurilish,637,31,18,4,2,93985,36,0.0447,0.6703,0.4444,0.4892,0.4037,5,0.8235,0.1064,0.1015,1,0.0611,0.025,0.0974,0.0444,0.1539,0.0331,0.3337,100281,0.2954,9887,1,Yuqori,2,3,2,3
Murabaha,Samarqand,Eksport,790,50,23,1,0,102149,6,0.1784,0.5443,0.5553,0.9291,0.2247,3,0.7885,0.0468,0.1551,1,0.1213,0.0484,0.1042,0.0397,-0.1812,-0.031,0.0443,106706,0.3454,1634,0,Past,0,1,4,0
Ijara,Samarqand,Ishlab chiqarish,662,56,6,0,0,70108,12,0.1,0.642,0.3372,0.6538,0.6897,2,0.9424,0.3838,0.2813,1,0.0805,0.0351,0.0715,0.0376,0.1681,0.1291,0.6967,73613,0.3839,19692,0,Juda Yuqori,3,0,4,1
Ijara,Toshkent,Ishlab chiqarish,542,59,1,2,0,125917,24,0.0867,0.5287,0.3287,0.76,0.593,3,0.9575,0.3281,0.1595,1,0.112,0.0722,0.0904,0.0882,-0.238,0.1262,0.4336,136834,0.288,17091,0,Yuqori,2,0,5,1
Musharaka,Buxoro,Savdo,592,52,18,2,0,25275,12,0.2972,0.7408,0.3744,0.8792,0.7343,4,0.5774,0.3261,0.1467,1,0.2815,0.0571,0.072,0.0218,0.0142,0.06,0.8482,29031,0.6109,15042,1,Juda Yuqori,3,2,0,4
Musharaka,Qashqadaryo,Xizmat,551,52,13,2,0,322540,24,0.3354,0.3846,0.3805,0.5478,0.4409,4,0.7709,0.0736,0.1027,1,0.2801,0.0621,0.1157,0.0162,-0.0147,0.1051,0.6062,430723,0.6719,175448,1,Juda Yuqori,3,2,3,5
Murabaha,Namangan,Savdo,557,29,8,1,0,62920,24,0.1254,0.5489,0.553,0.5405,0.4917,3,0.6371,0.1819,0.05,1,0.1105,0.0515,0.1041,0.0351,0.2149,0.047,0.703,70811,0.4666,23229,0,Juda Yuqori,3,1,2,4
Murabaha,Toshkent,Eksport,721,56,4,3,0,422701,12,0.0806,0.5142,0.557,0.8862,0.7112,4,0.7836,0.2485,0.2747,1,0.1006,0.0839,0.12,0.0352,-0.0963,0.1297,0.3614,439741,0.3819,60691,1,Yuqori,2,1,5,0
Sukuk,Qashqadaryo,Xizmat,747,27,24,1,0,20991,120,0.05,0.7478,0.5493,0.5657,0.6565,2,0.7747,0.2955,0.1547,1,0.0563,0.0541,0.0989,0.0288,-0.1517,0.0716,0.6924,26241,0.2844,5167,1,Juda Yuqori,3,3,3,5
Sukuk,Samarqand,Savdo,587,45,11,0,0,14551,60,0.0736,0.8316,0.3581,0.7568,0.3975,3,0.7937,0.0979,0.0566,1,0.0848,0.0779,0.1112,0.0529,-0.1253,-0.0705,0.2021,17227,0.4005,1395,1,O'rta,1,3,4,4
Musharaka,Namangan,Ishlab chiqarish,595,63,5,2,0,4081,120,0.3182,0.7676,0.6732,0.7813,0.493,4,0.7717,0.2308,0.3293,1,0.2495,0.056,0.0712,0.0339,0.2883,-0.0678,0.915,10574,0.5241,5071,1,Juda Yuqori,3,2,2,1
Murabaha,Qashqadaryo,Xizmat,677,25,23,1,0,29623,36,0.0891,0.4844,0.2219,0.6763,0.8545,3,0.9043,0.0918,0.0219,1,0.1313,0.0214,0.0835,0.0803,0.069,-0.0589,0.1289,33581,0.5272,2283,0,O'rta,1,1,3,5
Murabaha,Toshkent,Ishlab chiqarish,589,64,21,1,0,39315,6,0.1698,0.7776,0.224,0.8633,0.7992,3,0.7284,0.2846,0.1403,1,0.1479,0.0561,0.0828,0.0393,0.0804,0.0936,0.5204,40984,0.3827,8163,1,Juda Yuqori,3,1,5,1
Ijara,Buxoro,Ishlab chiqarish,475,41,15,2,0,180985,12,0.1205,0.7827,0.1219,0.7904,0.6564,4,0.8315,0.0252,0.2824,1,0.0711,0.0622,0.0994,0.0572,-0.1178,-0.0219,0.2075,191891,0.342,13617,0,O'rta,1,0,0,1
Sukuk,Toshkent,Qurilish,627,52,2,4,0,174663,84,0.094,0.5816,0.4211,0.7086,0.6915,4,0.55,0.2114,0.143,1,0.0592,0.0437,0.0942,0.0509,-0.0207,-0.1485,0.3439,232118,0.2582,20614,0,Yuqori,2,3,5,3
Sukuk,Namangan,Ishlab chiqarish,750,30,8,2,0,74291,36,0.0795,0.8466,0.5672,0.8651,0.8797,3,0.7343,0.1723,0.0295,1,0.0691,0.0654,0.0876,0.0782,0.0553,0.0107,0.1964,83153,0.3331,5440,0,O'rta,1,3,2,1
Ijara,Namangan,Qishloq xo'jaligi,622,23,9,2,0,63143,84,0.0544,0.8073,0.7544,0.793,0.683,4,0.7836,0.2087,0.0629,1,0.1229,0.0725,0.1225,0.0332,-0.0145,-0.0854,0.5305,75157,0.3211,12801,0,Juda Yuqori,3,0,2,2
Ijara,Farg'ona,Qurilish,677,55,23,2,0,385455,12,0.124,0.8157,0.85,0.8906,0.7434,4,0.8059,0.0816,0.1732,1,0.085,0.0532,0.0572,0.0094,0.0144,0.0609,0.3892,409347,0.2362,37624,0,Yuqori,2,0,1,3
Murabaha,Qashqadaryo,Savdo,685,38,23,4,1,23491,60,0.126,0.3892,0.4331,0.6706,0.2593,4,0.9462,0.1604,0.1417,1,0.1217,0.0571,0.092,0.0485,-0.1366,-0.0931,0.1258,30890,0.2968,1153,0,O'rta,1,1,3,4
Murabaha,Qashqadaryo,Eksport,614,28,20,2,0,25255,24,0.1023,0.5943,0.5367,0.7787,0.867,4,0.788,0.0624,0.1631,1,0.1119,0.0695,0.0763,0.0263,-0.1312,0.0468,0.2857,27838,0.3953,3144,0,Yuqori,2,1,3,0
Sukuk,Qashqadaryo,Eksport,572,42,10,1,0,204750,24,0.0789,0.509,0.5064,0.6707,0.4467,4,0.557,0.0898,0.2078,1,0.0513,0.0445,0.0856,0.0439,0.0525,0.1422,0.1802,220906,0.2297,9143,0,O'rta,1,3,3,0
Musharaka,Toshkent,Eksport,592,48,21,0,0,419906,60,0.1466,0.4608,0.3283,0.7316,0.2977,2,0.55,0.1729,0.2112,1,0.2148,0.0618,0.0735,0.0601,-0.008,0.0017,0.7268,573826,0.5785,241275,1,Juda Yuqori,3,2,5,0
Murabaha,Buxoro,Qurilish,662,61,7,3,0,11879,6,0.0708,0.3196,0.3872,0.6846,0.681,3,0.5794,0.1086,0.0223,1,0.1062,0.0384,0.0565,0.0458,-0.0614,0.1501,0.1153,12090,0.5036,702,0,O'rta,1,1,0,3
Murabaha,Buxoro,Qurilish,742,36,10,2,0,80788,12,0.0907,0.7618,0.6217,0.6364,0.5768,3,0.8581,0.0921,0.3327,1,0.1049,0.0456,0.1367,0.0353,0.118,0.0248,0.6215,84452,0.3888,20409,0,Juda Yuqori,3,1,0,3
Ijara,Samarqand,Ishlab chiqarish,702,61,4,3,1,13408,24,0.0943,0.5677,0.2796,0.7172,0.1477,3,0.6321,0.2509,0.0606,1,0.1398,0.0753,0.096,0.0363,0.2539,0.0841,0.2207,14672,0.1909,618,0,O'rta,1,0,4,1
Murabaha,Buxoro,Qishloq xo'jaligi,776,48,19,3,0,21879,24,0.1419,0.4677,0.4449,0.8932,0.1229,5,0.8668,0.2302,0.1583,1,0.1094,0.0652,0.0679,0.0286,0.061,0.1272,0.0198,24984,0.48,238,0,Past,0,1,0,2
Murabaha,Namangan,Qurilish,600,33,15,2,0,56389,6,0.0832,0.5741,0.2184,0.6574,0.5158,3,0.7543,0.072,0.2787,1,0.0744,0.0496,0.0923,0.0341,0.0282,0.0753,0.2619,57562,0.4278,6448,0,Yuqori,2,1,2,3
Musharaka,Samarqand,Ishlab chiqarish,678,55,19,3,0,40994,24,0.1983,0.6361,0.2832,0.7811,0.6695,3,0.5815,0.1692,0.046,1,0.2278,0.0464,0.0859,0.0314,-0.1719,-0.0499,0.4905,49124,0.6473,15599,0,Juda Yuqori,3,2,4,1
Ijara,Namangan,Xizmat,615,23,11,2,0,71957,24,0.1128,0.4795,0.4227,0.7967,0.3625,3,0.7359,0.0925,0.2207,1,0.1335,0.0287,0.1127,0.0755,-0.1808,-0.0309,0.181,80075,0.2917,4228,0,O'rta,1,0,2,5
Ijara,Samarqand,Qurilish,662,31,12,3,1,33520,12,0.1003,0.6587,0.4776,0.8352,0.5223,3,0.8804,0.5,0.1538,1,0.1675,0.0671,0.0817,0.0999,-0.0975,0.0971,0.7795,35201,0.3646,10004,1,Juda Yuqori,3,0,4,3
Murabaha,Namangan,Qishloq xo'jaligi,711,61,21,3,0,87834,24,0.0861,0.7349,0.05,0.7064,0.3057,3,0.6444,0.4511,0.4,1,0.1339,0.0416,0.1114,0.0613,0.0766,0.0254,0.6011,95396,0.4895,28066,1,Juda Yuqori,3,1,2,2
Ijara,Samarqand,Qishloq xo'jaligi,615,26,24,1,0,26900,84,0.1062,0.4821,0.4701,0.7552,0.1382,4,0.55,0.1734,0.0533,1,0.0966,0.0549,0.1025,0.0444,-0.0,-0.0221,0.1382,36895,0.3561,1815,0,O'rta,1,0,4,2
Murabaha,Farg'ona,Savdo,606,42,9,0,0,62815,60,0.1099,0.1985,0.3966,0.7187,0.5867,3,0.7275,0.1418,0.1344,1,0.1129,0.0475,0.0991,0.0356,-0.0827,-0.0342,0.1838,80077,0.5211,7671,0,O'rta,1,1,1,4
Murabaha,Farg'ona,Ishlab chiqarish,535,54,14,3,0,78436,60,0.1251,0.7893,0.2163,0.931,0.1797,3,0.5935,0.2996,0.0736,0,0.0886,0.0779,0.1176,0.0965,0.101,0.0056,0.5145,102963,0.4474,23699,1,Juda Yuqori,3,1,1,1
Ijara,Farg'ona,Savdo,646,28,8,3,0,87731,84,0.1204,0.4417,0.3066,0.8805,0.6029,3,0.6866,0.1409,0.4,1,0.0548,0.0385,0.0907,0.0569,0.2112,-0.0308,0.1515,124708,0.3901,7369,0,O'rta,1,0,1,4
Ijara,Namangan,Eksport,418,45,22,2,0,28968,12,0.0535,0.7179,0.4726,0.919,0.7048,5,0.8604,0.1478,0.3855,1,0.0874,0.0522,0.0819,0.0787,0.0666,0.0655,0.5976,29743,0.4487,7974,0,Juda Yuqori,3,0,2,0
Ijara,Toshkent,Qishloq xo'jaligi,558,38,18,1,0,276515,12,0.0766,0.609,0.3966,0.6015,0.1146,4,0.7109,0.3273,0.1542,1,0.0823,0.0346,0.0732,0.0501,0.3184,0.1206,0.2865,287106,0.4403,36210,0,Yuqori,2,0,5,2
Ijara,Toshkent,Eksport,719,40,3,3,1,71136,24,0.0507,0.3934,0.6089,0.5869,0.1322,4,0.8524,0.2093,0.2797,1,0.098,0.0289,0.0711,0.0399,-0.1503,-0.0019,0.2561,74743,0.3076,5886,0,Yuqori,2,0,5,0
Musharaka,Toshkent,Xizmat,672,25,20,1,0,220320,36,0.1272,0.7042,0.4285,0.8273,0.4424,2,0.8323,0.1783,0.318,1,0.2747,0.0494,0.0954,0.0598,0.0309,0.0454,0.8734,262357,0.4643,106391,1,Juda Yuqori,3,2,5,5
Murabaha,Qashqadaryo,Savdo,749,22,15,0,0,121751,24,0.1758,0.691,0.3761,0.6864,0.1737,3,0.6286,0.163,0.0916,1,0.1049,0.0703,0.1006,0.0433,-0.0564,-0.2037,0.1647,143151,0.3658,8624,0,O'rta,1,1,3,4
Murabaha,Qashqadaryo,Savdo,593,62,7,1,0,14364,24,0.1712,0.6037,0.3867,0.6598,0.446,3,0.9049,0.1123,0.122,1,0.1754,0.0543,0.0928,0.012,0.015,-0.0685,0.2898,16824,0.2889,1408,0,Yuqori,2,1,3,4
Murabaha,Samarqand,Qishloq xo'jaligi,608,64,16,3,0,56125,24,0.1186,0.6334,0.2139,0.7865,0.4786,3,0.7468,0.2714,0.2215,1,0.1007,0.0555,0.0934,0.0435,-0.0875,-0.0111,0.2574,62783,0.385,6221,0,Yuqori,2,1,4,2
Murabaha,Samarqand,Xizmat,705,40,9,4,1,174081,24,0.119,0.5345,0.3089,0.7706,0.2361,5,0.7597,0.0348,0.0498,1,0.1163,0.0634,0.0898,0.0146,-0.1611,-0.058,0.0402,194793,0.305,2388,0,Past,0,1,4,5
Sukuk,Toshkent,Ishlab chiqarish,557,58,4,4,1,211500,60,0.0585,0.8293,0.2658,0.6271,0.2193,4,0.8198,0.3924,0.1273,1,0.0634,0.0609,0.0709,0.0546,-0.0423,-0.0221,0.5941,242413,0.242,34849,0,Juda Yuqori,3,3,5,1
Murabaha,Samarqand,Qurilish,589,37,9,2,1,132216,12,0.1625,0.3734,0.3813,0.8492,0.3662,3,0.7724,0.1059,0.0112,1,0.1227,0.047,0.1224,0.0557,0.1571,0.0549,0.2734,142962,0.2764,10805,1,Yuqori,2,1,4,3
Sukuk,Buxoro,Ishlab chiqarish,706,61,13,0,0,84002,84,0.071,0.95,0.2961,0.5412,0.4236,3,0.7324,0.0299,0.0988,1,0.0505,0.0362,0.1148,0.0297,-0.0364,0.1883,0.1977,104874,0.3879,8044,0,O'rta,1,3,0,1
Musharaka,Namangan,Xizmat,545,41,17,2,0,194481,120,0.2263,0.5102,0.0739,0.5051,0.8459,3,0.8291,0.1989,0.1375,1,0.2481,0.0578,0.0669,0.0186,0.2406,0.0476,0.7681,414488,0.6782,215910,1,Juda Yuqori,3,2,2,5
Ijara,Namangan,Ishlab chiqarish,660,48,20,1,0,68032,36,0.0867,0.4035,0.5254,0.3386,0.5305,4,0.9477,0.0972,0.0108,1,0.0956,0.0324,0.0625,0.0482,-0.1788,0.2084,0.07,76880,0.286,1538,1,Past,0,0,2,1
Musharaka,Buxoro,Eksport,468,33,16,1,0,66628,84,0.1924,0.773,0.2186,0.4716,0.2399,3,0.9318,0.0237,0.047,1,0.2655,0.0799,0.0872,0.0698,-0.1309,0.0561,0.6765,111505,0.6725,50732,1,Juda Yuqori,3,2,0,0
Musharaka,Toshkent,Xizmat,573,40,23,1,0,333872,60,0.1258,0.598,0.216,0.782,0.4952,3,0.8443,0.3009,0.4,0,0.2177,0.0485,0.0936,0.0498,0.0788,-0.1045,0.8872,438839,0.462,179854,1,Juda Yuqori,3,2,5,5
Musharaka,Toshkent,Xizmat,635,50,23,6,0,65326,24,0.3233,0.2968,0.3842,0.8065,0.8272,3,0.8657,0.1995,0.0669,1,0.2506,0.0336,0.112,0.044,-0.1454,0.0677,0.5934,86445,0.6005,30808,0,Juda Yuqori,3,2,5,5
Murabaha,Qashqadaryo,Ishlab chiqarish,604,60,15,4,0,101026,6,0.0929,0.5293,0.4048,0.81,0.8109,3,0.7449,0.1314,0.2907,1,0.1388,0.0634,0.1146,0.055,-0.1218,0.156,0.5705,103373,0.3743,22077,1,Juda Yuqori,3,1,3,1
Ijara,Namangan,Qishloq xo'jaligi,717,31,11,4,1,11489,84,0.1016,0.6769,0.2404,0.7426,0.4563,2,0.8754,0.2302,0.1105,0,0.0729,0.0606,0.1102,0.0107,-0.0695,0.0424,0.3977,15575,0.3322,2058,1,Yuqori,2,0,2,2
Murabaha,Buxoro,Qurilish,614,45,20,0,0,457840,36,0.0933,0.7828,0.1372,0.9482,0.4727,3,0.9179,0.204,0.163,1,0.1307,0.0697,0.1286,0.1026,0.0224,-0.0034,0.1291,521890,0.4848,32666,0,O'rta,1,1,0,3
Murabaha,Qashqadaryo,Ishlab chiqarish,603,60,1,2,0,537682,6,0.1783,0.6394,0.2358,0.4337,0.5804,5,0.9514,0.1543,0.025,1,0.1065,0.0424,0.1244,0.0538,-0.2563,0.0817,0.1091,561654,0.4808,29462,0,O'rta,1,1,3,1
Ijara,Qashqadaryo,Xizmat,415,60,1,3,0,74569,60,0.0727,0.5925,0.4987,0.86,0.3334,2,0.7004,0.1256,0.3296,1,0.1313,0.0754,0.089,0.0551,0.0932,-0.0158,0.7616,88125,0.3391,22757,0,Juda Yuqori,3,0,3,5
Murabaha,Qashqadaryo,Ishlab chiqarish,683,37,3,5,0,10399,6,0.1372,0.5382,0.1766,0.6477,0.4167,5,0.7239,0.0638,0.111,1,0.1175,0.0681,0.0928,0.0353,0.1117,0.007,0.0316,10756,0.5318,181,0,Past,0,1,3,1
Sukuk,Samarqand,Xizmat,605,37,16,2,0,5174,36,0.091,0.6558,0.2999,0.5383,0.116,4,0.9517,0.2595,0.0466,0,0.0844,0.044,0.1068,0.0066,0.0448,0.0593,0.2063,5880,0.4426,537,0,O'rta,1,3,4,5
Sukuk,Toshkent,Xizmat,623,22,8,3,0,26856,120,0.0402,0.7762,0.6623,0.5021,0.5676,2,0.9587,0.2743,0.0945,1,0.0764,0.0643,0.123,0.038,-0.2056,0.0181,0.7832,32259,0.2104,5315,1,Juda Yuqori,3,3,5,5
Sukuk,Buxoro,Eksport,617,31,21,3,1,32452,60,0.0609,0.8106,0.1847,0.8149,0.8833,3,0.8264,0.3496,0.143,1,0.0562,0.056,0.1047,0.0451,-0.1891,0.0811,0.6682,37389,0.2426,6061,1,Juda Yuqori,3,3,0,0
Murabaha,Samarqand,Ishlab chiqarish,741,44,15,1,0,207645,60,0.076,0.387,0.2071,0.5696,0.7521,3,0.9344,0.1254,0.0792,1,0.1212,0.0692,0.1078,0.031,0.2203,-0.0687,0.0773,247108,0.4748,9075,0,Past,0,1,4,1
Murabaha,Buxoro,Xizmat,664,30,12,4,0,19023,12,0.1112,0.4628,0.2504,0.7383,0.3108,3,0.6996,0.5,0.0798,1,0.1042,0.0349,0.1012,0.0311,0.1144,-0.0308,0.23,20081,0.3788,1749,0,O'rta,1,1,0,5
Sukuk,Toshkent,Qurilish,606,59,23,4,0,148219,60,0.0796,0.481,0.6136,0.7816,0.1255,2,0.6088,0.2532,0.1374,1,0.0617,0.0849,0.1357,0.0227,0.1587,0.1104,0.3936,177708,0.4261,29809,1,Yuqori,2,3,5,3
Musharaka,Farg'ona,Xizmat,680,31,10,1,0,6027,60,0.361,0.1856,0.6523,0.7065,0.6067,2,0.8817,0.1549,0.3176,1,0.2425,0.048,0.0853,0.0335,0.1914,-0.1089,0.7917,11467,0.5662,5140,1,Juda Yuqori,3,2,1,5
Sukuk,Buxoro,Qishloq xo'jaligi,793,41,16,1,0,54272,60,0.0961,0.5091,0.3048,0.6072,0.5779,2,0.8294,0.4068,0.0927,0,0.0763,0.0659,0.1137,0.0462,0.0848,0.1457,0.2915,67316,0.2813,5520,0,Yuqori,2,3,0,2
Sukuk,Buxoro,Savdo,742,46,14,2,0,151007,60,0.0431,0.5213,0.3428,0.6862,0.6639,3,0.7246,0.2906,0.237,1,0.109,0.0706,0.0953,0.0743,0.206,0.1036,0.2134,167263,0.2726,9732,0,O'rta,1,3,0,4
Sukuk,Samarqand,Ishlab chiqarish,623,24,4,4,1,103490,120,0.0459,0.3312,0.1902,0.7938,0.5917,3,0.8945,0.4274,0.181,1,0.0719,0.0624,0.0859,0.0146,0.157,0.0703,0.2442,127261,0.2577,8010,0,O'rta,1,3,4,1
Murabaha,Samarqand,Qurilish,770,27,13,3,0,83995,36,0.1504,0.4898,0.2747,0.6779,0.5714,3,0.6469,0.3082,0.0508,1,0.0985,0.0576,0.0902,0.0715,-0.0036,0.0353,0.1664,102942,0.6186,10597,0,O'rta,1,1,4,3
Murabaha,Samarqand,Qishloq xo'jaligi,476,50,14,3,0,50689,6,0.1243,0.6135,0.1417,0.8788,0.8855,3,0.5756,0.1294,0.0476,0,0.101,0.033,0.0582,0.0605,0.0153,0.0347,0.3647,52264,0.4484,8546,1,Yuqori,2,1,4,2
Sukuk,Namangan,Xizmat,738,55,19,3,0,5465,84,0.0662,0.6604,0.3524,0.7169,0.2772,5,0.9337,0.283,0.1638,1,0.0335,0.0646,0.1139,0.0218,0.3657,0.235,0.0303,6731,0.2162,44,0,Past,0,3,2,5
Murabaha,Farg'ona,Qurilish,732,58,7,6,0,422202,24,0.1762,0.5541,0.2665,0.8852,0.5358,1,0.6113,0.2694,0.0712,1,0.1267,0.074,0.0786,0.0411,-0.034,0.1147,0.327,496585,0.4672,75869,1,Yuqori,2,1,1,3
Murabaha,Toshkent,Savdo,773,35,6,4,0,74632,6,0.1387,0.777,0.3053,0.9276,0.1679,5,0.6669,0.1187,0.168,1,0.1482,0.0415,0.0598,0.034,0.0344,-0.0557,0.0387,77221,0.6059,1813,0,Past,0,1,5,4
Musharaka,Farg'ona,Qishloq xo'jaligi,541,51,8,6,0,65078,120,0.3277,0.7414,0.2761,0.8756,0.811,4,0.6885,0.2239,0.0993,1,0.2654,0.0517,0.0991,0.0594,-0.2437,0.0856,0.7021,171695,0.7632,92009,1,Juda Yuqori,3,2,1,2
Sukuk,Buxoro,Ishlab chiqarish,640,46,14,4,0,44117,84,0.0761,0.7609,0.7003,0.9403,0.226,4,0.8398,0.1144,0.1135,1,0.0966,0.0659,0.082,0.0682,0.1713,-0.0497,0.1277,55867,0.2747,1961,1,O'rta,1,3,0,1
Ijara,Qashqadaryo,Eksport,408,31,23,2,0,44540,60,0.0599,0.5903,0.482,0.8057,0.5867,2,0.6823,0.2712,0.1573,1,0.1361,0.047,0.1288,0.0198,0.1891,-0.0256,0.9083,51206,0.235,10931,1,Juda Yuqori,3,0,3,0
Musharaka,Farg'ona,Xizmat,737,43,3,2,1,301671,120,0.2668,0.7255,0.4675,0.8963,0.7465,3,0.7409,0.2787,0.0463,1,0.2904,0.0396,0.0634,0.0166,0.1984,0.1805,0.8357,704088,0.5632,331378,1,Juda Yuqori,3,2,1,5
Murabaha,Qashqadaryo,Xizmat,799,49,19,2,0,13183,6,0.1256,0.5952,0.3733,0.8364,0.3355,4,0.849,0.0337,0.3317,1,0.1201,0.0854,0.0945,0.0747,0.1019,0.0201,0.0338,13597,0.3998,184,0,Past,0,1,3,5
Musharaka,Qashqadaryo,Qishloq xo'jaligi,691,51,12,4,0,83860,12,0.2174,0.8744,0.4548,0.8872,0.1586,3,0.55,0.4341,0.0301,1,0.2595,0.0704,0.0952,0.0409,0.0774,0.0386,0.7495,92976,0.6907,48131,0,Juda Yuqori,3,2,3,2
Sukuk,Farg'ona,Qurilish,532,47,18,2,0,70808,120,0.079,0.5938,0.1861,0.6418,0.6724,3,0.55,0.38,0.0551,0,0.0707,0.0446,0.1159,0.0401,0.0361,0.0134,0.632,98787,0.1775,11080,0,Juda Yuqori,3,3,1,3
Murabaha,Samarqand,Qishloq xo'jaligi,639,40,16,1,0,22177,12,0.1116,0.4858,0.1872,0.6723,0.8895,3,0.8533,0.165,0.0483,1,0.1558,0.0732,0.0596,0.0151,-0.0724,0.2035,0.1407,23414,0.4607,1517,0,O'rta,1,1,4,2
Musharaka,Namangan,Xizmat,735,27,8,4,0,34359,84,0.1662,0.178,0.6717,0.8729,0.6293,4,0.55,0.255,0.0891,1,0.2359,0.0727,0.0673,0.0855,0.0415,0.1025,0.5134,54345,0.7919,22093,1,Juda Yuqori,3,2,2,5
Sukuk,Qashqadaryo,Savdo,690,24,14,3,0,15593,24,0.0938,0.232,0.4224,0.8354,0.7442,2,0.5908,0.2488,0.1185,1,0.0423,0.0301,0.116,0.0327,-0.1282,0.1417,0.1964,17055,0.2769,928,0,O'rta,1,3,3,4
Ijara,Samarqand,Savdo,724,62,24,1,0,81960,36,0.086,0.6028,0.2676,0.6424,0.2726,2,0.8561,0.4819,0.0417,1,0.1254,0.036,0.1332,0.0436,0.2376,0.1216,0.4111,92535,0.3553,13516,0,Yuqori,2,0,4,4
Ijara,Toshkent,Qurilish,772,37,23,2,1,8964,24,0.0637,0.8286,0.3052,0.857,0.6466,3,0.7074,0.0838,0.3547,1,0.0977,0.0439,0.0811,0.0335,-0.2479,-0.0403,0.3055,9535,0.4131,1203,0,Yuqori,2,0,5,3
Ijara,Buxoro,Xizmat,720,26,22,3,0,58904,60,0.1057,0.9019,0.2769,0.7387,0.7998,5,0.8811,0.1209,0.4,1,0.0774,0.0652,0.1212,0.0045,0.1866,0.0927,0.1778,74475,0.3879,5135,1,O'rta,1,0,0,5
Murabaha,Qashqadaryo,Eksport,637,64,3,2,0,21243,24,0.11,0.5702,0.2356,0.8766,0.3482,2,0.55,0.1613,0.1219,1,0.1586,0.0668,0.1692,0.0284,0.2644,0.0507,0.3382,23579,0.4424,3528,0,Yuqori,2,1,3,0
Murabaha,Buxoro,Savdo,696,29,16,0,0,36697,24,0.1622,0.4454,0.4284,0.9167,0.8176,4,0.8381,0.2119,0.0272,1,0.0902,0.0424,0.0829,0.0824,0.2007,0.0456,0.1074,42651,0.4387,2010,0,O'rta,1,1,0,4
Ijara,Farg'ona,Savdo,572,37,1,3,0,50558,36,0.1095,0.3178,0.3,0.4831,0.3896,1,0.8905,0.1529,0.1568,1,0.0835,0.0424,0.1083,0.0735,0.1608,0.1006,0.3303,58863,0.3357,6526,1,Yuqori,2,0,1,4
Ijara,Samarqand,Qurilish,637,24,6,5,1,9337,60,0.1094,0.7396,0.1805,0.6431,0.8703,2,0.8735,0.2993,0.4,1,0.1162,0.0562,0.0763,0.032,0.025,0.0383,0.8994,11892,0.4159,4449,1,Juda Yuqori,3,0,4,3
Sukuk,Samarqand,Eksport,610,41,16,4,1,30124,120,0.0405,0.5522,0.4302,0.6293,0.8113,4,0.8633,0.2502,0.1285,0,0.0516,0.0468,0.1209,0.0577,0.0809,-0.0613,0.695,36217,0.1229,3094,1,Juda Yuqori,3,3,4,0
Sukuk,Qashqadaryo,Qishloq xo'jaligi,588,64,13,3,0,198829,36,0.0726,0.7912,0.4905,0.5382,0.8442,2,0.7513,0.1842,0.0904,1,0.0871,0.0583,0.1268,0.0319,-0.2494,0.155,0.8206,220475,0.3855,69755,1,Juda Yuqori,3,3,3,2
Musharaka,Toshkent,Ishlab chiqarish,654,24,5,3,0,57161,12,0.2583,0.3347,0.411,0.7333,0.4952,3,0.8317,0.223,0.1691,0,0.2501,0.0387,0.0863,0.0525,0.0732,0.033,0.663,64543,0.588,25163,1,Juda Yuqori,3,2,5,1
Musharaka,Qashqadaryo,Eksport,562,53,16,6,0,29977,36,0.1809,0.4529,0.1889,0.946,0.8322,4,0.7437,0.1754,0.0772,0,0.2316,0.0487,0.0782,0.0852,-0.155,0.0286,0.3997,38110,0.5832,8884,0,Yuqori,2,2,3,0
Ijara,Buxoro,Qishloq xo'jaligi,654,34,18,1,0,41808,12,0.0938,0.5309,0.2303,0.5742,0.455,1,0.8456,0.2651,0.1335,1,0.1068,0.0476,0.1243,0.1215,-0.0786,0.0024,0.3929,43769,0.2452,4217,0,Yuqori,2,0,0,2
Ijara,Qashqadaryo,Eksport,717,24,2,2,1,15375,24,0.0976,0.7071,0.3688,0.8314,0.5411,4,0.55,0.3811,0.0319,1,0.157,0.0565,0.1149,0.0217,-0.2937,0.1881,0.486,16875,0.4075,3342,0,Juda Yuqori,3,0,3,0
Ijara,Namangan,Savdo,820,41,23,4,0,173497,24,0.0981,0.9482,0.4897,0.7874,0.6802,3,0.7457,0.0328,0.132,1,0.0776,0.047,0.1199,0.0664,-0.0358,-0.09,0.1791,190521,0.5054,17249,0,O'rta,1,0,2,4
Ijara,Farg'ona,Savdo,573,60,4,2,0,67902,24,0.1025,0.7239,0.2118,0.8723,0.7685,2,0.7711,0.069,0.06,1,0.0979,0.0481,0.097,0.0148,-0.0092,-0.0487,0.2193,74860,0.3235,5312,0,O'rta,1,0,1,4
Sukuk,Namangan,Eksport,641,55,19,1,1,76814,36,0.0803,0.4822,0.2627,0.3971,0.8375,5,0.7733,0.1297,0.4,1,0.0939,0.0603,0.0888,0.0328,-0.2831,0.0514,0.456,86067,0.2762,10838,1,Juda Yuqori,3,3,2,0
Murabaha,Namangan,Xizmat,567,29,10,1,0,54355,6,0.1741,0.8667,0.1492,0.7584,0.5175,5,0.55,0.1312,0.0905,1,0.1479,0.0495,0.1374,0.0803,0.2198,0.0464,0.2161,56721,0.4883,5986,0,O'rta,1,1,2,5
Murabaha,Namangan,Xizmat,717,33,8,5,1,771625,6,0.0812,0.727,0.4583,0.8527,0.6778,3,0.7109,0.1942,0.0764,1,0.112,0.0437,0.1054,0.0532,-0.0924,-0.0628,0.578,787296,0.382,173826,0,Juda Yuqori,3,1,2,5
Murabaha,Buxoro,Savdo,754,26,14,5,1,267160,24,0.1502,0.5406,0.4489,0.829,0.2881,3,0.8552,0.3584,0.2227,1,0.1101,0.0794,0.0989,0.0547,-0.1898,0.1525,0.4149,307300,0.5892,75124,1,Yuqori,2,1,0,4
Musharaka,Samarqand,Xizmat,742,59,14,1,0,74138,36,0.3672,0.6511,0.6815,0.5367,0.4646,4,0.8505,0.1124,0.1571,1,0.2549,0.0347,0.0888,0.0607,-0.0256,0.0516,0.7032,114971,0.6693,54114,1,Juda Yuqori,3,2,4,5
Murabaha,Toshkent,Qurilish,571,41,17,5,0,71963,6,0.0867,0.4169,0.2417,0.794,0.3809,2,0.7642,0.1733,0.0307,1,0.1247,0.0402,0.0704,0.0597,0.1166,0.0009,0.0804,73523,0.3573,2112,0,Past,0,1,5,3
Musharaka,Buxoro,Ishlab chiqarish,680,29,2,6,0,67878,60,0.1556,0.4974,0.3211,0.7807,0.5073,3,0.7309,0.1088,0.4,1,0.2531,0.0604,0.1298,0.0576,0.1157,0.0391,0.6572,94282,0.5776,35786,1,Juda Yuqori,3,2,0,1
Musharaka,Samarqand,Xizmat,531,38,23,0,0,92297,120,0.1234,0.5515,0.3111,0.6254,0.8277,3,0.9387,0.1183,0.2493,1,0.2623,0.0351,0.0963,0.0185,0.1738,0.0699,0.8618,149251,0.5557,71485,1,Juda Yuqori,3,2,4,5
Murabaha,Buxoro,Savdo,584,56,17,3,0,367814,6,0.0891,0.5275,0.3017,0.5756,0.4128,2,0.7255,0.2588,0.2303,0,0.1221,0.0634,0.1105,0.022,0.0481,0.1165,0.7082,376004,0.5896,157002,1,Juda Yuqori,3,1,0,4
Musharaka,Farg'ona,Eksport,599,31,6,4,0,3410,60,0.3102,0.6501,0.5608,0.5031,0.7151,2,0.55,0.2749,0.0178,1,0.2312,0.0387,0.0846,0.0709,0.034,0.094,0.9572,6054,0.7155,4146,1,Juda Yuqori,3,2,1,0
Murabaha,Samarqand,Qishloq xo'jaligi,735,31,8,6,2,34758,12,0.1119,0.6297,0.4848,0.705,0.2078,4,0.8423,0.0016,0.2102,1,0.1459,0.0673,0.1031,0.0305,0.0172,-0.0499,0.3567,36702,0.426,5576,1,Yuqori,2,1,4,2
Murabaha,Farg'ona,Qishloq xo'jaligi,593,64,15,3,2,36573,6,0.1658,0.7283,0.3763,0.8716,0.3737,3,0.7311,0.2964,0.0139,1,0.115,0.0699,0.1106,0.0607,0.0303,0.1885,0.8181,38089,0.5236,16314,1,Juda Yuqori,3,1,1,2
Ijara,Samarqand,Eksport,804,50,14,1,0,34379,24,0.0662,0.5332,0.455,0.7666,0.4543,2,0.6375,0.1619,0.0235,1,0.0931,0.0739,0.0676,0.0313,-0.1075,0.0177,0.1067,36653,0.3844,1503,0,O'rta,1,0,4,0
Murabaha,Toshkent,Qishloq xo'jaligi,701,54,5,1,0,5060,60,0.1746,0.4331,0.2199,0.6815,0.2983,2,0.7639,0.1713,0.3513,1,0.0605,0.0571,0.11,0.0581,-0.0234,0.0725,0.1729,7269,0.5093,640,0,O'rta,1,1,5,2
Murabaha,Buxoro,Ishlab chiqarish,566,30,13,2,0,161820,60,0.1294,0.7149,0.1546,0.6691,0.4022,1,0.6138,0.2073,0.1314,1,0.0733,0.0829,0.0957,0.018,0.097,-0.0197,0.5371,214165,0.4864,55957,0,Juda Yuqori,3,1,0,1
Musharaka,Samarqand,Eksport,553,40,4,5,0,39014,60,0.2819,0.8971,0.1954,0.4848,0.1794,3,0.7495,0.3216,0.1775,1,0.266,0.0325,0.0972,0.0477,-0.0228,-0.004,0.8737,66505,0.6226,36176,1,Juda Yuqori,3,2,4,0
Ijara,Samarqand,Ishlab chiqarish,623,30,4,1,0,33549,12,0.1163,0.4482,0.384,0.9258,0.7879,3,0.6367,0.0587,0.1733,0,0.1283,0.0509,0.0665,0.0591,0.0296,-0.0041,0.2631,35499,0.2803,2618,0,Yuqori,2,0,4,1
Murabaha,Qashqadaryo,Ishlab chiqarish,716,55,22,1,0,493285,36,0.0888,0.8667,0.1319,0.7997,0.2912,3,0.7674,0.0789,0.0193,1,0.1145,0.0621,0.1115,0.0225,-0.1174,0.0609,0.0586,558976,0.4638,15184,0,Past,0,1,3,1
Musharaka,Namangan,Qurilish,595,24,13,3,0,12787,84,0.2452,0.6787,0.4707,0.7955,0.845,3,0.5839,0.4887,0.2159,0,0.2654,0.0715,0.0732,0.0068,0.1819,-0.0398,0.9888,23761,0.6163,14479,1,Juda Yuqori,3,2,2,3
Murabaha,Buxoro,Ishlab chiqarish,741,53,3,3,0,16840,24,0.138,0.3318,0.3854,0.5724,0.4,4,0.7954,0.3888,0.0717,1,0.1117,0.0831,0.1133,0.0324,-0.0758,0.0079,0.2226,19164,0.4698,2004,0,O'rta,1,1,0,1
Murabaha,Buxoro,Savdo,619,49,8,4,0,18496,60,0.1325,0.4423,0.1046,0.569,0.8926,3,0.7786,0.1529,0.2003,1,0.1505,0.0646,0.1382,0.1105,-0.0063,-0.0247,0.2691,24624,0.6296,4172,0,Yuqori,2,1,0,4
Musharaka,Toshkent,Eksport,768,29,13,2,0,19727,12,0.3131,0.6806,0.3287,0.9062,0.5089,1,0.8861,0.199,0.1852,1,0.2241,0.0604,0.0765,0.0384,0.0701,0.0808,0.6028,22815,0.6987,9610,1,Juda Yuqori,3,2,5,0
Musharaka,Toshkent,Savdo,608,49,13,4,0,18218,120,0.1923,0.6362,0.2301,0.8812,0.4733,3,0.8795,0.4519,0.0688,1,0.2927,0.0427,0.0789,0.096,-0.0196,-0.1102,0.6945,35730,0.5983,14846,1,Juda Yuqori,3,2,5,4
Musharaka,Samarqand,Qishloq xo'jaligi,593,33,3,2,0,78813,120,0.2146,0.5458,0.5387,0.8747,0.7651,4,0.9371,0.0799,0.2355,1,0.2475,0.0658,0.0448,0.0511,-0.1367,0.133,0.5701,163377,0.6424,59837,1,Juda Yuqori,3,2,4,2
Ijara,Farg'ona,Qishloq xo'jaligi,646,43,11,4,1,150019,84,0.0801,0.553,0.2071,0.6986,0.6429,1,0.7417,0.1424,0.0951,1,0.1369,0.0728,0.1042,0.0352,-0.0416,-0.0261,0.6107,192088,0.3678,43146,1,Juda Yuqori,3,0,1,2
Sukuk,Qashqadaryo,Xizmat,708,39,20,3,0,18157,60,0.0441,0.9334,0.3179,0.6503,0.2789,3,0.6459,0.0976,0.0332,1,0.0979,0.0449,0.1126,0.066,0.1085,0.0311,0.1798,20159,0.3012,1092,0,O'rta,1,3,3,5
Musharaka,Samarqand,Qurilish,608,63,14,3,0,17538,12,0.1812,0.5542,0.3133,0.6518,0.4379,4,0.7306,0.2481,0.1292,1,0.2393,0.0689,0.0951,0.0767,0.2507,0.1084,0.6148,19127,0.6647,7817,0,Juda Yuqori,3,2,4,3
Murabaha,Samarqand,Qishloq xo'jaligi,670,24,21,3,0,131326,6,0.15,0.5965,0.433,0.9736,0.2285,4,0.6503,0.1269,0.0694,1,0.0872,0.0432,0.127,0.0503,0.0265,0.0178,0.0585,136250,0.7012,5594,0,Past,0,1,4,2
Ijara,Qashqadaryo,Eksport,632,22,14,3,2,180062,36,0.1109,0.6418,0.2475,0.8916,0.6554,3,0.7372,0.1585,0.14,1,0.0741,0.066,0.1155,0.0743,0.3057,-0.0047,0.5123,210016,0.2824,30380,0,Juda Yuqori,3,0,3,0
Murabaha,Qashqadaryo,Ishlab chiqarish,669,57,7,0,0,47018,36,0.1409,0.5558,0.5699,0.8782,0.2362,3,0.9267,0.3708,0.1195,0,0.1233,0.0594,0.0913,0.0225,0.2056,0.145,0.3788,56954,0.4377,9444,0,Yuqori,2,1,3,1
Musharaka,Namangan,Qurilish,746,44,6,2,0,54227,84,0.3287,0.421,0.3295,0.7027,0.1513,2,0.7781,0.4383,0.0919,1,0.2138,0.0473,0.1059,0.0795,0.1602,-0.0432,0.6125,116620,0.6371,45509,1,Juda Yuqori,3,2,2,3
Murabaha,Farg'ona,Savdo,668,29,6,1,0,22831,36,0.0907,0.7613,0.1443,0.8398,0.8391,3,0.7329,0.1615,0.1618,1,0.1261,0.0401,0.0865,0.0094,-0.1178,-0.0673,0.2501,25938,0.6385,4142,0,Yuqori,2,1,1,4
Murabaha,Samarqand,Xizmat,455,23,21,2,0,109693,12,0.1518,0.7029,0.2977,0.7856,0.6011,5,0.603,0.2758,0.3244,1,0.0953,0.0414,0.0909,0.0406,0.1202,-0.0601,0.7309,118017,0.3066,26448,1,Juda Yuqori,3,1,4,5
Sukuk,Toshkent,Ishlab chiqarish,695,25,4,1,0,98039,60,0.0783,0.3499,0.651,0.6226,0.7024,3,0.8028,0.1726,0.0225,0,0.0887,0.0466,0.0989,0.0968,0.0809,0.0695,0.2903,117238,0.2917,9930,0,Yuqori,2,3,5,1
Ijara,Farg'ona,Savdo,761,26,9,3,0,106684,12,0.0627,0.7027,0.2433,0.462,0.5205,2,0.6645,0.3248,0.1158,1,0.0735,0.0667,0.1251,0.0471,0.257,-0.0035,0.3601,110029,0.3591,14228,0,Yuqori,2,0,1,4
Ijara,Buxoro,Qurilish,713,55,11,4,0,67147,12,0.1116,0.3836,0.3943,0.9452,0.7099,2,0.8042,0.3402,0.0297,0,0.0973,0.0564,0.0913,0.0423,-0.0405,0.1085,0.2747,70894,0.3508,6831,0,Yuqori,2,0,0,3
Murabaha,Qashqadaryo,Xizmat,686,61,1,3,1,427904,24,0.1409,0.3758,0.4226,0.6391,0.7817,4,0.7783,0.2296,0.0126,0,0.1206,0.0688,0.107,0.0342,-0.1769,-0.135,0.5187,488194,0.4692,118833,1,Juda Yuqori,3,1,3,5
Murabaha,Namangan,Ishlab chiqarish,760,23,12,5,0,80511,24,0.1324,0.343,0.3982,0.6794,0.2096,3,0.6636,0.1636,0.0947,1,0.1344,0.0476,0.0976,0.0754,0.1893,-0.002,0.0755,91171,0.4577,3150,0,Past,0,1,2,1
Murabaha,Samarqand,Ishlab chiqarish,707,30,21,6,3,351845,60,0.0976,0.5192,0.4128,0.7022,0.5351,3,0.802,0.2873,0.2052,1,0.0878,0.0575,0.0709,0.0892,0.0972,0.0239,0.8546,437730,0.5366,200706,1,Juda Yuqori,3,1,4,1
Murabaha,Samarqand,Savdo,560,23,8,3,1,171896,6,0.1799,0.6404,0.4297,0.7123,0.8401,3,0.8515,0.1119,0.0152,1,0.1365,0.0547,0.1408,0.0467,0.034,0.0269,0.6635,179628,0.3431,40895,1,Juda Yuqori,3,1,4,4
Musharaka,Samarqand,Qishloq xo'jaligi,618,46,19,2,0,33212,24,0.1556,0.5109,0.3854,0.8161,0.6724,2,0.6779,0.1499,0.3098,1,0.2651,0.0397,0.0976,0.0585,0.0939,-0.0909,0.8723,38381,0.6209,20786,1,Juda Yuqori,3,2,4,2
Ijara,Toshkent,Eksport,716,26,10,2,1,47025,60,0.1139,0.776,0.5654,0.4416,0.206,3,0.8182,0.2856,0.1544,1,0.0941,0.0793,0.1266,0.0181,0.01,0.0622,0.7427,60413,0.4443,19937,0,Juda Yuqori,3,0,5,0
Ijara,Toshkent,Eksport,751,59,15,3,0,34119,24,0.0515,0.3302,0.5915,0.782,0.263,4,0.5965,0.0598,0.0042,0,0.0891,0.0436,0.0932,0.0012,0.0667,-0.1885,0.0505,35876,0.2927,531,0,Past,0,0,5,0
Murabaha,Toshkent,Eksport,678,53,14,2,0,233920,6,0.0892,0.6863,0.1815,0.8015,0.5687,2,0.5982,0.129,0.1431,1,0.0729,0.0498,0.1112,0.0956,0.1422,0.0573,0.2758,239136,0.3412,22510,0,Yuqori,2,1,5,0
Sukuk,Farg'ona,Qurilish,673,38,22,4,2,7599,84,0.0939,0.7632,0.2707,0.8111,0.2905,2,0.8381,0.4728,0.0204,1,0.0763,0.0631,0.1021,0.0519,-0.1837,0.0847,0.6139,10097,0.2191,1358,0,Juda Yuqori,3,3,1,3
Ijara,Buxoro,Qurilish,511,28,24,4,0,26089,84,0.112,0.8245,0.3148,0.7443,0.8957,1,0.8124,0.1188,0.0784,1,0.1204,0.0611,0.0985,0.0613,0.2527,0.0257,0.7704,36313,0.3004,8403,1,Juda Yuqori,3,0,0,3
Musharaka,Namangan,Qurilish,670,46,12,1,0,18943,84,0.2509,0.8434,0.381,0.8111,0.3189,2,0.6971,0.0768,0.1463,1,0.2358,0.0678,0.0845,0.0563,0.1166,0.0445,0.6098,35580,0.5113,11094,1,Juda Yuqori,3,2,2,3
Musharaka,Farg'ona,Qishloq xo'jaligi,592,25,20,3,1,15518,84,0.2405,0.652,0.2449,0.7619,0.6906,2,0.8222,0.2152,0.061,1,0.2284,0.0662,0.1002,0.065,-0.0235,0.0546,0.8954,28581,0.5986,15320,1,Juda Yuqori,3,2,1,2
Murabaha,Buxoro,Xizmat,637,33,15,2,0,39178,36,0.1503,0.8689,0.1741,0.8438,0.8777,2,0.9318,0.1556,0.0369,1,0.1274,0.0525,0.1163,0.076,-0.0255,0.0283,0.3192,48010,0.5157,7904,1,Yuqori,2,1,0,5
Murabaha,Farg'ona,Qishloq xo'jaligi,720,42,7,3,0,50930,36,0.1567,0.5265,0.5619,0.6917,0.186,2,0.8191,0.2244,0.0243,1,0.1343,0.0573,0.0877,0.0513,-0.1046,0.0657,0.2513,62905,0.6325,9999,0,Yuqori,2,1,1,2
Murabaha,Farg'ona,Eksport,708,57,18,0,0,71423,24,0.103,0.4502,0.2556,0.6925,0.6562,5,0.9286,0.0943,0.0714,1,0.1173,0.0377,0.1216,0.0851,0.1274,0.0536,0.0299,78781,0.325,765,0,Past,0,1,1,0
Ijara,Qashqadaryo,Ishlab chiqarish,700,32,11,1,0,11895,84,0.1056,0.86,0.06,0.5177,0.5713,3,0.678,0.1143,0.0336,1,0.0975,0.0496,0.0882,0.0083,0.0806,0.0828,0.1256,16293,0.4236,867,0,O'rta,1,0,3,1
Murabaha,Farg'ona,Qishloq xo'jaligi,667,56,17,1,0,114411,24,0.1666,0.7163,0.1906,0.6563,0.4392,2,0.8771,0.1104,0.1199,1,0.1068,0.0731,0.0894,0.079,-0.0571,0.12,0.2673,133474,0.3646,13008,1,Yuqori,2,1,1,2
Murabaha,Farg'ona,Eksport,654,52,18,2,0,96067,12,0.1353,0.5019,0.3664,0.6883,0.6234,2,0.7366,0.1868,0.0366,1,0.0911,0.0431,0.0984,0.0358,0.0576,0.1058,0.3258,102567,0.4492,15010,0,Yuqori,2,1,1,0
Murabaha,Farg'ona,Eksport,656,39,15,3,1,61873,36,0.1744,0.5543,0.1796,0.7545,0.5873,2,0.9018,0.2296,0.0055,1,0.0953,0.0376,0.1128,0.0055,0.2127,0.0275,0.2198,78059,0.4116,7063,0,O'rta,1,1,1,0
Murabaha,Samarqand,Eksport,554,32,20,2,0,13243,36,0.1634,0.6952,0.1436,0.7927,0.3131,3,0.7992,0.4261,0.115,1,0.1022,0.0643,0.0765,0.0521,0.2302,-0.0573,0.3664,16490,0.3467,2095,1,Yuqori,2,1,4,0
Sukuk,Qashqadaryo,Ishlab chiqarish,572,40,11,2,0,218197,120,0.066,0.4571,0.2781,0.9597,0.5876,5,0.8381,0.3487,0.2089,1,0.1046,0.0769,0.0756,0.0579,-0.3126,0.1081,0.0942,290187,0.1,2732,0,Past,0,3,3,1
Ijara,Samarqand,Eksport,597,41,8,2,1,40209,36,0.0707,0.7348,0.2288,0.6888,0.1804,4,0.7645,0.1199,0.1255,0,0.1374,0.0393,0.0905,0.0629,0.0233,0.0012,0.2274,44472,0.327,3308,0,O'rta,1,0,4,0
Musharaka,Farg'ona,Eksport,696,52,19,0,0,77949,36,0.2791,0.7207,0.2919,0.8903,0.3667,3,0.6777,0.2051,0.1034,1,0.2803,0.0494,0.1346,0.0236,0.2345,0.0561,0.6321,110582,0.7521,52572,0,Juda Yuqori,3,2,1,0
Murabaha,Namangan,Eksport,542,41,4,1,0,10445,6,0.0762,0.4824,0.1728,0.4581,0.2259,2,0.6408,0.1076,0.0271,1,0.1237,0.0637,0.0887,0.0376,-0.0744,-0.0749,0.2718,10644,0.412,1192,0,Yuqori,2,1,2,0
Musharaka,Qashqadaryo,Ishlab chiqarish,622,30,13,4,1,88025,60,0.3744,0.6507,0.4902,0.9892,0.3114,2,0.8632,0.1816,0.2903,1,0.2666,0.0675,0.1007,0.0103,0.0301,0.0688,0.9379,170410,0.6213,99296,1,Juda Yuqori,3,2,3,1
Musharaka,Buxoro,Savdo,688,25,10,2,0,162939,36,0.3405,0.5426,0.4526,0.774,0.8861,3,0.7651,0.2947,0.0602,1,0.2345,0.0336,0.0777,0.049,-0.0531,0.0643,0.805,246152,0.5681,112561,1,Juda Yuqori,3,2,0,4
Murabaha,Buxoro,Eksport,607,63,7,6,0,141794,60,0.0742,0.3991,0.3019,0.2769,0.2705,3,0.9668,0.3788,0.202,1,0.1164,0.0439,0.0822,0.0844,0.0908,0.1278,0.4661,168100,0.3831,30017,1,Juda Yuqori,3,1,0,0
Musharaka,Qashqadaryo,Ishlab chiqarish,582,62,4,3,1,4742,24,0.135,0.554,0.2134,0.4658,0.8471,4,0.656,0.3561,0.2049,1,0.3045,0.0592,0.1124,0.003,0.0587,0.0415,0.9636,5382,0.6534,3389,1,Juda Yuqori,3,2,3,1
Murabaha,Namangan,Savdo,542,55,9,4,0,11837,12,0.0742,0.5472,0.1296,0.8133,0.3685,5,0.7041,0.1423,0.126,1,0.0815,0.0503,0.1209,0.0425,-0.0081,-0.0091,0.049,12276,0.5178,311,0,Past,0,1,2,4
Musharaka,Namangan,Savdo,616,59,13,3,0,42811,120,0.3661,0.6724,0.0947,0.6704,0.5278,3,0.9106,0.2262,0.0713,1,0.2487,0.0563,0.1002,0.0917,0.2349,-0.0966,0.4631,121176,0.6006,33700,0,Juda Yuqori,3,2,2,4
Musharaka,Buxoro,Ishlab chiqarish,679,47,1,4,0,78195,36,0.2552,0.6253,0.3441,0.9084,0.5035,5,0.8247,0.2614,0.0959,1,0.2438,0.0489,0.1046,0.0389,-0.0502,-0.112,0.3491,108130,0.5693,21491,0,Yuqori,2,2,0,1
Murabaha,Farg'ona,Ishlab chiqarish,664,58,21,3,0,11084,60,0.0872,0.7702,0.6739,0.9095,0.777,5,0.8698,0.1187,0.044,1,0.1029,0.0753,0.0987,0.0362,0.0648,-0.0765,0.3476,13501,0.3631,1704,0,Yuqori,2,1,1,1
Murabaha,Namangan,Qurilish,650,48,13,3,0,89826,6,0.1217,0.9093,0.2737,0.9152,0.8305,3,0.9019,0.2537,0.4,1,0.1008,0.0579,0.1065,0.0239,-0.1667,0.0464,0.6732,92560,0.4559,28408,1,Juda Yuqori,3,1,2,3
Musharaka,Buxoro,Qishloq xo'jaligi,592,62,4,2,0,61548,84,0.1671,0.4318,0.1535,0.7262,0.8719,3,0.6156,0.279,0.1447,0,0.2431,0.0492,0.1104,0.0767,-0.0412,-0.0759,0.7994,97537,0.6338,49422,1,Juda Yuqori,3,2,0,2
Musharaka,Samarqand,Ishlab chiqarish,491,23,14,0,0,206038,60,0.1761,0.6598,0.1526,0.7843,0.5065,4,0.8217,0.5,0.1346,0,0.2709,0.0598,0.0677,0.0593,0.0601,-0.0039,0.85,296732,0.6434,162294,1,Juda Yuqori,3,2,4,1
Sukuk,Farg'ona,Savdo,780,50,4,3,0,7102,36,0.0611,0.918,0.3148,0.7919,0.8061,4,0.7496,0.0925,0.0701,1,0.0913,0.0463,0.0881,0.0584,0.0168,0.1005,0.1043,7753,0.3852,312,0,O'rta,1,3,1,4
Ijara,Farg'ona,Ishlab chiqarish,681,40,13,3,0,25418,60,0.093,0.8134,0.42,0.9049,0.3365,2,0.7514,0.088,0.0139,1,0.0955,0.057,0.0917,0.0543,0.052,0.1441,0.1962,31327,0.4702,2890,0,O'rta,1,0,1,1
Murabaha,Farg'ona,Eksport,592,30,22,2,0,28372,6,0.1756,0.5587,0.2089,0.5814,0.1108,5,0.8764,0.2988,0.148,1,0.133,0.0764,0.0729,0.0539,-0.0632,-0.0259,0.0834,29618,0.4393,1086,0,Past,0,1,1,0
Murabaha,Toshkent,Ishlab chiqarish,707,39,6,4,0,34018,36,0.1551,0.8809,0.4746,0.771,0.1669,4,0.8932,0.1974,0.0885,1,0.1289,0.0653,0.0938,0.0632,-0.0239,0.0937,0.1875,41932,0.5219,4103,1,O'rta,1,1,5,1
Ijara,Samarqand,Xizmat,768,50,17,2,0,61940,84,0.0986,0.3818,0.4874,0.7857,0.3486,3,0.609,0.1258,0.1545,1,0.1277,0.0726,0.1136,0.0036,0.0946,0.1502,0.0925,83314,0.3737,2881,0,Past,0,0,4,5
Murabaha,Toshkent,Qurilish,653,55,19,2,0,5371,12,0.0723,0.5388,0.3729,0.569,0.8398,4,0.7836,0.1692,0.0705,1,0.0763,0.0586,0.0773,0.0531,-0.0911,0.0043,0.2841,5565,0.4059,642,1,Yuqori,2,1,5,3
Musharaka,Toshkent,Qurilish,649,49,15,2,0,92692,36,0.2729,0.7359,0.5607,0.7799,0.8571,4,0.932,0.2687,0.0285,1,0.2338,0.0539,0.1235,0.0388,0.0853,-0.0059,0.8195,130632,0.5349,57256,1,Juda Yuqori,3,2,5,3
Sukuk,Toshkent,Eksport,665,43,17,0,0,369214,60,0.091,0.7465,0.2647,0.708,0.3842,3,0.8917,0.1003,0.2308,1,0.1055,0.0689,0.118,0.0395,-0.0584,-0.0742,0.1428,453230,0.2825,18288,0,O'rta,1,3,5,0
Musharaka,Qashqadaryo,Ishlab chiqarish,650,23,22,3,0,176682,12,0.2173,0.7678,0.3456,0.8225,0.274,5,0.9443,0.0697,0.2247,1,0.223,0.0299,0.1168,0.0265,0.2259,-0.0113,0.1887,195880,0.5773,21336,0,O'rta,1,2,3,1
Murabaha,Samarqand,Savdo,581,49,13,1,0,104729,60,0.1497,0.4365,0.8488,0.5224,0.8277,2,0.745,0.0285,0.0951,1,0.1055,0.0314,0.0917,0.0348,0.032,-0.0084,0.817,143933,0.4996,58749,1,Juda Yuqori,3,1,4,4
Ijara,Buxoro,Ishlab chiqarish,682,31,17,2,0,42531,12,0.0535,0.658,0.5906,0.5244,0.6656,1,0.8392,0.3488,0.2533,0,0.0958,0.0504,0.0868,0.0442,0.0127,0.1404,0.9635,43669,0.3041,12796,1,Juda Yuqori,3,0,0,1
Musharaka,Buxoro,Qurilish,743,31,13,1,0,15786,12,0.1877,0.3666,0.1139,0.8045,0.7255,2,0.9138,0.1115,0.0233,1,0.2503,0.0436,0.0568,0.0148,-0.243,0.1099,0.0922,17268,0.5596,891,0,Past,0,2,0,3
Musharaka,Buxoro,Savdo,732,48,14,1,0,76512,120,0.3702,0.5156,0.2196,0.5139,0.1332,4,0.8417,0.4171,0.0937,0,0.2583,0.0483,0.1374,0.0563,0.044,0.0105,0.6491,218142,0.5859,82960,1,Juda Yuqori,3,2,0,4
Sukuk,Farg'ona,Savdo,762,44,17,2,0,97592,36,0.0942,0.739,0.234,0.9377,0.32,3,0.7223,0.2034,0.4,1,0.0889,0.06,0.1002,0.0894,-0.0453,0.1509,0.1382,111377,0.1867,2873,0,O'rta,1,3,1,4
Murabaha,Namangan,Qurilish,804,32,3,2,0,179686,36,0.0983,0.863,0.3251,0.7338,0.4744,2,0.6997,0.2426,0.4,1,0.2009,0.039,0.1074,0.09,-0.0838,0.1753,0.7274,206179,0.3103,46535,1,Juda Yuqori,3,1,2,3
Sukuk,Toshkent,Eksport,693,57,16,2,0,29546,120,0.0684,0.7309,0.4086,0.5515,0.2823,4,0.55,0.0214,0.0871,1,0.0724,0.0627,0.1125,0.0513,-0.019,0.0504,0.0822,39657,0.2628,857,0,Past,0,3,5,0
Sukuk,Buxoro,Savdo,684,57,19,2,0,56119,36,0.0463,0.699,0.3648,0.7228,0.547,4,0.7773,0.2693,0.1735,1,0.0776,0.0531,0.1316,0.0143,0.0515,0.0186,0.152,60014,0.2277,2077,0,O'rta,1,3,0,4
Murabaha,Samarqand,Qishloq xo'jaligi,611,30,19,4,0,11235,24,0.0931,0.4716,0.645,0.4739,0.232,4,0.8289,0.1123,0.1523,1,0.1165,0.0366,0.125,0.0111,-0.0224,0.0848,0.398,12281,0.3363,1644,1,Yuqori,2,1,4,2
Murabaha,Samarqand,Ishlab chiqarish,477,63,18,4,0,12108,60,0.1129,0.6512,0.1608,0.8259,0.8632,3,0.6516,0.1189,0.0395,1,0.1064,0.047,0.109,0.0353,-0.0564,-0.0125,0.4281,15524,0.5741,3816,0,Yuqori,2,1,4,1
Murabaha,Farg'ona,Xizmat,665,30,14,4,1,64882,36,0.1603,0.4641,0.551,0.9241,0.6606,4,0.7242,0.2554,0.3258,1,0.1431,0.0638,0.1158,0.0388,0.1752,-0.0468,0.6944,80485,0.4887,27315,1,Juda Yuqori,3,1,1,5
Murabaha,Qashqadaryo,Qurilish,589,39,17,3,0,29077,24,0.1062,0.5611,0.4,0.8952,0.2639,2,0.8564,0.1199,0.0444,1,0.075,0.0494,0.0896,0.0552,0.0552,0.072,0.1239,32165,0.3744,1493,0,O'rta,1,1,3,3
Murabaha,Farg'ona,Savdo,764,38,23,2,0,78518,6,0.1485,0.4851,0.5161,0.8276,0.452,2,0.5807,0.1906,0.1014,0,0.124,0.0341,0.1029,0.0188,-0.1019,0.0974,0.5689,81432,0.5667,26252,1,Juda Yuqori,3,1,1,4
Ijara,Buxoro,Qishloq xo'jaligi,656,63,6,6,0,93619,84,0.1167,0.725,0.2589,0.8734,0.1425,3,0.8037,0.2565,0.0134,1,0.1336,0.0587,0.0994,0.0829,0.0666,-0.0036,0.1028,131852,0.3436,4658,0,O'rta,1,0,0,2
Murabaha,Farg'ona,Savdo,665,36,13,2,0,45981,12,0.1174,0.8504,0.4255,0.9186,0.8094,5,0.8708,0.1336,0.2609,1,0.088,0.045,0.1145,0.0117,0.0753,0.1073,0.3182,48679,0.4208,6517,0,Yuqori,2,1,1,4
Murabaha,Qashqadaryo,Qishloq xo'jaligi,610,54,5,5,0,460512,24,0.1346,0.5656,0.4972,0.5418,0.3806,4,0.5563,0.1391,0.4,1,0.109,0.0385,0.1182,0.0157,-0.1675,0.0199,0.7654,522488,0.5638,225473,1,Juda Yuqori,3,1,3,2
Ijara,Farg'ona,Eksport,686,41,12,1,0,70856,24,0.1043,0.6232,0.3108,0.8139,0.3618,2,0.7795,0.1155,0.1139,1,0.0912,0.0764,0.1196,0.0377,0.0081,0.0502,0.1138,78249,0.2895,2579,0,O'rta,1,0,1,0
Murabaha,Samarqand,Eksport,568,45,11,1,0,84252,36,0.1092,0.3639,0.4991,0.8545,0.8889,3,0.5781,0.0501,0.1495,0,0.1403,0.0766,0.1077,0.0728,-0.1626,0.1163,0.5148,98051,0.5138,25936,1,Juda Yuqori,3,1,4,0
Ijara,Samarqand,Xizmat,608,45,7,2,0,43723,36,0.1149,0.6845,0.2334,0.8574,0.5742,2,0.6612,0.226,0.1383,1,0.0785,0.0672,0.0608,0.0974,0.0546,0.1878,0.3295,51257,0.3911,6604,0,Yuqori,2,0,4,5
Murabaha,Toshkent,Savdo,598,34,13,4,0,6804,60,0.1158,0.2391,0.3453,0.3911,0.5056,4,0.8988,0.4603,0.1689,1,0.0906,0.0301,0.0826,0.0258,0.1177,0.0911,0.3151,8774,0.393,1087,0,Yuqori,2,1,5,4
Murabaha,Farg'ona,Qurilish,594,24,17,1,0,17739,24,0.1014,0.579,0.639,0.973,0.4769,4,0.55,0.375,0.1431,1,0.1359,0.0464,0.1039,0.0637,-0.1381,0.0659,0.6958,19537,0.4244,5770,0,Juda Yuqori,3,1,1,3
Ijara,Qashqadaryo,Ishlab chiqarish,689,61,22,3,0,32687,84,0.0583,0.1645,0.5643,0.5144,0.7774,1,0.7137,0.1343,0.0418,1,0.0731,0.0672,0.1046,0.0714,0.1081,0.0448,0.4181,39355,0.3577,5887,1,Yuqori,2,0,3,1
Musharaka,Namangan,Qurilish,686,27,20,2,0,24756,60,0.3541,0.6999,0.6773,0.8901,0.1545,5,0.8785,0.1663,0.086,1,0.2693,0.0363,0.1192,0.0381,-0.1648,0.0863,0.4432,46673,0.565,11685,1,Yuqori,2,2,2,3
Sukuk,Samarqand,Qishloq xo'jaligi,825,22,7,1,0,85751,84,0.0685,0.5968,0.3277,0.6442,0.5309,2,0.6239,0.2376,0.1387,1,0.0731,0.0584,0.0913,0.0258,0.0789,0.0848,0.1631,106314,0.1506,2611,0,O'rta,1,3,4,2
Ijara,Qashqadaryo,Qurilish,656,57,6,1,0,6688,60,0.0737,0.696,0.5721,0.6802,0.2001,4,0.7191,0.1604,0.0616,1,0.1184,0.0628,0.0547,0.0604,0.2784,-0.2008,0.1902,7921,0.3373,508,0,O'rta,1,0,3,3
Ijara,Farg'ona,Qurilish,687,61,15,5,0,9630,36,0.0787,0.6068,0.6983,0.8734,0.7119,3,0.9655,0.3497,0.1301,0,0.1417,0.048,0.0558,0.0131,-0.1572,0.1053,0.6157,10766,0.3869,2564,1,Juda Yuqori,3,0,1,3
Murabaha,Toshkent,Xizmat,732,50,13,1,1,83531,36,0.1504,0.667,0.5241,0.7941,0.4881,3,0.8889,0.2132,0.1723,1,0.1171,0.0454,0.1053,0.0249,-0.0618,0.0498,0.4664,102381,0.3207,15316,1,Juda Yuqori,3,1,5,5
Murabaha,Farg'ona,Qurilish,639,37,10,4,0,40464,60,0.1736,0.3917,0.2912,0.7041,0.2734,3,0.6853,0.1586,0.0063,1,0.1211,0.0585,0.0636,0.0257,-0.0284,0.0279,0.0615,58025,0.5507,1966,1,Past,0,1,1,3
Ijara,Qashqadaryo,Qurilish,671,32,11,3,1,33331,24,0.0698,0.5099,0.0973,0.8198,0.869,3,0.8665,0.1062,0.0923,1,0.0934,0.0206,0.0591,0.0382,0.119,0.1689,0.1054,35658,0.3594,1351,0,O'rta,1,0,3,3
Ijara,Toshkent,Savdo,689,53,16,0,0,73856,12,0.0558,0.3106,0.2443,0.6283,0.7321,3,0.8287,0.5,0.1319,1,0.0948,0.0382,0.1211,0.0998,-0.0047,0.0946,0.2699,75917,0.3601,7380,0,Yuqori,2,0,5,4
Sukuk,Farg'ona,Qurilish,569,55,8,0,0,126774,36,0.0487,0.3377,0.5281,0.4436,0.5094,4,0.7359,0.2995,0.048,1,0.0277,0.06,0.1272,0.0496,-0.017,0.0864,0.2482,136039,0.2141,7229,1,O'rta,1,3,1,3
Murabaha,Namangan,Qurilish,652,48,6,4,0,20238,36,0.1059,0.7435,0.4822,0.7116,0.2438,5,0.6606,0.348,0.109,1,0.108,0.0798,0.0933,0.0465,-0.0742,0.0728,0.276,23453,0.3894,2521,0,Yuqori,2,1,2,3
Murabaha,Farg'ona,Qurilish,552,34,13,2,0,121557,24,0.0771,0.744,0.733,0.7502,0.4671,4,0.8224,0.2309,0.1227,0,0.0906,0.0294,0.0486,0.0437,0.0768,0.047,0.6406,130927,0.4175,35015,1,Juda Yuqori,3,1,1,3
Ijara,Toshkent,Qurilish,710,38,13,5,1,65612,84,0.0786,0.7731,0.5531,0.836,0.748,4,0.6668,0.0519,0.0239,1,0.1512,0.0612,0.0941,0.0422,-0.0588,0.0739,0.5452,83651,0.3034,13839,1,Juda Yuqori,3,0,5,3
Murabaha,Farg'ona,Qishloq xo'jaligi,693,29,22,5,0,76315,24,0.1362,0.6528,0.1283,0.8633,0.3951,3,0.7749,0.2419,0.1808,1,0.0996,0.0623,0.0629,0.1294,0.1282,-0.0481,0.0765,86709,0.51,3383,0,Past,0,1,1,2
Sukuk,Samarqand,Savdo,591,25,15,3,1,43858,36,0.0609,0.2616,0.2945,0.6304,0.4697,3,0.9037,0.2587,0.2006,1,0.1324,0.0648,0.0994,0.0511,0.0153,-0.0873,0.325,47863,0.2681,4171,1,Yuqori,2,3,4,4
Sukuk,Farg'ona,Ishlab chiqarish,549,64,1,2,0,65284,84,0.0972,0.4712,0.3581,0.9022,0.4485,4,0.8362,0.2502,0.048,1,0.1112,0.0786,0.1427,0.0359,0.0868,0.1053,0.1207,87495,0.1,1056,0,O'rta,1,3,1,1
Musharaka,Namangan,Savdo,657,63,18,4,0,48182,60,0.2617,0.5938,0.3154,0.707,0.5403,5,0.8416,0.2061,0.2168,1,0.2398,0.0657,0.1147,0.0364,0.2182,0.0429,0.5152,79701,0.5189,21308,1,Juda Yuqori,3,2,2,4
Ijara,Buxoro,Ishlab chiqarish,584,53,3,3,0,37399,12,0.0969,0.6705,0.5133,0.8408,0.7875,2,0.55,0.0898,0.0053,1,0.0857,0.0392,0.0943,0.013,0.0386,-0.1134,0.4328,39212,0.3894,6609,0,Yuqori,2,0,0,1
Ijara,Toshkent,Ishlab chiqarish,605,50,5,3,1,42132,60,0.0766,0.5791,0.1532,0.796,0.4028,2,0.6948,0.1092,0.3105,1,0.1201,0.0535,0.0867,0.0746,-0.1388,-0.0475,0.4516,50201,0.3837,8698,1,Juda Yuqori,3,0,5,1
Murabaha,Namangan,Ishlab chiqarish,556,53,10,0,0,65917,6,0.0875,0.3354,0.2012,0.7859,0.659,2,0.7858,0.0725,0.29,1,0.1871,0.0429,0.0887,0.0618,0.1081,0.0145,0.4114,67359,0.5459,15128,1,Yuqori,2,1,2,1
Sukuk,Qashqadaryo,Qishloq xo'jaligi,524,36,14,2,0,42943,60,0.0451,0.4402,0.844,0.7559,0.7096,4,0.8048,0.1323,0.1597,1,0.1088,0.0453,0.0963,0.0628,-0.1043,-0.1252,0.6775,47788,0.1914,6198,0,Juda Yuqori,3,3,3,2
Musharaka,Qashqadaryo,Savdo,697,62,5,1,0,178594,36,0.1747,0.4062,0.262,0.6833,0.8121,5,0.7524,0.327,0.1227,0,0.2631,0.073,0.117,0.0522,-0.0411,0.1101,0.4583,225382,0.7014,72441,0,Juda Yuqori,3,2,3,4
Ijara,Buxoro,Savdo,762,55,23,1,0,78208,84,0.0755,0.623,0.3829,0.4418,0.3579,2,0.5986,0.1409,0.3999,1,0.0811,0.0426,0.0901,0.0773,0.1532,-0.0096,0.5248,98881,0.3163,16412,0,Juda Yuqori,3,0,0,4
Murabaha,Farg'ona,Xizmat,512,29,10,2,0,25089,24,0.1268,0.5227,0.3652,0.7799,0.7009,4,0.929,0.2722,0.2147,1,0.1369,0.0645,0.127,0.0683,-0.0145,-0.0906,0.4611,28271,0.3978,5186,0,Juda Yuqori,3,1,1,5
Sukuk,Namangan,Qishloq xo'jaligi,656,50,19,1,0,88890,120,0.0775,0.597,0.6315,0.7037,0.4756,2,0.6637,0.3136,0.1891,1,0.0628,0.066,0.1007,0.0429,0.1106,-0.0265,0.7214,123331,0.263,23397,0,Juda Yuqori,3,3,2,2
Murabaha,Toshkent,Qishloq xo'jaligi,555,24,23,4,0,3826,6,0.0896,0.6538,0.5219,0.9128,0.8622,5,0.8847,0.2971,0.1043,1,0.1142,0.0607,0.0972,0.0799,0.0919,-0.0363,0.3432,3912,0.5293,710,1,Yuqori,2,1,5,2
Murabaha,Namangan,Eksport,609,25,16,2,0,11951,12,0.1507,0.6347,0.5712,0.8494,0.8424,3,0.9196,0.0828,0.0761,1,0.0609,0.07,0.0904,0.0591,-0.0411,0.0359,0.3888,12852,0.4769,2383,0,Yuqori,2,1,2,0
Sukuk,Samarqand,Savdo,657,49,8,1,0,193330,84,0.0437,0.3696,0.6053,0.9488,0.1759,3,0.5617,0.4973,0.2318,1,0.119,0.059,0.1405,0.088,0.1375,-0.0953,0.4957,222919,0.2997,33117,1,Juda Yuqori,3,3,4,4
Murabaha,Farg'ona,Ishlab chiqarish,695,25,11,1,0,248242,24,0.0955,0.8574,0.4109,0.8085,0.7723,1,0.7501,0.2702,0.1697,1,0.143,0.0736,0.0914,0.0335,-0.1504,0.0244,0.8139,271947,0.4385,97054,0,Juda Yuqori,3,1,1,1
Murabaha,Qashqadaryo,Qishloq xo'jaligi,518,35,24,1,0,27092,24,0.1587,0.5286,0.3826,0.872,0.1798,4,0.8585,0.0965,0.1214,0,0.1495,0.0533,0.0854,0.0913,0.0746,0.1737,0.1777,31391,0.5146,2871,0,O'rta,1,1,3,2
Sukuk,Samarqand,Savdo,670,63,10,1,0,95558,24,0.0817,0.6652,0.1627,0.6734,0.8964,1,0.55,0.1577,0.1695,0,0.0513,0.0739,0.1161,0.0175,0.3982,0.0226,0.6277,103364,0.253,16414,1,Juda Yuqori,3,3,4,4
Sukuk,Farg'ona,Eksport,656,55,23,2,0,76786,84,0.0778,0.5772,0.5331,0.9079,0.7116,1,0.8876,0.0418,0.1374,1,0.0685,0.0664,0.1148,0.0598,-0.064,-0.0528,0.2444,97692,0.1587,3788,0,O'rta,1,3,1,0
Musharaka,Namangan,Ishlab chiqarish,715,33,13,2,0,64058,84,0.2195,0.595,0.38,0.6496,0.1803,4,0.8912,0.1815,0.0534,1,0.274,0.0569,0.1511,0.0437,0.1374,0.0562,0.3883,113269,0.5276,23206,0,Yuqori,2,2,2,1
Musharaka,Qashqadaryo,Xizmat,741,26,3,3,0,36160,12,0.1681,0.617,0.2176,0.8757,0.5931,3,0.6986,0.3425,0.0096,1,0.2364,0.0905,0.1036,0.033,-0.2277,0.1979,0.393,39199,0.5337,8222,0,Yuqori,2,2,3,5
Musharaka,Toshkent,Ishlab chiqarish,751,29,16,7,1,29463,120,0.3688,0.6123,0.4915,0.5807,0.7268,2,0.7929,0.0811,0.1042,1,0.2383,0.0656,0.0947,0.0502,-0.0101,0.0502,0.8429,83796,0.514,36306,1,Juda Yuqori,3,2,5,1
Murabaha,Namangan,Ishlab chiqarish,645,45,6,1,0,4163,36,0.1402,0.7934,0.7782,0.5608,0.1592,5,0.6425,0.0213,0.0019,1,0.0931,0.0652,0.0831,0.0703,0.0741,0.0074,0.2644,5039,0.4689,625,0,Yuqori,2,1,2,1
Murabaha,Farg'ona,Xizmat,627,52,14,4,0,20734,36,0.1604,0.7527,0.3335,0.8442,0.7653,5,0.8265,0.1933,0.2368,1,0.1109,0.0382,0.1229,0.0306,0.0057,0.0403,0.2881,25722,0.5362,3974,1,Yuqori,2,1,1,5
Ijara,Samarqand,Ishlab chiqarish,655,34,20,2,0,21128,12,0.0714,0.5844,0.2315,0.3784,0.295,1,0.55,0.222,0.0151,1,0.0944,0.0581,0.0774,0.0389,-0.0199,0.1328,0.3749,21882,0.3566,2926,1,Yuqori,2,0,4,1
Ijara,Farg'ona,Qishloq xo'jaligi,681,24,18,4,1,27105,36,0.0605,0.3933,0.2352,0.789,0.1503,3,0.9223,0.2134,0.1084,0,0.1048,0.0683,0.1083,0.0839,0.002,0.0937,0.1576,29565,0.4038,1881,0,O'rta,1,0,1,2
Ijara,Samarqand,Qishloq xo'jaligi,609,57,13,2,0,64080,60,0.1284,0.8036,0.2659,0.7854,0.566,4,0.7877,0.3847,0.0991,1,0.1381,0.0899,0.0824,0.0251,0.0982,-0.0024,0.4008,84643,0.3283,11139,0,Yuqori,2,0,4,2
Ijara,Farg'ona,Ishlab chiqarish,850,51,14,1,0,42437,84,0.0569,0.5359,0.1726,0.8313,0.6404,4,0.6418,0.1137,0.031,1,0.0813,0.0512,0.1036,0.0348,0.1249,0.0348,0.015,50885,0.5091,388,0,Past,0,0,1,1
Murabaha,Buxoro,Qurilish,665,50,6,4,0,17490,36,0.076,0.4151,0.5034,0.5864,0.5499,2,0.8098,0.2367,0.1885,1,0.1772,0.0522,0.1504,0.0879,-0.0247,0.1044,0.707,19484,0.3351,4616,1,Juda Yuqori,3,1,0,3
Musharaka,Buxoro,Qurilish,724,30,16,6,0,48823,60,0.2765,0.6422,0.1501,0.9472,0.7647,2,0.8202,0.2579,0.1937,0,0.2308,0.0472,0.0989,0.0328,0.202,0.0481,0.6821,82568,0.6515,36692,0,Juda Yuqori,3,2,0,3
Murabaha,Namangan,Savdo,565,24,9,3,0,132618,6,0.1448,0.7315,0.7356,0.8713,0.728,4,0.8886,0.1175,0.3505,1,0.1018,0.052,0.0983,0.0102,-0.0265,0.1292,0.7981,137419,0.3993,43798,1,Juda Yuqori,3,1,2,4
Musharaka,Toshkent,Qurilish,662,39,9,1,0,43092,84,0.3155,0.4772,0.2387,0.5868,0.3243,3,0.873,0.223,0.0966,1,0.1969,0.0408,0.1068,0.0611,-0.003,0.0641,0.4347,90675,0.5148,20291,1,Yuqori,2,2,5,3
Musharaka,Namangan,Savdo,613,60,14,1,0,74871,12,0.2675,0.6239,0.4047,0.7386,0.6642,2,0.8843,0.1603,0.0764,1,0.2646,0.0512,0.0867,0.0231,-0.0662,-0.0772,0.8145,84886,0.6224,43033,1,Juda Yuqori,3,2,2,4
Sukuk,Namangan,Eksport,695,56,18,5,1,210958,60,0.0506,0.6977,0.0576,0.7045,0.7244,4,0.7115,0.0483,0.0319,0,0.1099,0.0291,0.1114,0.0429,-0.2058,-0.0465,0.1736,237637,0.3511,14482,0,O'rta,1,3,2,0
Murabaha,Buxoro,Eksport,722,64,2,1,0,139783,24,0.1624,0.5978,0.5016,0.8394,0.7827,3,0.9545,0.0235,0.1846,1,0.1524,0.0822,0.0783,0.0457,-0.0475,0.0064,0.2498,162491,0.4186,16992,0,O'rta,1,1,0,0
Murabaha,Buxoro,Xizmat,529,51,18,2,1,130924,24,0.1739,0.4631,0.4797,0.7889,0.4772,3,0.619,0.2339,0.219,1,0.1048,0.0318,0.0595,0.0657,0.0932,0.0509,0.7015,153686,0.4113,44343,0,Juda Yuqori,3,1,0,5
Murabaha,Buxoro,Savdo,678,23,11,3,0,30706,24,0.1037,0.522,0.7394,0.7274,0.4501,3,0.9308,0.2761,0.0921,0,0.1531,0.0568,0.1,0.0376,-0.0511,0.0914,0.6861,33891,0.3218,7483,1,Juda Yuqori,3,1,0,4
Ijara,Qashqadaryo,Savdo,638,59,21,3,0,21604,24,0.0533,0.4811,0.3198,0.7361,0.6085,4,0.8709,0.2166,0.2067,1,0.1114,0.0399,0.0712,0.0032,0.0231,-0.1248,0.1056,22755,0.4822,1159,0,O'rta,1,0,3,4
Musharaka,Namangan,Savdo,740,23,8,0,0,36880,60,0.3317,0.5022,0.5485,0.8153,0.6719,3,0.6221,0.0774,0.1382,1,0.2624,0.0824,0.0666,0.0745,-0.1011,0.0867,0.5464,67464,0.5961,21974,1,Juda Yuqori,3,2,2,4
Murabaha,Farg'ona,Qurilish,566,50,4,2,1,51897,6,0.1569,0.9479,0.4859,0.6104,0.728,3,0.9129,0.2382,0.0786,1,0.1014,0.0766,0.0966,0.0323,0.1186,0.0464,0.8893,53933,0.3185,15277,0,Juda Yuqori,3,1,1,3
Murabaha,Toshkent,Xizmat,614,60,15,1,0,15490,60,0.1248,0.5603,0.057,0.8866,0.736,3,0.8103,0.3191,0.139,1,0.1706,0.0271,0.085,0.0726,-0.2148,0.0883,0.2407,20323,0.5319,2602,1,O'rta,1,1,5,5
Ijara,Samarqand,Qishloq xo'jaligi,728,33,17,1,0,56872,24,0.0641,0.6618,0.4238,0.8856,0.4099,3,0.6527,0.1337,0.0491,1,0.1077,0.0615,0.0911,0.0163,0.0142,-0.0593,0.1329,60517,0.2781,2237,0,O'rta,1,0,4,2
Murabaha,Farg'ona,Qurilish,739,26,5,3,0,88048,12,0.14,0.5026,0.1965,0.7089,0.102,4,0.7853,0.3509,0.0831,1,0.0868,0.063,0.0988,0.0646,0.0746,-0.0019,0.0446,94213,0.5479,2302,0,Past,0,1,1,3
Ijara,Farg'ona,Xizmat,615,62,10,3,0,46975,60,0.1232,0.5583,0.2507,0.6922,0.7155,3,0.8297,0.1315,0.0786,0,0.0528,0.0527,0.1161,0.0359,-0.1093,0.1164,0.2109,61440,0.2774,3594,1,O'rta,1,0,1,5
Ijara,Buxoro,Eksport,675,28,5,2,1,48997,36,0.1141,0.9146,0.5465,0.8138,0.2438,4,0.8457,0.2396,0.3101,1,0.0954,0.0811,0.1364,0.0685,-0.182,0.0227,0.7023,57387,0.3049,12288,1,Juda Yuqori,3,0,0,0
Murabaha,Buxoro,Xizmat,654,34,22,4,0,14312,12,0.0772,0.7602,0.3654,0.5038,0.4092,3,0.9066,0.0266,0.1069,1,0.0819,0.0541,0.0835,0.0429,0.046,0.1919,0.2125,14865,0.5205,1644,0,O'rta,1,1,0,5
Murabaha,Samarqand,Ishlab chiqarish,647,26,21,1,0,75352,24,0.145,0.623,0.2371,0.8754,0.5078,4,0.6608,0.1558,0.0509,1,0.1629,0.0568,0.083,0.0202,-0.036,0.0907,0.0627,86279,0.4704,2546,0,Past,0,1,4,1
Sukuk,Namangan,Eksport,633,47,6,3,1,76296,120,0.0454,0.7095,0.433,0.7703,0.5078,4,0.7447,0.0163,0.0204,0,0.0962,0.0359,0.0924,0.0739,-0.1797,0.1055,0.167,93605,0.3797,5934,0,O'rta,1,3,2,0
Murabaha,Toshkent,Qishloq xo'jaligi,687,40,1,3,0,181237,36,0.1054,0.3535,0.3817,0.7546,0.5306,3,0.7609,0.2106,0.37,1,0.1283,0.0643,0.0771,0.0864,-0.0481,-0.0319,0.3316,209903,0.5091,35430,0,Yuqori,2,1,5,2
Murabaha,Buxoro,Xizmat,760,43,17,3,0,17782,60,0.1477,0.5721,0.7124,0.771,0.8483,3,0.8946,0.284,0.0827,1,0.1432,0.0811,0.115,0.0258,0.0702,-0.0641,0.5218,24349,0.4819,6122,0,Juda Yuqori,3,1,0,5
Ijara,Samarqand,Savdo,772,56,18,2,1,54783,60,0.1209,0.6198,0.1734,0.7507,0.8752,4,0.9568,0.2493,0.0273,1,0.0547,0.0447,0.0907,0.0204,-0.0687,-0.0163,0.0896,71335,0.3043,1944,0,Past,0,0,4,4
Sukuk,Samarqand,Savdo,442,43,10,3,0,90364,120,0.0747,0.634,0.3351,0.5716,0.8361,3,0.5959,0.1611,0.0394,1,0.1043,0.0641,0.1087,0.031,0.1155,0.07,0.7552,124122,0.3804,35653,0,Juda Yuqori,3,3,4,4
Sukuk,Qashqadaryo,Qurilish,591,51,12,3,0,215444,120,0.0499,0.5236,0.4306,0.693,0.4124,5,0.8383,0.0537,0.053,0,0.0511,0.048,0.0556,0.0347,-0.0498,0.1621,0.0389,269164,0.3357,3515,0,Past,0,3,3,3
Ijara,Farg'ona,Ishlab chiqarish,580,50,16,1,0,15153,84,0.1089,0.5065,0.2299,0.6605,0.411,3,0.7151,0.0362,0.2463,1,0.109,0.0452,0.0731,0.0264,-0.1141,0.0275,0.1186,20930,0.4638,1151,0,O'rta,1,0,1,1
Murabaha,Namangan,Qishloq xo'jaligi,624,53,14,2,0,19094,6,0.0973,0.5727,0.414,0.7063,0.4471,5,0.7978,0.1177,0.1525,1,0.0998,0.0455,0.0624,0.0576,0.1542,0.1037,0.0873,19559,0.5021,857,0,Past,0,1,2,2
Murabaha,Namangan,Ishlab chiqarish,540,49,8,2,0,333949,12,0.0888,0.4726,0.3365,0.7259,0.5211,3,0.6641,0.3188,0.3083,1,0.1451,0.0359,0.1227,0.066,-0.2158,0.142,0.6774,348769,0.4168,98483,1,Juda Yuqori,3,1,2,1
Ijara,Samarqand,Savdo,721,28,18,3,1,3587903,12,0.0805,0.7331,0.4803,0.9244,0.302,3,0.7994,0.2044,0.1514,1,0.0635,0.0573,0.0806,0.0134,0.1224,-0.0723,0.3702,3732333,0.3632,501870,0,Yuqori,2,0,4,4
Musharaka,Buxoro,Xizmat,783,23,3,3,0,134618,60,0.2928,0.5162,0.5866,0.9316,0.3651,3,0.6141,0.0924,0.2106,1,0.2667,0.0486,0.1081,0.0419,0.0964,0.0773,0.4367,233158,0.6663,67842,0,Yuqori,2,2,0,5
Musharaka,Namangan,Qurilish,727,46,21,4,0,49567,60,0.3502,0.676,0.3052,0.7627,0.6294,3,0.6685,0.1659,0.4,1,0.1995,0.0589,0.0817,0.0706,-0.1192,0.1556,0.7435,92957,0.6545,45229,0,Juda Yuqori,3,2,2,3
Sukuk,Farg'ona,Qishloq xo'jaligi,626,39,5,5,1,94787,84,0.0667,0.95,0.596,0.5381,0.4624,4,0.7106,0.1373,0.2684,1,0.1205,0.0539,0.0791,0.0102,0.1061,0.1014,0.7758,116920,0.3806,34525,1,Juda Yuqori,3,3,1,2
Murabaha,Namangan,Qishloq xo'jaligi,695,60,19,3,1,522693,24,0.1609,0.6386,0.2906,0.7453,0.7782,2,0.8094,0.0092,0.3068,1,0.117,0.051,0.1215,0.0598,0.0267,0.1071,0.4999,606819,0.3406,103328,0,Juda Yuqori,3,1,2,2
Musharaka,Qashqadaryo,Ishlab chiqarish,800,28,14,2,0,6460,60,0.1269,0.451,0.1367,0.4201,0.2844,3,0.8088,0.0933,0.04,1,0.2751,0.063,0.1295,0.0623,0.0918,0.0023,0.1713,8510,0.5676,827,0,O'rta,1,2,3,1
Murabaha,Qashqadaryo,Eksport,745,53,13,3,0,185388,24,0.1357,0.4783,0.5715,0.6517,0.4704,4,0.9233,0.3715,0.1152,1,0.1413,0.0589,0.1216,0.0699,0.3207,0.0608,0.404,210539,0.4974,42305,1,Yuqori,2,1,3,0
Musharaka,Namangan,Savdo,705,45,15,1,0,25117,60,0.3433,0.5959,0.2491,0.6177,0.7878,2,0.868,0.2082,0.0888,1,0.2454,0.0569,0.1079,0.0408,-0.1317,-0.0476,0.6679,46673,0.5829,18171,0,Juda Yuqori,3,2,2,4
Murabaha,Qashqadaryo,Qishloq xo'jaligi,668,25,18,4,0,19353,60,0.1081,0.6818,0.3904,0.713,0.2888,1,0.7658,0.4288,0.0631,1,0.151,0.0337,0.0629,0.0686,-0.218,0.0844,0.6645,24584,0.4169,6810,0,Juda Yuqori,3,1,3,2
Murabaha,Samarqand,Ishlab chiqarish,758,29,16,0,0,282778,6,0.1238,0.5473,0.2243,0.7776,0.384,3,0.8302,0.1846,0.1201,1,0.1236,0.0682,0.1158,0.0592,-0.2363,-0.0378,0.0728,291528,0.4591,9746,0,Past,0,1,4,1
Murabaha,Farg'ona,Xizmat,711,26,22,2,0,86150,24,0.0781,0.4836,0.3644,0.6992,0.114,2,0.6581,0.1586,0.1419,1,0.1077,0.0562,0.1267,0.0406,-0.0432,0.1394,0.1401,92879,0.3881,5049,0,O'rta,1,1,1,5
Ijara,Qashqadaryo,Qishloq xo'jaligi,563,23,17,5,0,83779,12,0.1008,0.6779,0.4732,0.7134,0.3444,4,0.8852,0.1638,0.1602,0,0.1009,0.0314,0.1049,0.0452,0.1462,0.0157,0.4195,88001,0.2009,7416,1,Yuqori,2,0,3,2
Ijara,Samarqand,Qishloq xo'jaligi,757,32,3,4,1,85709,84,0.0757,0.6589,0.1867,0.8054,0.4835,3,0.837,0.2146,0.2044,1,0.083,0.0622,0.1135,0.0475,0.2065,0.0445,0.1703,108428,0.2496,4611,0,O'rta,1,0,4,2
Musharaka,Buxoro,Xizmat,468,54,13,2,0,192712,24,0.2993,0.9001,0.4347,0.8969,0.2715,2,0.9062,0.0459,0.2654,0,0.2259,0.0739,0.1027,0.0749,-0.1402,0.1231,0.9395,250398,0.6345,149270,1,Juda Yuqori,3,2,0,5
Sukuk,Namangan,Ishlab chiqarish,656,34,12,1,0,11358,84,0.0946,0.5277,0.593,0.7519,0.2254,3,0.5533,0.0974,0.2688,1,0.0956,0.0477,0.0813,0.0019,0.0603,0.1853,0.278,15118,0.3204,1347,0,Yuqori,2,3,2,1
Murabaha,Toshkent,Qishloq xo'jaligi,588,22,16,1,0,94094,24,0.1122,0.735,0.4294,0.738,0.6891,4,0.7291,0.2199,0.0584,1,0.0849,0.0652,0.1038,0.0641,0.0789,0.1237,0.3963,104653,0.3983,16518,0,Yuqori,2,1,5,2
Murabaha,Samarqand,Qurilish,529,24,24,4,0,284177,6,0.1562,0.8061,0.5604,0.6575,0.1343,3,0.8228,0.2793,0.1621,1,0.142,0.0775,0.1183,0.0536,-0.026,0.0781,0.7458,295272,0.5672,124897,0,Juda Yuqori,3,1,4,3
Sukuk,Samarqand,Xizmat,638,47,10,4,0,133218,24,0.0467,0.6217,0.2952,0.7414,0.7347,4,0.8507,0.1713,0.0458,1,0.0962,0.0422,0.0985,0.0849,0.0433,-0.0806,0.0644,139440,0.1472,1321,0,Past,0,3,4,5
Murabaha,Samarqand,Xizmat,612,51,2,0,0,39924,6,0.1403,0.4982,0.4672,0.5481,0.2292,2,0.8053,0.0253,0.4,1,0.1391,0.0563,0.1322,0.0862,0.2243,-0.0431,0.6938,41324,0.3957,11346,1,Juda Yuqori,3,1,4,5
Sukuk,Buxoro,Savdo,514,31,8,2,0,62046,120,0.0772,0.332,0.1413,0.726,0.7914,3,0.8924,0.2836,0.0653,1,0.0845,0.0408,0.1189,0.0954,0.1025,0.0262,0.1843,85991,0.201,3185,0,O'rta,1,3,0,4
Murabaha,Toshkent,Qurilish,587,64,19,3,0,18275,12,0.1413,0.9219,0.4734,0.7055,0.3984,4,0.7494,0.1142,0.0604,1,0.1039,0.0328,0.1119,0.023,0.2394,0.0105,0.3549,19566,0.4014,2787,0,Yuqori,2,1,5,3
Sukuk,Namangan,Qishloq xo'jaligi,595,44,10,2,0,167196,36,0.095,0.6858,0.44,0.7355,0.2116,4,0.882,0.0628,0.3071,1,0.0538,0.0517,0.1042,0.0652,0.0222,0.0852,0.1339,191019,0.4041,10338,0,O'rta,1,3,2,2
Murabaha,Samarqand,Savdo,563,61,5,3,0,50775,60,0.1534,0.6836,0.5605,0.6289,0.729,2,0.7655,0.3684,0.2357,1,0.0842,0.0731,0.1069,0.0983,0.0153,0.0344,0.9376,70253,0.47,30962,1,Juda Yuqori,3,1,4,4
Sukuk,Namangan,Ishlab chiqarish,646,38,17,6,0,3425,120,0.0754,0.381,0.6119,0.8222,0.122,5,0.7522,0.0148,0.1866,1,0.0688,0.0637,0.1276,0.0358,0.1553,0.0161,0.0267,4717,0.363,46,0,Past,0,3,2,1
Musharaka,Qashqadaryo,Qurilish,632,56,8,1,0,84999,36,0.1441,0.6748,0.3221,0.8478,0.312,2,0.6155,0.3964,0.0917,1,0.2623,0.0425,0.1018,0.0374,-0.0438,-0.0215,0.8505,103377,0.4402,38701,1,Juda Yuqori,3,2,3,3
Sukuk,Samarqand,Savdo,553,61,11,2,0,56673,120,0.0872,0.7155,0.4815,0.5482,0.6973,3,0.7392,0.02,0.1091,1,0.0937,0.0421,0.0917,0.0788,-0.2535,-0.06,0.4369,81374,0.3083,10960,0,Yuqori,2,3,4,4
Murabaha,Toshkent,Xizmat,653,29,17,3,1,10941,60,0.1587,0.8103,0.4143,0.5705,0.5955,3,0.7459,0.5,0.0353,1,0.1397,0.0503,0.1015,0.0613,-0.0533,0.1525,0.9132,15281,0.4775,6665,1,Juda Yuqori,3,1,5,5
Musharaka,Samarqand,Qishloq xo'jaligi,789,30,15,3,0,10771,24,0.3318,0.5674,0.4773,0.6757,0.2498,2,0.6855,0.0581,0.1461,1,0.267,0.047,0.0946,0.0949,0.0767,-0.0476,0.4574,14344,0.6714,4405,0,Juda Yuqori,3,2,4,2
Sukuk,Samarqand,Xizmat,621,46,18,1,0,123322,24,0.0931,0.5414,0.1232,0.7399,0.7014,4,0.7527,0.4523,0.0084,1,0.0677,0.0681,0.1187,0.0846,0.1705,0.2436,0.1513,134804,0.2936,5988,0,O'rta,1,3,4,5
Musharaka,Samarqand,Xizmat,660,25,6,0,0,16953,24,0.1742,0.321,0.2564,0.863,0.2858,4,0.6322,0.0155,0.182,1,0.2629,0.0341,0.0955,0.0475,-0.0182,0.0566,0.0745,19907,0.6102,905,0,Past,0,2,4,5
Musharaka,Samarqand,Qurilish,657,26,4,5,0,48677,84,0.3732,0.647,0.6464,0.8841,0.7076,5,0.7701,0.106,0.0498,1,0.2577,0.059,0.1255,0.0105,0.1398,0.0699,0.4841,112265,0.6933,37683,0,Juda Yuqori,3,2,4,3
Ijara,Samarqand,Qishloq xo'jaligi,682,63,10,1,0,66798,12,0.0932,0.6904,0.5387,0.7539,0.5154,2,0.8424,0.2442,0.0592,1,0.0946,0.0573,0.0845,0.0837,-0.2043,-0.0511,0.4297,69910,0.2571,7723,0,Yuqori,2,0,4,2
Musharaka,Buxoro,Xizmat,621,26,4,3,0,35408,120,0.2738,0.4982,0.85,0.8298,0.1748,5,0.55,0.1096,0.4,1,0.2598,0.0494,0.1477,0.062,0.0284,0.0919,0.9052,83890,0.7153,54313,1,Juda Yuqori,3,2,0,5
Musharaka,Samarqand,Xizmat,764,29,1,3,2,173213,84,0.2065,0.5741,0.4001,0.9094,0.5852,4,0.7944,0.1985,0.1023,1,0.2246,0.0332,0.0993,0.0407,0.1375,0.0285,0.6047,298385,0.7337,132378,1,Juda Yuqori,3,2,4,5
Musharaka,Farg'ona,Savdo,680,35,20,1,0,41066,60,0.1729,0.6499,0.3268,0.225,0.33,2,0.8228,0.2136,0.1813,1,0.2299,0.0405,0.0817,0.0259,-0.0565,0.0199,0.8606,58818,0.5324,26946,0,Juda Yuqori,3,2,1,4
Sukuk,Samarqand,Ishlab chiqarish,805,34,22,3,0,6498,84,0.0801,0.6022,0.1518,0.9423,0.3783,2,0.9124,0.3091,0.1475,1,0.0896,0.069,0.1083,0.0521,0.1874,0.0088,0.0355,8319,0.3461,102,0,Past,0,3,4,1
Murabaha,Toshkent,Ishlab chiqarish,554,33,10,4,0,32115,36,0.1203,0.63,0.1084,0.8578,0.2573,3,0.8165,0.2576,0.2734,1,0.1003,0.0572,0.1201,0.038,-0.0165,0.1557,0.262,37912,0.5061,5026,0,Yuqori,2,1,5,1
Murabaha,Farg'ona,Eksport,633,43,22,3,0,24374,60,0.1632,0.5028,0.2695,0.605,0.4295,1,0.7482,0.0554,0.1787,1,0.0974,0.0929,0.1119,0.0321,-0.026,0.0519,0.4519,34318,0.526,8157,1,Juda Yuqori,3,1,1,0
Sukuk,Farg'ona,Eksport,663,24,1,2,0,66207,84,0.0413,0.4568,0.5467,0.9336,0.9,4,0.7686,0.2928,0.0548,1,0.0715,0.046,0.1023,0.0178,-0.1574,-0.1511,0.183,75776,0.2826,3918,0,O'rta,1,3,1,0
Sukuk,Samarqand,Qurilish,523,27,14,1,0,219393,60,0.0839,0.4382,0.5801,0.7021,0.4062,4,0.55,0.2725,0.0492,1,0.082,0.0454,0.1457,0.0757,0.0968,0.0592,0.3812,265384,0.3339,33774,0,Yuqori,2,3,4,3
Musharaka,Toshkent,Qurilish,670,46,19,2,0,17955,12,0.3276,0.7777,0.2385,0.7113,0.8652,3,0.7299,0.0977,0.0928,0,0.2504,0.0361,0.1067,0.0373,0.128,0.1024,0.7724,20897,0.6491,10478,1,Juda Yuqori,3,2,5,3
Musharaka,Namangan,Xizmat,761,55,2,3,0,13319,12,0.2977,0.4575,0.6103,0.7873,0.6348,4,0.7995,0.0342,0.1501,1,0.214,0.0162,0.0745,0.0307,0.1166,0.0454,0.3011,15302,0.5543,2553,0,Yuqori,2,2,2,5
Murabaha,Toshkent,Qishloq xo'jaligi,575,40,18,3,0,35812,6,0.1383,0.6474,0.4749,0.6898,0.6067,3,0.6135,0.0503,0.0366,0,0.0727,0.0239,0.0788,0.0414,0.135,0.0016,0.3872,37050,0.3773,5412,1,Yuqori,2,1,5,2
Murabaha,Samarqand,Qishloq xo'jaligi,704,42,12,1,0,6280,24,0.0858,0.7588,0.2552,0.8379,0.1496,1,0.8688,0.09,0.2869,1,0.1281,0.0702,0.0427,0.0762,0.0818,-0.1045,0.1452,6819,0.5871,581,0,O'rta,1,1,4,2
Musharaka,Buxoro,Qurilish,601,50,24,3,0,105414,120,0.3003,0.5733,0.2835,0.6963,0.6429,2,0.9776,0.2908,0.2769,1,0.2332,0.0511,0.1212,0.0005,-0.0237,0.023,0.8648,263668,0.7726,176185,1,Juda Yuqori,3,2,0,3
Murabaha,Farg'ona,Qurilish,555,61,6,2,1,99141,60,0.1168,0.4892,0.2229,0.518,0.2483,2,0.9308,0.3083,0.259,1,0.1173,0.0652,0.1018,0.0835,0.2204,0.0828,0.7319,128078,0.5543,51961,1,Juda Yuqori,3,1,1,3
Musharaka,Toshkent,Eksport,799,52,16,0,0,311421,24,0.2705,0.7882,0.2107,0.3757,0.5862,3,0.7453,0.1983,0.1142,1,0.253,0.0821,0.112,0.058,0.096,0.1281,0.6497,395667,0.679,174532,0,Juda Yuqori,3,2,5,0
Murabaha,Buxoro,Savdo,629,25,12,1,0,120149,36,0.1245,0.2907,0.2702,0.43,0.5256,3,0.6787,0.0409,0.0284,1,0.1444,0.0506,0.0772,0.0822,0.1493,0.2126,0.1175,142583,0.4908,8224,0,O'rta,1,1,0,4
Sukuk,Namangan,Ishlab chiqarish,482,59,11,7,0,128720,36,0.0977,0.6665,0.5374,0.7908,0.7266,5,0.902,0.2759,0.0901,1,0.092,0.0467,0.0835,0.0522,0.043,0.1209,0.3666,147584,0.4065,21993,1,Yuqori,2,3,2,1
Sukuk,Toshkent,Savdo,538,45,19,2,0,142364,60,0.083,0.3895,0.3268,0.3849,0.6611,3,0.631,0.0418,0.2089,1,0.0884,0.0405,0.1003,0.1052,-0.0321,-0.0369,0.3991,171919,0.2098,14393,0,Yuqori,2,3,5,4
Ijara,Farg'ona,Qurilish,444,45,20,1,0,18269,12,0.0581,0.6406,0.674,0.7129,0.8952,1,0.8218,0.1892,0.037,1,0.0909,0.0634,0.1002,0.0152,0.0581,-0.1567,0.9322,18800,0.3503,6140,1,Juda Yuqori,3,0,1,3
Musharaka,Buxoro,Eksport,525,25,12,1,0,92606,24,0.3513,0.736,0.2379,0.6806,0.496,2,0.7435,0.4114,0.1441,1,0.2554,0.046,0.1001,0.0808,0.0882,-0.0359,0.9636,125138,0.5255,63360,1,Juda Yuqori,3,2,0,0
Murabaha,Farg'ona,Qurilish,669,31,14,4,2,20898,12,0.1299,0.3812,0.2504,0.9015,0.3063,3,0.926,0.0811,0.0468,1,0.1058,0.0637,0.0864,0.0419,-0.0388,0.0845,0.1181,22255,0.3692,971,0,O'rta,1,1,1,3
Ijara,Toshkent,Qurilish,692,26,10,3,0,104448,36,0.0846,0.5687,0.2383,0.7351,0.1659,2,0.9078,0.2249,0.0424,1,0.1003,0.075,0.0967,0.0727,-0.0507,-0.0476,0.0494,117710,0.3275,1906,0,Past,0,0,5,3
Ijara,Namangan,Qishloq xo'jaligi,824,26,12,3,0,272246,12,0.0949,0.5152,0.2449,0.6252,0.652,2,0.858,0.1035,0.0302,1,0.1037,0.0466,0.0841,0.0726,-0.0259,0.0374,0.0608,285161,0.4244,7356,0,Past,0,0,2,2
Murabaha,Samarqand,Qurilish,778,35,10,2,0,18662,12,0.1496,0.8511,0.1456,0.5182,0.8235,4,0.6819,0.0114,0.2595,1,0.1104,0.0816,0.0923,0.0166,0.2042,-0.0433,0.2352,20058,0.4597,2169,1,O'rta,1,1,4,3
Sukuk,Namangan,Eksport,651,50,5,4,0,47196,24,0.0695,0.6508,0.421,0.4574,0.446,4,0.8467,0.0843,0.0591,1,0.1105,0.0534,0.1148,0.0749,-0.1536,0.1106,0.1024,50478,0.1704,881,0,O'rta,1,3,2,0
Ijara,Buxoro,Savdo,625,55,9,5,0,20032,84,0.1258,0.503,0.7534,0.8226,0.1675,4,0.6838,0.1223,0.4,1,0.1556,0.0585,0.0762,0.0847,-0.1605,-0.0309,0.3257,28854,0.4082,3836,0,Yuqori,2,0,0,4
Sukuk,Qashqadaryo,Eksport,743,50,5,3,0,34411,120,0.0887,0.7793,0.3273,0.8197,0.8271,3,0.9369,0.0461,0.0424,1,0.0888,0.062,0.0763,0.0228,0.0967,0.0419,0.0512,49667,0.3326,845,0,Past,0,3,3,0
Ijara,Farg'ona,Savdo,630,58,19,3,0,68900,36,0.0775,0.7268,0.6269,0.7528,0.8312,2,0.6391,0.5,0.2261,1,0.1092,0.0466,0.101,0.044,0.1164,0.0513,0.9596,76906,0.2679,19773,1,Juda Yuqori,3,0,1,4
Musharaka,Qashqadaryo,Qishloq xo'jaligi,636,63,1,2,1,43933,120,0.1813,0.8074,0.4669,0.6719,0.5388,3,0.6811,0.2061,0.1918,1,0.2586,0.0572,0.0703,0.0405,-0.3692,-0.0476,0.9668,83760,0.6062,49087,1,Juda Yuqori,3,2,3,2
Murabaha,Buxoro,Qishloq xo'jaligi,695,25,21,5,1,20575,6,0.1064,0.3771,0.4984,0.7005,0.3422,3,0.7364,0.1385,0.1327,1,0.152,0.0407,0.0883,0.015,-0.1808,-0.0102,0.382,21123,0.5117,4129,1,Yuqori,2,1,0,2
Sukuk,Qashqadaryo,Savdo,677,63,8,1,0,4719,120,0.0573,0.7697,0.3731,0.9926,0.3648,4,0.889,0.1372,0.1571,1,0.0599,0.0456,0.0985,0.0451,-0.0489,0.0173,0.0315,6072,0.3121,60,0,Past,0,3,3,4
Sukuk,Samarqand,Qurilish,718,45,19,0,0,477263,24,0.0865,0.4418,0.2501,0.9551,0.481,3,0.604,0.2337,0.0192,1,0.0846,0.0683,0.0309,0.0263,0.0427,0.1762,0.0195,518523,0.2646,2677,0,Past,0,3,4,3
Murabaha,Namangan,Xizmat,762,45,18,4,0,87273,60,0.0732,0.2894,0.3407,0.7208,0.6809,1,0.8,0.0526,0.1924,1,0.1496,0.0589,0.0887,0.0674,-0.0031,0.108,0.1786,103239,0.4138,7632,0,O'rta,1,1,2,5
Murabaha,Qashqadaryo,Ishlab chiqarish,710,64,6,1,0,11313,24,0.1516,0.6671,0.3763,0.4672,0.5365,4,0.6756,0.3118,0.0955,1,0.1387,0.0769,0.1214,0.0514,-0.2368,0.1288,0.4547,13028,0.506,2998,1,Juda Yuqori,3,1,3,1
Murabaha,Farg'ona,Ishlab chiqarish,515,28,22,4,0,31783,12,0.089,0.6987,0.511,0.7346,0.1256,3,0.8138,0.3823,0.0383,1,0.1134,0.0503,0.0689,0.0786,-0.0365,0.0369,0.5786,33198,0.4781,9185,0,Juda Yuqori,3,1,1,1
Ijara,Samarqand,Qurilish,640,36,2,1,0,540488,36,0.1108,0.8446,0.3282,0.9682,0.2513,2,0.8055,0.1791,0.1488,1,0.0939,0.0613,0.0933,0.059,0.0189,0.1051,0.1671,630299,0.2084,21956,0,O'rta,1,0,4,3
Sukuk,Buxoro,Ishlab chiqarish,733,55,12,1,0,19943,84,0.0555,0.5783,0.1576,0.7814,0.465,2,0.6024,0.0856,0.0669,1,0.1256,0.0478,0.0851,0.0886,0.2643,0.0288,0.0727,23819,0.231,400,0,Past,0,3,0,1
Murabaha,Qashqadaryo,Ishlab chiqarish,634,34,14,2,0,151125,60,0.1579,0.2628,0.5597,0.9121,0.1113,3,0.8134,0.0404,0.1535,1,0.1789,0.0624,0.1246,0.0506,0.0296,-0.0284,0.1143,210788,0.5979,14410,0,O'rta,1,1,3,1
Musharaka,Namangan,Eksport,631,40,16,2,0,24881,12,0.2692,0.5977,0.1549,0.9368,0.1253,3,0.9287,0.1592,0.3441,1,0.2296,0.057,0.08,0.053,0.132,0.0028,0.1947,28230,0.561,3083,0,O'rta,1,2,2,0
Murabaha,Toshkent,Savdo,408,63,12,2,0,158268,12,0.0777,0.6921,0.4785,0.6821,0.3374,4,0.55,0.5,0.1992,1,0.1828,0.0828,0.0748,0.0681,0.1937,0.0928,0.93,164413,0.612,93567,0,Juda Yuqori,3,1,5,4
Sukuk,Toshkent,Qishloq xo'jaligi,569,59,15,2,0,38645,120,0.0507,0.729,0.3884,0.619,0.2711,3,0.8055,0.1743,0.1532,1,0.0947,0.0589,0.1025,0.0631,-0.0807,-0.0171,0.3765,48449,0.4292,7827,1,Yuqori,2,3,5,2
Ijara,Buxoro,Xizmat,701,22,4,1,0,22135,60,0.0595,0.5638,0.5043,0.685,0.7279,5,0.7261,0.41,0.081,1,0.0939,0.0479,0.1171,0.0468,0.0716,-0.0385,0.2544,25426,0.3568,2308,0,Yuqori,2,0,0,5
Ijara,Samarqand,Eksport,658,54,22,2,0,37696,84,0.1083,0.5938,0.1033,0.6708,0.8718,4,0.9071,0.1016,0.2164,1,0.0732,0.0676,0.0799,0.0441,-0.0222,0.0704,0.0499,51985,0.2371,615,0,Past,0,0,4,0
Musharaka,Samarqand,Ishlab chiqarish,758,63,15,4,0,35118,60,0.2487,0.7343,0.4159,0.3098,0.8451,1,0.6965,0.1766,0.1053,0,0.2161,0.0749,0.0925,0.0314,-0.2441,0.1611,0.9749,56950,0.6793,37715,1,Juda Yuqori,3,2,4,1
Murabaha,Qashqadaryo,Qurilish,725,39,16,1,0,142805,6,0.0713,0.386,0.4025,0.7847,0.7615,3,0.8938,0.2942,0.2434,1,0.1293,0.0351,0.1207,0.0166,0.0607,0.0294,0.3437,145351,0.6488,32407,0,Yuqori,2,1,3,3
Murabaha,Buxoro,Qurilish,669,39,12,1,0,41280,12,0.14,0.5987,0.4066,0.4997,0.2814,1,0.9668,0.3847,0.0224,1,0.1411,0.0483,0.0822,0.0255,-0.1423,0.0064,0.5833,44168,0.4979,12829,1,Juda Yuqori,3,1,0,3
Murabaha,Namangan,Savdo,524,27,12,2,0,6032,6,0.1529,0.4663,0.5592,0.6898,0.1931,3,0.8562,0.2423,0.1422,1,0.1053,0.0584,0.1306,0.0434,0.025,0.2467,0.5448,6262,0.4088,1395,0,Juda Yuqori,3,1,2,4
Sukuk,Farg'ona,Qishloq xo'jaligi,589,41,14,2,0,35204,36,0.0447,0.5802,0.154,0.6225,0.1716,3,0.8719,0.1688,0.0377,1,0.0853,0.0665,0.1076,0.0744,0.1,0.0822,0.0472,37566,0.2376,421,1,Past,0,3,1,2
Ijara,Namangan,Xizmat,732,22,21,1,0,237466,12,0.0733,0.515,0.5901,0.8584,0.3737,4,0.6013,0.1611,0.1906,1,0.0702,0.022,0.0945,0.0552,0.0027,0.2694,0.1377,246175,0.3782,12818,0,O'rta,1,0,2,5
Sukuk,Buxoro,Ishlab chiqarish,655,33,16,2,0,25777,84,0.0816,0.6771,0.2598,0.6281,0.2666,3,0.7919,0.0705,0.0337,1,0.1166,0.0616,0.0926,0.0468,0.2579,0.0441,0.0664,33138,0.2878,633,0,Past,0,3,0,1
Sukuk,Qashqadaryo,Xizmat,568,33,4,1,0,8723,120,0.0999,0.95,0.6013,0.8669,0.5569,3,0.8015,0.2108,0.2206,1,0.084,0.0528,0.1227,0.0584,0.5304,-0.0473,0.6152,13080,0.3901,3139,1,Juda Yuqori,3,3,3,5
Musharaka,Namangan,Qishloq xo'jaligi,696,35,6,1,0,52509,84,0.3538,0.7611,0.3747,0.4874,0.4886,2,0.7801,0.1333,0.0955,1,0.2361,0.0328,0.1079,0.0233,-0.1032,0.1484,0.7803,117525,0.6602,60540,1,Juda Yuqori,3,2,2,2
Ijara,Samarqand,Eksport,622,33,13,2,0,40138,12,0.0636,0.4453,0.3644,0.7348,0.1071,4,0.55,0.206,0.1909,1,0.0834,0.0607,0.0747,0.0214,-0.2525,0.1053,0.1317,41413,0.4325,2359,1,O'rta,1,0,4,0
Sukuk,Qashqadaryo,Qurilish,573,35,13,1,1,68879,36,0.0614,0.626,0.1726,0.7681,0.8566,2,0.9274,0.2375,0.4,1,0.1138,0.0872,0.102,0.0101,0.1481,0.0369,0.6959,75218,0.2975,15575,1,Juda Yuqori,3,3,3,3
Ijara,Toshkent,Qishloq xo'jaligi,692,26,9,6,1,23828,36,0.0848,0.7856,0.2703,0.8149,0.8237,3,0.7985,0.349,0.1731,1,0.0941,0.0678,0.0868,0.0861,0.0349,0.111,0.5783,26859,0.3725,5787,0,Juda Yuqori,3,0,5,2
Murabaha,Buxoro,Qurilish,637,43,1,2,0,55593,12,0.1781,0.5817,0.3121,0.5616,0.3219,3,0.8579,0.0507,0.0869,1,0.1106,0.0568,0.129,0.0328,0.1914,0.0126,0.1505,60544,0.4743,4322,1,O'rta,1,1,0,3
Musharaka,Toshkent,Eksport,746,48,11,1,0,74577,84,0.328,0.7268,0.4911,0.8758,0.3064,2,0.55,0.0662,0.1416,1,0.2524,0.0551,0.0949,0.0293,-0.0204,-0.0824,0.7026,160185,0.6389,71908,1,Juda Yuqori,3,2,5,0
Murabaha,Buxoro,Xizmat,560,23,16,3,1,23308,6,0.1218,0.616,0.1391,0.9927,0.1791,3,0.7014,0.0892,0.0422,1,0.1399,0.0364,0.0894,0.0791,0.0395,-0.0842,0.0881,24017,0.4719,998,0,Past,0,1,0,5
Sukuk,Samarqand,Eksport,722,60,6,2,0,116089,120,0.0696,0.7757,0.2264,0.8286,0.7836,2,0.5848,0.306,0.2469,0,0.0895,0.0594,0.0867,0.0316,-0.1281,0.0084,0.5445,156475,0.3517,29963,1,Juda Yuqori,3,3,4,0
Musharaka,Farg'ona,Savdo,734,53,23,1,0,17820,120,0.3496,0.6457,0.4284,0.8503,0.7812,5,0.6541,0.0932,0.1507,1,0.2465,0.0405,0.0947,0.0554,0.0346,0.1163,0.4171,48966,0.5996,12245,0,Yuqori,2,2,1,4
Murabaha,Samarqand,Eksport,677,49,16,3,0,48860,36,0.1159,0.5735,0.2033,0.9241,0.323,4,0.8928,0.3239,0.2083,1,0.0492,0.0711,0.1001,0.0499,0.1369,0.1081,0.0483,57352,0.4406,1222,0,Past,0,1,4,0
Ijara,Buxoro,Savdo,610,53,1,6,0,305264,84,0.1221,0.4613,0.1147,0.6575,0.2973,3,0.7164,0.0546,0.1606,1,0.0922,0.0498,0.095,0.0323,-0.2062,0.0107,0.0644,435767,0.1613,4525,0,Past,0,0,0,4
Musharaka,Farg'ona,Xizmat,716,44,14,2,0,31280,84,0.2318,0.7125,0.4661,0.8368,0.2571,3,0.6853,0.031,0.0907,0,0.2157,0.078,0.1446,0.0599,0.0048,0.0225,0.4507,56659,0.5771,14739,1,Juda Yuqori,3,2,1,5
Murabaha,Qashqadaryo,Qurilish,709,40,6,5,0,12416,24,0.1257,0.6842,0.3609,0.7919,0.816,4,0.8225,0.3719,0.035,1,0.0811,0.0514,0.0973,0.0346,-0.0143,-0.0737,0.2834,13977,0.3276,1298,0,Yuqori,2,1,3,3
Murabaha,Buxoro,Qurilish,820,60,17,0,0,101741,36,0.1072,0.5923,0.3401,0.503,0.7537,3,0.55,0.3147,0.0332,1,0.1375,0.0734,0.106,0.0548,0.1305,-0.0119,0.3876,118100,0.3893,17820,1,Yuqori,2,1,0,3
Ijara,Buxoro,Qurilish,536,25,6,3,1,7392,24,0.0807,0.3943,0.2013,0.8887,0.1809,4,0.7831,0.2032,0.2144,1,0.0663,0.03,0.0853,0.0402,-0.0318,-0.0128,0.0908,7988,0.3672,266,0,Past,0,0,0,3
Musharaka,Toshkent,Xizmat,699,22,18,1,0,33292,84,0.3684,0.5826,0.4786,0.8502,0.7152,4,0.7959,0.3406,0.0687,1,0.2025,0.0572,0.0848,0.0124,0.0924,-0.0376,0.6544,76219,0.7073,35275,1,Juda Yuqori,3,2,5,5
Ijara,Buxoro,Savdo,711,42,10,1,0,23142,84,0.0938,0.3655,0.3444,0.5324,0.415,5,0.9459,0.0358,0.1345,1,0.0779,0.0636,0.1047,0.0009,0.0642,0.009,0.0152,30738,0.428,200,0,Past,0,0,0,4
Musharaka,Namangan,Qurilish,628,44,23,6,0,28163,12,0.2895,0.408,0.4208,0.6603,0.1622,2,0.6924,0.0938,0.0502,1,0.2317,0.0692,0.0891,0.0555,0.0239,0.0023,0.4789,32240,0.6619,10220,1,Juda Yuqori,3,2,2,3
Sukuk,Toshkent,Qishloq xo'jaligi,553,56,6,4,0,9690,60,0.0661,0.5241,0.4223,0.6698,0.469,3,0.7118,0.1952,0.1631,1,0.0564,0.0658,0.1069,0.0467,0.0732,0.0662,0.3282,11293,0.3595,1332,0,Yuqori,2,3,5,2
Musharaka,Farg'ona,Xizmat,700,34,22,6,1,8480,12,0.2535,0.5039,0.2048,0.6548,0.7029,4,0.8193,0.2575,0.2063,1,0.1883,0.0606,0.1165,0.0956,-0.1996,0.1365,0.731,9555,0.4386,3063,0,Juda Yuqori,3,2,1,5
Musharaka,Buxoro,Qurilish,606,58,14,5,1,69239,24,0.1221,0.474,0.4562,0.5909,0.6068,3,0.8191,0.125,0.2534,1,0.2807,0.0644,0.0904,0.0781,0.1563,0.1033,0.9185,77691,0.6303,44981,1,Juda Yuqori,3,2,0,3
Sukuk,Farg'ona,Qurilish,699,44,19,2,1,90995,24,0.0919,0.7949,0.4493,0.6302,0.8626,3,0.8656,0.0561,0.2523,1,0.1015,0.0756,0.0686,0.0517,0.0139,-0.0451,0.5852,99354,0.1865,10843,0,Juda Yuqori,3,3,1,3
Murabaha,Toshkent,Qurilish,599,61,19,1,0,50668,6,0.1026,0.5995,0.2198,0.8896,0.2745,3,0.8558,0.1455,0.1037,1,0.1353,0.0632,0.084,0.0644,0.1388,0.0753,0.0808,51968,0.4962,2083,0,Past,0,1,5,3
Murabaha,Samarqand,Eksport,527,61,17,3,0,30410,36,0.1198,0.5936,0.2512,0.4071,0.7168,1,0.8939,0.3615,0.2545,0,0.0939,0.0669,0.0657,0.0067,0.1842,0.0302,0.9335,35876,0.3697,12382,1,Juda Yuqori,3,1,4,0
Murabaha,Samarqand,Qurilish,779,51,23,3,0,19948,36,0.0935,0.2897,0.1514,0.6774,0.4352,2,0.7146,0.3883,0.2275,1,0.1535,0.0703,0.0789,0.0417,0.2087,0.0755,0.165,22745,0.433,1625,0,O'rta,1,1,4,3
Ijara,Farg'ona,Qishloq xo'jaligi,751,40,10,1,0,19110,24,0.0589,0.7035,0.3933,0.5491,0.461,4,0.7257,0.1641,0.0665,1,0.0741,0.069,0.0918,0.0566,0.2251,-0.0788,0.0967,20236,0.3645,713,0,Past,0,0,1,2
Musharaka,Samarqand,Xizmat,730,22,21,1,0,65619,120,0.1967,0.4181,0.1626,0.5203,0.7009,3,0.6732,0.1404,0.074,1,0.2517,0.0681,0.1014,0.0489,0.1156,0.0552,0.3416,130145,0.536,23829,0,Yuqori,2,2,4,5
Ijara,Farg'ona,Savdo,513,49,15,4,1,51727,84,0.1212,0.788,0.1985,0.8112,0.7564,5,0.8418,0.1006,0.0983,1,0.134,0.0456,0.086,0.0128,0.1484,0.123,0.2969,73668,0.2884,6308,0,Yuqori,2,0,1,4
Murabaha,Samarqand,Eksport,560,49,8,2,0,14248,36,0.1264,0.6506,0.5585,0.8591,0.7288,3,0.7636,0.2179,0.0426,1,0.1432,0.0429,0.1122,0.0341,-0.2791,0.0125,0.7311,16950,0.3952,4897,1,Juda Yuqori,3,1,4,0
Murabaha,Namangan,Qurilish,690,56,1,2,1,1684386,6,0.1645,0.47,0.2445,0.4476,0.1761,2,0.8754,0.0246,0.0824,1,0.0984,0.0411,0.0956,0.0329,-0.0329,0.122,0.1618,1753647,0.42,119133,0,O'rta,1,1,2,3
Murabaha,Qashqadaryo,Qishloq xo'jaligi,660,56,13,3,0,65050,24,0.1432,0.6113,0.541,0.6517,0.1547,5,0.6223,0.1159,0.2675,1,0.1059,0.0583,0.1085,0.016,-0.1435,0.0352,0.219,74368,0.3423,5574,0,O'rta,1,1,3,2
Murabaha,Qashqadaryo,Qishloq xo'jaligi,850,23,20,2,1,17440,12,0.0901,0.6176,0.1455,0.5976,0.7753,3,0.8783,0.0979,0.009,0,0.1345,0.0937,0.1213,0.0855,0.0056,0.1154,0.2105,18226,0.6121,2348,0,O'rta,1,1,3,2
Musharaka,Qashqadaryo,Qurilish,570,42,15,0,0,30195,12,0.2411,0.5004,0.2646,0.8248,0.6794,2,0.6792,0.129,0.1648,1,0.2877,0.063,0.1014,0.0756,0.0658,-0.047,0.7492,33835,0.4283,10858,0,Juda Yuqori,3,2,3,3
Murabaha,Toshkent,Eksport,547,57,8,4,1,59861,24,0.133,0.2173,0.5391,0.5067,0.4905,4,0.8573,0.0552,0.2257,1,0.0757,0.0384,0.0985,0.0573,0.1122,0.0401,0.4561,67825,0.4189,12960,1,Juda Yuqori,3,1,5,0
Musharaka,Buxoro,Qurilish,626,64,17,1,0,49321,60,0.3603,0.7421,0.05,0.7749,0.5034,2,0.9685,0.2512,0.0515,1,0.272,0.0468,0.0823,0.0096,-0.2283,-0.0133,0.3144,93741,0.6354,18728,0,Yuqori,2,2,0,3
Sukuk,Namangan,Eksport,542,34,14,3,0,76605,36,0.0878,0.7519,0.3193,0.8363,0.4886,2,0.5914,0.2744,0.1725,1,0.0855,0.0671,0.1042,0.124,0.2867,-0.041,0.6443,86688,0.2206,12319,1,Juda Yuqori,3,3,2,0
Murabaha,Buxoro,Qurilish,580,23,9,4,0,9665,12,0.0914,0.6009,0.2112,0.8378,0.1885,2,0.9144,0.0902,0.2216,1,0.0842,0.0649,0.0731,0.0819,-0.176,0.1614,0.0865,10107,0.601,525,0,Past,0,1,0,3
Musharaka,Namangan,Qishloq xo'jaligi,652,58,2,5,1,26283,24,0.1435,0.4358,0.7314,0.8241,0.7797,4,0.696,0.2279,0.167,1,0.2429,0.0386,0.064,0.0621,0.1036,0.038,0.9234,30054,0.569,15789,1,Juda Yuqori,3,2,2,2
Ijara,Qashqadaryo,Eksport,687,58,17,1,0,299660,36,0.1152,0.7192,0.47,0.8694,0.6992,3,0.9317,0.191,0.1107,1,0.1542,0.0678,0.1019,0.0537,0.4028,0.0012,0.3251,351426,0.3264,37296,1,Yuqori,2,0,3,0
Murabaha,Samarqand,Xizmat,768,54,12,5,0,64890,12,0.1376,0.5629,0.4182,0.5952,0.6766,4,0.6273,0.372,0.2424,1,0.068,0.0496,0.0898,0.0435,-0.2688,-0.1492,0.5054,69356,0.5001,17529,0,Juda Yuqori,3,1,4,5
Musharaka,Qashqadaryo,Qishloq xo'jaligi,636,33,19,1,0,9372,36,0.2781,0.6639,0.5512,0.477,0.8304,4,0.5708,0.1242,0.1598,1,0.2346,0.0522,0.119,0.0552,-0.0027,0.0127,0.9107,13282,0.6103,7382,1,Juda Yuqori,3,2,3,2
Sukuk,Namangan,Qishloq xo'jaligi,687,34,12,3,0,30741,84,0.0934,0.3669,0.1856,0.5762,0.5731,4,0.8311,0.0968,0.136,0,0.1121,0.0752,0.0975,0.0553,0.0607,0.0051,0.0494,40787,0.3526,711,1,Past,0,3,2,2
Sukuk,Toshkent,Ishlab chiqarish,520,29,5,1,0,39800,36,0.0414,0.4214,0.3795,0.5311,0.891,2,0.7389,0.2559,0.3159,1,0.0677,0.0543,0.1291,0.0163,0.1106,-0.0047,0.8757,42271,0.2851,10553,1,Juda Yuqori,3,3,5,1
Murabaha,Namangan,Eksport,612,57,1,2,0,280756,12,0.1124,0.2459,0.3872,0.8058,0.6225,3,0.9392,0.2182,0.2359,1,0.1147,0.0477,0.1012,0.0382,0.1065,0.0739,0.2221,296538,0.4653,30645,0,O'rta,1,1,2,0
Sukuk,Buxoro,Savdo,664,55,5,1,0,49017,60,0.0418,0.4189,0.3357,0.654,0.3671,5,0.6655,0.3307,0.1555,1,0.0627,0.0521,0.1347,0.1095,0.0717,0.0408,0.0775,54143,0.346,1453,0,Past,0,3,0,4
Musharaka,Qashqadaryo,Qurilish,805,24,11,2,0,88211,36,0.1265,0.719,0.2345,0.854,0.2644,4,0.6913,0.1611,0.1024,1,0.2246,0.0674,0.0906,0.068,-0.0353,0.0683,0.1041,104948,0.5606,6123,1,O'rta,1,2,3,3
Murabaha,Namangan,Eksport,666,44,16,1,1,164976,36,0.1175,0.65,0.3683,0.5803,0.5326,3,0.9167,0.0685,0.1314,1,0.1269,0.0454,0.1002,0.0951,0.206,-0.0007,0.4475,194065,0.4071,35356,1,Yuqori,2,1,2,0
Musharaka,Toshkent,Qishloq xo'jaligi,777,30,14,3,0,151371,24,0.3499,0.7449,0.6246,0.8125,0.5723,3,0.665,0.1729,0.0936,1,0.2073,0.0407,0.0886,0.0277,0.0158,-0.0474,0.6717,204342,0.5962,81826,0,Juda Yuqori,3,2,5,2
Sukuk,Namangan,Ishlab chiqarish,762,23,19,1,0,143506,60,0.0725,0.676,0.2877,0.732,0.205,3,0.8944,0.238,0.0668,1,0.111,0.0456,0.1072,0.0086,0.0277,-0.1106,0.0459,169515,0.1724,1341,0,Past,0,3,2,1
Musharaka,Samarqand,Savdo,646,45,4,5,0,4500,24,0.2668,0.5119,0.0636,0.8479,0.3093,2,0.855,0.2041,0.0395,1,0.2569,0.0282,0.0784,0.0272,0.1457,0.009,0.2162,5700,0.4575,564,0,O'rta,1,2,4,4
Murabaha,Farg'ona,Qurilish,607,34,3,2,0,136808,60,0.1646,0.5194,0.1438,0.6944,0.3142,3,0.6275,0.08,0.157,1,0.1285,0.0403,0.1186,0.0589,-0.133,-0.0054,0.1482,193098,0.4516,12924,0,O'rta,1,1,1,3
Musharaka,Samarqand,Xizmat,620,51,23,1,0,5433,120,0.3557,0.8641,0.2463,0.7338,0.5694,2,0.7225,0.2531,0.1012,1,0.2275,0.056,0.0867,0.0134,0.0297,-0.0225,0.8562,15095,0.8101,10470,1,Juda Yuqori,3,2,4,5
Murabaha,Samarqand,Savdo,637,28,15,1,0,29621,24,0.1367,0.5821,0.2618,0.5199,0.5829,2,0.7342,0.1147,0.3099,1,0.1366,0.0447,0.0584,0.0785,-0.0467,-0.0455,0.4873,33672,0.4431,7270,1,Juda Yuqori,3,1,4,4
Murabaha,Toshkent,Savdo,648,51,8,2,0,203047,24,0.1367,0.2128,0.5686,0.802,0.1027,3,0.6814,0.3642,0.344,1,0.1273,0.019,0.0982,0.0166,0.0408,0.0388,0.4788,230812,0.4373,48333,0,Juda Yuqori,3,1,5,4
Murabaha,Toshkent,Qishloq xo'jaligi,600,64,1,1,0,286964,60,0.0779,0.3924,0.424,0.7658,0.3476,4,0.6941,0.0542,0.0864,1,0.0742,0.0642,0.1013,0.0559,-0.1642,-0.0044,0.0781,342819,0.4067,10894,0,Past,0,1,5,2
Murabaha,Farg'ona,Qurilish,654,49,17,3,2,45417,36,0.1159,0.6574,0.3872,0.7499,0.4052,2,0.9395,0.0396,0.3179,0,0.1134,0.0608,0.1321,0.1065,0.2729,0.0831,0.9038,53312,0.3728,17960,1,Juda Yuqori,3,1,1,3
Murabaha,Qashqadaryo,Eksport,663,39,10,2,0,43884,24,0.1322,0.7532,0.269,0.7917,0.2492,3,0.7053,0.1379,0.1599,0,0.1314,0.0217,0.0735,0.0493,-0.0166,0.0138,0.214,49685,0.3376,3588,0,O'rta,1,1,3,0
Murabaha,Buxoro,Ishlab chiqarish,649,38,9,4,0,445924,6,0.1578,0.8418,0.3791,0.6786,0.3698,4,0.8103,0.319,0.1597,1,0.1012,0.0626,0.1015,0.0442,0.1236,0.0703,0.3802,463521,0.3672,64702,1,Yuqori,2,1,0,1
Ijara,Buxoro,Eksport,579,46,3,6,0,38146,84,0.0651,0.3855,0.1648,0.823,0.3965,5,0.8344,0.0709,0.2314,1,0.1078,0.0816,0.1165,0.0404,0.0743,0.189,0.0258,46837,0.2761,333,0,Past,0,0,0,0
Murabaha,Qashqadaryo,Ishlab chiqarish,558,57,10,2,0,141873,12,0.124,0.6895,0.4601,0.8588,0.8706,3,0.7857,0.1562,0.1762,1,0.0677,0.0661,0.1152,0.0264,-0.327,0.1006,0.6094,150668,0.5637,51755,0,Juda Yuqori,3,1,3,1
Murabaha,Buxoro,Xizmat,656,30,12,1,0,23643,36,0.1599,0.6214,0.3515,0.8259,0.5014,2,0.5763,0.1047,0.0903,1,0.1217,0.0607,0.0671,0.0481,-0.1994,-0.0439,0.2692,29313,0.5282,4168,1,Yuqori,2,1,0,5
Sukuk,Namangan,Qurilish,602,34,9,1,0,67216,24,0.0493,0.9093,0.3436,0.823,0.8095,1,0.8803,0.1934,0.128,1,0.0294,0.0295,0.0934,0.1376,-0.0643,0.0952,0.4949,70529,0.3613,12612,1,Juda Yuqori,3,3,2,3
Musharaka,Samarqand,Qishloq xo'jaligi,501,49,22,1,0,40417,36,0.1356,0.5633,0.3178,0.8521,0.4467,4,0.8042,0.0553,0.0523,1,0.2391,0.0567,0.0982,0.0449,-0.0969,0.0435,0.4424,48639,0.596,12823,0,Yuqori,2,2,4,2
Ijara,Farg'ona,Qurilish,799,61,12,3,1,57597,12,0.0919,0.6723,0.1719,0.7521,0.4292,4,0.8167,0.4341,0.2476,1,0.1454,0.0504,0.13,0.0655,-0.0023,0.1173,0.2771,60244,0.3267,5453,0,Yuqori,2,0,1,3
Murabaha,Toshkent,Ishlab chiqarish,615,46,22,4,0,204668,12,0.1636,0.7717,0.3571,0.6788,0.8701,4,0.9367,0.2752,0.1217,1,0.1363,0.0666,0.1014,0.0711,-0.0472,-0.1554,0.5589,221414,0.5084,62916,0,Juda Yuqori,3,1,5,1
Murabaha,Buxoro,Qishloq xo'jaligi,696,25,21,1,0,27317,6,0.1511,0.5657,0.445,0.6841,0.412,2,0.7169,0.0799,0.1426,1,0.1044,0.0456,0.1036,0.0706,0.4485,0.0128,0.3357,28349,0.4144,3945,0,Yuqori,2,1,0,2
Murabaha,Samarqand,Xizmat,695,41,4,2,0,60633,24,0.1454,0.5496,0.3607,0.8534,0.4854,3,0.8788,0.1166,0.0496,1,0.1445,0.0512,0.0997,0.0627,0.2009,0.0278,0.0993,69452,0.5069,3497,0,Past,0,1,4,5
Murabaha,Farg'ona,Savdo,619,62,10,2,0,118172,6,0.1139,0.5293,0.5516,0.7735,0.8421,3,0.7961,0.0607,0.1036,1,0.1072,0.041,0.0797,0.0355,0.1657,0.2058,0.4329,121537,0.4318,22715,0,Yuqori,2,1,1,4
Murabaha,Namangan,Qishloq xo'jaligi,583,52,18,3,0,10713,6,0.1657,0.4655,0.3866,0.889,0.6014,4,0.8747,0.0446,0.2578,1,0.1742,0.0749,0.0873,0.0682,0.2038,0.032,0.1644,11157,0.4316,792,0,O'rta,1,1,2,2
Murabaha,Farg'ona,Ishlab chiqarish,706,22,22,3,1,18993,12,0.0997,0.4255,0.228,0.7117,0.22,3,0.5998,0.1546,0.0326,0,0.1011,0.0384,0.0718,0.0171,0.0884,0.0719,0.1611,19940,0.4325,1389,0,O'rta,1,1,1,1
Murabaha,Buxoro,Eksport,709,22,11,4,0,88560,60,0.1191,0.4493,0.2212,0.4642,0.232,3,0.7114,0.2646,0.0469,1,0.1779,0.0741,0.0527,0.1186,0.1196,0.0188,0.1845,114927,0.2458,5212,0,O'rta,1,1,0,0
Murabaha,Farg'ona,Savdo,827,45,16,2,1,59129,36,0.1131,0.8443,0.3944,0.8869,0.8953,3,0.8466,0.3711,0.0385,1,0.0745,0.063,0.0767,0.0882,-0.1984,0.0448,0.3245,69164,0.4418,9915,0,Yuqori,2,1,1,4
Musharaka,Toshkent,Qishloq xo'jaligi,570,61,11,5,1,172472,60,0.2542,0.5258,0.107,0.7529,0.3935,4,0.698,0.106,0.0313,1,0.1947,0.0654,0.1403,0.0663,0.4642,-0.0702,0.2947,282083,0.5772,47988,0,Yuqori,2,2,5,2
Murabaha,Qashqadaryo,Xizmat,595,37,1,4,0,97006,24,0.0888,0.4743,0.1698,0.6384,0.8197,4,0.6416,0.2095,0.0489,1,0.1403,0.0695,0.0947,0.0692,-0.0742,-0.0925,0.2335,105623,0.4391,10829,0,O'rta,1,1,3,5
Murabaha,Namangan,Qishloq xo'jaligi,636,22,4,0,0,16945,12,0.1582,0.7151,0.2881,0.8943,0.511,3,0.6194,0.5,0.0551,1,0.1095,0.0245,0.0749,0.0518,-0.0171,-0.0357,0.5525,18286,0.3988,4029,0,Juda Yuqori,3,1,2,2
Musharaka,Buxoro,Xizmat,628,34,10,2,0,11537,24,0.2386,0.791,0.4536,0.8748,0.3518,3,0.8211,0.2422,0.3921,1,0.1862,0.0543,0.1145,0.062,-0.0754,0.0009,0.8276,14290,0.66,7805,1,Juda Yuqori,3,2,0,5
Ijara,Buxoro,Xizmat,802,24,13,1,0,4385,60,0.0643,0.5479,0.39,0.6191,0.3083,4,0.8913,0.1304,0.3364,1,0.1365,0.0396,0.1152,0.0075,0.2726,0.0056,0.1553,5089,0.4059,321,0,O'rta,1,0,0,5
Murabaha,Qashqadaryo,Qurilish,768,49,9,2,0,40208,24,0.085,0.6916,0.4621,0.9549,0.492,2,0.597,0.124,0.1507,1,0.1176,0.0731,0.1107,0.0693,-0.0387,-0.0362,0.2937,43627,0.5031,6447,1,Yuqori,2,1,3,3
Ijara,Toshkent,Qishloq xo'jaligi,612,62,6,3,0,8398,60,0.056,0.7703,0.1963,0.5884,0.8974,3,0.7831,0.0247,0.1534,1,0.0755,0.0506,0.1019,0.0109,0.0177,0.1045,0.3012,9574,0.1749,504,1,Yuqori,2,0,5,2
Musharaka,Buxoro,Ishlab chiqarish,525,44,23,3,1,6110,12,0.1576,0.8119,0.3085,0.7239,0.382,3,0.8435,0.2592,0.1066,1,0.2687,0.0742,0.0995,0.0142,0.0912,0.0848,0.9032,6592,0.6101,3632,1,Juda Yuqori,3,2,0,1
Murabaha,Qashqadaryo,Eksport,678,25,19,1,1,57180,6,0.1379,0.8341,0.5228,0.8232,0.2686,4,0.9372,0.2025,0.3136,0,0.0803,0.0672,0.1006,0.0534,-0.1176,0.073,0.6902,59151,0.4164,16998,1,Juda Yuqori,3,1,3,0
Sukuk,Buxoro,Savdo,654,44,9,2,0,51724,60,0.0774,0.4399,0.5926,0.7723,0.4512,3,0.55,0.287,0.1736,0,0.0357,0.0471,0.1298,0.0561,-0.0403,0.1361,0.4966,61735,0.3248,9957,0,Juda Yuqori,3,3,0,4
Sukuk,Qashqadaryo,Ishlab chiqarish,659,32,19,1,0,95612,84,0.0411,0.6398,0.2404,0.5387,0.7699,4,0.7675,0.2644,0.183,1,0.0684,0.0633,0.1507,0.0474,-0.0769,-0.0054,0.2696,109359,0.3861,11382,0,Yuqori,2,3,3,1
Murabaha,Farg'ona,Ishlab chiqarish,626,34,23,4,0,37279,60,0.1235,0.5872,0.1246,0.566,0.6166,3,0.8461,0.2594,0.1236,1,0.0755,0.0586,0.1368,0.0671,0.1211,-0.0318,0.3589,48787,0.5601,9809,1,Yuqori,2,1,1,1
Murabaha,Qashqadaryo,Ishlab chiqarish,677,56,20,1,0,15429,6,0.1566,0.4515,0.1658,0.8349,0.8435,2,0.9421,0.1249,0.0864,1,0.1288,0.0451,0.1009,0.0374,0.2828,0.116,0.1519,16033,0.4519,1101,0,O'rta,1,1,3,1
Ijara,Farg'ona,Xizmat,643,62,16,1,0,123548,36,0.1179,0.7088,0.1649,0.9256,0.2391,4,0.5611,0.2788,0.4,1,0.092,0.056,0.1269,0.0593,0.0989,0.0266,0.2427,145401,0.3742,13207,0,O'rta,1,0,1,5
Ijara,Qashqadaryo,Eksport,552,44,1,2,0,53275,36,0.0736,0.3813,0.3769,0.7206,0.4127,4,0.8228,0.212,0.0924,1,0.0857,0.0457,0.0895,0.0689,0.0741,0.022,0.1086,59155,0.4186,2689,1,O'rta,1,0,3,0
Murabaha,Namangan,Eksport,641,30,2,0,0,38947,24,0.0733,0.3173,0.6343,0.724,0.5931,4,0.9137,0.092,0.1049,1,0.1252,0.0331,0.0994,0.0251,-0.1158,-0.0817,0.1894,41800,0.539,4267,0,O'rta,1,1,2,0
Murabaha,Farg'ona,Qishloq xo'jaligi,770,32,7,3,0,78459,24,0.1031,0.4465,0.4053,0.7383,0.4963,3,0.7914,0.3068,0.1608,1,0.0996,0.0487,0.1441,0.1004,-0.2311,-0.0261,0.2212,86548,0.4521,8656,0,O'rta,1,1,1,2
Murabaha,Samarqand,Qurilish,807,29,4,3,0,41918,60,0.1594,0.4995,0.435,0.9395,0.6493,4,0.7185,0.1102,0.0442,1,0.14,0.0426,0.1065,0.0275,0.1101,0.0434,0.0603,58624,0.6401,2263,0,Past,0,1,4,3
Musharaka,Buxoro,Savdo,432,37,18,3,0,36363,24,0.1704,0.5725,0.4268,0.6605,0.7533,2,0.9008,0.1226,0.0685,1,0.2571,0.0416,0.0951,0.0521,-0.2334,0.0528,0.9029,42558,0.5944,22842,1,Juda Yuqori,3,2,0,4
Musharaka,Namangan,Xizmat,603,61,7,2,0,15679,12,0.2153,0.3273,0.6921,0.7614,0.6281,3,0.8357,0.0698,0.159,1,0.2294,0.0426,0.1018,0.0329,-0.282,-0.0753,0.7152,17366,0.5097,6331,1,Juda Yuqori,3,2,2,5
Murabaha,Toshkent,Qishloq xo'jaligi,534,48,2,0,0,27123,6,0.094,0.6351,0.585,0.6552,0.4551,3,0.8227,0.0956,0.118,1,0.1415,0.0444,0.1153,0.016,0.0736,-0.0167,0.6442,27760,0.3294,5891,1,Juda Yuqori,3,1,5,2
Musharaka,Buxoro,Qishloq xo'jaligi,628,63,4,3,0,54830,24,0.3722,0.8236,0.5673,0.6783,0.2428,3,0.7869,0.135,0.1244,1,0.2184,0.071,0.0852,0.0699,-0.1733,-0.0884,0.7797,75240,0.578,33908,1,Juda Yuqori,3,2,0,2
Ijara,Namangan,Qurilish,756,64,10,4,0,65455,36,0.1125,0.6916,0.1181,0.6983,0.2142,2,0.55,0.3014,0.2846,1,0.143,0.0509,0.1212,0.0566,0.1831,0.0121,0.313,76501,0.3206,7677,1,Yuqori,2,0,2,3
Murabaha,Namangan,Eksport,641,39,11,2,0,122666,36,0.1631,0.7727,0.4636,0.8737,0.3359,4,0.7352,0.149,0.1516,0,0.0846,0.0623,0.0985,0.0496,0.0115,0.0503,0.1972,152674,0.3801,11444,0,O'rta,1,1,2,0
Murabaha,Toshkent,Xizmat,675,56,6,1,1,5954,36,0.1306,0.4147,0.4935,0.6847,0.8574,2,0.55,0.2477,0.0587,1,0.0906,0.049,0.0996,0.0067,-0.0436,0.047,0.8411,7120,0.425,2545,1,Juda Yuqori,3,1,5,5
Ijara,Buxoro,Ishlab chiqarish,715,36,8,1,0,24009,60,0.0539,0.4834,0.5769,0.8417,0.1971,1,0.6383,0.1056,0.0993,1,0.0893,0.0714,0.0756,0.044,0.1476,-0.0452,0.1863,27243,0.2478,1257,0,O'rta,1,0,0,1
Sukuk,Qashqadaryo,Qishloq xo'jaligi,512,53,5,1,1,18111,84,0.058,0.7055,0.3143,0.5539,0.1215,3,0.55,0.1879,0.1334,1,0.088,0.0693,0.1116,0.0681,-0.0791,0.0034,0.645,21787,0.2857,4015,0,Juda Yuqori,3,3,3,2
Musharaka,Toshkent,Qishloq xo'jaligi,669,52,14,2,0,139673,12,0.1776,0.7042,0.4617,0.8694,0.6355,5,0.7991,0.1154,0.3179,1,0.2287,0.0719,0.1452,0.0263,0.07,0.2263,0.6792,152078,0.503,51955,0,Juda Yuqori,3,2,5,2
Musharaka,Buxoro,Savdo,608,58,22,1,0,17313,60,0.2238,0.8276,0.1554,0.8704,0.6732,3,0.9143,0.0578,0.1023,1,0.2033,0.077,0.0605,0.0483,-0.2049,-0.0131,0.2124,26999,0.5751,3298,1,O'rta,1,2,0,4
Murabaha,Buxoro,Eksport,627,41,14,2,0,17188,60,0.0987,0.7533,0.3753,0.7303,0.4139,3,0.6669,0.1545,0.0055,1,0.1168,0.0591,0.0708,0.0288,0.1194,0.0221,0.2484,21431,0.3908,2080,0,O'rta,1,1,0,0
Musharaka,Qashqadaryo,Qishloq xo'jaligi,643,25,5,6,0,24224,36,0.1904,0.7486,0.2786,0.6542,0.6801,3,0.8052,0.1302,0.1824,0,0.2352,0.0702,0.1172,0.0077,0.0645,0.0576,0.9225,31143,0.5211,14972,1,Juda Yuqori,3,2,3,2
Musharaka,Namangan,Qurilish,637,57,14,1,0,38117,60,0.1613,0.6495,0.6825,0.8303,0.468,3,0.8979,0.1804,0.3548,1,0.2214,0.0489,0.1093,0.0284,0.0388,-0.015,0.8754,53488,0.5994,28067,1,Juda Yuqori,3,2,2,3
Murabaha,Namangan,Savdo,817,32,23,1,0,254219,36,0.1726,0.7961,0.2387,0.2578,0.726,2,0.844,0.2018,0.2297,1,0.1392,0.0544,0.1167,0.0597,-0.0796,-0.0167,0.6219,320045,0.3762,74878,1,Juda Yuqori,3,1,2,4
Murabaha,Buxoro,Savdo,651,48,2,3,1,278872,24,0.1519,0.9164,0.2553,0.9393,0.3004,4,0.7504,0.1734,0.2207,0,0.1213,0.0424,0.1231,0.0642,0.3237,-0.0524,0.5546,321219,0.4672,83237,1,Juda Yuqori,3,1,0,4
Murabaha,Buxoro,Eksport,727,56,8,2,0,102902,24,0.1026,0.5039,0.4341,0.5022,0.1058,3,0.7618,0.1191,0.1118,1,0.1037,0.0743,0.0821,0.0635,0.1063,0.0721,0.1739,113461,0.4142,8173,0,O'rta,1,1,0,0
Murabaha,Toshkent,Eksport,826,31,11,1,0,59723,12,0.1407,0.8827,0.4428,0.6475,0.3164,4,0.7629,0.1207,0.02,1,0.1039,0.0485,0.1318,0.038,-0.0731,0.128,0.1054,63924,0.3382,2279,0,O'rta,1,1,5,0
Murabaha,Toshkent,Qurilish,754,37,13,2,0,11159,60,0.0783,0.6009,0.1839,0.6962,0.1262,3,0.8594,0.1148,0.0603,1,0.0879,0.0526,0.0896,0.0067,-0.1112,0.1347,0.0287,13343,0.4075,156,0,Past,0,1,5,3
Murabaha,Toshkent,Eksport,709,25,4,2,0,19263,6,0.0788,0.7048,0.3861,0.5303,0.2544,3,0.6141,0.0747,0.2353,1,0.121,0.0482,0.1027,0.0633,0.0504,0.0283,0.3057,19642,0.3591,2157,0,Yuqori,2,1,5,0
Murabaha,Qashqadaryo,Eksport,704,62,22,1,0,20501,24,0.17,0.8514,0.3215,0.7665,0.4779,3,0.793,0.148,0.0326,1,0.094,0.0341,0.0979,0.1014,-0.2541,-0.0665,0.1925,23985,0.451,2082,0,O'rta,1,1,3,0
Murabaha,Buxoro,Savdo,638,57,17,2,0,334008,6,0.1042,0.4381,0.369,0.7102,0.5943,3,0.7315,0.3513,0.2748,1,0.1096,0.0555,0.1187,0.0078,0.1886,-0.0818,0.6274,342706,0.376,80839,1,Juda Yuqori,3,1,0,4
Sukuk,Farg'ona,Xizmat,506,36,20,2,1,259436,120,0.0528,0.5772,0.477,0.8047,0.5611,2,0.7871,0.1855,0.0676,1,0.1464,0.0374,0.1109,0.0893,-0.096,0.0948,0.7227,327871,0.2267,53708,1,Juda Yuqori,3,3,1,5
Musharaka,Qashqadaryo,Savdo,607,56,23,3,0,44366,120,0.2913,0.4511,0.3003,0.5393,0.3111,2,0.8462,0.0491,0.0787,0,0.2051,0.0762,0.0831,0.0046,0.063,0.0023,0.5609,108988,0.6634,40556,0,Juda Yuqori,3,2,3,4
Ijara,Buxoro,Xizmat,548,48,22,1,0,48561,24,0.0583,0.5122,0.5,0.7424,0.4892,2,0.9366,0.0533,0.4,1,0.118,0.0734,0.1274,0.07,-0.0708,0.0205,0.635,51390,0.3041,9923,1,Juda Yuqori,3,0,0,5
Ijara,Samarqand,Ishlab chiqarish,723,44,12,1,0,81344,12,0.1238,0.5337,0.43,0.7355,0.1426,3,0.8147,0.1702,0.2336,1,0.1344,0.0505,0.1131,0.0325,0.281,0.1132,0.1004,86380,0.4496,3898,0,O'rta,1,0,4,1
Musharaka,Samarqand,Eksport,584,63,23,0,0,31472,24,0.2735,0.3319,0.2893,0.8575,0.8671,3,0.6385,0.117,0.2002,1,0.213,0.0506,0.1272,0.0152,0.0649,-0.0548,0.5518,40080,0.6801,15043,0,Juda Yuqori,3,2,4,0
Murabaha,Buxoro,Qishloq xo'jaligi,714,51,22,5,0,106295,12,0.1452,0.5578,0.1667,0.947,0.2868,3,0.9582,0.0337,0.1325,1,0.1405,0.0477,0.0997,0.0053,-0.221,-0.0096,0.0147,114013,0.4898,820,0,Past,0,1,0,2
Musharaka,Qashqadaryo,Eksport,671,42,22,1,0,45313,12,0.3635,0.5184,0.2569,0.635,0.6062,4,0.8702,0.4258,0.1067,1,0.2707,0.0706,0.0829,0.0088,0.0179,-0.0062,0.6332,53549,0.6622,22455,1,Juda Yuqori,3,2,3,0
Musharaka,Farg'ona,Xizmat,708,61,2,0,0,108624,24,0.3368,0.67,0.3563,0.8006,0.7672,4,0.8358,0.055,0.1542,1,0.2176,0.0845,0.0795,0.0114,0.0803,0.067,0.3095,145212,0.7162,32190,1,Yuqori,2,2,1,5
Ijara,Qashqadaryo,Ishlab chiqarish,788,45,14,2,0,68584,60,0.0582,0.6552,0.2127,0.9227,0.3344,3,0.8744,0.0304,0.0899,1,0.0755,0.0506,0.0469,0.0268,-0.1449,0.0176,0.0048,78558,0.3653,138,0,Past,0,0,3,1
Musharaka,Farg'ona,Qurilish,645,31,12,3,0,122398,60,0.2655,0.3072,0.0679,0.778,0.5229,3,0.7123,0.2238,0.1821,1,0.2199,0.0475,0.1181,0.1183,0.1874,0.0378,0.3473,203634,0.7255,51305,0,Yuqori,2,2,1,3
Murabaha,Toshkent,Qishloq xo'jaligi,742,54,10,2,1,181123,6,0.117,0.5439,0.3148,0.932,0.2287,1,0.934,0.1653,0.1937,1,0.1538,0.0572,0.0777,0.0707,0.247,-0.0827,0.2381,186420,0.5307,23552,0,O'rta,1,1,5,2
Murabaha,Farg'ona,Qishloq xo'jaligi,609,24,1,8,0,57111,6,0.1771,0.4885,0.7092,0.7755,0.5635,3,0.6343,0.1702,0.1113,1,0.1237,0.0614,0.1038,0.0579,-0.2913,-0.0681,0.6933,59639,0.4198,17357,0,Juda Yuqori,3,1,1,2
Murabaha,Buxoro,Ishlab chiqarish,704,32,18,6,0,439483,24,0.1548,0.5886,0.3461,0.7714,0.2201,3,0.8675,0.1108,0.1369,1,0.0944,0.0595,0.0815,0.0087,0.0831,0.1088,0.0533,507507,0.3549,9594,0,Past,0,1,0,1
Ijara,Samarqand,Qurilish,643,24,15,1,0,101467,36,0.0877,0.7028,0.4692,0.3895,0.4997,2,0.7757,0.4176,0.0377,0,0.098,0.0477,0.0974,0.0751,-0.0722,0.0351,0.8642,114821,0.3454,34280,1,Juda Yuqori,3,0,4,3
Musharaka,Farg'ona,Qurilish,818,58,8,6,1,104757,24,0.2576,0.746,0.2724,0.917,0.4024,3,0.7899,0.2804,0.0427,1,0.2374,0.0398,0.0877,0.0711,0.0255,-0.0376,0.4257,131745,0.6248,35041,1,Yuqori,2,2,1,3
Murabaha,Samarqand,Savdo,565,44,21,2,0,55836,36,0.0899,0.7516,0.3751,0.6658,0.4351,3,0.8127,0.1419,0.0145,1,0.1419,0.0562,0.0613,0.0225,-0.0323,-0.0371,0.2319,63368,0.3992,5865,1,O'rta,1,1,4,4
Sukuk,Buxoro,Ishlab chiqarish,782,25,12,0,0,43204,60,0.0975,0.7492,0.1015,0.7882,0.728,2,0.7071,0.1651,0.2272,1,0.0823,0.0676,0.066,0.0798,0.0694,0.087,0.0717,53732,0.3828,1474,0,Past,0,3,0,1
Musharaka,Samarqand,Qishloq xo'jaligi,642,59,12,1,0,13925,60,0.2868,0.4661,0.575,0.8079,0.1863,5,0.7931,0.0649,0.3114,1,0.2834,0.073,0.1344,0.0119,-0.0398,0.0695,0.3189,23908,0.6904,5264,1,Yuqori,2,2,4,2
Murabaha,Samarqand,Ishlab chiqarish,639,47,7,4,1,27185,12,0.1232,0.4002,0.2884,0.7031,0.7318,2,0.9612,0.2839,0.1407,1,0.1066,0.0902,0.0785,0.088,0.0096,-0.0255,0.5343,28859,0.4305,6638,0,Juda Yuqori,3,1,4,1
Murabaha,Qashqadaryo,Qishloq xo'jaligi,694,30,2,1,0,101055,24,0.1222,0.5946,0.3103,0.7551,0.5338,3,0.6914,0.1209,0.0968,1,0.1083,0.0597,0.1365,0.0577,0.1764,0.1011,0.1795,113399,0.6198,12613,1,O'rta,1,1,3,2
Murabaha,Samarqand,Eksport,632,49,19,1,1,3983,6,0.1771,0.4634,0.4729,0.8388,0.6787,5,0.8682,0.0591,0.1082,1,0.1101,0.0547,0.0867,0.0658,0.167,-0.0104,0.1792,4159,0.3664,273,0,O'rta,1,1,4,0
Murabaha,Qashqadaryo,Qishloq xo'jaligi,711,24,12,5,1,47830,24,0.0915,0.7471,0.4007,0.9127,0.4366,1,0.8283,0.2379,0.0127,1,0.1491,0.0412,0.0872,0.0309,0.0311,-0.0334,0.6724,52208,0.3509,12321,1,Juda Yuqori,3,1,3,2
Murabaha,Qashqadaryo,Ishlab chiqarish,578,38,24,0,0,6990,12,0.1386,0.5026,0.2719,0.7531,0.6825,5,0.8519,0.2693,0.1061,1,0.1354,0.0604,0.0762,0.0526,-0.1192,0.1082,0.1472,7475,0.3917,431,0,O'rta,1,1,3,1
Murabaha,Buxoro,Eksport,769,34,6,4,0,33347,12,0.1244,0.9118,0.2412,0.7605,0.388,3,0.7071,0.0774,0.1892,0,0.1115,0.0306,0.1147,0.059,-0.1905,-0.1354,0.2572,35420,0.3966,3613,1,Yuqori,2,1,0,0
Murabaha,Buxoro,Xizmat,597,48,5,1,0,104400,24,0.1673,0.6567,0.4558,0.7403,0.1498,4,0.7454,0.1738,0.1522,1,0.1262,0.0811,0.123,0.0517,0.2008,0.0317,0.2127,121862,0.4134,10713,0,O'rta,1,1,0,5
Murabaha,Samarqand,Eksport,345,55,10,5,0,36476,60,0.1329,0.7116,0.21,0.7353,0.8747,5,0.8041,0.3688,0.0301,1,0.1097,0.0495,0.0895,0.0834,0.0162,0.2045,0.6047,48599,0.279,8199,0,Juda Yuqori,3,1,4,0
Sukuk,Toshkent,Ishlab chiqarish,595,31,22,1,0,7994,120,0.0457,0.8149,0.2962,0.653,0.5778,2,0.8824,0.0379,0.0965,1,0.0944,0.0598,0.1235,0.0393,0.0586,0.0675,0.29,9822,0.3826,1090,1,Yuqori,2,3,5,1
Murabaha,Namangan,Eksport,574,22,16,3,0,438292,60,0.0715,0.5848,0.3401,0.8359,0.135,3,0.9493,0.2653,0.216,1,0.118,0.0581,0.0988,0.0085,-0.006,0.116,0.2829,516666,0.5296,77414,0,Yuqori,2,1,2,0
Musharaka,Farg'ona,Eksport,474,53,22,2,0,60058,36,0.1758,0.6126,0.693,0.623,0.1174,3,0.8574,0.3318,0.1933,1,0.2535,0.0878,0.1077,0.0467,0.0423,0.0872,0.9726,75895,0.5704,42106,1,Juda Yuqori,3,2,1,0
Murabaha,Buxoro,Eksport,632,33,17,3,0,23214,60,0.0813,0.6741,0.6773,0.8211,0.1624,5,0.8848,0.0917,0.152,1,0.1136,0.0501,0.0996,0.0239,0.0148,0.016,0.1222,27933,0.3607,1232,0,O'rta,1,1,0,0
Sukuk,Buxoro,Eksport,532,32,2,2,1,12412,84,0.0962,0.4113,0.3445,0.6953,0.5037,1,0.9033,0.1329,0.1163,1,0.0364,0.0635,0.1344,0.0184,0.0203,0.0943,0.3586,16593,0.3069,1826,0,Yuqori,2,3,0,0
Murabaha,Namangan,Qurilish,544,63,13,3,0,2650,12,0.0987,0.4631,0.1075,0.8728,0.8556,3,0.8144,0.2473,0.1563,1,0.1269,0.0545,0.11,0.046,0.1345,0.1152,0.1525,2781,0.4153,176,0,O'rta,1,1,2,3
Murabaha,Namangan,Savdo,692,60,23,5,0,35947,36,0.1576,0.2901,0.5391,0.8003,0.7231,3,0.8802,0.5,0.1413,1,0.1023,0.0238,0.0933,0.0543,0.0309,-0.0859,0.5614,44443,0.3012,7515,0,Juda Yuqori,3,1,2,4
Sukuk,Buxoro,Xizmat,638,39,2,2,1,56768,24,0.0639,0.4292,0.4585,0.7517,0.6147,3,0.55,0.5,0.0982,1,0.0889,0.0564,0.0455,0.0931,0.0824,0.0459,0.6394,60394,0.3124,12064,0,Juda Yuqori,3,3,0,5
Sukuk,Toshkent,Savdo,686,39,10,0,0,127173,84,0.0843,0.6793,0.3099,0.8656,0.3406,3,0.8159,0.1251,0.0142,1,0.076,0.0768,0.126,0.0234,-0.0993,-0.0042,0.0382,164675,0.3466,2180,0,Past,0,3,5,4
Ijara,Qashqadaryo,Ishlab chiqarish,612,41,3,0,0,43394,60,0.1263,0.7327,0.85,0.8544,0.3099,2,0.7349,0.0811,0.0723,1,0.0955,0.0462,0.1372,0.0873,-0.1611,-0.0274,0.6658,57098,0.3378,12843,1,Juda Yuqori,3,0,3,1
Murabaha,Toshkent,Eksport,802,53,22,3,0,6568,6,0.1241,0.7327,0.7789,0.6676,0.8604,2,0.9173,0.1751,0.1557,1,0.112,0.0623,0.1181,0.0594,-0.1764,-0.0196,0.7966,6772,0.4049,2184,1,Juda Yuqori,3,1,5,0
Murabaha,Buxoro,Xizmat,723,51,14,2,0,208497,24,0.0838,0.6345,0.1369,0.9054,0.7065,3,0.7647,0.1656,0.0145,0,0.1062,0.0439,0.0936,0.0628,0.1945,-0.0678,0.1204,225976,0.3941,10721,0,O'rta,1,1,0,5
Ijara,Qashqadaryo,Ishlab chiqarish,632,61,24,4,1,44957,60,0.1153,0.545,0.2669,0.8884,0.7024,3,0.55,0.2632,0.1694,1,0.0856,0.068,0.0987,0.0393,-0.0815,0.0387,0.5296,57912,0.3631,11137,1,Juda Yuqori,3,0,3,1
Sukuk,Namangan,Savdo,683,41,21,0,0,27474,60,0.0514,0.6159,0.5388,0.775,0.7596,4,0.5599,0.2444,0.1118,1,0.0518,0.0651,0.1346,0.0268,-0.1306,0.0438,0.2817,31002,0.2439,2130,0,Yuqori,2,3,2,4
Musharaka,Buxoro,Savdo,606,44,8,8,1,53570,60,0.2352,0.4993,0.2964,0.4615,0.3547,3,0.7993,0.128,0.1804,1,0.2063,0.0401,0.0828,0.0609,-0.0729,0.1381,0.7046,85067,0.653,39141,0,Juda Yuqori,3,2,0,4
Musharaka,Qashqadaryo,Ishlab chiqarish,634,25,10,0,0,107230,60,0.1946,0.333,0.6015,0.8255,0.5109,4,0.8198,0.0692,0.0742,1,0.2071,0.0318,0.1208,0.0171,0.0736,-0.0067,0.2802,159388,0.5051,22559,1,Yuqori,2,2,3,1
Murabaha,Namangan,Qishloq xo'jaligi,743,59,4,1,0,92210,12,0.1156,0.6888,0.5081,0.7254,0.6778,5,0.799,0.1848,0.1676,1,0.1504,0.0344,0.0842,0.0683,0.0551,0.0415,0.2325,97542,0.5182,11752,1,O'rta,1,1,2,2
Ijara,Namangan,Savdo,589,27,15,5,1,84039,36,0.0992,0.7779,0.2842,0.7448,0.8609,3,0.9433,0.5,0.1536,1,0.097,0.0507,0.0834,0.0647,-0.0669,-0.0364,0.8482,96545,0.28,22930,1,Juda Yuqori,3,0,2,4
Murabaha,Toshkent,Ishlab chiqarish,679,62,3,6,2,9903,6,0.1651,0.6148,0.2209,0.775,0.4985,4,0.7638,0.2171,0.1068,1,0.1,0.0722,0.0902,0.0205,0.1523,0.0861,0.3721,10311,0.54,2072,0,Yuqori,2,1,5,1
Murabaha,Qashqadaryo,Qurilish,663,25,20,5,1,174939,6,0.111,0.5528,0.3708,0.9273,0.7874,2,0.6839,0.1037,0.1078,1,0.1394,0.0539,0.0778,0.1213,0.0949,-0.1073,0.5698,179794,0.4632,47448,0,Juda Yuqori,3,1,3,3
Musharaka,Samarqand,Savdo,689,55,23,1,0,98096,24,0.2787,0.8753,0.2498,0.7114,0.4049,2,0.8197,0.2052,0.1983,1,0.2762,0.048,0.1402,0.0465,-0.1544,0.1203,0.8765,125434,0.5002,54999,1,Juda Yuqori,3,2,4,4
Musharaka,Namangan,Qishloq xo'jaligi,625,58,18,0,0,62594,120,0.3335,0.4428,0.2001,0.7651,0.1447,1,0.8665,0.3261,0.237,0,0.2776,0.0789,0.0796,0.1194,0.0826,0.1139,0.7791,166980,0.6207,80739,1,Juda Yuqori,3,2,2,2
Murabaha,Samarqand,Qurilish,639,51,24,0,0,489740,12,0.1529,0.6358,0.2158,0.7405,0.6293,3,0.6494,0.2715,0.2259,1,0.1275,0.0547,0.1192,0.0796,0.0704,-0.081,0.4065,527170,0.3942,84469,0,Yuqori,2,1,4,3
Murabaha,Buxoro,Qishloq xo'jaligi,519,34,8,0,0,20412,36,0.1757,0.5361,0.4978,0.8282,0.29,4,0.8292,0.0563,0.1027,1,0.0942,0.0698,0.0722,0.0762,-0.1603,0.0116,0.1161,25793,0.5064,1517,0,O'rta,1,1,0,2
Musharaka,Namangan,Qishloq xo'jaligi,722,51,8,3,0,91109,60,0.1814,0.6533,0.4081,0.881,0.3924,2,0.8814,0.5,0.0566,1,0.2599,0.0433,0.1105,0.0178,-0.0049,0.062,0.7717,132436,0.6512,66555,0,Juda Yuqori,3,2,2,2
Murabaha,Namangan,Ishlab chiqarish,608,56,2,3,0,82218,60,0.1038,0.3699,0.4104,0.7662,0.7059,3,0.944,0.0802,0.064,1,0.1314,0.0498,0.087,0.0835,0.1813,-0.0184,0.1899,103548,0.4343,8542,0,O'rta,1,1,2,1
Musharaka,Buxoro,Savdo,605,40,20,3,0,8426,120,0.1756,0.6557,0.4538,0.8353,0.127,3,0.6669,0.3757,0.2275,1,0.228,0.0626,0.1156,0.0574,-0.111,0.0738,0.8057,15824,0.6988,8909,1,Juda Yuqori,3,2,0,4
Murabaha,Farg'ona,Savdo,476,39,9,6,0,29636,12,0.1644,0.8059,0.3291,0.8772,0.562,3,0.8108,0.2132,0.272,0,0.1359,0.0543,0.0565,0.0444,0.1763,-0.0549,0.7975,32073,0.4416,11296,1,Juda Yuqori,3,1,1,4
Musharaka,Buxoro,Xizmat,628,29,6,3,1,743942,120,0.2456,0.3503,0.1502,0.8504,0.6085,2,0.6888,0.3846,0.0756,1,0.2252,0.0441,0.126,0.028,-0.0321,0.1236,0.8226,1657372,0.6678,910453,1,Juda Yuqori,3,2,0,5
Musharaka,Buxoro,Xizmat,754,53,8,1,0,14334,120,0.3684,0.7922,0.1611,0.7087,0.3331,4,0.7606,0.181,0.0302,1,0.2451,0.0638,0.0937,0.0658,-0.0061,0.0847,0.2341,40740,0.5006,4774,0,O'rta,1,2,0,5
Murabaha,Namangan,Qishloq xo'jaligi,598,50,6,2,0,27383,12,0.098,0.4583,0.3142,0.6821,0.3621,3,0.8738,0.2101,0.0727,1,0.0879,0.0575,0.1018,0.0261,0.1547,-0.0027,0.0776,28725,0.4096,913,0,Past,0,1,2,2
Murabaha,Qashqadaryo,Eksport,599,55,16,1,0,51331,24,0.104,0.8112,0.1698,0.7673,0.4606,3,0.583,0.1417,0.2145,0,0.1536,0.0225,0.0905,0.0553,-0.2488,-0.0024,0.6169,56668,0.3937,13763,1,Juda Yuqori,3,1,3,0
Murabaha,Namangan,Qishloq xo'jaligi,708,26,15,3,0,94632,36,0.109,0.4566,0.3386,0.7229,0.6319,2,0.5617,0.0581,0.4,1,0.1304,0.0764,0.0692,0.0288,-0.1031,0.0159,0.4764,110098,0.3608,18922,1,Juda Yuqori,3,1,2,2
Murabaha,Namangan,Savdo,631,32,23,2,0,20492,6,0.0881,0.6688,0.4813,0.8744,0.5812,4,0.8389,0.0422,0.1645,1,0.1203,0.0286,0.1165,0.0447,-0.2455,0.0198,0.1503,20943,0.5103,1606,0,O'rta,1,1,2,4
Sukuk,Qashqadaryo,Qurilish,808,44,12,2,1,41503,24,0.0889,0.7209,0.14,0.4018,0.432,4,0.7221,0.1145,0.0842,1,0.092,0.0814,0.0984,0.0654,0.0128,0.0143,0.0956,45194,0.2557,1105,0,Past,0,3,3,3
Murabaha,Farg'ona,Xizmat,651,29,19,3,1,52346,12,0.1412,0.5525,0.3566,0.6188,0.8173,5,0.6597,0.2409,0.0275,1,0.1025,0.0681,0.0749,0.0512,0.0558,0.0589,0.3285,56043,0.4103,7554,1,Yuqori,2,1,1,5
Ijara,Samarqand,Xizmat,573,57,18,2,0,58161,12,0.1175,0.5144,0.2309,0.9185,0.1203,5,0.8243,0.3835,0.1316,1,0.083,0.0658,0.097,0.028,0.1416,-0.0963,0.0621,61578,0.4225,1615,0,Past,0,0,4,5
Murabaha,Namangan,Ishlab chiqarish,623,25,13,2,2,45618,36,0.1258,0.4723,0.2129,0.6956,0.8419,3,0.6172,0.1032,0.1958,1,0.1028,0.0516,0.1312,0.0512,0.0094,0.0406,0.854,54225,0.4532,20986,1,Juda Yuqori,3,1,2,1
Ijara,Qashqadaryo,Eksport,589,57,15,5,0,19021,24,0.1076,0.7852,0.242,0.4952,0.2934,2,0.7079,0.0754,0.2653,1,0.1369,0.0545,0.1305,0.0241,-0.1169,0.0218,0.5843,21068,0.3094,3809,0,Juda Yuqori,3,0,3,0
Ijara,Toshkent,Eksport,669,38,7,0,0,17116,36,0.0513,0.358,0.2218,0.6644,0.1946,2,0.55,0.0694,0.2844,1,0.1424,0.0654,0.1077,0.0304,0.0499,0.0533,0.1628,18434,0.4145,1244,0,O'rta,1,0,5,0
Musharaka,Samarqand,Qishloq xo'jaligi,647,47,17,2,0,40158,36,0.2175,0.5297,0.3951,0.8692,0.7253,4,0.8982,0.0337,0.1045,1,0.2387,0.0292,0.1202,0.066,0.0909,0.254,0.2601,53258,0.7217,9999,0,Yuqori,2,2,4,2
Musharaka,Buxoro,Xizmat,673,28,2,1,0,37518,12,0.3449,0.5916,0.5502,0.783,0.5419,3,0.6732,0.2507,0.0713,0,0.1988,0.0635,0.0995,0.0447,0.1907,0.0876,0.8398,43987,0.6523,24097,1,Juda Yuqori,3,2,0,5
Murabaha,Samarqand,Ishlab chiqarish,612,59,12,2,0,11630,24,0.1519,0.8789,0.427,0.9522,0.3123,3,0.7192,0.3747,0.0729,0,0.1226,0.0584,0.1192,0.0339,-0.1054,-0.0248,0.6353,13397,0.4729,4025,1,Juda Yuqori,3,1,4,1
Murabaha,Samarqand,Savdo,713,53,19,1,0,29193,12,0.1787,0.8418,0.2176,0.6967,0.2204,2,0.6764,0.1469,0.1215,1,0.098,0.0536,0.0831,0.034,-0.1687,-0.0376,0.2339,31802,0.4766,3545,1,O'rta,1,1,4,4
Sukuk,Buxoro,Savdo,560,42,2,2,0,28930,36,0.0667,0.6752,0.5088,0.8749,0.3009,2,0.699,0.0751,0.1652,1,0.0417,0.044,0.1274,0.0294,-0.0781,-0.0321,0.2452,31824,0.2766,2158,0,O'rta,1,3,0,4
Ijara,Toshkent,Ishlab chiqarish,518,23,20,4,0,91659,60,0.0554,0.524,0.5138,0.8458,0.7519,5,0.7233,0.0476,0.1027,1,0.1495,0.0609,0.1108,0.0391,0.1764,0.1547,0.2069,104347,0.3884,8385,1,O'rta,1,0,5,1
Sukuk,Farg'ona,Qurilish,628,25,5,0,0,11056,24,0.0489,0.6571,0.5497,0.9429,0.6723,3,0.7106,0.1481,0.03,1,0.0743,0.0587,0.1089,0.0377,-0.0281,0.0839,0.1804,11597,0.1456,305,0,O'rta,1,3,1,3
Murabaha,Namangan,Xizmat,618,57,5,2,1,22832,6,0.1657,0.4,0.6525,0.7558,0.811,5,0.7572,0.1232,0.0508,1,0.1172,0.043,0.0768,0.0824,0.1192,0.0296,0.4489,23777,0.4277,4565,1,Yuqori,2,1,2,5
Ijara,Qashqadaryo,Eksport,649,25,15,3,0,4169,36,0.0878,0.5692,0.2944,0.8037,0.7278,2,0.7787,0.3455,0.2112,1,0.07,0.0653,0.0769,0.1077,-0.1415,0.12,0.5204,4718,0.1904,467,0,Juda Yuqori,3,0,3,0
Sukuk,Buxoro,Savdo,718,37,24,4,1,160968,60,0.0971,0.7205,0.3224,0.6787,0.5561,2,0.8366,0.394,0.0598,1,0.0462,0.0408,0.0855,0.0697,-0.1508,0.0694,0.3136,200042,0.2398,15047,0,Yuqori,2,3,0,4
Murabaha,Namangan,Xizmat,821,53,22,2,1,156503,24,0.1639,0.7215,0.306,0.7023,0.1551,4,0.6453,0.1728,0.007,0,0.1017,0.0594,0.099,0.0105,0.0994,0.1091,0.1583,182147,0.3784,10912,1,O'rta,1,1,2,5
Murabaha,Samarqand,Ishlab chiqarish,522,27,3,3,0,1141539,6,0.126,0.8436,0.335,0.7683,0.1332,3,0.7426,0.3758,0.0809,1,0.1088,0.0554,0.0526,0.0573,-0.1813,0.1282,0.4496,1177488,0.6192,327753,1,Yuqori,2,1,4,1
Ijara,Toshkent,Qishloq xo'jaligi,535,39,8,3,0,77938,36,0.0763,0.466,0.7582,0.7572,0.5719,2,0.9107,0.3344,0.1212,1,0.0735,0.0535,0.1052,0.0336,-0.0698,0.0323,0.7467,86857,0.2639,17118,0,Juda Yuqori,3,0,5,2
Musharaka,Buxoro,Qishloq xo'jaligi,571,31,15,3,0,151719,60,0.1475,0.5698,0.2607,0.6193,0.8667,3,0.8094,0.176,0.0951,1,0.2271,0.0628,0.074,0.037,0.1565,-0.0527,0.7267,207673,0.627,94621,1,Juda Yuqori,3,2,0,2
Ijara,Buxoro,Xizmat,726,34,4,1,1,12711,12,0.1213,0.1941,0.2644,0.9079,0.7269,4,0.797,0.0641,0.1568,1,0.1368,0.0445,0.1188,0.1113,0.2837,0.1206,0.0503,13482,0.2456,166,0,Past,0,0,0,5
Murabaha,Samarqand,Xizmat,661,22,11,4,1,22494,36,0.1366,0.7289,0.1752,0.6951,0.5651,4,0.9111,0.1916,0.1467,1,0.0994,0.0607,0.0782,0.0532,0.3048,0.1541,0.2616,27104,0.4448,3154,0,Yuqori,2,1,4,5
Ijara,Toshkent,Xizmat,670,43,1,0,0,37516,60,0.0868,0.3315,0.3863,0.809,0.6459,2,0.6987,0.1859,0.1052,1,0.1064,0.0913,0.1123,0.062,-0.1077,0.0224,0.2317,45653,0.4638,4905,0,O'rta,1,0,5,5
Murabaha,Namangan,Savdo,593,52,8,1,0,158571,60,0.1722,0.2545,0.4494,0.7062,0.2472,3,0.7614,0.1671,0.0636,1,0.1241,0.0378,0.104,0.0057,-0.1295,0.0922,0.1318,226829,0.4684,13999,0,O'rta,1,1,2,4
Murabaha,Toshkent,Ishlab chiqarish,556,44,12,4,2,47606,6,0.0759,0.5394,0.3619,0.8911,0.6696,3,0.5512,0.2926,0.0185,1,0.1328,0.0535,0.0985,0.0321,0.2117,-0.0673,0.8602,48509,0.3704,15455,0,Juda Yuqori,3,1,5,1
Murabaha,Toshkent,Eksport,620,60,15,5,0,7327,60,0.1279,0.5484,0.4992,0.9206,0.5095,2,0.8524,0.2569,0.1412,1,0.1266,0.0411,0.0777,0.0073,-0.0374,0.1049,0.4527,9669,0.4474,1958,0,Juda Yuqori,3,1,5,0
Ijara,Toshkent,Ishlab chiqarish,640,64,9,3,0,74708,36,0.0713,0.5263,0.4281,0.6973,0.1693,3,0.5526,0.1232,0.0686,1,0.0366,0.0294,0.1081,0.0637,-0.0918,-0.0198,0.1444,82696,0.4209,5027,0,O'rta,1,0,5,1
Ijara,Samarqand,Savdo,748,23,21,3,0,34113,60,0.1016,0.7562,0.4109,0.8338,0.7976,3,0.8825,0.3084,0.0255,1,0.1092,0.049,0.0993,0.1011,-0.0376,-0.1109,0.2961,42774,0.3751,4751,0,Yuqori,2,0,4,4
Musharaka,Qashqadaryo,Savdo,686,36,6,4,1,15430,12,0.2001,0.5516,0.0536,0.8535,0.3228,4,0.7768,0.141,0.2634,0,0.1976,0.0827,0.1128,0.0354,0.2462,-0.0314,0.3416,16974,0.6406,3715,1,Yuqori,2,2,3,4
Murabaha,Qashqadaryo,Xizmat,692,43,22,4,0,99468,60,0.0916,0.3343,0.2557,0.7432,0.8625,2,0.7073,0.0294,0.136,1,0.1086,0.0544,0.1048,0.0178,0.207,-0.0747,0.1448,122239,0.5103,9031,1,O'rta,1,1,3,5
Sukuk,Buxoro,Qurilish,621,62,20,1,0,10616,84,0.041,0.6481,0.4762,0.9501,0.8482,4,0.55,0.2868,0.1392,1,0.0794,0.0589,0.1014,0.027,0.0447,0.0473,0.3945,12138,0.248,1187,0,Yuqori,2,3,0,3
Murabaha,Toshkent,Savdo,678,34,24,2,1,132999,12,0.1271,0.6027,0.1124,0.9105,0.8356,4,0.6002,0.2163,0.0749,1,0.1027,0.0464,0.1263,0.0321,0.0524,-0.0073,0.1693,141451,0.4038,9671,0,O'rta,1,1,5,4
Ijara,Samarqand,Qurilish,652,60,16,4,0,9504,24,0.089,0.8921,0.3015,0.8406,0.5854,4,0.8499,0.2301,0.2468,0,0.0821,0.0611,0.0851,0.0732,-0.1231,-0.0015,0.3974,10350,0.322,1324,1,Yuqori,2,0,4,3
Musharaka,Samarqand,Savdo,610,43,13,2,0,17241,84,0.327,0.4616,0.4719,0.8494,0.4627,3,0.55,0.2032,0.4,1,0.2787,0.0543,0.0785,0.0076,-0.1524,0.0722,0.8691,36973,0.514,16516,1,Juda Yuqori,3,2,4,4
Murabaha,Namangan,Qurilish,827,39,23,1,0,19739,36,0.1103,0.8169,0.6328,0.789,0.7256,3,0.9304,0.3735,0.2712,1,0.122,0.0479,0.1048,0.0143,0.2977,-0.0149,0.7313,23005,0.4087,6875,1,Juda Yuqori,3,1,2,3
Musharaka,Farg'ona,Qishloq xo'jaligi,586,53,9,2,1,45553,36,0.2998,0.5205,0.3252,0.7726,0.819,4,0.7282,0.1429,0.091,1,0.2095,0.0647,0.098,0.003,0.2519,-0.0182,0.7027,66036,0.5747,26668,1,Juda Yuqori,3,2,1,2
Murabaha,Qashqadaryo,Ishlab chiqarish,737,46,6,7,1,92107,60,0.1503,0.3433,0.1826,0.6995,0.8956,4,0.7095,0.1855,0.2719,0,0.0948,0.0448,0.1173,0.0259,0.0741,0.0628,0.4975,126710,0.4446,28026,1,Juda Yuqori,3,1,3,1
Ijara,Toshkent,Eksport,625,60,21,4,0,12198,24,0.1232,0.7132,0.2466,0.7811,0.1014,3,0.7875,0.1709,0.085,0,0.0947,0.0345,0.0592,0.0623,0.1683,0.0886,0.084,13702,0.3884,447,0,Past,0,0,5,0
Musharaka,Toshkent,Ishlab chiqarish,611,22,14,3,0,88614,24,0.1935,0.5092,0.3285,0.6984,0.2765,4,0.7347,0.2501,0.239,1,0.2491,0.0561,0.0755,0.0367,-0.2752,0.0376,0.4651,105764,0.7975,39228,0,Juda Yuqori,3,2,5,1
Murabaha,Farg'ona,Savdo,571,55,16,6,0,35909,24,0.1418,0.7233,0.4321,0.872,0.388,4,0.6392,0.0332,0.0844,1,0.1495,0.0644,0.1025,0.0661,-0.2379,-0.0998,0.272,41002,0.6405,7145,0,Yuqori,2,1,1,4
Sukuk,Samarqand,Qurilish,585,43,13,4,2,49317,120,0.0508,0.3984,0.3817,0.9451,0.7542,4,0.55,0.1151,0.0142,1,0.0861,0.0678,0.0818,0.0072,-0.0667,0.0083,0.3526,61853,0.2682,5849,0,Yuqori,2,3,4,3
Murabaha,Namangan,Qurilish,769,34,9,0,0,49167,36,0.1173,0.4643,0.3033,0.3877,0.1045,3,0.5885,0.1345,0.4,1,0.2184,0.0344,0.0896,0.0561,-0.0069,-0.0211,0.436,57821,0.462,11646,0,Yuqori,2,1,2,3
Musharaka,Buxoro,Xizmat,578,56,6,3,0,27232,24,0.2819,0.3847,0.3835,0.7551,0.6422,4,0.9461,0.1044,0.117,1,0.2298,0.0546,0.0974,0.0306,0.0943,0.0249,0.3625,34908,0.5404,6839,1,Yuqori,2,2,0,5
Sukuk,Farg'ona,Xizmat,626,54,13,5,1,8474,120,0.0657,0.4552,0.5871,0.759,0.1786,4,0.7082,0.1935,0.3698,1,0.0317,0.0733,0.0611,0.1177,0.0024,0.017,0.3049,11257,0.1941,666,0,Yuqori,2,3,1,5
Musharaka,Buxoro,Ishlab chiqarish,566,47,6,5,0,137922,120,0.2004,0.5766,0.5445,0.6714,0.3823,5,0.8187,0.1935,0.081,1,0.2191,0.0437,0.1186,0.0757,0.0436,0.0888,0.7026,276090,0.5953,115480,0,Juda Yuqori,3,2,0,1
Murabaha,Qashqadaryo,Eksport,690,22,11,4,2,22910,12,0.0894,0.5805,0.6285,0.7175,0.8876,3,0.777,0.115,0.1365,1,0.1315,0.0286,0.1005,0.004,0.0143,0.0004,0.9134,23934,0.4696,10265,1,Juda Yuqori,3,1,3,0
Sukuk,Farg'ona,Qurilish,629,25,10,2,0,84958,36,0.0672,0.7454,0.2746,0.7741,0.134,3,0.8321,0.1779,0.0456,1,0.1042,0.033,0.0926,0.0084,-0.3715,0.0693,0.0623,93525,0.1682,981,0,Past,0,3,1,3
Musharaka,Namangan,Qurilish,602,22,21,4,0,21486,60,0.3671,0.6766,0.4243,0.7437,0.4382,5,0.8525,0.0969,0.1991,1,0.2376,0.0669,0.0717,0.0031,0.1009,0.1083,0.4233,41207,0.5293,9234,1,Yuqori,2,2,2,3
Murabaha,Farg'ona,Qishloq xo'jaligi,728,60,6,4,0,115436,36,0.0786,0.6368,0.5024,0.7964,0.246,2,0.7741,0.4207,0.0376,1,0.1059,0.0767,0.0943,0.0614,0.1319,0.0443,0.3914,129051,0.5746,29024,0,Yuqori,2,1,1,2
Murabaha,Namangan,Savdo,607,25,18,2,0,8474,6,0.0818,0.5219,0.3076,0.7471,0.4281,2,0.814,0.1262,0.3451,1,0.112,0.0335,0.139,0.0794,-0.1614,0.0986,0.4915,8647,0.3745,1592,0,Juda Yuqori,3,1,2,4
Ijara,Buxoro,Savdo,594,59,15,0,0,148686,24,0.0611,0.6235,0.6165,0.8929,0.6704,5,0.6998,0.057,0.2082,1,0.0931,0.0377,0.0902,0.0529,0.1832,-0.1147,0.2109,157767,0.1687,5614,0,O'rta,1,0,0,4
Musharaka,Toshkent,Eksport,576,60,5,7,1,36311,84,0.1654,0.5412,0.6517,0.6849,0.7145,3,0.8899,0.1036,0.1128,1,0.2171,0.0469,0.1007,0.0612,-0.0048,0.0909,0.9145,57335,0.5676,29761,1,Juda Yuqori,3,2,5,0
Musharaka,Toshkent,Ishlab chiqarish,662,54,2,3,0,136493,24,0.3595,0.5893,0.6144,0.8087,0.7105,3,0.6936,0.1401,0.094,0,0.241,0.0399,0.1059,0.074,0.0799,0.0751,0.8834,185564,0.644,105564,1,Juda Yuqori,3,2,5,1
Sukuk,Qashqadaryo,Eksport,403,58,20,1,0,16638,60,0.0828,0.5905,0.1497,0.8857,0.1133,2,0.5803,0.2091,0.0183,1,0.0785,0.0639,0.0989,0.0553,-0.2337,0.0765,0.1655,20082,0.2506,833,0,O'rta,1,3,3,0
Ijara,Toshkent,Qurilish,717,31,10,1,0,276331,24,0.0664,0.8285,0.3046,0.6203,0.7637,2,0.9435,0.0289,0.0365,1,0.0996,0.0809,0.098,0.0813,0.0618,0.2105,0.2409,294690,0.4001,28402,0,O'rta,1,0,5,3
Murabaha,Samarqand,Qurilish,649,54,10,3,0,94837,24,0.099,0.4132,0.4804,0.6942,0.4354,3,0.5908,0.0257,0.1374,1,0.1421,0.0359,0.0809,0.042,0.1244,0.0039,0.1959,104230,0.3829,7818,0,O'rta,1,1,4,3
Murabaha,Toshkent,Xizmat,638,46,20,3,1,16711,36,0.1139,0.4742,0.3999,0.7717,0.1906,4,0.7757,0.2628,0.2032,0,0.0895,0.0771,0.1059,0.0287,-0.0069,0.1685,0.3724,19567,0.361,2631,1,Yuqori,2,1,5,5
Murabaha,Farg'ona,Savdo,690,30,3,0,0,30909,6,0.0704,0.5768,0.4749,0.4778,0.2939,4,0.8195,0.0476,0.0791,1,0.1075,0.0257,0.0717,0.053,-0.0854,0.1233,0.1008,31453,0.4974,1577,0,O'rta,1,1,1,4
Ijara,Buxoro,Qishloq xo'jaligi,652,44,2,0,0,4323,84,0.1012,0.2799,0.4239,0.3476,0.6903,3,0.7279,0.1439,0.4,1,0.1,0.0442,0.1177,0.0162,-0.3112,-0.0167,0.6167,5854,0.3771,1361,1,Juda Yuqori,3,0,0,2
Murabaha,Toshkent,Eksport,668,57,6,3,0,208033,24,0.1111,0.7967,0.4032,0.8565,0.5749,4,0.8083,0.3686,0.0953,1,0.1213,0.0765,0.0942,0.0459,-0.0049,0.1401,0.3986,231139,0.3238,29825,0,Yuqori,2,1,5,0
Musharaka,Farg'ona,Qishloq xo'jaligi,635,54,5,4,0,25521,36,0.351,0.7518,0.1136,0.8307,0.7171,3,0.8845,0.2835,0.0148,1,0.2384,0.0607,0.0882,0.0585,-0.0261,-0.0316,0.4552,38958,0.6108,10832,1,Juda Yuqori,3,2,1,2
Ijara,Qashqadaryo,Savdo,844,22,8,2,0,3543107,36,0.0609,0.4357,0.1472,0.7478,0.206,3,0.7164,0.4665,0.2109,1,0.1334,0.0416,0.0941,0.0751,0.3869,0.0462,0.0915,3866673,0.1776,62826,0,Past,0,0,3,4
Sukuk,Qashqadaryo,Qishloq xo'jaligi,799,23,3,2,0,183712,84,0.0647,0.6877,0.2519,0.771,0.2053,3,0.5702,0.2611,0.3552,1,0.0637,0.0493,0.1084,0.0212,-0.3297,0.2802,0.1012,225342,0.2656,6059,0,O'rta,1,3,3,2
Murabaha,Farg'ona,Qishloq xo'jaligi,801,42,19,1,0,50697,12,0.1538,0.7082,0.6941,0.6368,0.8097,3,0.8982,0.0643,0.0558,1,0.1146,0.0558,0.0908,0.0347,-0.1056,0.0878,0.3834,54595,0.4762,9969,0,Yuqori,2,1,1,2
Ijara,Samarqand,Ishlab chiqarish,645,63,22,1,0,26198,12,0.1188,0.8227,0.24,0.8219,0.2664,1,0.8659,0.1666,0.0954,1,0.1307,0.0579,0.1217,0.061,-0.0476,0.055,0.2456,27754,0.5057,3447,0,O'rta,1,0,4,1
Murabaha,Namangan,Eksport,674,30,7,1,0,9531,60,0.1013,0.7405,0.595,0.4202,0.6364,3,0.8857,0.1276,0.2688,1,0.0728,0.0618,0.116,0.0552,-0.2585,0.0119,0.712,11945,0.4797,4080,1,Juda Yuqori,3,1,2,0
Ijara,Farg'ona,Savdo,585,23,12,1,1,47400,84,0.0835,0.4107,0.2921,0.9224,0.7992,5,0.5967,0.2583,0.0378,1,0.0991,0.0419,0.0984,0.0896,-0.096,0.1488,0.2279,61247,0.234,3265,0,O'rta,1,0,1,4
Murabaha,Toshkent,Eksport,637,39,22,1,0,68242,36,0.0979,0.4732,0.4209,0.7238,0.5651,2,0.55,0.2418,0.0625,1,0.1147,0.0591,0.0718,0.0508,0.2825,0.2103,0.5588,78264,0.5229,22868,1,Juda Yuqori,3,1,5,0
Murabaha,Samarqand,Savdo,527,61,16,5,0,210903,60,0.1732,0.5509,0.3646,0.7074,0.5334,2,0.7613,0.1984,0.0379,1,0.1413,0.0617,0.0823,0.042,0.4068,-0.0174,0.4944,302200,0.4164,62205,0,Juda Yuqori,3,1,4,4
Ijara,Samarqand,Savdo,584,48,22,2,0,152124,12,0.1117,0.7625,0.2722,0.8377,0.3691,3,0.8077,0.0415,0.1787,1,0.0827,0.0322,0.0729,0.0174,0.0947,0.1652,0.1265,160623,0.197,4002,0,O'rta,1,0,4,4
Murabaha,Qashqadaryo,Savdo,683,54,22,4,0,73260,6,0.1215,0.6301,0.4158,0.7867,0.8491,2,0.7832,0.3061,0.1008,1,0.1013,0.0617,0.1127,0.0699,0.0051,0.072,0.6207,75485,0.5794,27149,1,Juda Yuqori,3,1,3,4
Murabaha,Buxoro,Eksport,435,22,1,3,0,161632,60,0.1734,0.5591,0.3601,0.7589,0.7393,3,0.5908,0.3814,0.0057,1,0.152,0.048,0.0801,0.0722,-0.027,0.0611,0.8211,231697,0.6609,125740,1,Juda Yuqori,3,1,0,0
Ijara,Toshkent,Qurilish,690,45,23,3,0,6746,60,0.0777,0.5134,0.4944,0.8018,0.765,4,0.7998,0.2038,0.162,1,0.0832,0.0377,0.1045,0.0426,0.2394,0.1631,0.1802,8056,0.2315,336,0,O'rta,1,0,5,3
Ijara,Qashqadaryo,Qurilish,596,24,17,3,1,26653,36,0.0816,0.6025,0.6022,0.7495,0.1295,2,0.6258,0.0803,0.3005,1,0.0863,0.0611,0.1025,0.0504,-0.0647,0.0012,0.7521,29914,0.4032,9070,0,Juda Yuqori,3,0,3,3
Ijara,Toshkent,Xizmat,602,51,24,1,0,157986,60,0.0583,0.58,0.5165,0.8373,0.5676,5,0.7312,0.5,0.0718,0,0.1165,0.0565,0.0994,0.0928,-0.2509,0.0506,0.5926,181005,0.4328,46427,1,Juda Yuqori,3,0,5,5
Ijara,Buxoro,Xizmat,662,24,12,3,0,18908,24,0.0879,0.561,0.2038,0.6131,0.3053,5,0.8652,0.1868,0.1127,1,0.102,0.0395,0.0694,0.006,0.1148,-0.0066,0.0308,20570,0.4448,282,0,Past,0,0,0,5
Musharaka,Samarqand,Ishlab chiqarish,629,24,22,1,0,61882,120,0.3319,0.4566,0.4797,0.5696,0.1359,2,0.8666,0.0446,0.0957,1,0.2248,0.0542,0.1228,0.0637,0.3077,0.0327,0.4429,164585,0.5458,39787,1,Yuqori,2,2,4,1
Murabaha,Namangan,Qishloq xo'jaligi,692,60,24,3,0,41750,60,0.1073,0.4519,0.1267,0.705,0.4953,2,0.8127,0.1203,0.0207,1,0.1126,0.0426,0.0852,0.0398,-0.1312,0.0634,0.0628,52953,0.4008,1333,1,Past,0,1,2,2
Murabaha,Toshkent,Savdo,594,27,5,0,0,4608,60,0.0757,0.4693,0.2548,0.7515,0.1811,2,0.7156,0.4502,0.1042,1,0.1219,0.0644,0.0662,0.0307,0.2637,-0.1143,0.4287,5480,0.5454,1281,0,Yuqori,2,1,5,4
Murabaha,Qashqadaryo,Eksport,653,37,23,8,1,95499,24,0.1128,0.3005,0.3235,0.5012,0.4699,3,0.7678,0.0819,0.0222,1,0.1129,0.0477,0.121,0.0525,0.0891,0.1268,0.2564,106275,0.3721,10139,0,Yuqori,2,1,3,0
Sukuk,Qashqadaryo,Savdo,820,28,17,2,0,53720,120,0.0774,0.4422,0.2035,0.6767,0.6292,3,0.811,0.4379,0.0821,1,0.1106,0.0507,0.1392,0.0031,0.0022,-0.0252,0.0783,74522,0.321,1873,0,Past,0,3,3,4
Musharaka,Namangan,Ishlab chiqarish,578,49,21,2,0,74911,84,0.2417,0.3687,0.4933,0.7604,0.7648,4,0.7069,0.3066,0.2394,1,0.1951,0.0486,0.1179,0.106,0.2165,0.1428,0.8023,138269,0.5343,59272,1,Juda Yuqori,3,2,2,1
Murabaha,Samarqand,Eksport,712,26,13,6,0,14544,24,0.1526,0.5439,0.2936,0.8351,0.6651,3,0.7713,0.3453,0.0253,1,0.1003,0.0672,0.0805,0.0481,-0.0466,0.1202,0.1093,16764,0.5493,1007,0,O'rta,1,1,4,0
Musharaka,Qashqadaryo,Eksport,575,61,11,1,0,177228,120,0.1279,0.4768,0.3493,0.787,0.7315,2,0.9167,0.0452,0.0064,1,0.2372,0.0685,0.115,0.0269,0.053,0.1486,0.4456,290564,0.5873,76042,0,Yuqori,2,2,3,0
Sukuk,Farg'ona,Qishloq xo'jaligi,774,35,6,1,0,135119,60,0.0589,0.4775,0.2347,0.801,0.2245,2,0.6859,0.1821,0.387,1,0.0088,0.0369,0.0911,0.0184,-0.1047,0.1512,0.0732,155006,0.2244,2546,0,Past,0,3,1,2
Murabaha,Toshkent,Ishlab chiqarish,690,50,13,1,0,78564,6,0.1778,0.6043,0.2041,0.5514,0.128,2,0.9305,0.0403,0.0105,1,0.0999,0.048,0.0832,0.0672,0.0073,0.1639,0.0485,82057,0.5206,2072,0,Past,0,1,5,1
Musharaka,Namangan,Xizmat,720,28,12,3,0,90066,36,0.1963,0.8122,0.5546,0.6549,0.7188,2,0.7915,0.3496,0.1991,0,0.2641,0.0647,0.0666,0.0992,-0.0933,0.0592,0.9798,116585,0.7274,83094,1,Juda Yuqori,3,2,2,5
Musharaka,Namangan,Ishlab chiqarish,560,34,14,2,0,75683,60,0.3138,0.8373,0.3675,0.5911,0.513,4,0.8467,0.3293,0.3034,1,0.1964,0.0505,0.0749,0.0679,0.0965,0.1148,0.8882,135058,0.6656,79847,1,Juda Yuqori,3,2,2,1
Musharaka,Farg'ona,Savdo,585,35,13,3,0,49102,24,0.1728,0.6454,0.5837,0.9138,0.7242,4,0.8929,0.0579,0.4,1,0.2604,0.0598,0.0999,0.0367,-0.0825,0.045,0.7925,57587,0.6566,29966,1,Juda Yuqori,3,2,1,4
Murabaha,Namangan,Eksport,752,59,20,0,0,24206,60,0.1231,0.2688,0.1828,0.4175,0.4735,5,0.55,0.1815,0.135,1,0.1154,0.0924,0.0962,0.0865,0.1048,-0.0034,0.0575,31654,0.4454,811,0,Past,0,1,2,0
Sukuk,Qashqadaryo,Eksport,632,22,24,2,0,151443,120,0.0754,0.5687,0.0614,0.8874,0.4878,3,0.7716,0.1527,0.0429,1,0.0302,0.0404,0.1036,0.0116,0.0963,0.1708,0.0181,208562,0.2962,1117,0,Past,0,3,3,0
Sukuk,Namangan,Savdo,703,46,8,4,0,37109,36,0.049,0.4449,0.1764,0.7499,0.1768,1,0.7422,0.3428,0.1196,1,0.0475,0.0599,0.1067,0.0111,0.0785,-0.0118,0.0906,39834,0.3262,1177,1,Past,0,3,2,4
Musharaka,Samarqand,Xizmat,560,33,5,2,1,522162,60,0.227,0.6784,0.2979,0.7447,0.7299,3,0.7729,0.1748,0.1223,0,0.2398,0.0708,0.0746,0.0444,0.0099,-0.0647,0.9342,818427,0.6093,465840,1,Juda Yuqori,3,2,4,5
Ijara,Qashqadaryo,Qishloq xo'jaligi,685,55,17,3,0,144906,60,0.1172,0.558,0.05,0.5888,0.26,5,0.7276,0.0732,0.3421,1,0.0808,0.0536,0.1098,0.0166,0.1624,0.1119,0.0351,187376,0.3252,2141,0,Past,0,0,3,2
Sukuk,Qashqadaryo,Xizmat,758,58,7,0,0,36723,84,0.0471,0.4349,0.3955,0.8257,0.6917,2,0.6584,0.0731,0.0387,1,0.0952,0.0599,0.0668,0.0093,-0.0247,0.0574,0.0611,42775,0.3068,802,0,Past,0,3,3,5
Ijara,Toshkent,Eksport,628,54,16,3,0,268212,12,0.0781,0.525,0.1724,0.8681,0.3847,3,0.8162,0.2114,0.1365,1,0.0679,0.0332,0.1369,0.1107,-0.2203,0.0601,0.0458,278686,0.6155,7860,0,Past,0,0,5,0
Murabaha,Buxoro,Qishloq xo'jaligi,604,53,10,1,0,9408,24,0.1543,0.6702,0.05,0.4306,0.264,4,0.8012,0.3144,0.4,1,0.0972,0.0507,0.0989,0.0539,0.214,-0.0084,0.3668,10859,0.2595,1034,0,Yuqori,2,1,0,2
Musharaka,Farg'ona,Ishlab chiqarish,699,34,22,2,1,25599,120,0.2669,0.5799,0.214,0.6127,0.6499,3,0.773,0.0317,0.0155,0,0.2779,0.0687,0.1095,0.0447,-0.105,0.0692,0.652,59757,0.5009,19515,0,Juda Yuqori,3,2,1,1
Musharaka,Samarqand,Savdo,742,59,5,5,0,63472,12,0.3257,0.532,0.2957,0.8726,0.2189,2,0.7319,0.0775,0.2067,1,0.2324,0.0508,0.1049,0.0727,-0.1052,0.077,0.2786,73807,0.6239,12829,0,Yuqori,2,2,4,4
Musharaka,Samarqand,Eksport,732,62,18,2,0,39214,36,0.272,0.4118,0.2583,0.783,0.6873,3,0.8246,0.11,0.2553,0,0.2181,0.0462,0.093,0.0057,0.1701,0.0927,0.4811,55216,0.5688,15110,0,Juda Yuqori,3,2,4,0
Ijara,Namangan,Eksport,693,60,9,3,0,123250,36,0.0696,0.3593,0.6307,0.685,0.6718,2,0.7387,0.0623,0.0226,1,0.0726,0.0618,0.1439,0.038,0.2154,-0.0837,0.2497,136113,0.4536,15417,1,O'rta,1,0,2,0
Sukuk,Qashqadaryo,Qishloq xo'jaligi,530,36,6,2,0,104454,84,0.0762,0.4731,0.2794,0.7125,0.6133,5,0.8379,0.1788,0.0146,1,0.1228,0.07,0.1142,0.0708,-0.0217,-0.0241,0.0734,132307,0.1443,1403,1,Past,0,3,3,2
Sukuk,Namangan,Eksport,612,29,9,2,0,65366,120,0.0858,0.6531,0.1011,0.746,0.6498,3,0.8997,0.2172,0.4,1,0.1046,0.0549,0.1254,0.0669,0.1114,0.1183,0.3128,93403,0.3651,10666,0,Yuqori,2,3,2,0
Musharaka,Buxoro,Xizmat,533,29,15,4,0,66926,84,0.2593,0.4832,0.41,0.652,0.4004,3,0.55,0.2791,0.0881,1,0.2973,0.0462,0.1093,0.0403,0.142,-0.0685,0.8927,127664,0.6474,73778,1,Juda Yuqori,3,2,0,5
Murabaha,Buxoro,Xizmat,659,46,6,0,0,55109,12,0.0835,0.2758,0.6771,0.5827,0.122,3,0.7949,0.3826,0.4,1,0.0974,0.0538,0.1251,0.0136,0.1895,-0.0069,0.6379,57411,0.4474,16387,1,Juda Yuqori,3,1,0,5
Sukuk,Buxoro,Eksport,689,64,10,1,0,44624,24,0.0626,0.8058,0.4189,0.8829,0.4458,2,0.8776,0.2751,0.1224,1,0.1038,0.0819,0.0826,0.0727,0.123,0.1141,0.2397,47418,0.2882,3277,0,O'rta,1,3,0,0
Ijara,Namangan,Ishlab chiqarish,664,39,9,1,0,30970,60,0.0915,0.3264,0.3529,0.7563,0.6918,2,0.8268,0.3266,0.0946,0,0.0686,0.0386,0.122,0.0841,-0.0539,0.0758,0.3526,38055,0.3728,5002,1,Yuqori,2,0,2,1
Murabaha,Samarqand,Ishlab chiqarish,714,26,13,3,0,16463,36,0.0816,0.3921,0.4088,0.77,0.7569,2,0.7161,0.1159,0.1576,1,0.1479,0.0474,0.1019,0.0335,-0.0664,-0.0664,0.3283,18479,0.3464,2101,1,Yuqori,2,1,4,1
Sukuk,Namangan,Savdo,625,36,22,5,0,79818,120,0.0946,0.607,0.2422,0.8093,0.4078,2,0.8879,0.019,0.0353,1,0.116,0.0743,0.1172,0.0489,0.0482,0.1413,0.0688,117581,0.2814,2278,0,Past,0,3,2,4
Sukuk,Qashqadaryo,Eksport,605,25,2,4,0,64275,84,0.0469,0.2984,0.4631,0.7211,0.6479,2,0.9601,0.2359,0.166,1,0.0764,0.0629,0.0581,0.0452,-0.1596,0.0423,0.181,74833,0.2275,3081,0,O'rta,1,3,3,0
Musharaka,Toshkent,Qurilish,674,56,23,1,0,19174,120,0.3289,0.4437,0.1494,0.8372,0.1096,3,0.5695,0.2777,0.2313,1,0.1969,0.0512,0.102,0.0764,-0.4166,-0.067,0.2935,50709,0.6204,9231,1,Yuqori,2,2,5,3
Musharaka,Qashqadaryo,Xizmat,498,56,18,4,0,27786,60,0.1376,0.7008,0.602,0.8363,0.8421,3,0.8648,0.094,0.1264,1,0.2339,0.0317,0.0867,0.0548,0.0586,0.012,0.9057,37348,0.6106,20654,1,Juda Yuqori,3,2,3,5
Murabaha,Qashqadaryo,Qurilish,555,26,16,3,1,84364,6,0.1552,0.8187,0.5381,0.7342,0.6268,1,0.55,0.4543,0.0621,1,0.1072,0.0681,0.1503,0.0538,-0.069,0.0494,0.9919,87638,0.4441,38601,1,Juda Yuqori,3,1,3,3
Murabaha,Qashqadaryo,Eksport,699,35,13,2,0,49562,12,0.135,0.8246,0.3828,0.7671,0.6835,3,0.7468,0.2214,0.0941,1,0.1308,0.0552,0.0903,0.0057,-0.0636,0.0325,0.454,52907,0.5564,13364,0,Juda Yuqori,3,1,3,0
Murabaha,Namangan,Qishloq xo'jaligi,650,64,9,3,0,127508,36,0.1722,0.3872,0.5341,0.8231,0.5009,3,0.8485,0.2109,0.0573,1,0.1622,0.0759,0.0975,0.0445,0.0553,0.0231,0.1959,160439,0.4252,13364,1,O'rta,1,1,2,2
Ijara,Toshkent,Qishloq xo'jaligi,684,58,22,2,0,57034,24,0.1263,0.2375,0.338,0.447,0.2174,2,0.5793,0.1684,0.0353,0,0.053,0.0616,0.1024,0.0285,0.1092,0.0384,0.1568,64235,0.3702,3730,0,O'rta,1,0,5,2
Murabaha,Buxoro,Savdo,754,49,21,1,0,45333,6,0.1373,0.5573,0.4252,0.9786,0.6073,4,0.8642,0.3954,0.0272,1,0.118,0.0582,0.0761,0.0681,-0.0095,0.1872,0.0718,46890,0.4593,1547,0,Past,0,1,0,4
Murabaha,Buxoro,Xizmat,481,45,18,1,0,5567,24,0.1256,0.5187,0.2355,0.6118,0.57,3,0.8067,0.4417,0.1461,0,0.0949,0.033,0.1061,0.0159,-0.2139,0.1366,0.7901,6266,0.466,2307,1,Juda Yuqori,3,1,0,5
Murabaha,Farg'ona,Savdo,732,27,19,3,1,32654,12,0.1223,0.5365,0.3905,0.7401,0.2947,3,0.9336,0.5,0.1799,1,0.145,0.0669,0.1181,0.0276,-0.1517,0.0719,0.6289,34650,0.5181,11291,0,Juda Yuqori,3,1,1,4
Musharaka,Namangan,Xizmat,588,24,23,4,0,8623,24,0.1613,0.3907,0.2617,0.6693,0.1092,2,0.9686,0.3547,0.234,1,0.2528,0.0636,0.0631,0.0675,-0.1099,-0.0326,0.6234,10014,0.6414,4004,0,Juda Yuqori,3,2,2,5
Sukuk,Buxoro,Eksport,636,27,24,4,0,9808,84,0.0451,0.735,0.1898,0.8355,0.8316,3,0.9683,0.1071,0.1948,1,0.1093,0.0646,0.0655,0.0891,0.0051,0.122,0.1258,11356,0.3448,493,0,O'rta,1,3,0,0
Murabaha,Buxoro,Qishloq xo'jaligi,778,59,19,0,0,9216,24,0.1573,0.4785,0.3704,0.6033,0.2914,3,0.7833,0.0698,0.1638,1,0.1075,0.0652,0.0885,0.0843,0.2742,-0.0984,0.1039,10666,0.4156,460,0,O'rta,1,1,0,2
Murabaha,Toshkent,Ishlab chiqarish,568,41,18,3,0,22409,12,0.0902,0.4255,0.6892,0.7957,0.6158,2,0.8769,0.1772,0.2282,1,0.1177,0.04,0.0631,0.0538,0.1578,0.1012,0.7392,23419,0.3496,6053,1,Juda Yuqori,3,1,5,1
Ijara,Qashqadaryo,Ishlab chiqarish,641,53,8,5,0,85623,12,0.0567,0.8186,0.5805,0.7326,0.6884,4,0.7256,0.3382,0.2656,0,0.1268,0.059,0.1055,0.0673,0.0136,0.121,0.8349,88050,0.4197,30854,1,Juda Yuqori,3,0,3,1
Musharaka,Toshkent,Savdo,605,33,2,2,0,29149,84,0.324,0.4316,0.7237,0.7418,0.1169,3,0.55,0.0764,0.1653,1,0.2521,0.0591,0.0891,0.0394,0.1883,0.1495,0.6957,62207,0.5266,22791,1,Juda Yuqori,3,2,5,4
Murabaha,Buxoro,Qurilish,525,47,22,0,0,34180,6,0.0829,0.4229,0.4062,0.6168,0.8937,3,0.8958,0.0966,0.1254,1,0.1262,0.0552,0.0814,0.0742,-0.0042,0.0612,0.6142,34889,0.471,10092,1,Juda Yuqori,3,1,0,3
Musharaka,Namangan,Qishloq xo'jaligi,717,30,12,4,1,43511,36,0.201,0.5767,0.2589,0.7724,0.3318,3,0.8893,0.0622,0.3312,1,0.1999,0.0588,0.0923,0.0063,0.145,-0.0447,0.4299,56630,0.534,13000,1,Yuqori,2,2,2,2
Murabaha,Namangan,Ishlab chiqarish,768,60,10,5,2,37231,6,0.1352,0.3828,0.3598,0.7626,0.6431,4,0.6562,0.1539,0.0982,1,0.1126,0.0686,0.1013,0.0486,0.0492,-0.0234,0.408,38489,0.4482,7037,0,Yuqori,2,1,2,1
Murabaha,Samarqand,Savdo,646,42,15,6,0,34879,12,0.0911,0.4829,0.2585,0.8015,0.4157,3,0.7245,0.4047,0.1124,1,0.1277,0.0509,0.0884,0.0679,-0.2625,0.1905,0.3031,36468,0.418,4621,0,Yuqori,2,1,4,4
Musharaka,Namangan,Savdo,791,50,22,0,0,106416,36,0.127,0.8531,0.2323,0.6719,0.88,3,0.9302,0.3532,0.1652,1,0.2335,0.063,0.0692,0.0426,-0.0039,0.161,0.7268,126682,0.5648,51999,1,Juda Yuqori,3,2,2,4
Murabaha,Namangan,Xizmat,537,39,15,1,0,167993,24,0.1605,0.4726,0.2501,0.8108,0.212,1,0.9486,0.1274,0.138,1,0.1007,0.051,0.082,0.0693,0.1468,0.1408,0.1655,194949,0.5423,17501,0,O'rta,1,1,2,5
Sukuk,Namangan,Eksport,530,41,14,4,1,300770,84,0.0785,0.6668,0.3694,0.698,0.5268,2,0.7399,0.1518,0.1222,1,0.0896,0.073,0.0617,0.0936,-0.1073,0.0641,0.5741,383361,0.3048,67085,0,Juda Yuqori,3,3,2,0
Murabaha,Farg'ona,Ishlab chiqarish,850,26,8,2,0,96325,24,0.0944,0.584,0.3611,0.8749,0.1767,3,0.942,0.0649,0.0603,1,0.1327,0.052,0.0866,0.0853,0.24,-0.0309,0.0221,105416,0.4428,1033,0,Past,0,1,1,1
Musharaka,Namangan,Qurilish,684,62,7,1,0,53085,12,0.183,0.8731,0.5298,0.809,0.5084,5,0.9006,0.1954,0.1005,1,0.2612,0.0444,0.108,0.0481,0.0552,0.0204,0.4845,57941,0.4882,13705,1,Juda Yuqori,3,2,2,3
Musharaka,Toshkent,Qurilish,626,59,1,2,0,12235,24,0.3654,0.3282,0.2913,0.8749,0.8341,3,0.7921,0.2473,0.2301,1,0.2144,0.0438,0.061,0.0304,-0.1649,0.0899,0.4824,16705,0.6221,5014,1,Juda Yuqori,3,2,5,3
Murabaha,Farg'ona,Qurilish,679,40,21,2,0,90003,24,0.1626,0.5046,0.5525,0.746,0.1709,5,0.7438,0.1955,0.109,1,0.1407,0.0534,0.0972,0.021,-0.0137,-0.0737,0.1337,104637,0.4063,5684,0,O'rta,1,1,1,3
Ijara,Buxoro,Qurilish,512,39,2,2,0,303308,24,0.0794,0.1688,0.4416,0.7812,0.5623,3,0.5764,0.1786,0.0792,0,0.0852,0.0657,0.094,0.027,0.468,0.0131,0.4013,327380,0.4055,53277,1,Yuqori,2,0,0,3
Murabaha,Farg'ona,Qurilish,575,51,19,2,0,26649,6,0.0804,0.311,0.5564,0.7525,0.7888,2,0.7798,0.2421,0.0287,1,0.1413,0.0529,0.0953,0.0707,0.1267,-0.0599,0.611,27185,0.4879,8104,0,Juda Yuqori,3,1,1,3
Sukuk,Farg'ona,Eksport,700,47,6,3,0,37485,120,0.0697,0.6867,0.5719,0.4926,0.2717,3,0.901,0.2806,0.0813,1,0.0901,0.0472,0.117,0.004,0.3049,-0.0077,0.3597,50542,0.223,4054,0,Yuqori,2,3,1,0
Murabaha,Qashqadaryo,Qurilish,580,57,5,3,0,21719,12,0.173,0.4597,0.32,0.7214,0.3791,2,0.6598,0.0149,0.0291,1,0.142,0.0657,0.061,0.0286,-0.0835,0.0227,0.1257,23598,0.4861,1442,0,O'rta,1,1,3,3
Murabaha,Toshkent,Xizmat,596,64,17,3,0,23714,6,0.0972,0.6064,0.4977,0.6896,0.1149,3,0.7431,0.1649,0.1512,1,0.1311,0.0581,0.0947,0.0217,-0.134,0.1433,0.3769,24291,0.609,5575,0,Yuqori,2,1,5,5
Murabaha,Toshkent,Ishlab chiqarish,727,58,6,1,0,220578,36,0.0852,0.7281,0.4329,0.8676,0.5643,4,0.6131,0.2215,0.2976,1,0.1273,0.0806,0.0873,0.0092,-0.1432,0.0374,0.361,248753,0.5801,52090,1,Yuqori,2,1,5,1
Sukuk,Buxoro,Ishlab chiqarish,519,57,5,4,1,76520,60,0.096,0.7514,0.4956,0.734,0.8439,3,0.7608,0.2907,0.2569,1,0.0677,0.0563,0.0928,0.063,-0.0366,0.1031,0.8758,94889,0.1941,16130,1,Juda Yuqori,3,3,0,1
Musharaka,Buxoro,Qurilish,602,31,2,3,2,95673,84,0.2041,0.7321,0.5931,0.6339,0.7929,3,0.8192,0.1748,0.1529,1,0.223,0.0478,0.075,0.0961,-0.1249,-0.0819,0.9832,164016,0.5882,94846,1,Juda Yuqori,3,2,0,3
Musharaka,Samarqand,Qurilish,721,33,23,2,0,74644,24,0.1566,0.8272,0.1371,0.5718,0.3567,4,0.8239,0.123,0.2835,0,0.2752,0.0457,0.1096,0.064,-0.2334,-0.0221,0.5817,86330,0.4843,24320,0,Juda Yuqori,3,2,4,3
Murabaha,Buxoro,Qurilish,645,44,11,0,0,8819,36,0.0956,0.1871,0.5741,0.6381,0.4896,2,0.7732,0.0535,0.0322,1,0.1351,0.0793,0.1145,0.0594,0.3783,-0.0036,0.2376,10083,0.4711,1129,0,O'rta,1,1,0,3
Ijara,Samarqand,Eksport,732,36,6,1,0,39191,84,0.1169,0.3748,0.5141,0.7249,0.1812,4,0.8491,0.2275,0.0157,1,0.0849,0.0383,0.1662,0.0243,0.1247,0.1121,0.0736,55225,0.408,1657,0,Past,0,0,4,0
Murabaha,Farg'ona,Qurilish,541,63,1,1,0,24705,60,0.1504,0.3217,0.4292,0.6404,0.8449,3,0.7661,0.167,0.329,1,0.0906,0.0661,0.0756,0.0266,-0.06,-0.0291,0.4913,33995,0.5065,8459,1,Juda Yuqori,3,1,1,3
Sukuk,Farg'ona,Savdo,625,28,2,5,0,10954,120,0.0839,0.6138,0.3176,0.7119,0.2847,4,0.8589,0.1382,0.1291,0,0.0849,0.0715,0.1168,0.0928,0.042,0.0494,0.0887,15552,0.3244,447,0,Past,0,3,1,4
Murabaha,Toshkent,Qishloq xo'jaligi,694,30,18,3,0,86014,36,0.0892,0.6333,0.4041,0.7385,0.1947,2,0.7368,0.0879,0.1673,0,0.1098,0.0493,0.1162,0.0289,-0.0081,0.0974,0.3171,97522,0.4971,15374,1,Yuqori,2,1,5,2
Murabaha,Farg'ona,Eksport,754,36,5,1,0,62228,12,0.1701,0.3744,0.1374,0.6571,0.3521,4,0.8565,0.3392,0.3176,1,0.0852,0.0334,0.1034,0.049,-0.0599,-0.03,0.0899,67519,0.5292,3213,0,Past,0,1,1,0
Murabaha,Toshkent,Xizmat,779,50,5,4,1,319398,24,0.0913,0.3396,0.5987,0.8976,0.7312,5,0.9208,0.0614,0.053,1,0.1265,0.0644,0.1072,0.0499,-0.1322,0.0448,0.0916,348549,0.5103,16297,0,Past,0,1,5,5
Musharaka,Samarqand,Qishloq xo'jaligi,591,40,13,3,0,471800,120,0.1688,0.8238,0.2503,0.9516,0.29,3,0.9153,0.1764,0.0808,1,0.2364,0.0489,0.1008,0.042,0.1882,-0.0331,0.3433,870099,0.6617,197669,0,Yuqori,2,2,4,2
Musharaka,Qashqadaryo,Ishlab chiqarish,737,50,11,2,0,52212,120,0.3494,0.7846,0.2559,0.5713,0.3862,4,0.6023,0.1964,0.0538,0,0.2488,0.0347,0.0731,0.0794,0.1207,-0.0034,0.6107,143438,0.5264,46116,0,Juda Yuqori,3,2,3,1
Murabaha,Namangan,Xizmat,627,35,3,7,0,42209,6,0.1003,0.6883,0.4059,0.8728,0.3505,3,0.5985,0.1238,0.0521,1,0.1393,0.0593,0.1075,0.0567,-0.0272,0.112,0.2136,43268,0.2861,2644,0,O'rta,1,1,2,5
Ijara,Namangan,Ishlab chiqarish,737,33,23,3,0,29608,24,0.1074,0.5809,0.4668,0.6781,0.4417,4,0.734,0.2895,0.2082,1,0.0542,0.0194,0.119,0.0234,-0.1628,-0.0052,0.1973,32789,0.3025,1957,0,O'rta,1,0,2,1
Musharaka,Farg'ona,Qishloq xo'jaligi,677,57,23,3,1,25593,60,0.1754,0.4875,0.626,0.766,0.5987,3,0.876,0.1638,0.3954,1,0.2627,0.0595,0.1091,0.0504,-0.0842,-0.0981,0.9387,36814,0.5903,20398,1,Juda Yuqori,3,2,1,2
Musharaka,Farg'ona,Qishloq xo'jaligi,564,22,11,1,0,11689,12,0.1245,0.8025,0.4645,0.7327,0.386,4,0.8913,0.1262,0.0357,1,0.2275,0.0635,0.092,0.1024,0.0571,-0.0298,0.5073,12417,0.7333,4619,0,Juda Yuqori,3,2,1,2
Musharaka,Buxoro,Qurilish,826,40,10,1,0,152176,36,0.2638,0.7608,0.2271,0.5954,0.5905,3,0.9337,0.306,0.1243,1,0.2772,0.0437,0.0733,0.0695,0.0272,0.0305,0.5815,212388,0.6157,76043,1,Juda Yuqori,3,2,0,3
Murabaha,Farg'ona,Xizmat,801,60,24,2,0,30748,36,0.092,0.694,0.207,0.9321,0.1915,2,0.8108,0.2021,0.0478,1,0.0884,0.0367,0.0937,0.0364,-0.0783,0.1688,0.0357,34990,0.3223,403,0,Past,0,1,1,5
Musharaka,Farg'ona,Qurilish,768,43,18,4,1,69391,84,0.3325,0.3473,0.415,0.6924,0.1478,2,0.7676,0.3663,0.3094,1,0.2392,0.0402,0.0964,0.0724,0.0859,-0.063,0.8524,150154,0.6136,78538,1,Juda Yuqori,3,2,1,3
Murabaha,Qashqadaryo,Qurilish,589,41,2,0,0,174816,6,0.1305,0.6419,0.3139,0.8727,0.2452,3,0.7815,0.3047,0.2463,1,0.1111,0.062,0.0613,0.0064,-0.4221,-0.0463,0.2578,180521,0.3841,17880,0,Yuqori,2,1,3,3
Murabaha,Buxoro,Savdo,490,57,4,5,0,48798,6,0.1751,0.6198,0.578,0.577,0.563,5,0.7303,0.0236,0.1728,1,0.1135,0.0713,0.0819,0.0392,0.0487,-0.0218,0.3648,50934,0.5125,9521,0,Yuqori,2,1,0,4
Sukuk,Samarqand,Qurilish,648,63,24,5,0,33778,120,0.0719,0.8678,0.614,0.9263,0.7521,5,0.7995,0.209,0.1452,1,0.0855,0.0505,0.1227,0.0968,0.0008,-0.0014,0.2644,45917,0.2557,3104,1,Yuqori,2,3,4,3
Sukuk,Farg'ona,Xizmat,662,27,16,0,0,1178174,36,0.0991,0.7855,0.5323,0.8087,0.4736,3,0.5609,0.0882,0.1687,1,0.0967,0.0499,0.0977,0.0638,0.1813,-0.0767,0.2678,1353358,0.368,133361,0,Yuqori,2,3,1,5
Murabaha,Samarqand,Qurilish,626,50,23,2,0,125607,24,0.1058,0.5744,0.308,0.8063,0.7794,3,0.7517,0.4042,0.0574,1,0.1199,0.0708,0.1054,0.0621,-0.0248,0.0273,0.5131,138893,0.3317,23638,0,Juda Yuqori,3,1,4,3
Murabaha,Qashqadaryo,Xizmat,850,58,21,4,0,54593,36,0.1421,0.6388,0.2881,0.6882,0.3127,3,0.8825,0.3236,0.0102,1,0.1271,0.0518,0.1128,0.0618,0.1343,-0.0089,0.0615,66225,0.4656,1897,0,Past,0,1,3,5
Ijara,Buxoro,Qishloq xo'jaligi,661,38,9,2,1,149085,84,0.0982,0.4426,0.2202,0.7555,0.5025,3,0.8583,0.1543,0.0221,0,0.1238,0.0536,0.044,0.0315,0.2388,0.0526,0.1275,200335,0.2693,6876,0,O'rta,1,0,0,2
Murabaha,Qashqadaryo,Ishlab chiqarish,463,33,21,2,0,61781,36,0.1451,0.5395,0.5342,0.6261,0.5388,3,0.7224,0.0753,0.0213,1,0.1466,0.0327,0.0685,0.0755,-0.0475,0.0582,0.5285,75225,0.6116,24319,0,Juda Yuqori,3,1,3,1
Murabaha,Toshkent,Savdo,622,42,5,2,0,11802,60,0.1186,0.6774,0.2598,0.8836,0.2912,5,0.9154,0.0991,0.1886,1,0.1532,0.0766,0.0825,0.0638,0.1199,0.0672,0.0313,15302,0.6891,330,0,Past,0,1,5,4
Murabaha,Qashqadaryo,Ishlab chiqarish,610,47,6,3,0,17839,24,0.1495,0.9028,0.5927,0.6832,0.3755,4,0.738,0.0401,0.0817,1,0.0988,0.052,0.1167,0.0666,-0.0663,0.008,0.3213,20506,0.4611,3038,0,Yuqori,2,1,3,1
Ijara,Farg'ona,Qishloq xo'jaligi,586,45,20,4,0,104150,24,0.0671,0.4241,0.2204,0.6452,0.6278,2,0.55,0.0599,0.0377,1,0.0868,0.0574,0.0811,0.1365,0.2042,-0.0429,0.2332,111139,0.4832,12521,0,O'rta,1,0,1,2
Ijara,Namangan,Ishlab chiqarish,713,57,8,3,0,32603,12,0.0886,0.7223,0.1778,0.7817,0.181,3,0.55,0.4032,0.219,1,0.1178,0.0472,0.0896,0.0232,0.0084,0.0105,0.2231,34047,0.2876,2185,0,O'rta,1,0,2,1
Murabaha,Toshkent,Savdo,641,32,11,1,0,25144,36,0.1208,0.4226,0.4213,0.9026,0.7012,2,0.9625,0.1692,0.2732,1,0.1411,0.0421,0.1405,0.052,-0.0031,-0.0134,0.4708,29702,0.4773,6675,1,Juda Yuqori,3,1,5,4
Murabaha,Namangan,Savdo,490,23,19,4,0,137807,24,0.1089,0.6081,0.2268,0.5843,0.3639,3,0.7167,0.0575,0.3117,1,0.1633,0.0531,0.1387,0.0563,0.3027,0.0344,0.5144,152816,0.3849,30259,0,Juda Yuqori,3,1,2,4
Murabaha,Farg'ona,Qurilish,733,54,14,2,0,25222,12,0.1169,0.7533,0.1877,0.6399,0.5458,4,0.726,0.0439,0.1047,0,0.0881,0.0451,0.1198,0.0211,0.1998,0.0239,0.0839,26697,0.5089,1140,0,Past,0,1,1,3
Ijara,Buxoro,Ishlab chiqarish,772,60,16,1,0,74773,24,0.1033,0.5852,0.3144,0.6258,0.7685,5,0.6997,0.4073,0.1223,1,0.1058,0.0747,0.0898,0.0162,0.1706,0.0766,0.2162,82499,0.5804,10349,0,O'rta,1,0,0,1
Murabaha,Samarqand,Eksport,689,33,24,3,0,524957,12,0.1242,0.8227,0.6179,0.4563,0.6444,4,0.6008,0.4711,0.0321,0,0.1117,0.0806,0.0628,0.0353,-0.1185,0.0752,0.9128,557559,0.5391,274389,1,Juda Yuqori,3,1,4,0
Murabaha,Farg'ona,Ishlab chiqarish,547,36,17,3,0,19496,6,0.109,0.381,0.3831,0.7108,0.8488,2,0.7883,0.2467,0.0376,1,0.1027,0.0632,0.1065,0.0317,-0.0078,0.1808,0.4882,20027,0.552,5397,1,Juda Yuqori,3,1,1,1
Ijara,Toshkent,Xizmat,628,30,11,1,0,41702,84,0.0554,0.9314,0.2708,0.7844,0.7542,4,0.8009,0.0091,0.0813,1,0.0776,0.0548,0.0677,0.0242,0.1987,0.0119,0.0912,49781,0.3462,1572,0,Past,0,0,5,5
Murabaha,Samarqand,Eksport,782,22,16,2,0,52509,36,0.0788,0.4951,0.2207,0.5759,0.3992,2,0.9798,0.1263,0.096,1,0.0715,0.0628,0.0941,0.0424,0.0015,0.0459,0.0621,58718,0.4663,1701,0,Past,0,1,4,0
Ijara,Samarqand,Eksport,670,44,8,1,0,105028,12,0.109,0.5633,0.5015,0.5723,0.5764,4,0.79,0.0367,0.0524,1,0.1538,0.0364,0.1156,0.0038,0.0698,-0.0791,0.273,110754,0.2771,8380,1,Yuqori,2,0,4,0
Murabaha,Samarqand,Eksport,725,42,14,0,0,8078,24,0.1182,0.6103,0.4338,0.8654,0.6975,5,0.8014,0.0751,0.2658,1,0.1095,0.0512,0.0917,0.0038,-0.0115,0.1423,0.0915,9032,0.4375,362,0,Past,0,1,4,0
Murabaha,Farg'ona,Qishloq xo'jaligi,642,56,24,2,0,26188,36,0.1344,0.8378,0.3315,0.8142,0.8889,2,0.9362,0.0588,0.2538,1,0.1046,0.0399,0.0598,0.0632,0.0199,0.0407,0.6093,31468,0.577,11063,0,Juda Yuqori,3,1,1,2
Murabaha,Namangan,Qishloq xo'jaligi,787,49,8,4,0,147314,60,0.1378,0.5202,0.5396,0.8823,0.5367,2,0.6394,0.1649,0.2002,0,0.0953,0.0376,0.0744,0.0607,-0.1806,0.0539,0.4417,198050,0.4352,38071,0,Yuqori,2,1,2,2
Ijara,Namangan,Xizmat,654,55,17,2,0,89712,36,0.1283,0.6142,0.6444,0.6254,0.5981,3,0.8456,0.3183,0.0949,1,0.0877,0.0482,0.0991,0.0472,0.1876,-0.1053,0.5898,106973,0.4262,26891,1,Juda Yuqori,3,0,2,5
Sukuk,Namangan,Qurilish,532,62,14,0,0,138006,120,0.0876,0.5727,0.4304,0.6742,0.8485,4,0.8655,0.3102,0.0264,1,0.0336,0.0652,0.0739,0.0525,-0.0411,-0.0449,0.2067,198480,0.3593,14740,0,O'rta,1,3,2,3
Ijara,Qashqadaryo,Qurilish,608,28,22,1,0,565986,12,0.0996,0.5581,0.3855,0.6724,0.5431,4,0.7219,0.2874,0.0581,1,0.1006,0.0423,0.1232,0.0209,-0.2203,-0.056,0.2056,594170,0.324,39578,0,O'rta,1,0,3,3
Murabaha,Toshkent,Qishloq xo'jaligi,600,28,19,1,1,6049,12,0.1088,0.918,0.8054,0.7741,0.3008,4,0.7853,0.4166,0.0122,1,0.0895,0.0449,0.0903,0.0657,0.0242,0.0628,0.8934,6378,0.4483,2554,1,Juda Yuqori,3,1,5,2
Ijara,Buxoro,Savdo,661,45,14,4,0,120817,60,0.0539,0.738,0.2746,0.729,0.4359,4,0.8288,0.0713,0.307,1,0.0861,0.051,0.1256,0.0242,0.022,-0.0231,0.0973,137089,0.3586,4783,1,Past,0,0,0,4
Murabaha,Namangan,Qurilish,584,53,20,3,0,21964,60,0.1074,0.2788,0.1337,0.7112,0.2859,2,0.8959,0.1047,0.3026,1,0.1251,0.0285,0.1523,0.0224,0.0234,0.0707,0.1545,27863,0.5155,2219,1,O'rta,1,1,2,3
Murabaha,Namangan,Qurilish,609,35,15,4,0,18241,36,0.1098,0.6784,0.3519,0.9564,0.5441,4,0.6335,0.3301,0.1117,1,0.1142,0.0543,0.1024,0.0247,0.0512,0.0948,0.3228,21245,0.4161,2853,0,Yuqori,2,1,2,3
Sukuk,Toshkent,Eksport,545,57,10,3,0,14238,24,0.0543,0.2555,0.3057,0.6305,0.4381,3,0.8931,0.0149,0.0915,0,0.0694,0.0711,0.1159,0.0558,-0.1378,0.0104,0.0635,15010,0.2226,212,0,Past,0,3,5,0
Murabaha,Qashqadaryo,Qishloq xo'jaligi,662,26,17,5,0,67385,36,0.1675,0.4611,0.2544,0.7514,0.4697,3,0.8716,0.1113,0.2795,1,0.1046,0.0364,0.1144,0.0443,0.1997,0.1066,0.0916,84313,0.5863,4529,0,Past,0,1,3,2
Murabaha,Farg'ona,Qishloq xo'jaligi,697,22,22,1,0,37330,36,0.1352,0.6348,0.1817,0.8203,0.4366,5,0.934,0.1207,0.2923,1,0.1219,0.0736,0.1082,0.0271,0.0454,0.1492,0.048,44900,0.4956,1067,0,Past,0,1,1,2
Murabaha,Namangan,Qurilish,675,64,16,1,0,32904,12,0.1018,0.4149,0.3918,0.6336,0.5923,2,0.55,0.3807,0.1528,1,0.0977,0.0448,0.0625,0.069,-0.0878,-0.1149,0.6682,34579,0.5248,12127,1,Juda Yuqori,3,1,2,3
Murabaha,Samarqand,Qurilish,604,50,8,0,0,112989,36,0.1345,0.6353,0.3785,0.5716,0.4476,2,0.9021,0.3452,0.0809,1,0.1345,0.0504,0.1043,0.0364,0.0233,-0.0986,0.5719,135785,0.5149,39984,0,Juda Yuqori,3,1,4,3
Murabaha,Toshkent,Eksport,628,51,18,0,0,96784,36,0.1513,0.1983,0.4428,0.5223,0.2787,5,0.6976,0.3577,0.0884,1,0.1388,0.0762,0.0357,0.0639,0.0918,-0.0295,0.1302,118750,0.5566,8610,0,O'rta,1,1,5,0
Musharaka,Farg'ona,Qurilish,671,35,5,3,2,312139,12,0.1633,0.7528,0.42,0.7869,0.6539,2,0.8407,0.3436,0.1349,1,0.2484,0.0585,0.1196,0.0666,-0.0492,-0.0061,0.9852,337622,0.6037,200807,1,Juda Yuqori,3,2,1,3
Musharaka,Buxoro,Savdo,693,35,23,1,0,14200,12,0.2242,0.7637,0.508,0.7585,0.1589,3,0.8747,0.1034,0.1006,1,0.2704,0.0494,0.0923,0.0428,0.2034,0.0255,0.5531,15792,0.7718,6741,1,Juda Yuqori,3,2,0,4
Sukuk,Qashqadaryo,Qishloq xo'jaligi,561,49,7,3,0,198001,24,0.0968,0.301,0.1102,0.4473,0.1528,5,0.97,0.1313,0.0499,1,0.1048,0.0716,0.0881,0.0511,0.2153,0.069,0.014,217177,0.1396,425,0,Past,0,3,3,2
Ijara,Samarqand,Xizmat,599,60,4,5,0,20145,12,0.0674,0.6297,0.7253,0.916,0.3569,3,0.8251,0.2169,0.0324,1,0.1385,0.0468,0.074,0.0188,-0.1244,0.0663,0.2973,20824,0.3052,1890,0,Yuqori,2,0,4,5
Murabaha,Buxoro,Savdo,683,26,2,0,0,39049,36,0.1371,0.4994,0.1683,0.9147,0.3239,3,0.8915,0.1488,0.4,1,0.1262,0.0445,0.0808,0.0398,0.2493,0.0844,0.095,47077,0.4926,2202,1,Past,0,1,0,4
Murabaha,Namangan,Qishloq xo'jaligi,735,23,7,7,0,24244,60,0.1209,0.3842,0.3801,0.811,0.1203,4,0.9088,0.087,0.0903,1,0.1503,0.0738,0.1169,0.0187,0.062,0.1248,0.019,31574,0.389,234,0,Past,0,1,2,2
Murabaha,Farg'ona,Qurilish,561,39,13,2,0,23258,60,0.1495,0.6464,0.6216,0.6548,0.5813,4,0.7961,0.0732,0.0062,1,0.1347,0.0528,0.0806,0.0721,0.0188,-0.0018,0.4549,31950,0.438,6365,1,Juda Yuqori,3,1,1,3
Musharaka,Buxoro,Qishloq xo'jaligi,647,43,12,3,1,30541,120,0.157,0.5813,0.5135,0.8636,0.6186,5,0.6748,0.08,0.284,1,0.2424,0.0611,0.0616,0.0462,-0.0931,-0.0635,0.7059,54521,0.657,25284,1,Juda Yuqori,3,2,0,2
Murabaha,Farg'ona,Eksport,837,39,1,5,1,192368,24,0.118,0.6303,0.2418,0.4757,0.6243,5,0.7786,0.2488,0.1712,0,0.0945,0.0583,0.0681,0.0384,0.1704,-0.1641,0.249,215074,0.3832,20522,0,O'rta,1,1,1,0
Musharaka,Samarqand,Qurilish,649,60,6,2,0,54014,24,0.1212,0.672,0.2987,0.4136,0.2072,3,0.9589,0.3022,0.3297,1,0.2472,0.0686,0.1117,0.0323,0.1952,-0.0865,0.8302,60561,0.7725,38837,1,Juda Yuqori,3,2,4,3
Murabaha,Toshkent,Eksport,674,40,9,2,0,175130,60,0.0785,0.685,0.3509,0.5373,0.5761,3,0.7959,0.111,0.2034,1,0.1355,0.0692,0.0794,0.0508,-0.1325,-0.0633,0.4119,209490,0.4784,41280,1,Yuqori,2,1,5,0
Musharaka,Farg'ona,Xizmat,617,42,6,2,0,429557,120,0.1844,0.3448,0.2286,0.4768,0.2731,4,0.6249,0.0314,0.1206,1,0.2701,0.0762,0.0877,0.0518,0.1589,0.1416,0.2377,825540,0.6572,128959,0,O'rta,1,2,1,5
Musharaka,Buxoro,Xizmat,715,56,17,4,0,113066,36,0.1939,0.4689,0.2682,0.9098,0.4156,3,0.8608,0.0869,0.3173,1,0.2301,0.0685,0.0945,0.0361,-0.0389,-0.0189,0.2681,145949,0.6578,25738,1,Yuqori,2,2,0,5
Murabaha,Samarqand,Qishloq xo'jaligi,758,59,10,4,1,153806,12,0.1209,0.3652,0.3252,0.9013,0.3954,4,0.6966,0.0258,0.2384,1,0.1007,0.0547,0.0749,0.0569,0.0359,-0.0336,0.0417,163101,0.4149,2824,0,Past,0,1,4,2
Sukuk,Qashqadaryo,Ishlab chiqarish,705,45,3,0,0,5040,36,0.0966,0.4993,0.3014,0.6824,0.5617,4,0.7497,0.316,0.163,1,0.0943,0.0417,0.1171,0.0556,-0.1623,0.0217,0.2147,5771,0.2161,268,1,O'rta,1,3,3,1
Ijara,Toshkent,Qishloq xo'jaligi,580,63,5,4,0,9686,60,0.1044,0.3945,0.2793,0.7437,0.4898,3,0.7909,0.1348,0.2929,1,0.0958,0.0588,0.0827,0.0545,-0.0483,0.0517,0.1994,12214,0.3246,791,0,O'rta,1,0,5,2
Murabaha,Buxoro,Qishloq xo'jaligi,732,29,21,3,0,47428,60,0.1422,0.7346,0.3096,0.744,0.6563,2,0.8741,0.1636,0.1196,1,0.1027,0.0315,0.1021,0.026,0.2205,0.0255,0.2254,64289,0.4424,6411,1,O'rta,1,1,0,2
Sukuk,Buxoro,Qurilish,505,27,4,2,0,206680,60,0.0607,0.6266,0.2179,0.5088,0.1003,3,0.9131,0.3382,0.3902,1,0.0664,0.0474,0.1044,0.0555,-0.0796,0.0269,0.358,238067,0.2199,18737,0,Yuqori,2,3,0,3
Musharaka,Qashqadaryo,Eksport,628,24,11,1,0,74422,24,0.3541,0.6732,0.4523,0.7884,0.6211,4,0.8936,0.0084,0.0681,1,0.2484,0.0457,0.1609,0.0485,0.1615,0.0421,0.5304,100778,0.6326,33816,0,Juda Yuqori,3,2,3,0
Sukuk,Farg'ona,Qishloq xo'jaligi,619,26,4,2,0,163596,36,0.0678,0.4025,0.49,0.5609,0.493,4,0.8366,0.5,0.2344,1,0.1074,0.0423,0.0797,0.0692,0.1727,0.0518,0.4183,180244,0.2745,20698,1,Yuqori,2,3,1,2
Ijara,Qashqadaryo,Xizmat,681,22,15,3,0,133737,12,0.075,0.729,0.4061,0.7954,0.4792,4,0.8406,0.1899,0.0974,1,0.143,0.0492,0.1052,0.0362,-0.0231,-0.0679,0.1743,138754,0.4582,11078,0,O'rta,1,0,3,5
Musharaka,Samarqand,Eksport,611,28,14,2,0,22238,60,0.3443,0.5403,0.217,0.5815,0.3097,4,0.9557,0.0448,0.1027,1,0.2282,0.0629,0.1025,0.0305,0.2635,-0.0242,0.1762,41377,0.4966,3621,0,O'rta,1,2,4,0
Murabaha,Qashqadaryo,Qurilish,474,62,7,5,0,22554,6,0.1247,0.7625,0.3032,0.4708,0.7649,4,0.6137,0.1295,0.108,1,0.1246,0.065,0.1085,0.0048,0.2433,0.1201,0.7469,23257,0.4498,7813,0,Juda Yuqori,3,1,3,3
Murabaha,Toshkent,Xizmat,629,43,15,1,0,401873,60,0.156,0.7162,0.4299,0.7027,0.697,3,0.6501,0.0805,0.3038,0,0.1144,0.0604,0.0842,0.0446,0.0427,0.0741,0.7516,558651,0.319,133919,1,Juda Yuqori,3,1,5,5
Musharaka,Samarqand,Qurilish,625,57,13,2,1,41107,24,0.375,0.6523,0.7976,0.8067,0.8489,3,0.8302,0.2067,0.3125,1,0.2174,0.0667,0.076,0.0048,-0.1264,0.0615,0.9804,56522,0.7004,38814,1,Juda Yuqori,3,2,4,3
Musharaka,Buxoro,Savdo,577,34,22,4,0,96638,12,0.3209,0.3159,0.7581,0.5425,0.6497,5,0.5901,0.192,0.0473,1,0.2566,0.0478,0.1046,0.0076,0.02,-0.0095,0.8877,112142,0.5218,51948,1,Juda Yuqori,3,2,0,4
Murabaha,Farg'ona,Savdo,756,64,13,2,0,94653,36,0.1489,0.8275,0.3004,0.8438,0.5464,3,0.7826,0.1462,0.3369,1,0.1534,0.0611,0.0581,0.0637,-0.063,-0.0262,0.3266,115794,0.4833,18276,1,Yuqori,2,1,1,4
Murabaha,Samarqand,Qurilish,547,22,21,2,0,133103,60,0.0896,0.9123,0.3283,0.8667,0.2435,3,0.8334,0.154,0.0765,1,0.1523,0.0713,0.1003,0.0524,0.0671,0.0416,0.3283,162911,0.3244,17352,1,Yuqori,2,1,4,3
Ijara,Toshkent,Qishloq xo'jaligi,647,24,1,2,0,6162,12,0.1216,0.4426,0.1935,0.5245,0.614,4,0.9169,0.0518,0.1272,1,0.0928,0.0392,0.0986,0.0481,-0.0694,-0.0213,0.0549,6537,0.1829,66,0,Past,0,0,5,2
Sukuk,Buxoro,Savdo,703,57,17,1,1,39739,24,0.0763,0.5098,0.2526,0.7795,0.8384,3,0.8561,0.2097,0.1014,1,0.0401,0.0433,0.0779,0.0529,0.0802,0.0503,0.1659,42771,0.4348,3084,0,O'rta,1,3,0,4
Musharaka,Samarqand,Qishloq xo'jaligi,648,34,7,2,0,11437,36,0.1462,0.4862,0.2028,0.6292,0.6946,5,0.768,0.1487,0.0753,1,0.2652,0.0603,0.0932,0.0299,0.2796,-0.0047,0.2409,13945,0.7405,2488,0,O'rta,1,2,4,2
Murabaha,Qashqadaryo,Savdo,513,49,8,1,0,94764,6,0.1476,0.5115,0.4188,0.8279,0.3034,5,0.9136,0.1306,0.0812,1,0.1148,0.0427,0.0672,0.0381,0.2427,0.0544,0.0678,98260,0.3667,2441,0,Past,0,1,3,4
Murabaha,Buxoro,Qishloq xo'jaligi,504,46,12,2,1,16749,6,0.1306,0.7577,0.283,0.5924,0.3295,2,0.55,0.1467,0.107,1,0.1298,0.0425,0.0741,0.0238,0.1023,0.0093,0.8435,17295,0.3783,5518,1,Juda Yuqori,3,1,0,2
Murabaha,Namangan,Savdo,575,30,1,2,0,84146,12,0.1584,0.2047,0.7458,0.8938,0.5867,4,0.7158,0.0608,0.0419,1,0.1347,0.0594,0.1024,0.0189,0.0122,0.0649,0.2394,90810,0.5036,10951,0,O'rta,1,1,2,4
Sukuk,Toshkent,Xizmat,799,58,8,2,0,5068,60,0.0605,0.7416,0.4003,0.633,0.4754,3,0.7827,0.266,0.0352,1,0.0903,0.0412,0.0905,0.0571,-0.0371,0.0545,0.1339,5834,0.2857,223,0,O'rta,1,3,5,5
Murabaha,Namangan,Ishlab chiqarish,628,35,9,7,0,43349,6,0.1572,0.6964,0.6472,0.8617,0.2498,3,0.6513,0.2672,0.2749,1,0.1251,0.0405,0.074,0.0518,0.0736,0.0223,0.5987,45052,0.5381,14513,0,Juda Yuqori,3,1,2,1
Musharaka,Toshkent,Qurilish,690,28,22,2,0,9411,12,0.2166,0.4232,0.2898,0.6965,0.1421,4,0.7271,0.3408,0.1611,1,0.2099,0.0575,0.0829,0.0252,-0.0448,-0.2107,0.2022,10430,0.6512,1373,0,O'rta,1,2,5,3
Murabaha,Samarqand,Savdo,696,34,6,4,0,94240,12,0.1162,0.724,0.3011,0.8502,0.7747,4,0.5877,0.1519,0.0376,1,0.1391,0.0595,0.1219,0.0356,-0.0274,-0.0157,0.3174,99717,0.4656,14739,0,Yuqori,2,1,4,4
Musharaka,Toshkent,Eksport,599,27,15,1,0,37155,120,0.3599,0.7962,0.1685,0.5426,0.6404,2,0.5822,0.5,0.1147,1,0.2779,0.0488,0.1143,0.0356,-0.2556,-0.0417,0.9757,104019,0.7537,76494,1,Juda Yuqori,3,2,5,0
Ijara,Qashqadaryo,Xizmat,667,27,4,4,0,12766,12,0.0859,0.7739,0.1778,0.8476,0.8459,3,0.7499,0.1074,0.1397,1,0.0852,0.0618,0.0727,0.0353,0.1996,0.0933,0.0826,13314,0.2434,268,0,Past,0,0,3,5
Ijara,Farg'ona,Qishloq xo'jaligi,519,38,6,2,0,93259,84,0.0665,0.8773,0.6182,0.6062,0.2885,2,0.831,0.4559,0.0548,1,0.0352,0.0542,0.0836,0.0268,-0.0486,-0.0784,0.89,114966,0.1798,18393,1,Juda Yuqori,3,0,1,2
Murabaha,Namangan,Xizmat,616,39,3,4,0,52277,36,0.1456,0.6922,0.6032,0.6649,0.1344,5,0.6794,0.1419,0.0784,1,0.1188,0.0567,0.1363,0.0012,0.3677,0.1343,0.2432,63691,0.4813,7456,0,O'rta,1,1,2,5
Murabaha,Samarqand,Eksport,636,47,24,4,0,16951,24,0.1171,0.6455,0.1857,0.7736,0.7999,3,0.55,0.1933,0.4,1,0.0951,0.0639,0.0796,0.0296,-0.0345,-0.0624,0.6466,18936,0.3537,4331,1,Juda Yuqori,3,1,4,0
Murabaha,Farg'ona,Qurilish,583,24,1,3,0,502668,24,0.1331,0.7219,0.4378,0.6478,0.141,4,0.7836,0.2967,0.0946,1,0.1538,0.0315,0.1287,0.0236,-0.0278,0.1367,0.4629,569568,0.3317,87461,0,Juda Yuqori,3,1,1,3
Sukuk,Toshkent,Xizmat,552,28,17,1,1,165756,24,0.099,0.599,0.2727,0.8092,0.7822,3,0.8087,0.0963,0.2409,1,0.1037,0.0527,0.0847,0.0324,0.024,0.0658,0.4116,182165,0.2468,18503,0,Yuqori,2,3,5,5
Sukuk,Farg'ona,Qishloq xo'jaligi,566,41,2,5,0,63848,84,0.0586,0.8326,0.4551,0.8907,0.4198,2,0.6086,0.1064,0.0997,1,0.0983,0.0608,0.0957,0.0126,-0.0659,-0.0351,0.364,76947,0.1315,3682,0,Yuqori,2,3,1,2
Musharaka,Namangan,Xizmat,592,56,13,1,0,46004,120,0.3642,0.6553,0.1999,0.9649,0.8075,4,0.7826,0.4872,0.1912,1,0.2592,0.0623,0.1271,0.0533,0.3785,0.1078,0.8277,129788,0.5238,56268,1,Juda Yuqori,3,2,2,5
Musharaka,Namangan,Qurilish,678,53,18,3,0,12013,24,0.1987,0.3644,0.5062,0.6014,0.4399,4,0.9464,0.0282,0.0718,1,0.2694,0.0546,0.0552,0.0621,0.1484,0.1282,0.2195,14400,0.5727,1810,0,O'rta,1,2,2,3
Ijara,Namangan,Ishlab chiqarish,576,31,15,2,0,30958,84,0.0641,0.3824,0.6109,0.9325,0.3427,1,0.957,0.2656,0.213,1,0.1299,0.0431,0.095,0.0162,-0.0602,-0.0428,0.4735,37909,0.4118,7391,0,Juda Yuqori,3,0,2,1
Murabaha,Samarqand,Savdo,568,49,4,4,0,48539,12,0.142,0.7008,0.5771,0.504,0.4605,3,0.8207,0.1866,0.057,1,0.1386,0.0924,0.0938,0.0433,0.104,0.0173,0.76,51986,0.4177,16502,1,Juda Yuqori,3,1,4,4
Sukuk,Samarqand,Qishloq xo'jaligi,553,60,9,2,1,48027,84,0.0813,0.6115,0.4793,0.9185,0.2549,1,0.9593,0.3654,0.0282,1,0.0498,0.05,0.0527,0.035,0.2007,-0.0046,0.4194,61685,0.3801,9832,0,Yuqori,2,3,4,2
Murabaha,Buxoro,Savdo,613,54,8,3,0,109875,6,0.0806,0.6135,0.5664,0.7979,0.5028,5,0.7876,0.4432,0.143,1,0.1031,0.0578,0.1062,0.0068,0.2197,0.0563,0.4197,112089,0.6433,30261,0,Yuqori,2,1,0,4
Murabaha,Qashqadaryo,Savdo,728,26,9,3,0,59811,12,0.1471,0.5066,0.2109,0.8739,0.2541,1,0.607,0.1217,0.1341,1,0.1309,0.057,0.0816,0.0399,0.1762,-0.0022,0.093,64211,0.5084,3037,1,Past,0,1,3,4
Musharaka,Namangan,Eksport,585,23,1,3,0,123929,12,0.2272,0.5667,0.2703,0.7983,0.6699,4,0.629,0.1335,0.384,1,0.2574,0.0724,0.0986,0.0309,0.2179,0.0209,0.7507,138009,0.6946,71960,0,Juda Yuqori,3,2,2,0
Murabaha,Toshkent,Savdo,543,39,10,3,0,97060,12,0.116,0.743,0.3451,0.7956,0.334,4,0.8457,0.1652,0.1102,1,0.1075,0.0681,0.1217,0.0615,-0.2395,-0.0931,0.2827,102690,0.4049,11754,0,Yuqori,2,1,5,4
Murabaha,Qashqadaryo,Qurilish,748,42,6,4,0,12297,60,0.1418,0.3974,0.3917,0.6997,0.8861,5,0.6274,0.2696,0.2054,1,0.0975,0.0419,0.1426,0.059,0.0276,0.1368,0.3318,16657,0.3908,2159,0,Yuqori,2,1,3,3
Ijara,Qashqadaryo,Xizmat,653,30,1,3,0,394281,84,0.0835,0.6899,0.4095,0.7066,0.2175,5,0.8605,0.0098,0.1314,1,0.0838,0.0501,0.065,0.0762,-0.0999,0.08,0.0223,509535,0.3668,4162,1,Past,0,0,3,5
Murabaha,Toshkent,Savdo,761,47,23,1,0,479797,60,0.1666,0.7422,0.5743,0.6796,0.4841,5,0.6019,0.2775,0.081,1,0.1052,0.0769,0.0901,0.0621,0.1049,0.1683,0.2595,679638,0.3769,66491,0,Yuqori,2,1,5,4
Musharaka,Farg'ona,Eksport,601,37,3,1,0,106525,120,0.2204,0.6288,0.5148,0.7457,0.5546,3,0.6329,0.0789,0.057,1,0.2409,0.0543,0.1363,0.0859,-0.0074,0.0327,0.7332,223907,0.5648,92715,0,Juda Yuqori,3,2,1,0
Murabaha,Farg'ona,Savdo,702,55,1,4,0,28789,60,0.1311,0.6629,0.6773,0.6474,0.6341,4,0.8481,0.0486,0.1828,1,0.0853,0.0515,0.0674,0.0252,-0.1219,0.0053,0.3184,38226,0.4192,5103,1,Yuqori,2,1,1,4
Murabaha,Namangan,Savdo,613,58,3,1,0,375841,60,0.1191,0.567,0.816,0.6957,0.1297,3,0.9196,0.2348,0.146,0,0.1383,0.0358,0.1522,0.0591,0.0559,0.089,0.7889,487734,0.5313,204449,1,Juda Yuqori,3,1,2,4
Murabaha,Namangan,Qurilish,604,39,21,2,0,6288,36,0.0788,0.7694,0.2589,0.7168,0.7609,1,0.864,0.2721,0.023,1,0.1396,0.042,0.1037,0.0726,0.3005,-0.0802,0.6898,7031,0.3979,1930,1,Juda Yuqori,3,1,2,3
Murabaha,Qashqadaryo,Xizmat,674,63,18,5,0,95560,12,0.176,0.95,0.337,0.8493,0.1495,3,0.7671,0.3691,0.0688,1,0.1146,0.0512,0.0673,0.0619,-0.1286,0.068,0.351,103967,0.401,14632,0,Yuqori,2,1,3,5
Ijara,Buxoro,Qishloq xo'jaligi,674,43,17,2,0,71168,24,0.0936,0.353,0.3572,0.6356,0.6195,4,0.8503,0.1124,0.1532,1,0.0995,0.0276,0.1242,0.0443,0.0824,-0.0294,0.115,77832,0.3366,3012,0,O'rta,1,0,0,2
Murabaha,Qashqadaryo,Qurilish,672,45,15,3,1,73898,24,0.1238,0.681,0.3641,0.8149,0.7094,3,0.8249,0.307,0.1773,0,0.1216,0.0509,0.1084,0.0728,-0.1024,0.0107,0.809,83047,0.5211,35012,1,Juda Yuqori,3,1,3,3
Musharaka,Samarqand,Ishlab chiqarish,577,34,22,3,0,55503,36,0.1638,0.7617,0.3096,0.5138,0.213,4,0.8154,0.0765,0.2338,1,0.2627,0.0495,0.1098,0.0806,0.1607,0.1384,0.6766,69145,0.5981,27979,0,Juda Yuqori,3,2,4,1
Musharaka,Qashqadaryo,Qurilish,623,43,16,4,0,37233,84,0.123,0.738,0.3843,0.7913,0.8931,3,0.55,0.0849,0.0495,1,0.2691,0.0583,0.1127,0.0884,-0.0999,0.1564,0.839,53260,0.4858,21708,1,Juda Yuqori,3,2,3,3
Ijara,Buxoro,Eksport,531,52,20,6,0,16492,84,0.1012,0.3702,0.3553,0.7895,0.6296,3,0.8715,0.069,0.0526,1,0.0605,0.0371,0.0866,0.0263,0.0547,0.0114,0.0824,22332,0.4459,821,0,Past,0,0,0,0
Sukuk,Samarqand,Ishlab chiqarish,580,62,15,1,0,76520,120,0.0529,0.6639,0.1678,0.6544,0.1196,2,0.7864,0.0254,0.112,1,0.1408,0.0424,0.126,0.0915,0.1342,-0.0663,0.1024,96762,0.3002,2973,0,O'rta,1,3,4,1
Ijara,Buxoro,Savdo,747,43,24,6,0,61907,84,0.0501,0.6247,0.2642,0.8255,0.4638,3,0.907,0.0937,0.0914,1,0.1095,0.0626,0.1327,0.0824,-0.0427,0.0944,0.0445,72772,0.283,917,0,Past,0,0,0,4
Murabaha,Toshkent,Qishloq xo'jaligi,488,47,4,3,0,41220,6,0.1593,0.3201,0.4489,0.6098,0.4724,4,0.637,0.2765,0.1006,1,0.1331,0.0513,0.0619,0.0888,0.4251,0.0127,0.4045,42861,0.5333,9246,1,Yuqori,2,1,5,2
Murabaha,Toshkent,Qishloq xo'jaligi,588,60,19,2,0,1643450,12,0.1447,0.3396,0.4911,0.8612,0.6843,4,0.8109,0.0615,0.0307,0,0.0946,0.0479,0.0806,0.0466,0.1715,0.1116,0.1629,1762345,0.4198,120544,0,O'rta,1,1,5,2
Murabaha,Toshkent,Savdo,610,41,12,1,0,168209,60,0.1761,0.1348,0.2664,0.7538,0.248,1,0.6543,0.1189,0.0229,1,0.1047,0.0737,0.0876,0.0465,-0.0163,0.0164,0.064,242267,0.464,7197,0,Past,0,1,5,4
Musharaka,Samarqand,Ishlab chiqarish,610,53,17,1,0,4799,60,0.1342,0.5959,0.1742,0.6148,0.8482,1,0.7255,0.2342,0.4,1,0.2379,0.0879,0.1025,0.0251,0.0728,0.1287,0.9508,6410,0.579,3529,1,Juda Yuqori,3,2,4,1
Murabaha,Toshkent,Qurilish,595,36,4,1,0,123447,24,0.1427,0.5485,0.4429,0.9324,0.8931,4,0.9375,0.086,0.2843,1,0.1256,0.0881,0.104,0.0703,0.105,0.078,0.3633,141066,0.5204,26669,0,Yuqori,2,1,5,3
Musharaka,Namangan,Ishlab chiqarish,670,40,20,0,0,38261,24,0.1778,0.5747,0.5186,0.8717,0.3707,2,0.8482,0.1611,0.2823,1,0.2302,0.063,0.1335,0.0451,-0.2215,-0.0178,0.8079,45064,0.5491,19993,0,Juda Yuqori,3,2,2,1
Musharaka,Samarqand,Qurilish,605,63,7,3,1,174199,60,0.1876,0.8118,0.2364,0.8435,0.7441,4,0.8579,0.012,0.1422,1,0.1865,0.0644,0.0869,0.1046,0.289,-0.1443,0.5812,255882,0.6527,97071,0,Juda Yuqori,3,2,4,3
Murabaha,Qashqadaryo,Eksport,709,51,14,3,0,11180,6,0.1736,0.6614,0.302,0.7416,0.4819,3,0.6394,0.0951,0.0937,0,0.0846,0.0558,0.0883,0.0301,0.027,0.1115,0.2107,11665,0.5628,1383,0,O'rta,1,1,3,0
Ijara,Buxoro,Qishloq xo'jaligi,613,46,4,2,0,54063,12,0.1004,0.7941,0.1492,0.553,0.773,3,0.7457,0.2741,0.1221,1,0.1108,0.0548,0.109,0.0187,0.0768,0.1037,0.4465,56778,0.4529,11482,1,Yuqori,2,0,0,2
Murabaha,Buxoro,Eksport,488,48,20,3,0,8840,24,0.1626,0.2845,0.5196,0.5212,0.314,4,0.8409,0.1376,0.1373,1,0.1043,0.0523,0.1173,0.0658,0.1407,0.0521,0.3255,10278,0.5432,1817,0,Yuqori,2,1,0,0
Murabaha,Samarqand,Qishloq xo'jaligi,741,26,20,3,1,10254,6,0.1608,0.6121,0.1625,0.8199,0.3398,4,0.7962,0.186,0.1025,1,0.0984,0.0646,0.0771,0.0336,0.0074,0.1626,0.0611,10666,0.6117,398,0,Past,0,1,4,2
Ijara,Samarqand,Qurilish,690,46,20,3,0,82836,12,0.0889,0.5891,0.5962,0.6803,0.8083,4,0.7069,0.0769,0.0436,0,0.0627,0.0609,0.1068,0.059,-0.2335,0.1352,0.3458,86518,0.314,9393,0,Yuqori,2,0,4,3
Musharaka,Buxoro,Qurilish,638,43,10,3,0,247021,60,0.2003,0.6171,0.1528,0.8066,0.7201,3,0.809,0.2159,0.2121,1,0.2608,0.0629,0.1085,0.0635,0.0523,-0.1134,0.5668,370719,0.4965,104336,1,Juda Yuqori,3,2,0,3
Ijara,Samarqand,Eksport,729,41,24,1,0,14619,12,0.1053,0.6658,0.1405,0.8005,0.5719,1,0.7076,0.1682,0.2192,1,0.0681,0.0424,0.1014,0.056,-0.1864,0.0712,0.223,15389,0.3677,1262,0,O'rta,1,0,4,0
Musharaka,Namangan,Xizmat,566,51,6,1,0,18026,12,0.3164,0.7801,0.2802,0.8223,0.8883,3,0.7904,0.1813,0.0125,1,0.2003,0.057,0.0911,0.0717,-0.0013,0.1425,0.7139,20878,0.4423,6593,1,Juda Yuqori,3,2,2,5
Murabaha,Namangan,Xizmat,590,52,1,4,0,70445,6,0.1104,0.1787,0.3188,0.7672,0.2589,3,0.8664,0.0676,0.2273,1,0.1415,0.0637,0.0984,0.0199,-0.0613,0.05,0.0845,72389,0.3434,2101,0,Past,0,1,2,5
Ijara,Namangan,Eksport,828,59,20,4,0,34993,24,0.0674,0.6932,0.5197,0.4885,0.2243,4,0.9577,0.2462,0.0521,1,0.1397,0.0917,0.0652,0.0022,-0.1205,0.0355,0.0793,37351,0.4499,1333,0,Past,0,0,2,0
Ijara,Farg'ona,Ishlab chiqarish,727,40,13,4,1,8702,24,0.0912,0.5967,0.337,0.7701,0.5755,3,0.6208,0.2571,0.1005,1,0.1263,0.0599,0.0645,0.0517,0.2477,0.0031,0.3516,9495,0.4005,1337,1,Yuqori,2,0,1,1
Ijara,Qashqadaryo,Ishlab chiqarish,725,53,14,3,0,7693,36,0.1282,0.6404,0.5509,0.6585,0.8885,3,0.7629,0.2508,0.0952,1,0.1452,0.0425,0.0847,0.0562,0.0011,0.0516,0.5626,9173,0.3334,1721,1,Juda Yuqori,3,0,3,1
Murabaha,Qashqadaryo,Qurilish,583,29,4,0,0,19221,24,0.1521,0.6632,0.3631,0.8248,0.1243,3,0.7182,0.0266,0.0968,1,0.1213,0.0482,0.1448,0.0141,0.0914,-0.0426,0.1681,22146,0.3616,1346,0,O'rta,1,1,3,3
Musharaka,Buxoro,Eksport,648,42,10,3,0,97405,60,0.284,0.6203,0.2462,0.8099,0.882,3,0.771,0.0336,0.0699,1,0.2315,0.0684,0.1253,0.0933,-0.3568,-0.1184,0.4083,166575,0.5106,34728,0,Yuqori,2,2,0,0
Murabaha,Toshkent,Qurilish,581,60,13,4,1,440469,12,0.167,0.3377,0.3124,0.8007,0.1811,3,0.8685,0.1327,0.1871,1,0.1058,0.0658,0.0864,0.0759,-0.1091,0.2072,0.1322,477258,0.6765,42671,0,O'rta,1,1,5,3
Murabaha,Buxoro,Savdo,709,43,12,2,0,6464,60,0.0859,0.8452,0.2822,0.8393,0.2755,4,0.9011,0.1928,0.4,1,0.1236,0.0558,0.1126,0.0138,0.0655,0.0598,0.1676,7853,0.4016,529,0,O'rta,1,1,0,4
Sukuk,Toshkent,Qishloq xo'jaligi,669,44,4,3,0,477243,36,0.0635,0.5841,0.4357,0.8731,0.8735,3,0.8939,0.1674,0.0165,0,0.1082,0.0565,0.084,0.0401,0.2262,0.0502,0.2414,522670,0.2413,30443,0,O'rta,1,3,5,2
Murabaha,Qashqadaryo,Xizmat,717,49,6,3,0,31953,12,0.1051,0.5703,0.1185,0.7549,0.2536,5,0.7071,0.0361,0.0698,1,0.1021,0.0495,0.0936,0.0868,-0.0157,0.1522,0.0084,33633,0.3342,94,0,Past,0,1,3,5
Sukuk,Buxoro,Ishlab chiqarish,622,40,8,2,0,140729,36,0.0686,0.4285,0.346,0.811,0.3317,3,0.9398,0.1368,0.245,1,0.0724,0.0278,0.071,0.0602,0.2498,0.1061,0.0507,155211,0.2145,1686,0,Past,0,3,0,1
Musharaka,Samarqand,Xizmat,677,49,2,3,0,13984,12,0.2719,0.6144,0.4736,0.8229,0.4748,5,0.7667,0.3439,0.1228,0,0.2427,0.0524,0.1079,0.03,0.1146,0.0104,0.6078,15885,0.7271,7021,0,Juda Yuqori,3,2,4,5
Murabaha,Namangan,Qurilish,580,49,2,3,1,30428,36,0.0708,0.6575,0.4336,0.8612,0.4348,1,0.9137,0.365,0.0365,1,0.1156,0.044,0.1107,0.0984,0.1972,-0.015,0.8193,33660,0.5718,15769,0,Juda Yuqori,3,1,2,3
Musharaka,Samarqand,Xizmat,697,23,20,2,0,422185,60,0.3533,0.354,0.1353,0.9055,0.869,4,0.8516,0.2223,0.2053,1,0.2672,0.0454,0.0882,0.0752,0.3123,0.0409,0.2697,795107,0.6604,141615,0,Yuqori,2,2,4,5
Sukuk,Farg'ona,Xizmat,562,34,6,1,0,54204,36,0.0556,0.7498,0.3386,0.7726,0.4512,3,0.9308,0.213,0.0211,1,0.0973,0.052,0.1454,0.0696,0.0686,0.1947,0.2459,58728,0.3347,4835,0,O'rta,1,3,1,5
Ijara,Samarqand,Eksport,761,45,2,5,1,136476,60,0.1288,0.4258,0.2958,0.6493,0.7212,4,0.8528,0.1367,0.4,1,0.1224,0.0234,0.0881,0.0879,-0.0564,0.144,0.3055,180412,0.5007,27590,1,Yuqori,2,0,4,0
Ijara,Farg'ona,Xizmat,752,43,23,1,0,40234,60,0.0865,0.659,0.2331,0.7636,0.8287,4,0.5842,0.2978,0.1692,1,0.0929,0.047,0.1203,0.0799,0.0393,0.0761,0.2945,48934,0.3184,4587,1,Yuqori,2,0,1,5
Ijara,Samarqand,Ishlab chiqarish,604,34,14,3,0,171678,84,0.0681,0.3531,0.1484,0.7397,0.5563,3,0.7629,0.4874,0.0346,1,0.1043,0.047,0.1208,0.0645,0.1733,0.0704,0.1804,212589,0.4665,17890,0,O'rta,1,0,4,1
Ijara,Toshkent,Savdo,612,64,5,2,0,174619,12,0.0898,0.5225,0.4268,0.8733,0.1415,3,0.7522,0.2668,0.1993,1,0.072,0.0493,0.0763,0.0455,-0.1331,0.0778,0.1668,182458,0.4103,12488,0,O'rta,1,0,5,4
Ijara,Samarqand,Ishlab chiqarish,611,36,1,1,0,10881,84,0.0737,0.5362,0.5599,0.8959,0.5092,1,0.6742,0.1624,0.0065,1,0.0824,0.0529,0.0508,0.0184,-0.0881,0.1937,0.3556,13686,0.336,1635,0,Yuqori,2,0,4,1
Murabaha,Namangan,Ishlab chiqarish,742,58,16,5,1,37086,24,0.1342,0.68,0.4092,0.7253,0.8861,4,0.9225,0.1582,0.08,0,0.1066,0.0489,0.0833,0.0448,0.0296,0.08,0.4915,42062,0.502,10379,0,Juda Yuqori,3,1,2,1
Musharaka,Buxoro,Qurilish,497,51,22,1,0,59689,24,0.2445,0.5199,0.489,0.6275,0.3021,3,0.758,0.1271,0.0139,0,0.2196,0.0423,0.0848,0.0712,0.0142,0.1313,0.8299,74285,0.5207,32098,0,Juda Yuqori,3,2,0,3
Murabaha,Namangan,Eksport,799,38,21,5,0,37104,6,0.0944,0.744,0.3807,0.8806,0.5798,2,0.9386,0.0991,0.1085,1,0.1259,0.0611,0.1034,0.0321,0.2208,0.146,0.1028,37980,0.2884,1126,0,O'rta,1,1,2,0
Sukuk,Namangan,Ishlab chiqarish,602,34,8,3,1,6569,36,0.0889,0.5739,0.2747,0.4117,0.4455,2,0.7324,0.2957,0.0794,0,0.0731,0.0925,0.0982,0.0834,0.1752,0.0333,0.7681,7445,0.3218,1841,1,Juda Yuqori,3,3,2,1
Sukuk,Farg'ona,Qishloq xo'jaligi,676,51,19,3,0,73023,84,0.091,0.4959,0.3558,0.9136,0.5905,4,0.9382,0.1772,0.1078,1,0.0639,0.0565,0.0824,0.0734,-0.0814,0.1644,0.0323,96290,0.1755,546,0,Past,0,3,1,2
Murabaha,Toshkent,Eksport,745,34,4,3,1,322947,12,0.1271,0.7971,0.3807,0.9021,0.7027,2,0.867,0.2891,0.2181,1,0.1095,0.058,0.0317,0.0192,-0.0345,-0.012,0.5962,343466,0.4635,94917,1,Juda Yuqori,3,1,5,0
Ijara,Farg'ona,Xizmat,621,58,13,4,1,35838,84,0.097,0.4864,0.6369,0.7806,0.8922,3,0.55,0.1325,0.2003,1,0.0948,0.0552,0.1097,0.0686,-0.0496,0.1401,0.9008,48006,0.3787,16374,1,Juda Yuqori,3,0,1,5
Sukuk,Toshkent,Savdo,753,61,5,1,0,13325,36,0.0762,0.5677,0.3494,0.8456,0.2517,3,0.7246,0.0892,0.1,1,0.06,0.0473,0.0654,0.0493,0.0578,0.0502,0.0134,14849,0.2028,40,0,Past,0,3,5,4
Murabaha,Farg'ona,Qishloq xo'jaligi,741,34,11,2,0,5030,36,0.1502,0.6818,0.2657,0.7581,0.6397,5,0.8385,0.0632,0.0536,1,0.1246,0.0444,0.1103,0.078,0.0579,0.1927,0.0305,6163,0.4578,86,0,Past,0,1,1,2
Musharaka,Qashqadaryo,Xizmat,655,62,14,2,0,52438,60,0.1388,0.5068,0.5022,0.7228,0.2004,5,0.9194,0.1702,0.2542,1,0.2802,0.0815,0.0718,0.0447,0.0044,-0.017,0.3545,70627,0.5936,14864,0,Yuqori,2,2,3,5
Sukuk,Farg'ona,Xizmat,603,64,8,1,0,56592,84,0.087,0.5522,0.4591,0.4679,0.3308,4,0.7959,0.1698,0.0396,1,0.0675,0.0507,0.1328,0.0519,-0.0611,0.0577,0.1243,73821,0.2861,2626,0,O'rta,1,3,1,5
Murabaha,Farg'ona,Eksport,690,22,21,3,0,79284,60,0.1591,0.6108,0.6635,0.6426,0.5898,3,0.843,0.2246,0.2587,1,0.1333,0.045,0.08,0.0064,-0.0584,-0.028,0.6723,110829,0.5254,39146,1,Juda Yuqori,3,1,1,0
Ijara,Namangan,Qurilish,707,32,6,6,0,149313,36,0.0804,0.399,0.4065,0.7368,0.8018,4,0.55,0.3561,0.1265,1,0.1297,0.0552,0.151,0.0937,-0.3033,-0.0459,0.4138,167321,0.3259,22564,0,Yuqori,2,0,2,3
Murabaha,Toshkent,Ishlab chiqarish,690,58,9,4,1,192951,6,0.1384,0.6128,0.376,0.8851,0.5725,2,0.5524,0.231,0.1683,1,0.125,0.0441,0.0979,0.0457,0.0733,0.0548,0.7526,199627,0.4479,67296,0,Juda Yuqori,3,1,5,1
Sukuk,Buxoro,Ishlab chiqarish,704,23,21,4,1,32243,60,0.0963,0.3242,0.3318,0.7589,0.2689,4,0.55,0.0869,0.0515,1,0.0641,0.0526,0.1233,0.0419,0.1101,0.0069,0.0584,40009,0.3147,736,0,Past,0,3,0,1
Sukuk,Namangan,Ishlab chiqarish,825,22,15,2,0,102069,60,0.0445,0.3379,0.3275,0.8725,0.1161,4,0.8629,0.1724,0.0388,1,0.0345,0.0412,0.1218,0.0243,0.0325,0.0361,0.0026,113437,0.2806,82,0,Past,0,3,2,1
Sukuk,Buxoro,Ishlab chiqarish,702,32,5,3,0,47758,36,0.0842,0.4571,0.2514,0.7872,0.8123,2,0.9049,0.1142,0.211,0,0.0814,0.0571,0.0822,0.0453,0.1106,0.0717,0.1292,53791,0.2246,1561,0,O'rta,1,3,0,1
Musharaka,Qashqadaryo,Ishlab chiqarish,631,29,1,1,0,123270,60,0.1932,0.7902,0.5595,0.8559,0.6319,5,0.7045,0.0838,0.2515,1,0.2638,0.0189,0.1171,0.0845,-0.0263,0.0677,0.7194,182810,0.6291,82735,1,Juda Yuqori,3,2,3,1
Sukuk,Farg'ona,Qurilish,605,63,12,0,0,50347,84,0.0734,0.7703,0.2863,0.7221,0.5165,2,0.7695,0.1848,0.1551,1,0.0693,0.0771,0.1211,0.0421,0.009,-0.0534,0.3195,63283,0.2916,5896,0,Yuqori,2,3,1,3
Ijara,Qashqadaryo,Qurilish,738,63,15,3,0,11760,24,0.1209,0.8569,0.2024,0.7483,0.2216,3,0.7602,0.0962,0.1074,1,0.1125,0.06,0.0848,0.036,0.0913,0.0145,0.0511,13182,0.5083,342,0,Past,0,0,3,3
Murabaha,Farg'ona,Qishloq xo'jaligi,580,33,19,1,0,20841,12,0.0981,0.3514,0.3071,0.7941,0.5626,3,0.6643,0.0799,0.0712,1,0.1039,0.0402,0.0782,0.065,0.1576,0.2312,0.0915,21864,0.3643,728,0,Past,0,1,1,2
Ijara,Samarqand,Ishlab chiqarish,569,61,21,6,1,26380,84,0.0645,0.2917,0.1439,0.7397,0.7247,1,0.7706,0.0327,0.1573,1,0.1136,0.0609,0.06,0.0876,-0.1033,0.1053,0.3411,32336,0.2852,3146,0,Yuqori,2,0,4,1
Murabaha,Buxoro,Eksport,615,23,16,4,2,65944,6,0.1634,0.5647,0.2974,0.5627,0.1503,3,0.7478,0.151,0.0559,1,0.1219,0.0731,0.1022,0.0572,0.167,-0.0941,0.5914,68637,0.5553,22542,0,Juda Yuqori,3,1,0,0
Musharaka,Farg'ona,Ishlab chiqarish,622,28,23,1,0,122930,84,0.1838,0.4208,0.2552,0.6688,0.5095,3,0.6807,0.1154,0.3532,1,0.2635,0.0626,0.1154,0.0807,-0.2524,0.0865,0.7429,202017,0.5614,84254,1,Juda Yuqori,3,2,1,1
Murabaha,Buxoro,Xizmat,542,62,23,3,1,121947,6,0.0932,0.3679,0.4042,0.8068,0.3314,3,0.7162,0.073,0.0569,1,0.1387,0.069,0.0898,0.1153,0.1843,0.1319,0.2278,124787,0.3771,10717,1,O'rta,1,1,0,5
Murabaha,Namangan,Qishloq xo'jaligi,610,56,4,0,0,42268,12,0.1505,0.2612,0.6471,0.8492,0.104,4,0.7115,0.0275,0.0586,1,0.0881,0.0345,0.0632,0.0897,0.142,0.121,0.0381,45449,0.5391,932,0,Past,0,1,2,2
Murabaha,Samarqand,Qurilish,818,45,3,5,0,23496,6,0.1253,0.6661,0.4683,0.8415,0.8311,4,0.8465,0.5,0.1267,1,0.1613,0.0661,0.0676,0.0753,0.0095,0.1262,0.407,24233,0.4624,4561,0,Yuqori,2,1,4,3
Ijara,Farg'ona,Qishloq xo'jaligi,556,55,2,2,0,37144,24,0.077,0.642,0.3336,0.8991,0.7248,1,0.8941,0.1569,0.1057,1,0.08,0.0613,0.0888,0.0333,-0.0346,0.038,0.3312,40002,0.4912,6507,0,Yuqori,2,0,1,2
Murabaha,Buxoro,Qurilish,657,25,8,2,0,37453,12,0.081,0.6562,0.6233,0.6119,0.4951,3,0.6434,0.1327,0.3298,1,0.1026,0.0599,0.1023,0.0626,-0.0929,-0.0105,0.7693,38969,0.448,13431,0,Juda Yuqori,3,1,0,3
Ijara,Samarqand,Eksport,629,64,15,2,0,3053,84,0.0982,0.5431,0.28,0.7018,0.8906,5,0.8577,0.1504,0.2697,1,0.0707,0.0684,0.0726,0.0478,0.1037,-0.074,0.1063,4103,0.4045,176,0,O'rta,1,0,4,0
Murabaha,Farg'ona,Savdo,649,24,10,2,1,18160,36,0.1068,0.496,0.2781,0.7799,0.1176,2,0.8662,0.072,0.1068,1,0.1375,0.0386,0.0842,0.0645,-0.2023,0.0485,0.1608,21070,0.4979,1687,0,O'rta,1,1,1,4
Murabaha,Farg'ona,Qurilish,635,36,19,1,0,70535,24,0.0808,0.6992,0.2034,0.5075,0.8211,4,0.9052,0.0178,0.2088,1,0.1142,0.0501,0.073,0.0054,0.1824,-0.0252,0.2124,76234,0.4662,7549,0,O'rta,1,1,1,3
Musharaka,Buxoro,Qishloq xo'jaligi,432,42,13,3,0,338064,24,0.2308,0.1364,0.2962,0.6097,0.7499,4,0.9104,0.1405,0.3439,0,0.2572,0.0452,0.0927,0.0782,-0.0132,0.0045,0.8212,416104,0.4848,165661,1,Juda Yuqori,3,2,0,2
Ijara,Qashqadaryo,Ishlab chiqarish,482,34,24,0,0,17814,24,0.0969,0.8812,0.6204,0.8921,0.6899,3,0.7759,0.2622,0.1228,1,0.1581,0.0293,0.1092,0.1053,0.1703,0.121,0.8342,19541,0.333,5428,1,Juda Yuqori,3,0,3,1
Murabaha,Qashqadaryo,Qishloq xo'jaligi,673,64,7,3,0,31975,12,0.1173,0.5765,0.5041,0.9378,0.3591,2,0.955,0.0719,0.0562,1,0.0997,0.0523,0.0821,0.0333,0.0395,0.0398,0.0885,33851,0.2798,839,0,Past,0,1,3,2
Musharaka,Qashqadaryo,Qurilish,538,57,4,2,0,43768,36,0.2316,0.53,0.3849,0.962,0.2995,2,0.55,0.1339,0.2552,1,0.1977,0.0393,0.1019,0.0847,0.0047,-0.0741,0.7518,58975,0.5553,24621,1,Juda Yuqori,3,2,3,3
Sukuk,Buxoro,Savdo,678,53,20,3,0,16040,36,0.0886,0.6169,0.6195,0.8264,0.1129,3,0.8822,0.2207,0.1531,1,0.0701,0.0744,0.0901,0.0424,-0.0503,-0.0186,0.1993,18171,0.3785,1371,0,O'rta,1,3,0,4
Musharaka,Namangan,Eksport,502,25,13,1,0,290471,60,0.3544,0.5812,0.0859,0.7027,0.7544,4,0.9323,0.0281,0.0695,1,0.2538,0.0412,0.1027,0.01,0.1825,0.0629,0.3841,547824,0.5992,126084,0,Yuqori,2,2,2,0
Murabaha,Buxoro,Xizmat,692,54,13,6,0,31305,12,0.1701,0.4995,0.4486,0.518,0.2481,4,0.7945,0.0527,0.1131,1,0.0805,0.0611,0.1387,0.0578,0.3089,0.2096,0.1383,33968,0.535,2514,1,O'rta,1,1,0,5
Murabaha,Toshkent,Xizmat,637,26,12,3,0,71309,12,0.1671,0.4717,0.643,0.6824,0.2812,2,0.7276,0.2702,0.3687,1,0.0485,0.0514,0.0862,0.0522,0.2001,0.0763,0.7397,77268,0.4722,26988,1,Juda Yuqori,3,1,5,5
Sukuk,Qashqadaryo,Eksport,535,36,8,3,1,82848,36,0.0433,0.8882,0.4389,0.5075,0.2248,3,0.7994,0.1988,0.1253,1,0.06,0.0704,0.104,0.1013,-0.1963,0.0656,0.7039,88226,0.4134,25670,0,Juda Yuqori,3,3,3,0
Murabaha,Qashqadaryo,Eksport,772,23,2,0,0,71016,60,0.1635,0.4179,0.3351,0.8688,0.8046,5,0.5657,0.1579,0.0962,0,0.0781,0.0524,0.0577,0.0731,-0.2003,-0.0105,0.0602,100052,0.4496,2708,0,Past,0,1,3,0
Sukuk,Qashqadaryo,Eksport,603,45,10,0,0,189069,36,0.0528,0.7384,0.7647,0.7526,0.7569,3,0.8461,0.1603,0.0758,1,0.1098,0.0397,0.0996,0.0696,-0.1159,0.1739,0.6196,204056,0.3084,38986,1,Juda Yuqori,3,3,3,0
Musharaka,Farg'ona,Eksport,780,56,7,2,0,9973,60,0.3394,0.8272,0.4181,0.5976,0.7741,2,0.8712,0.0544,0.1953,1,0.2476,0.0345,0.0657,0.0029,0.2487,0.0255,0.8422,18436,0.5453,8466,1,Juda Yuqori,3,2,1,0
Sukuk,Samarqand,Ishlab chiqarish,653,42,8,1,0,24115,36,0.0619,0.3298,0.5464,0.8346,0.8838,2,0.9114,0.1433,0.0918,1,0.1111,0.0911,0.1092,0.0645,0.146,0.1424,0.2951,26354,0.3028,2355,1,Yuqori,2,3,4,1
Ijara,Samarqand,Savdo,569,32,20,2,1,142808,12,0.1217,0.7114,0.4212,0.7405,0.4558,3,0.8315,0.1153,0.1745,1,0.0884,0.0504,0.1333,0.0223,-0.043,0.0271,0.5392,151500,0.1535,12542,0,Juda Yuqori,3,0,4,4
Sukuk,Farg'ona,Ishlab chiqarish,781,28,16,3,0,184664,120,0.0862,0.8248,0.3566,0.6596,0.5817,3,0.8455,0.0172,0.3584,1,0.06,0.0718,0.1059,0.0566,-0.1601,0.0559,0.1194,264220,0.3616,11410,1,O'rta,1,3,1,1
Murabaha,Samarqand,Xizmat,850,53,10,2,0,410163,12,0.1201,0.5496,0.3236,0.5717,0.5343,3,0.6679,0.304,0.0618,1,0.1009,0.0319,0.1227,0.1099,-0.052,0.1133,0.2395,434784,0.5165,53788,0,O'rta,1,1,4,5
Ijara,Farg'ona,Ishlab chiqarish,716,45,21,3,0,115577,84,0.0745,0.5339,0.4303,0.9267,0.6491,4,0.5978,0.1443,0.0626,1,0.0879,0.0634,0.0987,0.0394,0.0698,-0.216,0.1209,145697,0.3372,5940,0,O'rta,1,0,1,1
Murabaha,Qashqadaryo,Qishloq xo'jaligi,546,36,7,4,1,637513,36,0.138,0.7947,0.2103,0.3121,0.1447,3,0.8446,0.4695,0.3017,1,0.1047,0.045,0.105,0.0466,0.1527,0.0464,0.9105,769516,0.3752,262848,1,Juda Yuqori,3,1,3,2
Musharaka,Samarqand,Xizmat,850,35,3,2,0,28704,120,0.2282,0.2578,0.5211,0.8325,0.5887,3,0.7588,0.1209,0.0457,1,0.2628,0.0505,0.1066,0.0228,0.0528,-0.0651,0.2274,61451,0.5572,7787,1,O'rta,1,2,4,5
Musharaka,Samarqand,Ishlab chiqarish,582,29,2,1,0,36950,120,0.1251,0.5362,0.2037,0.8474,0.3312,3,0.8646,0.1631,0.1466,1,0.2574,0.0671,0.0906,0.0595,-0.052,-0.0994,0.2605,60068,0.6125,9586,0,Yuqori,2,2,4,1
Sukuk,Farg'ona,Savdo,735,34,19,0,0,219973,60,0.0493,0.426,0.2791,0.8928,0.3456,2,0.6644,0.1435,0.0675,1,0.077,0.0586,0.1489,0.0404,0.17,-0.0385,0.0403,247066,0.3183,3172,0,Past,0,3,1,4
Sukuk,Namangan,Ishlab chiqarish,726,29,12,0,0,215664,84,0.0427,0.3533,0.1344,0.8964,0.5234,5,0.631,0.0873,0.1279,1,0.1579,0.1002,0.1059,0.0932,-0.1092,0.032,0.0076,247924,0.3002,569,0,Past,0,3,2,1
Ijara,Samarqand,Ishlab chiqarish,800,26,5,4,0,63746,12,0.0559,0.1819,0.5553,0.6493,0.4713,2,0.7635,0.2744,0.2379,1,0.0912,0.0869,0.1036,0.0564,0.1076,0.0425,0.2294,65526,0.334,5021,0,O'rta,1,0,4,1
Murabaha,Farg'ona,Savdo,566,64,22,2,0,163648,36,0.121,0.5243,0.7718,0.8105,0.7988,3,0.8107,0.1607,0.1434,1,0.1618,0.0417,0.1017,0.0846,-0.0638,0.0186,0.7582,193343,0.3381,49569,1,Juda Yuqori,3,1,1,4
Musharaka,Farg'ona,Qishloq xo'jaligi,522,33,21,4,1,7867,120,0.2029,0.7239,0.233,0.6262,0.2761,1,0.6318,0.0428,0.0974,1,0.2526,0.0633,0.1428,0.0807,0.018,0.2278,0.9518,15848,0.6786,10235,1,Juda Yuqori,3,2,1,2
Ijara,Farg'ona,Eksport,660,43,8,4,0,10762,36,0.1091,0.8206,0.5262,0.7622,0.3789,4,0.55,0.3331,0.2924,0,0.1398,0.0752,0.0808,0.1092,0.0473,0.073,0.8266,12524,0.2732,2828,1,Juda Yuqori,3,0,1,0
Murabaha,Buxoro,Xizmat,666,41,17,3,1,269589,36,0.1581,0.5885,0.5083,0.6821,0.4163,2,0.7261,0.2693,0.0454,1,0.11,0.0512,0.1044,0.0357,0.0381,-0.0588,0.6992,333531,0.4735,110419,0,Juda Yuqori,3,1,0,5
Murabaha,Farg'ona,Qurilish,722,24,4,2,0,23426,60,0.1428,0.7248,0.4338,0.6773,0.4927,4,0.9389,0.2903,0.0522,1,0.0993,0.062,0.1248,0.0134,-0.0333,0.0182,0.1783,31792,0.4977,2821,0,O'rta,1,1,1,3
Murabaha,Farg'ona,Qurilish,850,27,21,3,0,216489,36,0.0938,0.6332,0.5949,0.7678,0.1288,4,0.7375,0.2658,0.0262,1,0.1598,0.0547,0.0872,0.0146,0.0449,0.0369,0.0804,246961,0.4767,9461,0,Past,0,1,1,3
Murabaha,Toshkent,Qurilish,533,54,13,1,1,128325,24,0.0988,0.7015,0.5096,0.7729,0.3135,1,0.8138,0.1478,0.0579,1,0.1437,0.04,0.1138,0.0652,-0.0159,0.0984,0.8648,141009,0.5034,61384,1,Juda Yuqori,3,1,5,3
Murabaha,Farg'ona,Qishloq xo'jaligi,637,26,18,1,0,56515,36,0.1577,0.7581,0.4853,0.8197,0.6053,3,0.8332,0.0892,0.0902,1,0.1749,0.0507,0.1016,0.025,-0.038,0.0177,0.38,69885,0.5442,14452,0,Yuqori,2,1,1,2
Murabaha,Buxoro,Xizmat,780,49,7,0,0,32766,60,0.1164,0.4878,0.6172,0.5769,0.8899,2,0.8105,0.2534,0.2496,1,0.0637,0.0421,0.141,0.0136,-0.1108,-0.023,0.722,42305,0.4485,13698,1,Juda Yuqori,3,1,0,5
Murabaha,Namangan,Qishloq xo'jaligi,693,64,9,6,0,117441,24,0.1704,0.6283,0.4646,0.7548,0.2711,3,0.6904,0.3024,0.0931,1,0.1976,0.062,0.0807,0.0346,-0.0036,0.1605,0.4438,137448,0.3423,20880,1,Yuqori,2,1,2,2
Murabaha,Samarqand,Qishloq xo'jaligi,528,25,12,1,0,46394,60,0.0798,0.5466,0.3174,0.8333,0.6971,3,0.7836,0.1361,0.1014,1,0.1317,0.0581,0.0715,0.0114,-0.1384,0.1011,0.3395,55650,0.5288,9989,0,Yuqori,2,1,4,2
Sukuk,Toshkent,Qishloq xo'jaligi,740,62,21,0,0,151179,60,0.0459,0.7673,0.5699,0.7986,0.1036,3,0.9088,0.0948,0.0655,1,0.1089,0.0523,0.1187,0.0417,0.1162,0.1463,0.0986,168511,0.2637,4380,0,Past,0,3,5,2
Musharaka,Namangan,Xizmat,724,58,22,1,0,28883,60,0.17,0.4227,0.1901,0.7308,0.1528,1,0.6158,0.1848,0.1569,0,0.2338,0.0714,0.0935,0.034,0.1649,-0.0219,0.5753,41162,0.5161,12223,0,Juda Yuqori,3,2,2,5
Murabaha,Qashqadaryo,Qishloq xo'jaligi,656,54,15,2,0,52930,24,0.1,0.3345,0.3144,0.7414,0.5546,3,0.6785,0.1282,0.0535,1,0.1117,0.0388,0.0475,0.0654,-0.0494,-0.0217,0.1104,58220,0.5148,3310,0,O'rta,1,1,3,2
Ijara,Toshkent,Qishloq xo'jaligi,653,30,5,2,0,75982,12,0.1113,0.5021,0.2736,0.5879,0.333,2,0.6951,0.1847,0.1823,1,0.0255,0.047,0.0963,0.0112,-0.0514,-0.0426,0.2028,80211,0.4168,6782,1,O'rta,1,0,5,2
Murabaha,Qashqadaryo,Ishlab chiqarish,711,35,14,3,0,151258,36,0.0896,0.5418,0.3142,0.8104,0.3783,4,0.7053,0.1727,0.0531,1,0.1327,0.0583,0.1022,0.0121,0.0388,0.1489,0.085,171588,0.4024,5872,0,Past,0,1,3,1
Sukuk,Buxoro,Ishlab chiqarish,609,56,11,1,0,17521,120,0.062,0.832,0.3334,0.7848,0.4059,3,0.9024,0.1604,0.0065,1,0.0495,0.0459,0.0904,0.0131,0.1364,-0.043,0.1047,22956,0.2403,577,0,O'rta,1,3,0,1
Ijara,Namangan,Savdo,728,54,6,4,0,19754,12,0.1203,0.5482,0.2656,0.7022,0.8223,4,0.7327,0.257,0.0192,1,0.1028,0.0569,0.0705,0.0559,0.1237,0.1686,0.0701,20942,0.3337,490,0,Past,0,0,2,4
Murabaha,Toshkent,Eksport,823,35,6,1,0,9551,24,0.0775,0.7794,0.3694,0.8806,0.3919,4,0.6505,0.3028,0.0183,1,0.0945,0.0538,0.0781,0.0645,0.1413,0.146,0.0928,10291,0.5636,538,0,Past,0,1,5,0
Murabaha,Qashqadaryo,Xizmat,531,35,23,1,0,95532,36,0.1374,0.5246,0.5046,0.6634,0.4089,3,0.8853,0.0248,0.0363,0,0.1113,0.0478,0.0721,0.0456,-0.024,0.0787,0.3335,115222,0.4757,18281,1,Yuqori,2,1,3,5
Sukuk,Buxoro,Eksport,666,45,13,1,0,42957,120,0.0552,0.5057,0.5604,0.7362,0.7017,3,0.8732,0.065,0.0372,1,0.0614,0.044,0.0861,0.0202,0.187,-0.0776,0.1579,54812,0.1214,1050,0,O'rta,1,3,0,0
Sukuk,Qashqadaryo,Xizmat,635,63,20,5,0,48681,24,0.0686,0.7826,0.5182,0.7021,0.6446,5,0.7121,0.1077,0.0191,1,0.1066,0.0498,0.0697,0.12,-0.0824,0.091,0.1133,52019,0.2948,1737,0,O'rta,1,3,3,5
Musharaka,Qashqadaryo,Qishloq xo'jaligi,825,35,1,3,1,159826,84,0.3264,0.5664,0.5101,0.8683,0.2476,4,0.8836,0.4537,0.0191,1,0.2508,0.0475,0.1174,0.0537,0.2228,-0.0087,0.4879,342418,0.6925,115693,0,Juda Yuqori,3,2,3,2
Musharaka,Namangan,Qishloq xo'jaligi,547,52,16,1,0,131719,36,0.2967,0.6013,0.4439,0.9153,0.797,5,0.7116,0.1329,0.317,1,0.3001,0.0576,0.101,0.0171,-0.2906,0.0113,0.855,190335,0.7075,115142,0,Juda Yuqori,3,2,2,2
Murabaha,Farg'ona,Xizmat,738,39,21,2,0,3144,60,0.074,0.8033,0.3931,0.6888,0.6654,1,0.773,0.1515,0.1604,0,0.1226,0.0302,0.0986,0.0351,0.345,-0.0624,0.745,3726,0.4806,1334,1,Juda Yuqori,3,1,1,5
Sukuk,Samarqand,Qurilish,497,28,17,0,0,6136,84,0.0784,0.7854,0.6267,0.8901,0.1977,3,0.6602,0.2269,0.1246,1,0.0784,0.0686,0.1148,0.0187,0.2425,0.0676,0.6318,7819,0.2841,1404,0,Juda Yuqori,3,3,4,3
Murabaha,Namangan,Ishlab chiqarish,716,57,8,3,0,126082,12,0.1336,0.95,0.3946,0.6892,0.3591,2,0.9107,0.2699,0.0368,1,0.1359,0.0387,0.0897,0.0793,0.1944,-0.0029,0.3169,134502,0.5042,21487,0,Yuqori,2,1,2,1
Sukuk,Farg'ona,Qishloq xo'jaligi,634,63,4,2,0,53636,84,0.0573,0.766,0.1931,0.8485,0.6503,3,0.9395,0.1955,0.0825,1,0.0813,0.0758,0.1151,0.0424,0.1406,0.1327,0.0989,64384,0.2247,1430,0,Past,0,3,1,2
Ijara,Samarqand,Qurilish,537,63,17,4,0,150684,84,0.0884,0.4027,0.1114,0.6795,0.6574,2,0.8085,0.3902,0.0555,1,0.1255,0.0747,0.0767,0.0388,0.007,0.1707,0.4294,197301,0.3183,26971,0,Yuqori,2,0,4,3
Musharaka,Samarqand,Ishlab chiqarish,665,43,20,1,0,19749,36,0.325,0.7206,0.755,0.9319,0.3233,5,0.7211,0.2404,0.1043,1,0.2529,0.0454,0.1099,0.0536,-0.155,-0.0583,0.6823,29375,0.577,11566,1,Juda Yuqori,3,2,4,1
Musharaka,Qashqadaryo,Qurilish,721,58,15,1,0,111771,24,0.161,0.3914,0.7484,0.7327,0.3427,4,0.8916,0.1149,0.0309,1,0.2283,0.0622,0.1417,0.0187,-0.0826,0.0447,0.3606,129769,0.4239,19833,0,Yuqori,2,2,3,3
Murabaha,Samarqand,Qurilish,709,38,15,6,0,69939,24,0.1009,0.5022,0.2812,0.7006,0.2168,2,0.8528,0.1986,0.0654,1,0.1234,0.0232,0.1046,0.0673,0.0647,0.1153,0.1427,76999,0.3944,4335,0,O'rta,1,1,4,3
Murabaha,Samarqand,Qurilish,684,43,15,4,0,42036,12,0.1219,0.3968,0.1118,0.4689,0.4822,5,0.5675,0.1373,0.3119,1,0.1346,0.0634,0.0752,0.0051,-0.3211,0.1834,0.0894,44599,0.4974,1982,0,Past,0,1,4,3
Murabaha,Samarqand,Xizmat,628,23,15,3,0,50931,36,0.0797,0.3046,0.4559,0.833,0.1544,1,0.7175,0.4384,0.2907,1,0.1298,0.0524,0.0632,0.0443,0.1251,0.1386,0.4615,57016,0.3748,9861,0,Juda Yuqori,3,1,4,5
Murabaha,Buxoro,Savdo,450,30,11,1,0,29593,24,0.115,0.7996,0.5314,0.784,0.7526,3,0.55,0.0752,0.135,1,0.1204,0.0574,0.1333,0.0209,0.0425,0.0711,0.8003,32996,0.3931,10380,1,Juda Yuqori,3,1,0,4
Ijara,Samarqand,Qishloq xo'jaligi,615,38,13,2,1,40006,12,0.1039,0.5074,0.4872,0.893,0.6876,2,0.8152,0.1604,0.0533,1,0.0952,0.0499,0.1179,0.0456,0.0201,0.112,0.658,42086,0.3144,8708,1,Juda Yuqori,3,0,4,2
Murabaha,Farg'ona,Eksport,543,34,4,1,0,93537,6,0.1555,0.4897,0.3954,0.4385,0.8339,2,0.6822,0.1241,0.1707,1,0.1331,0.0732,0.0876,0.0948,-0.135,0.1166,0.8239,97173,0.6293,50383,0,Juda Yuqori,3,1,1,0
Murabaha,Buxoro,Xizmat,725,33,21,4,0,310973,24,0.084,0.5946,0.1135,0.7087,0.7966,2,0.8158,0.2312,0.1365,1,0.1327,0.0368,0.0842,0.0322,0.0558,0.1283,0.232,337096,0.3579,27986,0,O'rta,1,1,0,5
Sukuk,Namangan,Xizmat,622,24,15,2,0,91049,36,0.047,0.7674,0.4654,0.6902,0.3564,3,0.8268,0.057,0.1085,1,0.0667,0.068,0.0826,0.043,-0.1197,-0.0458,0.162,97475,0.4088,6453,0,O'rta,1,3,2,5
Sukuk,Qashqadaryo,Savdo,533,41,13,1,0,7818,84,0.0913,0.8412,0.6905,0.626,0.6189,4,0.6667,0.1564,0.0482,1,0.0686,0.0438,0.0964,0.0742,0.0273,0.0487,0.6089,10316,0.167,1049,1,Juda Yuqori,3,3,3,4
Sukuk,Toshkent,Savdo,703,63,5,2,0,17136,84,0.088,0.6556,0.4118,0.8211,0.4732,2,0.8062,0.5,0.3407,1,0.1324,0.0567,0.0859,0.0072,0.1331,0.012,0.6551,22412,0.3398,4989,0,Juda Yuqori,3,3,5,4
Sukuk,Farg'ona,Savdo,707,24,16,1,0,67117,120,0.0861,0.4037,0.5714,0.6249,0.3251,3,0.8749,0.3391,0.2302,1,0.0789,0.0632,0.0866,0.0491,0.0068,0.1477,0.1706,96004,0.2063,3379,0,O'rta,1,3,1,4
Murabaha,Toshkent,Savdo,701,51,18,4,0,27513,12,0.1744,0.8831,0.3333,0.7174,0.6995,3,0.5812,0.1499,0.294,1,0.0745,0.0459,0.1079,0.0399,0.0866,0.05,0.6294,29912,0.3965,7464,1,Juda Yuqori,3,1,5,4
Murabaha,Toshkent,Eksport,605,45,13,1,0,156180,6,0.0879,0.5014,0.6314,0.7964,0.8259,3,0.6714,0.3044,0.0154,1,0.0947,0.0694,0.0913,0.0282,0.0955,0.0654,0.6414,159612,0.411,42080,1,Juda Yuqori,3,1,5,0
Ijara,Namangan,Eksport,667,55,7,0,0,101600,84,0.053,0.7676,0.2321,0.7747,0.1928,3,0.6155,0.2347,0.3172,1,0.1447,0.0471,0.1283,0.0331,0.1077,0.0912,0.3268,120446,0.5157,20300,0,Yuqori,2,0,2,0
Ijara,Samarqand,Ishlab chiqarish,778,31,5,0,0,21191,60,0.0903,0.7542,0.5423,0.7726,0.8529,2,0.7591,0.276,0.0715,1,0.0697,0.0284,0.0827,0.0447,-0.034,0.0511,0.516,25976,0.3791,5081,0,Juda Yuqori,3,0,4,1
Murabaha,Toshkent,Ishlab chiqarish,797,52,23,3,1,13373,60,0.1272,0.7598,0.2686,0.757,0.1277,4,0.8196,0.3746,0.2042,1,0.1167,0.0387,0.0826,0.0,0.0382,0.0738,0.25,17627,0.3342,1473,0,Yuqori,2,1,5,1
Ijara,Samarqand,Xizmat,631,62,19,1,0,84489,60,0.1279,0.9077,0.4142,0.6156,0.8052,3,0.7842,0.2186,0.2455,1,0.1068,0.0556,0.1021,0.0665,0.112,0.1627,0.8081,111497,0.3514,31663,1,Juda Yuqori,3,0,4,5
Murabaha,Buxoro,Eksport,491,50,14,2,0,119781,60,0.163,0.6307,0.7351,0.5743,0.166,4,0.7625,0.109,0.1025,1,0.1057,0.0398,0.1167,0.0835,-0.031,0.074,0.6584,168602,0.3348,37169,0,Juda Yuqori,3,1,0,0
Murabaha,Namangan,Qurilish,643,43,13,2,0,63358,12,0.1309,0.6901,0.4339,0.534,0.5375,2,0.848,0.0596,0.0516,1,0.1083,0.063,0.0799,0.0433,0.0964,0.2133,0.381,67505,0.5172,13302,0,Yuqori,2,1,2,3
Musharaka,Samarqand,Qishloq xo'jaligi,745,23,17,1,0,33347,60,0.1415,0.3304,0.4276,0.6276,0.4421,1,0.8624,0.3467,0.0516,1,0.2372,0.0416,0.1101,0.0349,-0.1067,0.0211,0.6908,45144,0.7268,22668,1,Juda Yuqori,3,2,4,2
Musharaka,Qashqadaryo,Qishloq xo'jaligi,583,27,4,1,0,49396,24,0.2179,0.4769,0.4229,0.9389,0.6849,4,0.8077,0.0802,0.048,1,0.2672,0.0581,0.1094,0.0447,-0.2309,0.1666,0.2599,60158,0.6726,10517,0,Yuqori,2,2,3,2
Musharaka,Namangan,Qurilish,617,22,1,2,0,23239,120,0.2972,0.6461,0.3685,0.9505,0.6199,2,0.6268,0.1084,0.1499,1,0.2365,0.0345,0.1261,0.0606,0.144,-0.1077,0.7853,57768,0.5904,26784,0,Juda Yuqori,3,2,2,3
Murabaha,Buxoro,Ishlab chiqarish,654,55,6,4,0,277205,6,0.1066,0.8248,0.4251,0.878,0.1842,3,0.8516,0.0389,0.1552,1,0.1223,0.0593,0.0986,0.0651,0.0877,0.0905,0.1087,284590,0.4185,12943,0,O'rta,1,1,0,1
Sukuk,Toshkent,Eksport,597,29,16,2,0,39676,24,0.0625,0.6173,0.3949,0.6969,0.2994,4,0.7654,0.1583,0.055,1,0.0743,0.0723,0.1223,0.0491,0.0101,-0.0397,0.1401,42156,0.2186,1291,0,O'rta,1,3,5,0
Murabaha,Qashqadaryo,Xizmat,718,58,6,1,0,12334,36,0.1192,0.7976,0.0596,0.802,0.8824,1,0.8713,0.2176,0.0413,1,0.11,0.0542,0.1042,0.0342,-0.025,0.1034,0.249,14541,0.6961,2520,0,O'rta,1,1,3,5
Murabaha,Qashqadaryo,Xizmat,580,57,13,4,0,20094,6,0.0872,0.6017,0.8336,0.8847,0.3052,3,0.9275,0.0991,0.1226,1,0.1326,0.0739,0.1198,0.0581,0.1627,-0.057,0.4449,20532,0.3564,3255,1,Yuqori,2,1,3,5
Sukuk,Samarqand,Savdo,811,54,10,2,0,9646,24,0.0458,0.6228,0.4045,0.8751,0.2173,2,0.9239,0.4064,0.0346,1,0.0876,0.0764,0.0836,0.0546,-0.012,-0.0712,0.0621,10088,0.199,125,0,Past,0,3,4,4
Sukuk,Buxoro,Qurilish,559,53,21,2,0,98093,60,0.0487,0.6418,0.2836,0.6548,0.5666,4,0.7951,0.0568,0.02,1,0.0943,0.0265,0.1014,0.0328,0.1956,0.0899,0.1137,110042,0.3607,4514,0,O'rta,1,3,0,3
Sukuk,Buxoro,Xizmat,588,27,16,2,0,702305,120,0.0709,0.5788,0.3566,0.7007,0.5086,3,0.8824,0.2764,0.1201,1,0.038,0.0641,0.105,0.0268,0.1883,0.1284,0.1991,951172,0.314,59476,0,O'rta,1,3,0,5
Ijara,Qashqadaryo,Xizmat,810,63,17,1,0,33708,60,0.1195,0.379,0.3561,0.6766,0.682,4,0.7292,0.2243,0.4,1,0.088,0.0611,0.0887,0.0478,-0.0627,0.1178,0.156,43775,0.3496,2388,0,O'rta,1,0,3,5
Ijara,Namangan,Xizmat,681,43,17,3,1,199663,60,0.0796,0.4481,0.27,0.4515,0.8044,2,0.6674,0.1751,0.3411,1,0.0812,0.0514,0.1254,0.0493,-0.029,0.0279,0.7383,239382,0.306,54090,0,Juda Yuqori,3,0,2,5
Musharaka,Namangan,Savdo,595,55,13,0,0,2559,24,0.2736,0.3932,0.2131,0.6317,0.7484,2,0.884,0.3916,0.1563,1,0.2658,0.0765,0.0865,0.0677,0.1043,0.1532,0.8479,3260,0.6059,1675,1,Juda Yuqori,3,2,2,4
Murabaha,Buxoro,Eksport,625,59,11,2,1,329837,6,0.0711,0.6123,0.384,0.7693,0.5947,3,0.6768,0.1495,0.0747,1,0.1488,0.0402,0.0993,0.0219,-0.1646,0.1649,0.545,335702,0.373,68246,1,Juda Yuqori,3,1,0,0
Murabaha,Toshkent,Savdo,701,31,20,3,1,110232,36,0.1093,0.4924,0.2134,0.6975,0.7457,2,0.7553,0.1702,0.0835,1,0.1109,0.0578,0.1008,0.0654,0.1423,0.0714,0.4066,128302,0.5485,28612,0,Yuqori,2,1,5,4
Murabaha,Samarqand,Xizmat,692,51,14,2,0,24672,24,0.1764,0.7685,0.2031,0.8946,0.4728,2,0.7875,0.4481,0.1424,1,0.1389,0.0196,0.0946,0.0439,0.1132,-0.0447,0.4982,29025,0.44,6363,0,Juda Yuqori,3,1,4,5
Murabaha,Toshkent,Qurilish,665,64,13,3,1,87617,24,0.1133,0.4735,0.05,0.6514,0.1915,2,0.7665,0.2691,0.1602,1,0.1591,0.0364,0.0921,0.0637,-0.1649,0.0719,0.2759,97545,0.5417,14580,1,Yuqori,2,1,5,3
Ijara,Samarqand,Qishloq xo'jaligi,736,61,10,4,0,139770,24,0.0615,0.5528,0.1277,0.9419,0.3335,4,0.8093,0.1093,0.0849,1,0.0627,0.0719,0.1416,0.0707,0.3622,0.1083,0.0111,148367,0.2817,463,0,Past,0,0,4,2
Musharaka,Toshkent,Ishlab chiqarish,678,29,13,2,0,10161,120,0.3634,0.4627,0.4395,0.6323,0.2782,2,0.552,0.3531,0.1629,1,0.2497,0.0464,0.0766,0.0511,0.244,0.1022,0.811,28623,0.6926,16079,0,Juda Yuqori,3,2,5,1
Murabaha,Buxoro,Xizmat,499,26,20,4,0,24809,6,0.1695,0.8808,0.3481,0.4495,0.2771,4,0.7408,0.1823,0.0455,1,0.1557,0.0639,0.1134,0.0521,-0.027,0.083,0.5937,25860,0.3327,5108,0,Juda Yuqori,3,1,0,5
Murabaha,Buxoro,Eksport,545,29,11,3,0,48587,36,0.1177,0.7408,0.6,0.5152,0.3555,4,0.55,0.0654,0.3506,0,0.0647,0.0961,0.0893,0.0245,-0.155,0.0689,0.8522,57164,0.5339,26006,1,Juda Yuqori,3,1,0,0
Ijara,Toshkent,Xizmat,606,33,23,1,0,43734,84,0.0577,0.8523,0.528,0.7285,0.6917,4,0.8574,0.2313,0.0886,1,0.0618,0.0474,0.1189,0.0327,0.0637,0.0301,0.4707,52567,0.3904,9658,1,Juda Yuqori,3,0,5,5
Murabaha,Buxoro,Xizmat,514,25,9,4,0,22895,24,0.1206,0.3492,0.5715,0.5246,0.2803,2,0.8768,0.0147,0.1823,1,0.1094,0.0391,0.0971,0.0581,0.0025,0.1196,0.362,25656,0.4404,4091,1,Yuqori,2,1,0,5
Sukuk,Qashqadaryo,Ishlab chiqarish,587,32,20,0,0,91226,24,0.0957,0.3991,0.3994,0.6548,0.6897,3,0.7689,0.0974,0.1156,1,0.0938,0.0621,0.0856,0.0531,0.1043,0.1296,0.2437,99960,0.1402,3414,0,O'rta,1,3,3,1
Musharaka,Farg'ona,Xizmat,542,42,21,6,0,75822,12,0.3186,0.745,0.4967,0.8773,0.4898,2,0.7027,0.343,0.2133,1,0.2724,0.0624,0.1098,0.0165,0.0139,-0.0562,0.9761,87901,0.6018,51637,1,Juda Yuqori,3,2,1,5
Musharaka,Farg'ona,Xizmat,582,27,21,4,0,488912,60,0.2516,0.6114,0.4905,0.4844,0.6236,3,0.6417,0.3266,0.1255,1,0.2471,0.064,0.124,0.0497,0.1599,0.0443,0.9544,796461,0.6468,491706,1,Juda Yuqori,3,2,1,5
Musharaka,Samarqand,Ishlab chiqarish,570,51,3,1,0,53545,12,0.1697,0.5497,0.1316,0.6308,0.4779,3,0.6125,0.2193,0.2666,1,0.265,0.0423,0.0983,0.0608,-0.0813,0.069,0.7754,58089,0.4549,20492,1,Juda Yuqori,3,2,4,1
Ijara,Farg'ona,Eksport,624,63,8,3,0,183293,12,0.0963,0.5324,0.6326,0.587,0.3791,1,0.6117,0.1822,0.1272,1,0.1079,0.0715,0.1106,0.0088,0.02,-0.1163,0.7673,192123,0.3183,46919,1,Juda Yuqori,3,0,1,0
Murabaha,Namangan,Savdo,572,40,7,3,1,32735,12,0.1054,0.6286,0.2579,0.6957,0.409,3,0.7916,0.0923,0.1551,1,0.0599,0.0503,0.0877,0.0523,-0.0519,0.0186,0.2597,34459,0.5211,4663,0,Yuqori,2,1,2,4
Ijara,Farg'ona,Eksport,636,62,15,3,1,24175,12,0.0567,0.4998,0.6752,0.3956,0.2301,2,0.7922,0.1538,0.2193,1,0.1309,0.0633,0.1141,0.0896,0.0403,0.01,0.8543,24860,0.1817,3858,1,Juda Yuqori,3,0,1,0
Musharaka,Buxoro,Eksport,582,39,11,2,0,14801,36,0.3308,0.9205,0.6089,0.8084,0.8606,4,0.7503,0.3309,0.2271,0,0.2762,0.0385,0.1178,0.0881,-0.2214,0.0093,0.9848,22146,0.6343,13834,1,Juda Yuqori,3,2,0,0
Murabaha,Qashqadaryo,Ishlab chiqarish,564,33,12,3,0,11776,6,0.0731,0.8692,0.1793,0.7422,0.5988,3,0.8986,0.0648,0.2115,1,0.0785,0.0257,0.0712,0.0389,0.06,-0.1554,0.2024,11991,0.4054,984,1,O'rta,1,1,3,1
Sukuk,Buxoro,Qurilish,625,50,9,3,0,11042,120,0.0912,0.8131,0.3353,0.8399,0.8936,3,0.8527,0.3198,0.0034,1,0.1162,0.0209,0.0989,0.0601,0.1547,0.0515,0.3847,16075,0.2941,1819,0,Yuqori,2,3,0,3
Ijara,Samarqand,Savdo,648,29,20,3,0,78434,36,0.0989,0.7763,0.3608,0.7427,0.5935,5,0.8037,0.1354,0.2483,1,0.0964,0.0479,0.0801,0.0431,-0.0903,-0.0292,0.1268,90073,0.2911,3325,0,O'rta,1,0,4,4
Ijara,Samarqand,Eksport,552,23,2,3,0,22654,84,0.0788,0.6206,0.2917,0.8718,0.1759,3,0.7635,0.1525,0.0358,1,0.0931,0.0413,0.0903,0.0411,-0.0097,0.0186,0.063,28903,0.4269,777,0,Past,0,0,4,0
Sukuk,Buxoro,Xizmat,696,47,1,3,0,29835,60,0.0616,0.7695,0.5038,0.5709,0.8709,4,0.8434,0.2741,0.0747,1,0.0956,0.0416,0.0584,0.0132,0.0355,0.0158,0.3976,34426,0.1948,2666,0,Yuqori,2,3,0,5
Sukuk,Toshkent,Qurilish,656,27,3,0,0,151396,60,0.0631,0.6939,0.401,0.8887,0.3705,2,0.7157,0.2708,0.0995,1,0.0966,0.0689,0.107,0.0734,0.0999,-0.0358,0.1731,175297,0.2949,8952,0,O'rta,1,3,5,3
Ijara,Samarqand,Ishlab chiqarish,510,51,7,3,0,38568,84,0.0733,0.8939,0.3873,0.6365,0.3237,4,0.8152,0.064,0.0477,1,0.1015,0.0113,0.0886,0.0818,0.3433,0.124,0.2508,48464,0.3885,4722,1,Yuqori,2,0,4,1
Ijara,Samarqand,Qurilish,797,34,16,1,0,133845,84,0.0628,0.7045,0.3079,0.4458,0.6509,3,0.6999,0.2686,0.2564,1,0.1331,0.055,0.0687,0.0637,0.1471,-0.0034,0.4459,163265,0.4049,29477,1,Yuqori,2,0,4,3
Ijara,Farg'ona,Qishloq xo'jaligi,619,33,5,4,1,634096,12,0.0876,0.517,0.7756,0.2635,0.7027,4,0.7271,0.2181,0.0118,1,0.0932,0.0624,0.0787,0.0763,0.0926,-0.0012,0.8558,661856,0.3162,179095,1,Juda Yuqori,3,0,1,2
Ijara,Namangan,Qishloq xo'jaligi,812,61,23,3,0,56291,36,0.0638,0.6401,0.5067,0.6995,0.8886,3,0.7313,0.2245,0.0529,0,0.0903,0.0438,0.0916,0.0789,0.127,0.0288,0.4,61674,0.4708,11613,1,Yuqori,2,0,2,2
Musharaka,Farg'ona,Xizmat,674,51,18,0,0,110542,24,0.1605,0.5261,0.4638,0.8307,0.2259,2,0.6816,0.1146,0.056,1,0.2639,0.0201,0.0648,0.0003,0.0653,-0.047,0.533,128283,0.6323,43231,0,Juda Yuqori,3,2,1,5
Ijara,Farg'ona,Ishlab chiqarish,574,31,2,4,0,34505,24,0.0744,0.5008,0.2929,0.9551,0.699,3,0.9328,0.4728,0.1797,1,0.0759,0.0741,0.1519,0.053,-0.0477,-0.1504,0.4217,37072,0.402,6285,1,Yuqori,2,0,1,1
Murabaha,Buxoro,Qurilish,615,39,21,4,0,63340,12,0.167,0.8437,0.2393,0.965,0.2138,2,0.8611,0.1126,0.0486,1,0.1025,0.0616,0.0879,0.0414,-0.058,0.2273,0.1095,68629,0.4679,3516,0,O'rta,1,1,0,3
Sukuk,Samarqand,Qishloq xo'jaligi,601,59,24,3,0,21793,36,0.0867,0.7632,0.3564,0.6858,0.5497,2,0.8429,0.3105,0.0535,1,0.0881,0.0543,0.1091,0.0509,0.0594,-0.1031,0.4808,24626,0.3634,4303,0,Juda Yuqori,3,3,4,2
Sukuk,Namangan,Eksport,583,55,1,4,1,33180,60,0.0688,0.3168,0.1914,0.8353,0.8977,4,0.7113,0.1774,0.1361,1,0.0776,0.0771,0.1202,0.0652,-0.084,0.0949,0.188,38885,0.1756,1283,0,O'rta,1,3,2,0
Murabaha,Samarqand,Qurilish,612,27,1,5,1,105063,6,0.1423,0.404,0.1957,0.8621,0.6713,3,0.8002,0.1623,0.035,1,0.132,0.0528,0.1105,0.0611,0.0261,0.1531,0.1876,108801,0.4301,8780,1,O'rta,1,1,4,3
Ijara,Buxoro,Ishlab chiqarish,668,56,2,3,0,56472,24,0.1269,0.4791,0.3927,0.7005,0.6207,3,0.6616,0.2361,0.0278,1,0.0928,0.0369,0.0828,0.0219,-0.2387,0.218,0.2548,63637,0.2099,3402,0,Yuqori,2,0,0,1
Murabaha,Samarqand,Ishlab chiqarish,608,49,20,2,1,172103,24,0.154,0.4479,0.1772,0.7429,0.4588,3,0.9375,0.2368,0.1324,0,0.1078,0.0366,0.0902,0.0454,-0.1965,-0.0334,0.3077,198614,0.4138,25285,0,Yuqori,2,1,4,1
Murabaha,Buxoro,Qishloq xo'jaligi,626,53,10,3,0,10878,12,0.0916,0.7171,0.1758,0.7848,0.3011,1,0.7943,0.4612,0.1977,1,0.1127,0.0512,0.0481,0.0267,0.1798,0.2019,0.614,11376,0.4811,3360,1,Juda Yuqori,3,1,0,2
Ijara,Buxoro,Savdo,687,64,10,0,0,13303,24,0.0994,0.6738,0.3804,0.8681,0.5069,2,0.8413,0.1753,0.1105,0,0.0795,0.0557,0.0964,0.0794,0.2029,-0.0537,0.3363,14625,0.3107,1528,0,Yuqori,2,0,0,4
Murabaha,Qashqadaryo,Qishloq xo'jaligi,571,25,2,3,0,10877,6,0.0934,0.4781,0.3544,0.8889,0.7572,4,0.6519,0.2349,0.1147,1,0.1056,0.04,0.0743,0.0441,0.0401,0.0463,0.2326,11131,0.5794,1500,0,O'rta,1,1,3,2
Ijara,Buxoro,Qurilish,660,47,6,3,0,9387,12,0.0584,0.5354,0.5492,0.8889,0.1716,5,0.8522,0.5,0.14,1,0.1009,0.061,0.0965,0.0523,0.0917,0.1006,0.1766,9661,0.4191,715,0,O'rta,1,0,0,3
Ijara,Farg'ona,Qishloq xo'jaligi,683,47,14,2,0,60749,12,0.1278,0.4363,0.3333,0.8386,0.2939,2,0.7795,0.0981,0.0425,1,0.1221,0.0574,0.0842,0.0919,0.023,0.0892,0.0453,64631,0.3451,1011,0,Past,0,0,1,2
Musharaka,Toshkent,Eksport,609,28,11,2,0,104126,12,0.3154,0.6204,0.4492,0.9106,0.7396,2,0.7583,0.1267,0.0946,0,0.2244,0.0807,0.1054,0.0731,0.3286,0.202,0.8314,120545,0.5541,55528,0,Juda Yuqori,3,2,5,0
Murabaha,Buxoro,Savdo,659,60,19,1,0,2609,24,0.144,0.7239,0.4797,0.4602,0.4235,4,0.8808,0.0842,0.0731,1,0.1265,0.0615,0.1514,0.0593,-0.0381,0.054,0.2832,2985,0.5251,444,0,Yuqori,2,1,0,4
Murabaha,Buxoro,Xizmat,607,52,9,1,0,8206,12,0.0701,0.3946,0.3772,0.802,0.8586,3,0.6842,0.2621,0.0874,1,0.1087,0.0836,0.0571,0.0457,-0.3623,-0.0261,0.4407,8493,0.5286,1979,0,Yuqori,2,1,0,5
Musharaka,Toshkent,Qurilish,717,45,17,3,0,65062,12,0.3294,0.5176,0.1933,0.6887,0.3576,5,0.8661,0.2664,0.3913,1,0.2576,0.0389,0.1321,0.0833,0.1558,-0.093,0.3781,75779,0.6749,19337,0,Yuqori,2,2,5,3
Sukuk,Buxoro,Qishloq xo'jaligi,629,44,7,2,0,30383,60,0.0892,0.4039,0.1263,0.7845,0.3344,4,0.984,0.1437,0.0296,0,0.0797,0.0679,0.0852,0.0228,-0.1111,0.1064,0.0137,37162,0.3899,199,0,Past,0,3,0,2
Musharaka,Buxoro,Savdo,786,22,22,2,1,146584,36,0.1674,0.481,0.3365,0.8017,0.776,5,0.6718,0.233,0.0931,1,0.2581,0.0598,0.1036,0.025,-0.008,0.0007,0.4887,183395,0.5079,45524,1,Juda Yuqori,3,2,0,4
Murabaha,Farg'ona,Ishlab chiqarish,493,32,17,2,0,40554,24,0.0893,0.8421,0.3045,0.5576,0.1721,3,0.8354,0.3042,0.1206,1,0.0963,0.044,0.0786,0.0226,0.1313,0.0032,0.6038,44177,0.4119,10988,0,Juda Yuqori,3,1,1,1
Musharaka,Qashqadaryo,Qurilish,691,42,5,1,0,60138,84,0.2107,0.5836,0.1609,0.6278,0.2507,5,0.7625,0.1354,0.0673,1,0.2403,0.0585,0.1069,0.0518,0.0468,0.0625,0.0976,104479,0.5769,5880,0,Past,0,2,3,3
Musharaka,Farg'ona,Savdo,514,38,18,3,0,144425,12,0.2316,0.2326,0.5174,0.4646,0.5494,2,0.7445,0.3629,0.1022,1,0.2442,0.0431,0.0933,0.0003,0.0254,-0.0306,0.9558,161148,0.5697,87754,1,Juda Yuqori,3,2,1,4
Ijara,Toshkent,Eksport,641,50,19,4,1,91644,60,0.09,0.5654,0.5353,0.8772,0.5425,5,0.7055,0.1301,0.0508,1,0.1047,0.04,0.1087,0.056,-0.0805,0.0327,0.1563,112255,0.3962,6953,0,O'rta,1,0,5,0
Murabaha,Toshkent,Qurilish,635,37,12,1,0,5415,12,0.1191,0.4625,0.6003,0.8914,0.1322,2,0.8555,0.2418,0.1133,1,0.1017,0.0603,0.1005,0.0819,-0.1528,0.0393,0.2284,5738,0.4588,601,0,O'rta,1,1,5,3
Ijara,Qashqadaryo,Xizmat,687,49,3,2,0,32699,36,0.0936,0.4716,0.5396,0.8435,0.7319,1,0.8174,0.0616,0.0876,1,0.113,0.0418,0.0982,0.086,0.0412,0.196,0.3049,37288,0.3429,3898,1,Yuqori,2,0,3,5
Musharaka,Namangan,Xizmat,437,44,21,4,1,28948,36,0.133,0.5442,0.7496,0.823,0.7338,3,0.8967,0.195,0.2549,1,0.2293,0.0378,0.1165,0.0751,0.3348,-0.0135,0.9888,34725,0.6768,23238,1,Juda Yuqori,3,2,2,5
Sukuk,Samarqand,Ishlab chiqarish,685,44,16,1,0,13320,36,0.0873,0.7159,0.051,0.7689,0.4289,4,0.7592,0.1798,0.194,1,0.0769,0.0454,0.0813,0.0027,-0.0587,-0.0554,0.0267,15065,0.268,108,0,Past,0,3,4,1
Murabaha,Buxoro,Qishloq xo'jaligi,533,41,2,3,0,77789,6,0.1268,0.8618,0.6421,0.6273,0.777,3,0.8112,0.3109,0.0489,1,0.1042,0.0553,0.1051,0.0447,0.049,-0.033,0.8815,80255,0.446,31552,0,Juda Yuqori,3,1,0,2
Musharaka,Farg'ona,Savdo,667,42,24,2,1,15819,12,0.3367,0.6622,0.4995,0.7571,0.5985,1,0.7126,0.0482,0.0913,1,0.2249,0.0614,0.0581,0.0882,-0.1159,0.026,0.9126,18482,0.5817,9812,1,Juda Yuqori,3,2,1,4
Sukuk,Samarqand,Savdo,700,41,23,0,0,17464,60,0.0693,0.4342,0.2512,0.7078,0.2588,3,0.7264,0.4019,0.1906,1,0.0684,0.0415,0.0876,0.0488,0.2032,0.1023,0.0962,20489,0.2474,487,0,Past,0,3,4,4
Murabaha,Toshkent,Qishloq xo'jaligi,596,58,13,2,0,50906,60,0.089,0.4153,0.3443,0.6924,0.8784,3,0.7189,0.4628,0.1002,0,0.0865,0.0436,0.0841,0.034,0.0647,0.091,0.7177,62236,0.3669,16387,0,Juda Yuqori,3,1,5,2
Sukuk,Qashqadaryo,Ishlab chiqarish,767,28,20,2,0,275863,120,0.05,0.639,0.2535,0.8561,0.8473,2,0.7635,0.304,0.0825,1,0.0647,0.0531,0.1251,0.0158,0.2323,0.0613,0.2203,344881,0.1401,10647,0,O'rta,1,3,3,1
Ijara,Namangan,Qurilish,471,29,24,2,0,41770,84,0.0844,0.5806,0.6281,0.8138,0.8649,4,0.8602,0.3068,0.0963,1,0.0884,0.0428,0.1109,0.0788,0.0942,-0.0563,0.7114,54108,0.2967,11422,1,Juda Yuqori,3,0,2,3
Murabaha,Namangan,Qurilish,578,62,3,4,0,69848,12,0.0958,0.4019,0.659,0.7855,0.428,3,0.55,0.0753,0.2803,1,0.1568,0.0767,0.084,0.0479,0.2639,-0.0331,0.6039,73193,0.3182,14064,1,Juda Yuqori,3,1,2,3
Murabaha,Samarqand,Eksport,650,43,17,3,1,119304,60,0.1747,0.7415,0.1183,0.6806,0.7729,4,0.8047,0.1463,0.2348,1,0.0683,0.0536,0.0665,0.0302,0.1126,0.016,0.2721,171397,0.3459,16133,0,Yuqori,2,1,4,0
Ijara,Buxoro,Qurilish,680,48,11,2,0,95955,36,0.0878,0.6244,0.2335,0.7049,0.8855,4,0.55,0.2432,0.3074,1,0.0774,0.0492,0.1051,0.0564,0.0739,0.0194,0.3474,108592,0.4019,15161,0,Yuqori,2,0,0,3
Murabaha,Toshkent,Xizmat,681,64,17,0,0,83985,12,0.1534,0.5735,0.4921,0.8214,0.5358,5,0.8614,0.1549,0.2377,1,0.0543,0.0434,0.1212,0.075,-0.0994,0.0211,0.135,90429,0.4927,6013,1,O'rta,1,1,5,5
Musharaka,Namangan,Savdo,639,37,12,5,1,6728,36,0.1723,0.3352,0.5066,0.4599,0.4672,3,0.55,0.0897,0.1251,1,0.2275,0.0437,0.0986,0.0758,-0.0252,0.0059,0.9005,8467,0.5911,4507,1,Juda Yuqori,3,2,2,4
Murabaha,Qashqadaryo,Savdo,785,62,24,3,0,89496,36,0.1594,0.7693,0.1946,0.8261,0.4137,4,0.822,0.2039,0.0385,1,0.1499,0.0795,0.0886,0.0105,-0.0109,-0.0245,0.0534,110894,0.3816,2259,0,Past,0,1,3,4
Musharaka,Samarqand,Qurilish,577,56,22,1,0,78353,84,0.2225,0.9323,0.3669,0.9186,0.825,4,0.8411,0.0875,0.1219,1,0.2725,0.0596,0.1215,0.082,0.1601,0.0231,0.7848,139363,0.6333,69262,1,Juda Yuqori,3,2,4,3
Murabaha,Buxoro,Qurilish,616,56,20,0,0,27361,6,0.1508,0.7832,0.5035,0.6717,0.3096,4,0.7353,0.2858,0.3213,1,0.1358,0.071,0.093,0.0598,0.2237,0.0773,0.6366,28392,0.4894,8846,1,Juda Yuqori,3,1,0,3
Sukuk,Namangan,Qurilish,696,60,13,3,0,2050378,84,0.0771,0.721,0.5511,0.6523,0.3771,2,0.837,0.3192,0.0317,1,0.0956,0.07,0.0751,0.0729,-0.2069,-0.0607,0.3985,2603456,0.361,374557,0,Yuqori,2,3,2,3
Sukuk,Qashqadaryo,Savdo,510,41,16,3,0,65917,120,0.0941,0.8791,0.5902,0.6477,0.6023,3,0.6938,0.111,0.0027,1,0.0884,0.0584,0.1193,0.032,-0.0317,-0.0332,0.6603,96922,0.197,12607,1,Juda Yuqori,3,3,3,4
Sukuk,Qashqadaryo,Qurilish,611,39,21,7,0,82491,36,0.0897,0.8599,0.4691,0.8781,0.4875,2,0.7877,0.1259,0.1904,1,0.0823,0.0434,0.0928,0.0535,0.1737,0.0143,0.4663,93587,0.2918,12735,1,Juda Yuqori,3,3,3,3
Ijara,Namangan,Savdo,612,26,12,0,0,28073,24,0.0721,0.654,0.2356,0.7994,0.2356,3,0.678,0.1887,0.0492,1,0.1607,0.0601,0.0665,0.0256,0.1191,0.0214,0.0965,30096,0.3859,1121,0,Past,0,0,2,4
Murabaha,Samarqand,Ishlab chiqarish,737,43,11,2,0,16323,12,0.1296,0.2507,0.4591,0.7707,0.534,3,0.8684,0.5,0.1613,0,0.0895,0.0834,0.0665,0.0627,0.1653,0.015,0.3898,17381,0.4734,3207,0,Yuqori,2,1,4,1
Ijara,Buxoro,Qurilish,648,28,20,2,0,360236,84,0.1236,0.2591,0.5898,0.8968,0.1563,2,0.7484,0.2399,0.22,1,0.1186,0.0416,0.1019,0.0272,0.2108,-0.0421,0.1735,516067,0.3031,27132,0,O'rta,1,0,0,3
Murabaha,Farg'ona,Savdo,669,38,21,0,0,34550,60,0.1603,0.3053,0.3139,0.767,0.6722,3,0.8852,0.2921,0.1336,1,0.0986,0.0452,0.107,0.0272,0.2007,0.1891,0.1011,48396,0.4916,2406,0,O'rta,1,1,1,4
Murabaha,Farg'ona,Xizmat,635,45,6,1,0,117005,36,0.1438,0.7488,0.2668,0.8478,0.6002,4,0.8365,0.367,0.0878,1,0.1375,0.048,0.0928,0.009,0.0334,0.1107,0.246,142239,0.5357,18744,0,O'rta,1,1,1,5
Murabaha,Buxoro,Qurilish,679,50,3,4,0,132915,24,0.0857,0.8335,0.2247,0.6872,0.6041,5,0.6737,0.1484,0.0212,1,0.1563,0.0432,0.0475,0.0716,-0.0336,-0.0246,0.1071,144309,0.4836,7473,1,O'rta,1,1,0,3
Musharaka,Samarqand,Xizmat,680,34,23,3,1,26040,12,0.3198,0.6094,0.57,0.8729,0.1444,3,0.6933,0.3492,0.2485,1,0.2252,0.037,0.1194,0.1078,-0.0415,-0.1041,0.9363,30204,0.5289,14956,1,Juda Yuqori,3,2,4,5
Ijara,Farg'ona,Qishloq xo'jaligi,632,58,9,1,1,18305,84,0.0562,0.7973,0.3106,0.6893,0.1281,2,0.5974,0.1156,0.0594,1,0.0856,0.086,0.1079,0.0332,0.0108,0.1008,0.5065,21906,0.3844,4265,0,Juda Yuqori,3,0,1,2
Ijara,Farg'ona,Qurilish,619,37,6,2,0,200316,36,0.0572,0.3621,0.392,0.9053,0.4619,4,0.7618,0.2587,0.1407,1,0.0738,0.0502,0.1279,0.077,0.0134,0.0773,0.0825,217508,0.5171,9276,0,Past,0,0,1,3
Musharaka,Namangan,Ishlab chiqarish,774,34,3,3,0,36951,36,0.2482,0.4948,0.5727,0.3017,0.8229,2,0.9089,0.4994,0.0257,1,0.2186,0.0613,0.1196,0.0357,-0.0589,0.1001,0.946,50709,0.5378,25801,1,Juda Yuqori,3,2,2,1
Murabaha,Buxoro,Ishlab chiqarish,671,48,6,3,0,27443,24,0.1688,0.2933,0.3138,0.8679,0.6425,2,0.8291,0.1237,0.2115,1,0.1134,0.0649,0.1,0.1226,-0.1697,0.1129,0.1486,32076,0.3385,1613,0,O'rta,1,1,0,1
Sukuk,Samarqand,Ishlab chiqarish,607,47,18,1,0,45764,24,0.0772,0.5938,0.4985,0.9308,0.319,3,0.9057,0.3077,0.0424,1,0.0448,0.0462,0.09,0.1094,0.155,0.0762,0.1289,49296,0.2982,1894,0,O'rta,1,3,4,1
Musharaka,Samarqand,Qishloq xo'jaligi,654,52,19,2,0,149468,24,0.2874,0.478,0.1164,0.6716,0.256,2,0.55,0.1344,0.0185,1,0.2057,0.0277,0.0775,0.0193,0.0308,0.071,0.2629,192432,0.5911,29904,0,Yuqori,2,2,4,2
Musharaka,Qashqadaryo,Xizmat,777,29,15,3,0,240687,36,0.2577,0.4218,0.3211,0.6235,0.2597,4,0.7778,0.3618,0.1347,1,0.3054,0.0461,0.0977,0.0355,0.2902,-0.0135,0.4411,333733,0.5305,78100,0,Yuqori,2,2,3,5
Murabaha,Qashqadaryo,Xizmat,445,30,17,1,0,59985,24,0.1753,0.7352,0.3271,0.8983,0.8451,4,0.8098,0.2846,0.3111,1,0.0809,0.049,0.0792,0.0432,-0.0008,0.0259,0.807,70500,0.4087,23249,1,Juda Yuqori,3,1,3,5
Ijara,Qashqadaryo,Xizmat,823,47,7,3,0,40420,36,0.1229,0.6618,0.5523,0.8704,0.76,2,0.912,0.0763,0.2475,0,0.1385,0.0707,0.1204,0.1029,0.1694,-0.0583,0.4791,47872,0.4799,11005,0,Juda Yuqori,3,0,3,5
Ijara,Farg'ona,Eksport,665,24,7,3,1,9591,24,0.1122,0.6455,0.5429,0.7553,0.1068,2,0.791,0.1901,0.1181,1,0.1478,0.059,0.1079,0.0086,-0.0265,-0.005,0.5331,10667,0.2247,1278,0,Juda Yuqori,3,0,1,0
Murabaha,Qashqadaryo,Eksport,559,44,9,1,0,591972,24,0.0708,0.7733,0.4404,0.7411,0.6286,2,0.6903,0.2764,0.1003,1,0.1154,0.0442,0.1254,0.0247,-0.0519,0.1379,0.8043,633912,0.5144,262257,1,Juda Yuqori,3,1,3,0
Murabaha,Farg'ona,Qishloq xo'jaligi,655,41,6,5,0,32049,6,0.1215,0.506,0.4538,0.6978,0.8978,2,0.7863,0.1722,0.1602,1,0.0999,0.0587,0.1092,0.0241,0.0704,0.096,0.5725,33023,0.5439,10283,1,Juda Yuqori,3,1,1,2
Ijara,Buxoro,Qishloq xo'jaligi,623,59,10,4,0,8689,84,0.0945,0.9028,0.315,0.6572,0.1706,3,0.8344,0.2771,0.0912,1,0.1073,0.0567,0.1079,0.0626,-0.0192,-0.064,0.3423,11562,0.3909,1547,0,Yuqori,2,0,0,2
Ijara,Namangan,Xizmat,620,34,19,4,0,4911,12,0.0983,0.7298,0.5786,0.6274,0.7588,3,0.774,0.1209,0.1505,0,0.1554,0.0545,0.1094,0.0195,-0.0143,0.072,0.8209,5153,0.2637,1116,1,Juda Yuqori,3,0,2,5
Murabaha,Namangan,Qurilish,580,26,1,2,0,207408,36,0.15,0.4516,0.3585,0.8215,0.8223,3,0.8384,0.208,0.4,1,0.1126,0.07,0.0823,0.0628,0.073,0.0144,0.4821,254087,0.4149,50828,0,Juda Yuqori,3,1,2,3
Sukuk,Toshkent,Savdo,645,33,21,2,0,67894,84,0.0672,0.6755,0.2346,0.6615,0.1621,3,0.8471,0.3528,0.1624,1,0.0415,0.051,0.0969,0.0047,0.1554,0.0513,0.1988,83871,0.4036,6730,0,O'rta,1,3,5,4
Murabaha,Toshkent,Eksport,633,26,6,2,0,111367,12,0.0856,0.5247,0.3676,0.9475,0.2572,2,0.909,0.206,0.3199,1,0.1338,0.047,0.0878,0.0503,-0.1367,-0.0316,0.2768,116133,0.4235,13614,0,Yuqori,2,1,5,0
Musharaka,Namangan,Xizmat,631,42,2,0,0,30478,24,0.1729,0.4121,0.2879,0.5612,0.6111,3,0.6023,0.1807,0.117,1,0.2647,0.0537,0.0744,0.0199,0.0301,0.0857,0.7218,35749,0.6191,15974,1,Juda Yuqori,3,2,2,5
Sukuk,Toshkent,Qurilish,682,48,3,1,0,8933,120,0.0512,0.6903,0.3544,0.9365,0.2918,3,0.6007,0.0281,0.1836,0,0.043,0.0411,0.0966,0.0102,0.0473,-0.0739,0.1194,11219,0.3834,514,0,O'rta,1,3,5,3
Murabaha,Buxoro,Eksport,557,23,5,4,0,133055,12,0.1123,0.5075,0.5838,0.7246,0.6999,2,0.7192,0.1314,0.1335,1,0.1338,0.0475,0.0885,0.05,0.077,0.1216,0.7017,140523,0.3906,38513,1,Juda Yuqori,3,1,0,0
Musharaka,Qashqadaryo,Ishlab chiqarish,760,22,5,3,0,65907,84,0.2015,0.6997,0.1512,0.7458,0.4223,3,0.6332,0.0899,0.1737,1,0.241,0.0603,0.1071,0.0238,0.065,0.0779,0.326,112393,0.6013,22031,1,Yuqori,2,2,3,1
Murabaha,Buxoro,Qurilish,589,23,15,3,0,14217,60,0.1554,0.1601,0.478,0.7947,0.237,4,0.86,0.2443,0.0692,1,0.1161,0.0469,0.1044,0.0259,0.0016,-0.0357,0.096,19739,0.452,856,0,Past,0,1,0,3
Murabaha,Qashqadaryo,Qishloq xo'jaligi,849,34,12,2,0,1103081,6,0.0702,0.7529,0.3473,0.6704,0.5846,3,0.9682,0.0985,0.111,1,0.1339,0.0377,0.134,0.0278,0.0724,0.0681,0.1123,1122440,0.4258,53664,1,O'rta,1,1,3,2
Sukuk,Farg'ona,Savdo,737,37,6,4,0,59456,60,0.0611,0.7945,0.2857,0.8075,0.7892,1,0.8431,0.1518,0.0321,1,0.0526,0.0727,0.0948,0.0088,0.3324,0.0868,0.1324,68539,0.3917,3555,0,O'rta,1,3,1,4
Murabaha,Namangan,Savdo,733,23,20,0,0,10950,60,0.0707,0.4455,0.4699,0.6572,0.792,5,0.8471,0.1905,0.088,1,0.0942,0.0589,0.1092,0.0499,0.0031,-0.0113,0.099,12884,0.5451,695,0,Past,0,1,2,4
Sukuk,Buxoro,Savdo,622,25,19,4,1,32571,84,0.0702,0.8701,0.4448,0.7029,0.7321,3,0.84,0.2755,0.3466,1,0.0147,0.0714,0.0758,0.0441,-0.2155,0.1359,0.7972,40573,0.3889,12581,1,Juda Yuqori,3,3,0,4
Murabaha,Farg'ona,Qishloq xo'jaligi,575,42,20,2,0,157684,60,0.1584,0.4591,0.7508,0.7528,0.3899,4,0.8464,0.1047,0.1157,1,0.1328,0.0439,0.1055,0.0392,0.3548,0.1864,0.4033,220143,0.4842,42988,1,Yuqori,2,1,1,2
Murabaha,Samarqand,Qurilish,567,39,22,4,0,114743,24,0.1683,0.6931,0.1205,0.678,0.2653,3,0.9711,0.1645,0.0574,1,0.1489,0.0594,0.1345,0.0544,0.0741,0.2144,0.152,134055,0.4296,8752,0,O'rta,1,1,4,3
Murabaha,Namangan,Xizmat,573,62,11,0,0,18897,24,0.1171,0.8293,0.4123,0.7683,0.5031,3,0.6947,0.1189,0.2348,1,0.1031,0.0458,0.0882,0.0186,-0.0212,-0.0901,0.5325,21110,0.386,4340,1,Juda Yuqori,3,1,2,5
Ijara,Qashqadaryo,Ishlab chiqarish,618,46,3,2,0,328529,36,0.0741,0.3653,0.1623,0.9301,0.2609,3,0.8877,0.0792,0.1172,1,0.0798,0.0616,0.1077,0.04,0.226,0.016,0.0223,365069,0.2976,2419,0,Past,0,0,3,1
Murabaha,Toshkent,Xizmat,620,43,15,2,0,103613,60,0.1037,0.7711,0.4371,0.8937,0.6598,5,0.8986,0.326,0.0451,1,0.1067,0.0611,0.1123,0.0009,-0.1054,0.0091,0.1808,130484,0.4142,9769,1,O'rta,1,1,5,5
Sukuk,Qashqadaryo,Qurilish,553,53,24,3,0,15204,36,0.0589,0.5611,0.4831,0.7544,0.4019,4,0.8306,0.0483,0.0228,1,0.0969,0.0668,0.0903,0.0784,0.3777,-0.0124,0.049,16547,0.262,212,0,Past,0,3,3,3
Musharaka,Namangan,Qurilish,607,45,15,4,0,192504,60,0.144,0.826,0.5435,0.7433,0.5064,3,0.7776,0.3396,0.1012,1,0.2757,0.0488,0.0815,0.01,0.0082,0.0514,0.9075,261823,0.714,169639,1,Juda Yuqori,3,2,2,3
Sukuk,Buxoro,Qurilish,653,28,12,6,0,20505,24,0.0933,0.546,0.3648,0.8558,0.4192,2,0.7852,0.2431,0.2774,1,0.0453,0.0653,0.1014,0.0396,0.2141,0.058,0.2285,22420,0.1657,849,0,O'rta,1,3,0,3
Murabaha,Toshkent,Xizmat,658,30,10,1,0,36432,12,0.1126,0.4602,0.4094,0.7518,0.7168,5,0.9275,0.2973,0.0153,1,0.1636,0.0726,0.1251,0.077,0.1236,0.0144,0.1601,38483,0.4087,2518,0,O'rta,1,1,5,5
Sukuk,Buxoro,Qishloq xo'jaligi,637,54,22,0,0,10284,84,0.0669,0.6969,0.3122,0.9494,0.1306,3,0.7951,0.2681,0.0253,1,0.1214,0.0785,0.1105,0.0364,0.2271,0.0133,0.0633,12693,0.316,254,0,Past,0,3,0,2
Ijara,Qashqadaryo,Ishlab chiqarish,554,24,16,3,2,33034,24,0.1126,0.3242,0.356,0.6294,0.503,1,0.55,0.2173,0.0941,1,0.114,0.0664,0.0637,0.0055,0.0096,0.0467,0.9035,36753,0.2955,9811,1,Juda Yuqori,3,0,3,1
Ijara,Toshkent,Qishloq xo'jaligi,605,50,8,5,1,56274,36,0.0915,0.4066,0.1001,0.6355,0.5159,3,0.9056,0.1887,0.1474,1,0.0467,0.0665,0.1061,0.0439,0.3743,0.0373,0.084,63995,0.41,2205,0,Past,0,0,5,2
Ijara,Toshkent,Qurilish,590,49,7,0,0,200005,60,0.0916,0.8156,0.3794,0.69,0.4767,2,0.7353,0.1063,0.0835,1,0.1319,0.0589,0.1194,0.0046,-0.0286,0.113,0.5564,245796,0.4494,61458,0,Juda Yuqori,3,0,5,3
Ijara,Toshkent,Savdo,767,29,12,1,0,99690,60,0.0897,0.5445,0.201,0.6578,0.3849,3,0.8839,0.0881,0.2702,1,0.0749,0.0575,0.0728,0.0685,-0.2461,0.0646,0.0365,122047,0.3148,1403,0,Past,0,0,5,4
Musharaka,Buxoro,Qurilish,544,54,14,3,0,47964,24,0.2811,0.6213,0.4025,0.7734,0.1721,3,0.8176,0.0866,0.1227,1,0.2326,0.0396,0.0975,0.1251,-0.0147,-0.0101,0.4916,61448,0.4851,14656,1,Juda Yuqori,3,2,0,3
Murabaha,Qashqadaryo,Eksport,575,27,16,2,0,292298,36,0.077,0.4818,0.3683,0.7631,0.884,4,0.6902,0.1307,0.1713,1,0.1271,0.0704,0.0884,0.0241,0.1496,0.1103,0.3169,326037,0.3531,36474,1,Yuqori,2,1,3,0
Murabaha,Farg'ona,Qurilish,676,58,6,2,0,120987,36,0.0796,0.4712,0.3764,0.5516,0.1888,3,0.7669,0.1597,0.1079,1,0.1593,0.0455,0.0697,0.0533,-0.0811,0.1765,0.1837,135440,0.4271,10629,1,O'rta,1,1,1,3
Sukuk,Farg'ona,Qurilish,506,52,23,3,0,20835,60,0.0679,0.5057,0.4648,0.828,0.5003,3,0.7339,0.1983,0.382,1,0.0769,0.0455,0.078,0.0515,0.0968,0.0814,0.5468,24372,0.3449,4596,0,Juda Yuqori,3,3,1,3
Musharaka,Namangan,Eksport,426,42,13,3,0,31017,120,0.1462,0.554,0.5869,0.8842,0.2637,5,0.8907,0.0587,0.179,1,0.2144,0.0643,0.1136,0.0326,0.1366,-0.036,0.5416,53690,0.6196,18017,1,Juda Yuqori,3,2,2,0
Ijara,Samarqand,Qishloq xo'jaligi,648,60,5,4,0,1722,24,0.0506,0.3822,0.3957,0.7258,0.7719,2,0.8376,0.2346,0.0179,1,0.0986,0.0475,0.0941,0.0219,0.0297,-0.0001,0.2329,1809,0.28,118,1,O'rta,1,0,4,2
Musharaka,Samarqand,Ishlab chiqarish,837,31,3,0,0,126944,120,0.1802,0.8944,0.3145,0.5955,0.6192,2,0.7433,0.1376,0.171,1,0.2429,0.0262,0.1081,0.0307,-0.1865,0.071,0.7572,241288,0.6785,123959,1,Juda Yuqori,3,2,4,1
Murabaha,Farg'ona,Xizmat,658,35,5,2,1,42840,6,0.1129,0.3241,0.2042,0.562,0.8034,5,0.6362,0.1162,0.0703,1,0.1079,0.0786,0.0427,0.0519,-0.1032,-0.0141,0.0902,44048,0.4994,1984,0,Past,0,1,1,5
Murabaha,Qashqadaryo,Xizmat,526,44,4,4,1,25343,36,0.0719,0.4812,0.5892,0.5969,0.7632,1,0.7334,0.2133,0.0207,1,0.1537,0.0423,0.1155,0.054,-0.1652,-0.0072,0.9577,28077,0.5492,14766,1,Juda Yuqori,3,1,3,5
Ijara,Qashqadaryo,Xizmat,834,61,14,1,0,41056,24,0.1026,0.533,0.3355,0.8807,0.3718,4,0.6903,0.2262,0.1449,1,0.1214,0.0541,0.0997,0.0784,-0.0352,0.0713,0.0402,45267,0.2912,530,0,Past,0,0,3,5
Musharaka,Farg'ona,Savdo,801,61,2,2,0,92076,36,0.131,0.4389,0.1976,0.8375,0.8263,3,0.9211,0.2628,0.0617,1,0.2455,0.064,0.1153,0.0166,-0.1968,0.0448,0.21,110169,0.5214,12060,0,O'rta,1,2,1,4
Murabaha,Namangan,Eksport,637,40,5,4,0,13612,12,0.1115,0.4588,0.3496,0.6506,0.7397,3,0.7435,0.2691,0.2591,0,0.1243,0.064,0.094,0.0194,0.0022,0.0126,0.702,14371,0.5657,5707,1,Juda Yuqori,3,1,2,0
Musharaka,Toshkent,Qurilish,619,22,14,1,1,70832,12,0.3607,0.5947,0.2204,0.7495,0.2681,2,0.7494,0.1477,0.166,1,0.2216,0.0522,0.1012,0.0532,-0.0328,-0.0906,0.7515,83607,0.5153,32378,0,Juda Yuqori,3,2,5,3
Murabaha,Namangan,Eksport,737,37,23,1,0,52054,12,0.0954,0.8003,0.4812,0.561,0.2078,3,0.6963,0.1726,0.0328,0,0.1224,0.0574,0.1375,0.0856,0.0777,0.1035,0.5148,54538,0.536,15049,1,Juda Yuqori,3,1,2,0
Musharaka,Farg'ona,Savdo,594,56,12,2,0,25363,36,0.2335,0.3714,0.4296,0.9357,0.3263,5,0.8142,0.1285,0.1639,1,0.2973,0.0593,0.0781,0.0651,0.0474,0.0575,0.2244,34246,0.4652,3575,0,O'rta,1,2,1,4
Murabaha,Toshkent,Qurilish,692,23,2,2,0,4360,60,0.0708,0.7403,0.1362,0.7996,0.3709,3,0.8072,0.0523,0.2983,1,0.1355,0.045,0.1161,0.0295,-0.0853,0.1057,0.143,5132,0.4868,357,0,O'rta,1,1,5,3
Ijara,Qashqadaryo,Qishloq xo'jaligi,689,24,15,3,0,202824,60,0.0502,0.3289,0.2228,0.8475,0.7031,4,0.9157,0.0466,0.3047,1,0.094,0.0775,0.0941,0.0553,0.064,-0.0751,0.0211,228283,0.3687,1774,0,Past,0,0,3,2
Murabaha,Samarqand,Qishloq xo'jaligi,607,48,1,0,0,12446,36,0.1514,0.4772,0.3435,0.7345,0.8141,3,0.6833,0.1862,0.0344,1,0.1511,0.0528,0.0901,0.054,0.0551,0.2481,0.3989,15272,0.4112,2505,0,Yuqori,2,1,4,2
Musharaka,Namangan,Qurilish,542,37,22,2,0,67519,120,0.271,0.7107,0.3199,0.6736,0.8239,4,0.5969,0.2306,0.0717,1,0.2463,0.052,0.091,0.081,-0.0769,0.0766,0.8967,158992,0.612,87253,1,Juda Yuqori,3,2,2,3
Murabaha,Qashqadaryo,Savdo,706,33,9,4,0,133732,6,0.0737,0.699,0.4404,0.8425,0.7136,3,0.8134,0.0185,0.1335,1,0.1402,0.0728,0.1434,0.0607,0.1027,0.0583,0.3372,136196,0.4181,19202,0,Yuqori,2,1,3,4
Murabaha,Toshkent,Qishloq xo'jaligi,567,61,13,3,0,17828,36,0.1136,0.7367,0.5162,0.6814,0.8684,3,0.9258,0.2032,0.1161,1,0.1142,0.0598,0.0834,0.0688,0.093,0.0308,0.7409,20865,0.4937,7632,0,Juda Yuqori,3,1,5,2
Murabaha,Qashqadaryo,Ishlab chiqarish,625,58,2,6,0,96301,12,0.0765,0.8118,0.2903,0.8586,0.7721,2,0.7287,0.0232,0.3299,1,0.0814,0.0647,0.0821,0.0703,-0.0562,0.0031,0.5513,99986,0.4179,23036,1,Juda Yuqori,3,1,3,1
Musharaka,Qashqadaryo,Ishlab chiqarish,493,29,8,5,1,473705,84,0.2509,0.4451,0.6449,0.7918,0.6865,3,0.7635,0.1486,0.2338,1,0.2396,0.0612,0.0868,0.0465,-0.1863,-0.0633,0.9603,889669,0.6311,539214,1,Juda Yuqori,3,2,3,1
Musharaka,Namangan,Ishlab chiqarish,687,25,1,1,0,115112,84,0.2645,0.6792,0.3257,0.7845,0.5467,4,0.8775,0.1731,0.0191,1,0.2087,0.0598,0.0751,0.0663,0.057,-0.0128,0.1749,221677,0.5935,23007,0,O'rta,1,2,2,1
Murabaha,Toshkent,Savdo,675,60,1,3,0,8286,36,0.1006,0.7375,0.5226,0.7584,0.144,2,0.9022,0.3595,0.0325,1,0.1181,0.0429,0.125,0.0442,0.0887,-0.0016,0.5321,9537,0.3838,1948,1,Juda Yuqori,3,1,5,4
Ijara,Buxoro,Savdo,755,29,7,4,0,66827,84,0.1252,0.4276,0.5873,0.8435,0.4879,5,0.7389,0.1503,0.0621,0,0.073,0.0611,0.0774,0.0546,0.1906,0.0938,0.0536,96111,0.3606,1859,0,Past,0,0,0,4
Sukuk,Buxoro,Xizmat,535,26,1,3,2,55383,36,0.0406,0.5269,0.1109,0.4785,0.3567,4,0.8156,0.0476,0.1374,1,0.0229,0.0655,0.0977,0.013,-0.0723,-0.0989,0.1842,58754,0.2397,2594,0,O'rta,1,3,0,5
Ijara,Namangan,Qurilish,707,34,5,1,0,15177,36,0.077,0.4699,0.5287,0.8458,0.8546,3,0.8958,0.0504,0.0205,1,0.0766,0.0675,0.1342,0.0195,-0.0293,0.1431,0.1332,16929,0.2835,639,0,O'rta,1,0,2,3
Murabaha,Farg'ona,Savdo,693,48,22,1,0,56394,6,0.1724,0.7366,0.5028,0.5114,0.7327,3,0.7457,0.4122,0.1102,1,0.0847,0.0681,0.1265,0.0059,-0.0759,0.0598,0.8327,58825,0.5387,26385,1,Juda Yuqori,3,1,1,4
Musharaka,Qashqadaryo,Savdo,689,54,8,2,0,10852,36,0.3281,0.5222,0.4764,0.8505,0.3448,3,0.6,0.3055,0.1098,1,0.2352,0.0498,0.1316,0.0325,0.1021,0.0652,0.7205,16194,0.5652,6595,0,Juda Yuqori,3,2,3,4
Murabaha,Samarqand,Eksport,684,29,11,1,0,26357,24,0.1134,0.5172,0.4613,0.7489,0.167,3,0.9016,0.0994,0.1606,1,0.0926,0.0559,0.1067,0.0422,0.017,-0.0368,0.0813,29345,0.3625,865,1,Past,0,1,4,0
Murabaha,Toshkent,Savdo,631,53,3,1,0,9431,60,0.1759,0.7084,0.489,0.7566,0.7346,2,0.6633,0.1921,0.1169,1,0.0964,0.0505,0.0982,0.0287,-0.0429,-0.0691,0.7302,13577,0.3977,3943,1,Juda Yuqori,3,1,5,4
Sukuk,Toshkent,Ishlab chiqarish,581,43,17,7,2,48324,24,0.0891,0.6455,0.5149,0.673,0.7922,5,0.8023,0.5,0.0458,1,0.0989,0.0758,0.1089,0.0194,0.0006,0.0356,0.8778,52629,0.301,13903,0,Juda Yuqori,3,3,5,1
Murabaha,Buxoro,Qurilish,568,50,13,1,1,130372,36,0.1677,0.2126,0.5328,0.6154,0.5803,3,0.6434,0.1429,0.1815,1,0.1306,0.0688,0.0868,0.026,-0.1776,0.0438,0.7408,163172,0.5794,70047,1,Juda Yuqori,3,1,0,3
Musharaka,Qashqadaryo,Savdo,586,57,14,5,1,48560,84,0.3025,0.6693,0.5108,0.6251,0.8768,3,0.7021,0.0979,0.034,1,0.2595,0.0692,0.0953,0.0221,-0.0627,0.0089,0.9715,99975,0.5822,56541,1,Juda Yuqori,3,2,3,4
Musharaka,Qashqadaryo,Qurilish,705,29,16,1,0,19315,60,0.2776,0.6791,0.3317,0.493,0.8191,3,0.9569,0.1653,0.1052,1,0.2303,0.0631,0.1381,0.0752,0.0764,0.0386,0.7368,32718,0.6203,14953,1,Juda Yuqori,3,2,3,3
Ijara,Qashqadaryo,Qishloq xo'jaligi,657,58,24,5,1,82418,24,0.0754,0.7127,0.6505,0.6108,0.8313,3,0.6319,0.0991,0.0213,1,0.142,0.0578,0.1439,0.0048,-0.1592,-0.0945,0.7731,88630,0.2999,20549,1,Juda Yuqori,3,0,3,2
Musharaka,Namangan,Eksport,649,59,7,2,0,4464,120,0.2756,0.4903,0.4648,0.7241,0.1394,3,0.7615,0.0362,0.193,1,0.274,0.0733,0.0501,0.0563,0.2608,0.0479,0.3714,10617,0.4111,1621,0,Yuqori,2,2,2,0
Murabaha,Buxoro,Qishloq xo'jaligi,519,35,4,6,0,123816,36,0.0742,0.8234,0.148,0.6001,0.2262,5,0.8969,0.2952,0.1995,1,0.1573,0.0503,0.113,0.0576,0.1,-0.133,0.2819,137591,0.2575,9987,0,Yuqori,2,1,0,2
Murabaha,Samarqand,Xizmat,725,26,5,2,0,53625,36,0.1231,0.5307,0.3083,0.8064,0.7028,2,0.55,0.2166,0.0716,1,0.1313,0.0582,0.0968,0.0289,0.1547,0.0464,0.2895,63529,0.4337,7977,0,Yuqori,2,1,4,5
Musharaka,Samarqand,Savdo,678,64,22,4,1,44964,60,0.3506,0.8995,0.5087,0.8943,0.7142,3,0.8276,0.1789,0.1142,1,0.2377,0.0549,0.0675,0.0405,0.1658,-0.0275,0.8593,84376,0.6082,44092,1,Juda Yuqori,3,2,4,4
Murabaha,Farg'ona,Savdo,817,36,8,3,0,151311,60,0.16,0.2982,0.407,0.7542,0.8394,4,0.7467,0.2181,0.1086,1,0.1547,0.0693,0.1103,0.0302,0.0295,0.103,0.1612,211820,0.3109,10617,0,O'rta,1,1,1,4
Murabaha,Qashqadaryo,Savdo,674,29,9,2,0,174394,24,0.1048,0.4872,0.6315,0.935,0.2915,4,0.8388,0.1891,0.1337,1,0.1025,0.0517,0.0759,0.0165,-0.2782,-0.09,0.0973,192676,0.376,7051,0,Past,0,1,3,4
Murabaha,Samarqand,Ishlab chiqarish,553,38,6,4,2,63219,24,0.1472,0.8653,0.3613,0.6309,0.3825,4,0.7926,0.0636,0.0723,1,0.0986,0.0556,0.0823,0.0367,-0.2778,0.0124,0.7138,72524,0.6375,33002,1,Juda Yuqori,3,1,4,1
Murabaha,Qashqadaryo,Qishloq xo'jaligi,569,62,1,1,0,114754,60,0.1141,0.6294,0.0687,0.7376,0.6371,3,0.7225,0.1956,0.1206,1,0.1135,0.0442,0.0955,0.0172,0.0679,0.1864,0.1989,147497,0.4522,13266,1,O'rta,1,1,3,2
Murabaha,Samarqand,Xizmat,693,49,4,0,0,13711,60,0.0829,0.5437,0.5892,0.6433,0.6366,2,0.6045,0.1711,0.1457,1,0.0837,0.0463,0.0667,0.0432,0.0731,0.0971,0.6136,16554,0.5353,5437,1,Juda Yuqori,3,1,4,5
Murabaha,Buxoro,Ishlab chiqarish,716,45,15,2,0,182328,36,0.1407,0.3907,0.2214,0.7981,0.2997,2,0.7163,0.4194,0.0437,1,0.1088,0.0497,0.0884,0.0867,-0.1739,-0.0466,0.1593,220798,0.3602,12666,1,O'rta,1,1,0,1
Musharaka,Namangan,Qishloq xo'jaligi,631,50,7,2,0,41691,36,0.2831,0.7884,0.4363,0.7768,0.1969,3,0.74,0.2351,0.0222,1,0.2657,0.0295,0.107,0.0888,-0.0633,0.1167,0.7278,59392,0.6072,26245,0,Juda Yuqori,3,2,2,2
Ijara,Samarqand,Eksport,657,23,23,1,0,30525,24,0.1048,0.4621,0.3486,0.7059,0.3963,3,0.888,0.078,0.0229,1,0.1007,0.0823,0.1201,0.0326,-0.0275,0.0849,0.066,33725,0.2148,478,0,Past,0,0,4,0
Ijara,Samarqand,Xizmat,584,57,16,2,0,50790,60,0.0721,0.8153,0.4613,0.7576,0.1606,4,0.7716,0.0863,0.0637,1,0.1178,0.0677,0.0751,0.0304,0.0797,-0.0837,0.1329,59944,0.1584,1262,0,O'rta,1,0,4,5
Murabaha,Namangan,Savdo,662,35,16,0,0,49070,60,0.1249,0.7971,0.1935,0.7552,0.2574,3,0.7992,0.5,0.1938,1,0.1338,0.0819,0.1022,0.0206,0.2375,0.0824,0.4769,64398,0.5932,18215,0,Juda Yuqori,3,1,2,4
Murabaha,Qashqadaryo,Qishloq xo'jaligi,589,48,7,1,0,186151,60,0.1037,0.5133,0.4128,0.6777,0.3754,5,0.5536,0.1284,0.0572,0,0.139,0.0559,0.0778,0.0315,-0.021,0.087,0.2212,234399,0.2541,13175,0,O'rta,1,1,3,2
Murabaha,Namangan,Qurilish,588,35,3,1,0,16684,24,0.1371,0.4392,0.2614,0.8,0.8348,3,0.6387,0.2464,0.0669,0,0.1156,0.0692,0.108,0.0597,0.1279,-0.094,0.5716,18971,0.5498,5962,1,Juda Yuqori,3,1,2,3
Musharaka,Samarqand,Savdo,387,38,13,3,0,23386,84,0.3164,0.6635,0.6667,0.7408,0.1344,4,0.7573,0.1647,0.0602,0,0.2308,0.0561,0.0663,0.1121,-0.142,0.0815,0.9033,49283,0.6003,26725,1,Juda Yuqori,3,2,4,4
Ijara,Namangan,Ishlab chiqarish,569,29,13,2,0,19445,60,0.0635,0.352,0.5862,0.9546,0.8968,3,0.7568,0.2152,0.0115,1,0.1119,0.0525,0.1088,0.0961,-0.2655,-0.0071,0.3747,22533,0.3564,3009,0,Yuqori,2,0,2,1
Murabaha,Toshkent,Qurilish,611,50,17,2,0,3398,36,0.0885,0.8129,0.3323,0.9148,0.7903,5,0.7998,0.3427,0.1817,1,0.131,0.0427,0.0925,0.0452,-0.082,-0.0517,0.4405,3849,0.474,804,0,Yuqori,2,1,5,3
Sukuk,Farg'ona,Ishlab chiqarish,646,45,15,5,1,64120,120,0.0865,0.4034,0.2823,0.8412,0.1037,3,0.903,0.1223,0.0604,1,0.0536,0.0656,0.0874,0.0139,0.0153,-0.0214,0.0292,91849,0.2883,772,0,Past,0,3,1,1
Murabaha,Namangan,Eksport,711,60,15,1,0,6691,60,0.1473,0.7685,0.5302,0.9245,0.5971,2,0.8989,0.0508,0.2817,1,0.1336,0.0533,0.0651,0.0183,-0.3588,0.0618,0.4254,9156,0.5073,1976,0,Yuqori,2,1,2,0
Musharaka,Qashqadaryo,Ishlab chiqarish,540,41,6,1,0,7224,120,0.3415,0.5891,0.2737,0.7551,0.5549,5,0.8577,0.1135,0.1487,1,0.2469,0.0757,0.0827,0.0353,-0.25,0.0772,0.3203,19558,0.5761,3608,1,Yuqori,2,2,3,1
Ijara,Toshkent,Eksport,620,23,18,2,0,61984,36,0.086,0.2403,0.4408,0.5278,0.4894,2,0.636,0.2977,0.177,1,0.0912,0.0677,0.0832,0.0714,-0.0742,0.0022,0.5042,69984,0.2382,8406,0,Juda Yuqori,3,0,5,0
Sukuk,Buxoro,Ishlab chiqarish,759,63,16,5,1,22075,120,0.0677,0.7657,0.5942,0.7446,0.3702,3,0.8174,0.2692,0.1983,1,0.0708,0.0797,0.1307,0.0453,0.1844,-0.0122,0.5704,29547,0.4266,7190,0,Juda Yuqori,3,3,0,1
Ijara,Farg'ona,Savdo,601,31,2,2,0,119367,24,0.0808,0.5653,0.1133,0.6909,0.675,2,0.5889,0.0561,0.1364,1,0.0899,0.0806,0.0823,0.1119,0.087,0.1317,0.2583,129013,0.4864,16206,0,Yuqori,2,0,1,4
Ijara,Buxoro,Eksport,691,63,5,2,0,63928,60,0.106,0.7428,0.2342,0.9234,0.4295,3,0.8011,0.1087,0.0263,1,0.0968,0.0466,0.0945,0.1021,-0.3575,0.2329,0.0569,80868,0.4156,1912,0,Past,0,0,0,0
Murabaha,Toshkent,Ishlab chiqarish,528,64,13,5,0,37113,60,0.1344,0.5444,0.3479,0.8503,0.2982,3,0.7818,0.2773,0.0654,1,0.1126,0.0654,0.1596,0.0484,0.1677,-0.0494,0.3128,49585,0.4057,6292,1,Yuqori,2,1,5,1
Ijara,Buxoro,Qishloq xo'jaligi,504,28,13,4,1,42146,36,0.1165,0.5087,0.45,0.7688,0.6079,4,0.6312,0.5,0.2519,1,0.0955,0.0465,0.0549,0.0036,0.0147,-0.0427,0.8399,49509,0.4398,18288,1,Juda Yuqori,3,0,0,2
Murabaha,Samarqand,Qurilish,781,56,17,3,0,95974,24,0.1629,0.6071,0.1711,0.5707,0.4041,3,0.8745,0.1183,0.1299,1,0.1059,0.0624,0.0356,0.0929,0.0584,0.0756,0.0316,111612,0.4342,1533,0,Past,0,1,4,3
Sukuk,Namangan,Ishlab chiqarish,587,50,21,3,0,76312,36,0.0944,0.7509,0.2551,0.7393,0.3992,4,0.8324,0.121,0.1271,1,0.102,0.0686,0.0953,0.0662,-0.0198,0.0643,0.0826,87113,0.2782,2002,0,Past,0,3,2,1
Musharaka,Samarqand,Ishlab chiqarish,720,47,18,2,0,44409,60,0.1805,0.6317,0.7521,0.829,0.5301,3,0.6131,0.1264,0.3131,0,0.2233,0.0457,0.0868,0.0596,-0.1708,0.1043,0.9246,64454,0.6849,40812,1,Juda Yuqori,3,2,4,1
Ijara,Buxoro,Eksport,675,45,7,3,0,16235,36,0.0602,0.2992,0.4727,0.7431,0.442,2,0.7026,0.2163,0.1358,1,0.1196,0.0484,0.1434,0.0202,0.124,0.022,0.3049,17702,0.3272,1766,1,Yuqori,2,0,0,0
Musharaka,Samarqand,Ishlab chiqarish,618,41,13,3,0,7860,24,0.1597,0.5552,0.4558,0.8925,0.3416,3,0.8828,0.2133,0.0893,1,0.2373,0.0838,0.0411,0.0485,0.3273,0.1783,0.4612,9115,0.6039,2538,0,Juda Yuqori,3,2,4,1
Ijara,Namangan,Savdo,664,30,1,2,0,147745,24,0.109,0.7557,0.2692,0.8862,0.8226,4,0.8844,0.3858,0.058,1,0.1123,0.0595,0.1515,0.0116,0.3501,0.1794,0.2697,163844,0.3926,17350,0,Yuqori,2,0,2,4
Musharaka,Farg'ona,Qurilish,606,56,6,1,0,3250,36,0.2936,0.7284,0.3421,0.8664,0.7445,4,0.8097,0.0067,0.0561,1,0.2678,0.0726,0.1189,0.0022,0.1615,0.0017,0.579,4682,0.7177,1946,0,Juda Yuqori,3,2,1,3
Ijara,Buxoro,Ishlab chiqarish,678,24,10,1,0,196436,12,0.0614,0.5455,0.1072,0.4545,0.5885,4,0.55,0.1432,0.009,1,0.0978,0.0563,0.1015,0.038,0.0652,0.1421,0.1296,202472,0.2646,6942,0,O'rta,1,0,0,1
Murabaha,Buxoro,Ishlab chiqarish,530,36,6,1,0,116500,24,0.086,0.4039,0.377,0.856,0.3075,4,0.894,0.0702,0.2184,1,0.1416,0.0557,0.1683,0.0512,0.0029,-0.106,0.2021,126523,0.3819,9765,0,O'rta,1,1,0,1
Murabaha,Samarqand,Qurilish,598,58,14,2,0,16858,36,0.075,0.5389,0.2889,0.7498,0.4194,4,0.7515,0.1099,0.0581,1,0.077,0.0459,0.0928,0.0834,-0.0962,0.0786,0.0852,18754,0.4776,763,1,Past,0,1,4,3
Murabaha,Buxoro,Qishloq xo'jaligi,596,44,11,2,0,15876,24,0.1665,0.8418,0.4416,0.8673,0.5424,5,0.8864,0.0419,0.0663,1,0.1673,0.0507,0.1418,0.0821,-0.1989,0.2088,0.2009,18519,0.3771,1403,1,O'rta,1,1,0,2
Murabaha,Buxoro,Qishloq xo'jaligi,668,27,23,5,0,18700,12,0.0915,0.9323,0.5027,0.5581,0.511,3,0.7827,0.0655,0.2132,1,0.1645,0.0553,0.129,0.0678,-0.094,0.0643,0.7866,19555,0.3907,6010,1,Juda Yuqori,3,1,0,2
Sukuk,Farg'ona,Eksport,728,48,7,3,0,93359,36,0.0901,0.6431,0.2262,0.6907,0.2433,3,0.8727,0.1321,0.1373,1,0.0951,0.0538,0.1376,0.0986,0.0536,0.0078,0.04,105980,0.3811,1617,0,Past,0,3,1,0
Murabaha,Qashqadaryo,Qurilish,555,41,18,2,0,13220,12,0.1747,0.492,0.6526,0.6942,0.3303,3,0.7391,0.0125,0.1723,1,0.0903,0.0481,0.0982,0.0424,0.0868,0.0171,0.2923,14375,0.3968,1667,0,Yuqori,2,1,3,3
Sukuk,Farg'ona,Xizmat,672,24,4,0,0,118492,60,0.0874,0.7786,0.3539,0.5209,0.7656,3,0.8694,0.0758,0.1036,1,0.0689,0.0695,0.0704,0.033,0.1194,0.0865,0.2259,144371,0.2651,8644,0,O'rta,1,3,1,5
Murabaha,Buxoro,Xizmat,705,36,20,2,0,12334,60,0.1576,0.4719,0.4425,0.6567,0.8358,4,0.7538,0.0563,0.4,0,0.1402,0.0585,0.0881,0.0273,0.0891,0.0085,0.6697,17194,0.4705,5418,0,Juda Yuqori,3,1,0,5
Murabaha,Namangan,Ishlab chiqarish,822,38,5,1,0,18057,36,0.1353,0.5409,0.5075,0.7375,0.2115,2,0.6163,0.1294,0.3382,1,0.1358,0.0798,0.0685,0.0396,-0.2245,0.0664,0.2718,21723,0.4542,2681,1,Yuqori,2,1,2,1
Ijara,Qashqadaryo,Qurilish,587,48,18,2,0,303546,36,0.1015,0.8709,0.1368,0.6975,0.3943,5,0.7088,0.0295,0.2394,1,0.0894,0.0614,0.1217,0.0068,0.2718,0.0561,0.0874,349773,0.3327,10174,0,Past,0,0,3,3
Ijara,Qashqadaryo,Xizmat,631,63,1,3,1,29021,24,0.0932,0.5893,0.3524,0.8452,0.7719,4,0.8258,0.3569,0.1762,1,0.0552,0.0543,0.1462,0.0303,-0.1911,0.1098,0.5437,31725,0.4168,7189,1,Juda Yuqori,3,0,3,5
Musharaka,Buxoro,Qishloq xo'jaligi,658,48,9,2,0,28514,120,0.3156,0.3975,0.2162,0.4811,0.2095,4,0.823,0.2444,0.2164,1,0.2804,0.052,0.0953,0.0661,0.1938,0.0888,0.4238,73504,0.6641,20685,0,Yuqori,2,2,0,2
Musharaka,Toshkent,Qurilish,662,59,23,4,0,640606,24,0.1974,0.5937,0.3501,0.4867,0.1156,1,0.776,0.2774,0.0407,1,0.2239,0.0584,0.1016,0.0548,-0.3489,0.1606,0.7349,767052,0.7114,401019,1,Juda Yuqori,3,2,5,3
Ijara,Samarqand,Qurilish,642,22,5,3,0,47274,84,0.118,0.6363,0.0935,0.821,0.779,3,0.7215,0.3564,0.0975,1,0.1287,0.0626,0.126,0.0713,0.3282,-0.0702,0.2494,66803,0.2453,4086,0,O'rta,1,0,4,3
Murabaha,Namangan,Ishlab chiqarish,653,54,7,4,1,27494,6,0.0792,0.6053,0.2719,0.8025,0.1974,2,0.678,0.0959,0.126,1,0.1274,0.075,0.0819,0.0761,0.2135,0.0499,0.2862,28039,0.4285,3438,0,Yuqori,2,1,2,1
Sukuk,Farg'ona,Qurilish,779,61,8,6,1,50957,24,0.0771,0.4374,0.5258,0.7456,0.133,4,0.7872,0.225,0.078,1,0.0106,0.0544,0.0591,0.0459,0.0034,0.2278,0.0435,54886,0.3052,729,0,Past,0,3,1,3
Sukuk,Buxoro,Qurilish,594,58,16,3,0,28458,60,0.0505,0.8187,0.1314,0.5847,0.7415,4,0.7435,0.0604,0.2314,1,0.0622,0.0314,0.0995,0.079,-0.0443,0.045,0.1646,32051,0.4072,2148,0,O'rta,1,3,0,3
Ijara,Buxoro,Eksport,577,38,21,3,0,62645,24,0.0997,0.8839,0.2025,0.618,0.3152,4,0.9465,0.1171,0.0274,1,0.1408,0.0356,0.1312,0.0081,0.3208,0.0867,0.1563,68893,0.2408,2593,0,O'rta,1,0,0,0
Murabaha,Qashqadaryo,Savdo,440,59,24,0,0,24870,6,0.1445,0.8135,0.4403,0.7888,0.564,3,0.9199,0.4277,0.0819,1,0.1451,0.0386,0.1173,0.0313,0.2455,-0.0697,0.862,25768,0.2242,4981,1,Juda Yuqori,3,1,3,4
Ijara,Buxoro,Eksport,560,53,6,2,0,50976,84,0.0653,0.9201,0.5393,0.5817,0.6521,3,0.7961,0.2043,0.1315,1,0.1261,0.039,0.0989,0.0719,0.0589,-0.0194,0.7813,62635,0.3731,18257,1,Juda Yuqori,3,0,0,0
Murabaha,Farg'ona,Savdo,679,30,21,4,0,13876,12,0.1706,0.8251,0.5643,0.6484,0.5686,2,0.8718,0.1448,0.2786,1,0.0907,0.0538,0.1142,0.0576,-0.1447,0.1322,0.7572,15060,0.6034,6880,0,Juda Yuqori,3,1,1,4
Murabaha,Samarqand,Savdo,511,26,18,2,0,37589,24,0.132,0.6804,0.2508,0.5319,0.2633,3,0.9166,0.1912,0.066,1,0.1263,0.0498,0.0957,0.0821,-0.074,0.061,0.3964,42550,0.4462,7526,1,Yuqori,2,1,4,4
Murabaha,Farg'ona,Savdo,702,40,3,1,0,22971,36,0.16,0.488,0.2184,0.6909,0.8,3,0.7206,0.1969,0.1702,1,0.1095,0.0514,0.0942,0.04,0.0605,0.2092,0.2058,28484,0.4571,2680,1,O'rta,1,1,1,4
Musharaka,Toshkent,Qurilish,716,35,17,2,0,81591,36,0.2631,0.2417,0.3598,0.6638,0.4233,4,0.8829,0.1235,0.2921,1,0.2412,0.0633,0.1086,0.0647,-0.2453,0.1358,0.1758,113797,0.5399,10801,0,O'rta,1,2,5,3
Sukuk,Namangan,Savdo,539,51,3,0,0,172276,36,0.0797,0.7088,0.5276,0.6979,0.5496,4,0.658,0.4077,0.1308,1,0.116,0.0432,0.1356,0.0389,0.0095,-0.0716,0.6741,192861,0.2275,29579,1,Juda Yuqori,3,3,2,4
Ijara,Namangan,Savdo,613,32,19,3,0,1659400,36,0.0558,0.6876,0.5401,0.5635,0.1578,3,0.6571,0.104,0.0094,1,0.1273,0.0415,0.132,0.0406,0.1003,0.1253,0.3741,1798217,0.3474,233724,1,Yuqori,2,0,2,4
Ijara,Samarqand,Qurilish,850,64,23,2,0,448021,12,0.0672,0.3109,0.3881,0.8136,0.7685,4,0.6352,0.0088,0.2985,0,0.1017,0.0713,0.1208,0.0078,-0.1117,0.0748,0.0576,463077,0.4235,11286,0,Past,0,0,4,3
Musharaka,Samarqand,Qurilish,632,23,16,2,0,46307,120,0.2528,0.7692,0.4644,0.8371,0.7057,3,0.7518,0.1368,0.1109,1,0.231,0.0447,0.083,0.0692,0.1289,0.0717,0.7396,104840,0.5348,41465,1,Juda Yuqori,3,2,4,3
Murabaha,Buxoro,Savdo,677,55,24,2,0,6782,6,0.1641,0.7054,0.5559,0.7725,0.8038,4,0.9141,0.2097,0.0643,1,0.0939,0.0533,0.1101,0.0403,0.0215,-0.0331,0.2757,7060,0.4661,907,0,Yuqori,2,1,0,4
Murabaha,Qashqadaryo,Savdo,594,36,22,2,0,240871,12,0.1555,0.5435,0.2429,0.8374,0.8553,3,0.6299,0.2513,0.0415,1,0.0971,0.0603,0.0981,0.0186,-0.111,0.0901,0.3712,259604,0.4577,44107,0,Yuqori,2,1,3,4
Sukuk,Samarqand,Ishlab chiqarish,850,33,9,3,0,25828,84,0.0601,0.4759,0.1885,0.7045,0.5527,3,0.7564,0.1232,0.0282,1,0.1014,0.0672,0.0978,0.0221,-0.3918,-0.0267,0.0142,31258,0.1281,57,0,Past,0,3,4,1
Murabaha,Namangan,Xizmat,503,27,2,1,0,217364,60,0.0911,0.5048,0.6388,0.563,0.4172,4,0.7712,0.1719,0.0471,0,0.0784,0.0775,0.1334,0.0701,0.0858,0.0752,0.5916,266880,0.4969,78455,1,Juda Yuqori,3,1,2,5
Sukuk,Toshkent,Eksport,751,55,7,2,0,164364,36,0.064,0.723,0.2436,0.7045,0.1459,4,0.7579,0.0776,0.1554,1,0.089,0.0576,0.0681,0.0428,0.115,0.0247,0.0152,180144,0.2843,778,0,Past,0,3,5,0
Musharaka,Samarqand,Qurilish,683,38,18,5,0,9234,12,0.3501,0.4913,0.6934,0.5445,0.3069,3,0.8567,0.076,0.0239,0,0.2209,0.0641,0.0509,0.0778,-0.213,0.0724,0.6051,10851,0.5661,3717,0,Juda Yuqori,3,2,4,3
Musharaka,Toshkent,Eksport,629,42,8,2,0,24205,36,0.2201,0.5267,0.183,0.8061,0.6444,3,0.7501,0.2585,0.0538,1,0.2099,0.0557,0.0594,0.0114,-0.0528,0.0459,0.4117,32195,0.672,8908,0,Yuqori,2,2,5,0
Ijara,Qashqadaryo,Xizmat,695,58,9,1,1,31912,24,0.0737,0.7239,0.6324,0.8107,0.4346,3,0.727,0.2499,0.033,1,0.0967,0.0426,0.0329,0.0615,0.2638,0.0821,0.4822,34263,0.4427,7314,1,Juda Yuqori,3,0,3,5
Musharaka,Toshkent,Savdo,551,31,24,5,0,104746,24,0.1709,0.6818,0.4973,0.5757,0.7654,3,0.8217,0.0776,0.1801,1,0.2647,0.0636,0.1138,0.0624,-0.3483,0.0659,0.9202,122651,0.7711,87025,1,Juda Yuqori,3,2,5,4
Sukuk,Qashqadaryo,Qurilish,561,59,21,2,0,30309,84,0.047,0.4784,0.2889,0.5521,0.3651,3,0.55,0.4138,0.1791,1,0.0955,0.0282,0.1324,0.0396,0.4205,-0.0281,0.5937,35292,0.346,7250,1,Juda Yuqori,3,3,3,3
Sukuk,Buxoro,Qishloq xo'jaligi,554,36,14,0,0,43408,36,0.0662,0.6004,0.4125,0.8013,0.8437,4,0.8661,0.2914,0.1314,1,0.0741,0.0398,0.14,0.0372,-0.0541,0.1138,0.3647,47719,0.3657,6364,1,Yuqori,2,3,0,2
Musharaka,Samarqand,Qishloq xo'jaligi,648,52,23,2,0,28022,24,0.2542,0.6614,0.3156,0.6844,0.3313,5,0.9127,0.2967,0.1828,1,0.2727,0.0671,0.1105,0.0179,-0.088,0.1361,0.5032,35145,0.5327,9420,0,Juda Yuqori,3,2,4,2
Murabaha,Namangan,Qurilish,537,59,20,3,0,68394,36,0.1722,0.4194,0.2803,0.8014,0.1664,4,0.746,0.1271,0.3218,1,0.1163,0.0508,0.064,0.0632,0.0952,0.0132,0.0993,86057,0.4831,4128,0,Past,0,1,2,3
Musharaka,Qashqadaryo,Xizmat,644,38,18,5,1,415956,12,0.3543,0.577,0.3231,0.8582,0.2686,3,0.7654,0.2271,0.1108,1,0.2037,0.0821,0.1134,0.0042,-0.0873,0.0055,0.6364,489635,0.3583,111659,0,Juda Yuqori,3,2,3,5
Sukuk,Samarqand,Savdo,709,36,21,5,0,23888,120,0.0696,0.556,0.2335,0.6206,0.2026,3,0.699,0.122,0.0271,1,0.0883,0.0566,0.1104,0.0628,0.0585,-0.0994,0.0227,32201,0.3009,220,0,Past,0,3,4,4
Murabaha,Buxoro,Qurilish,706,23,2,2,0,18519,24,0.1315,0.4688,0.2514,0.7155,0.2215,4,0.9236,0.1127,0.1548,1,0.0815,0.0686,0.1047,0.0292,-0.1359,-0.0308,0.0246,20955,0.4081,210,0,Past,0,1,0,3
Musharaka,Samarqand,Xizmat,633,32,17,3,2,45696,12,0.3756,0.8396,0.2286,0.9315,0.8619,2,0.7891,0.0913,0.3321,1,0.2704,0.0242,0.1075,0.0718,0.2755,-0.0752,0.983,54278,0.6169,32917,1,Juda Yuqori,3,2,4,5
Musharaka,Namangan,Eksport,612,33,4,3,0,15231,120,0.152,0.6693,0.511,0.7017,0.8722,2,0.9866,0.4051,0.2627,1,0.2048,0.0374,0.1504,0.0331,0.0278,0.1643,0.9802,26806,0.6958,18281,1,Juda Yuqori,3,2,2,0
Ijara,Buxoro,Savdo,757,37,4,2,0,73119,24,0.0867,0.7521,0.4438,0.7821,0.2981,4,0.8397,0.0335,0.2861,1,0.1033,0.051,0.1048,0.0269,0.2201,-0.0285,0.092,79458,0.3353,2450,0,Past,0,0,0,4
Murabaha,Toshkent,Eksport,753,22,21,3,0,14200,12,0.1647,0.4485,0.5863,0.8314,0.7573,3,0.7989,0.1604,0.3146,0,0.1185,0.0452,0.1318,0.0806,0.0716,0.0064,0.6514,15369,0.4911,4917,0,Juda Yuqori,3,1,5,0
Ijara,Qashqadaryo,Eksport,537,64,20,4,0,19773,12,0.1183,0.4957,0.3702,0.8814,0.3233,3,0.952,0.1423,0.2083,0,0.0975,0.0517,0.1051,0.0509,0.2557,0.0267,0.1805,20943,0.409,1546,0,O'rta,1,0,3,0
Sukuk,Namangan,Qishloq xo'jaligi,573,40,18,2,1,60521,24,0.0701,0.6088,0.1897,0.8063,0.7771,3,0.7472,0.2305,0.1029,1,0.055,0.0398,0.1109,0.0075,0.0629,-0.0159,0.3158,64761,0.1288,2635,0,Yuqori,2,3,2,2
Murabaha,Qashqadaryo,Xizmat,541,33,9,1,0,38801,36,0.1465,0.3907,0.467,0.7637,0.833,2,0.6623,0.2719,0.0688,1,0.12,0.0679,0.0897,0.0912,-0.0946,0.1032,0.7123,47328,0.4621,15578,0,Juda Yuqori,3,1,3,5
Murabaha,Toshkent,Qishloq xo'jaligi,597,33,24,0,0,164065,6,0.1652,0.7421,0.05,0.7487,0.1296,2,0.8773,0.3053,0.1444,1,0.0917,0.0626,0.1071,0.0321,-0.0208,-0.0267,0.1821,170841,0.3945,12273,0,O'rta,1,1,5,2
Sukuk,Buxoro,Xizmat,674,39,15,3,0,613504,36,0.063,0.7018,0.5808,0.9113,0.7756,3,0.6379,0.5,0.2475,1,0.0803,0.0515,0.0931,0.0165,-0.2483,-0.0067,0.7845,671502,0.3904,205652,0,Juda Yuqori,3,3,0,5
Murabaha,Samarqand,Ishlab chiqarish,623,47,19,2,0,1177142,36,0.1205,0.6939,0.3552,0.7275,0.3832,4,0.7498,0.2064,0.0803,1,0.1268,0.0544,0.1279,0.0528,0.0178,0.1188,0.2589,1389952,0.3749,134929,0,Yuqori,2,1,4,1
Sukuk,Namangan,Savdo,680,28,11,1,0,199442,60,0.0877,0.5857,0.1389,0.6581,0.5397,2,0.749,0.1964,0.1614,1,0.0844,0.0548,0.11,0.0868,-0.0189,0.0124,0.1547,243189,0.3068,11541,1,O'rta,1,3,2,4
Musharaka,Toshkent,Eksport,651,34,1,2,0,87727,24,0.324,0.5169,0.6556,0.7801,0.336,2,0.7066,0.1025,0.1634,1,0.2548,0.0795,0.0981,0.0539,-0.025,0.0682,0.7728,116148,0.5349,48006,0,Juda Yuqori,3,2,5,0
Murabaha,Qashqadaryo,Xizmat,748,45,20,2,0,51352,24,0.152,0.3075,0.2412,0.7047,0.6668,3,0.8313,0.2032,0.0678,1,0.111,0.0713,0.1268,0.0254,-0.0781,0.0526,0.0659,59157,0.4303,1676,0,Past,0,1,3,5
Sukuk,Toshkent,Qishloq xo'jaligi,586,47,2,0,0,17437,84,0.0758,0.5563,0.0885,0.7417,0.5442,4,0.7269,0.1746,0.1395,1,0.0735,0.0486,0.0882,0.0722,-0.2763,0.0811,0.0536,22063,0.3979,471,0,Past,0,3,5,2
Musharaka,Qashqadaryo,Qurilish,824,51,1,3,0,10466,84,0.3523,0.5284,0.2895,0.9178,0.2261,3,0.838,0.0264,0.1346,1,0.2923,0.0348,0.0443,0.0668,-0.0763,-0.0134,0.0746,23372,0.5382,938,0,Past,0,2,3,3
Musharaka,Toshkent,Eksport,602,61,6,1,0,132251,60,0.1742,0.5534,0.455,0.7277,0.5304,2,0.8575,0.028,0.0263,1,0.2417,0.0439,0.0971,0.0789,0.1705,0.1138,0.5891,189849,0.5203,58190,1,Juda Yuqori,3,2,5,0
Murabaha,Buxoro,Eksport,589,55,15,3,1,100607,12,0.1562,0.366,0.6156,0.8831,0.5828,4,0.9625,0.1791,0.103,1,0.1165,0.0464,0.0919,0.015,0.1877,0.0323,0.382,108462,0.5136,21281,1,Yuqori,2,1,0,0
Musharaka,Namangan,Savdo,850,61,2,2,1,43577,12,0.1851,0.4458,0.1168,0.3324,0.7124,3,0.9153,0.2619,0.0163,1,0.2428,0.0768,0.103,0.0417,0.1601,0.1005,0.4684,47610,0.691,15408,1,Juda Yuqori,3,2,2,4
Murabaha,Toshkent,Savdo,775,36,13,1,0,59969,36,0.1581,0.6199,0.2517,0.7894,0.6293,2,0.9257,0.12,0.0792,1,0.1164,0.052,0.0881,0.0683,-0.1581,-0.003,0.085,74189,0.4015,2531,0,Past,0,1,5,4
Murabaha,Namangan,Xizmat,724,34,3,2,0,323872,6,0.104,0.5408,0.3037,0.788,0.4345,4,0.8796,0.1097,0.1367,0,0.0978,0.0622,0.1017,0.0622,0.3441,0.2476,0.0751,332294,0.5021,12527,0,Past,0,1,2,5
Sukuk,Farg'ona,Eksport,727,24,12,1,0,9962,36,0.0416,0.7098,0.2718,0.8758,0.3336,4,0.9149,0.1089,0.2668,1,0.0731,0.0704,0.1447,0.0222,-0.2301,0.0669,0.037,10584,0.3363,132,0,Past,0,3,1,0
Murabaha,Buxoro,Xizmat,589,58,5,3,0,52498,12,0.1777,0.5217,0.4636,0.901,0.8778,4,0.9678,0.2959,0.2073,1,0.1316,0.0598,0.082,0.0814,0.0253,-0.1362,0.3236,57163,0.3505,6483,0,Yuqori,2,1,0,5
Ijara,Qashqadaryo,Ishlab chiqarish,640,41,18,2,0,19636,12,0.1082,0.5602,0.246,0.9816,0.6183,3,0.8671,0.2078,0.0704,1,0.1102,0.0461,0.0796,0.0591,0.012,-0.016,0.0579,20698,0.2939,352,0,Past,0,0,3,1
Murabaha,Namangan,Ishlab chiqarish,611,50,17,0,0,89379,24,0.089,0.8696,0.135,0.7393,0.8292,3,0.7915,0.2201,0.0613,1,0.1008,0.0436,0.1135,0.0266,-0.1491,0.1047,0.3688,97332,0.5256,18866,1,Yuqori,2,1,2,1
Ijara,Toshkent,Ishlab chiqarish,676,45,11,1,0,66895,24,0.0733,0.5902,0.4256,0.7953,0.627,3,0.5589,0.0994,0.1479,1,0.0957,0.0617,0.1227,0.0073,-0.2875,0.1726,0.2734,71797,0.4585,9001,1,Yuqori,2,0,5,1
Murabaha,Samarqand,Savdo,657,33,10,2,0,84632,12,0.1745,0.4974,0.2229,0.6854,0.6299,2,0.7804,0.1518,0.0669,0,0.1201,0.0457,0.1181,0.0419,-0.0179,-0.034,0.4732,92017,0.5352,23303,0,Juda Yuqori,3,1,4,4
Sukuk,Samarqand,Ishlab chiqarish,609,38,3,5,0,19283,120,0.0451,0.5464,0.2994,0.7021,0.1186,4,0.7857,0.1048,0.124,1,0.0582,0.0573,0.0559,0.0586,-0.0989,0.0726,0.0233,23635,0.1551,85,0,Past,0,3,4,1
Musharaka,Samarqand,Qishloq xo'jaligi,633,55,12,0,0,24654,24,0.1225,0.4891,0.2245,0.6954,0.1373,4,0.8824,0.1929,0.1558,1,0.218,0.0466,0.1175,0.0585,-0.1239,0.2393,0.1772,27673,0.6353,3115,0,O'rta,1,2,4,2
Murabaha,Buxoro,Ishlab chiqarish,628,23,8,4,0,71469,36,0.1324,0.3511,0.184,0.8542,0.174,2,0.6849,0.4904,0.1347,1,0.1448,0.0488,0.0982,0.0681,0.1377,-0.008,0.2831,85666,0.3727,9041,0,Yuqori,2,1,0,1
Murabaha,Qashqadaryo,Qishloq xo'jaligi,555,31,15,1,0,12054,60,0.1103,0.6484,0.6537,0.758,0.7842,4,0.8162,0.1887,0.4,0,0.1417,0.0672,0.1039,0.0922,-0.005,0.0644,0.9086,15378,0.3373,4712,1,Juda Yuqori,3,1,3,2
Murabaha,Buxoro,Qishloq xo'jaligi,558,59,12,3,2,20948,12,0.1252,0.5335,0.4628,0.8816,0.4036,4,0.7587,0.2333,0.3054,1,0.1249,0.0623,0.1056,0.0549,0.3378,0.2218,0.8231,22259,0.5449,9984,1,Juda Yuqori,3,1,0,2
Musharaka,Farg'ona,Qishloq xo'jaligi,756,57,7,3,1,404449,120,0.2863,0.3323,0.2812,0.8049,0.5071,5,0.5838,0.1678,0.0734,1,0.2303,0.0583,0.0932,0.0809,0.1941,-0.0072,0.1544,983398,0.5987,90900,0,O'rta,1,2,1,2
Murabaha,Samarqand,Qurilish,539,33,22,4,0,36244,12,0.1033,0.4725,0.4157,0.6894,0.6492,3,0.8166,0.1788,0.0466,1,0.0932,0.0492,0.1108,0.0224,-0.1199,0.1278,0.4797,38116,0.4874,8911,1,Juda Yuqori,3,1,4,3
Ijara,Farg'ona,Savdo,690,44,13,2,0,20162,60,0.1209,0.4062,0.3983,0.7606,0.6696,2,0.9596,0.0586,0.1599,1,0.1016,0.0648,0.0835,0.0625,-0.0796,-0.0074,0.0904,26256,0.2406,571,0,Past,0,0,1,4
Musharaka,Qashqadaryo,Qurilish,760,36,14,4,0,19701,84,0.1201,0.6054,0.3207,0.9098,0.7107,2,0.8443,0.4367,0.3134,1,0.2681,0.0853,0.0999,0.1115,0.1273,-0.042,0.8241,27981,0.5763,13288,0,Juda Yuqori,3,2,3,3
Murabaha,Namangan,Qishloq xo'jaligi,659,42,11,2,0,11481,12,0.0877,0.3729,0.1609,0.9463,0.3897,5,0.6527,0.0909,0.1463,1,0.1174,0.0728,0.0864,0.0324,-0.0003,0.0251,0.0129,11985,0.4063,63,0,Past,0,1,2,2
Musharaka,Toshkent,Ishlab chiqarish,603,36,4,3,0,20400,84,0.2325,0.5903,0.5837,0.7716,0.5132,4,0.55,0.2149,0.0867,1,0.2258,0.0557,0.0751,0.0412,-0.2805,0.1129,0.8035,36998,0.7828,23272,0,Juda Yuqori,3,2,5,1
Ijara,Samarqand,Qishloq xo'jaligi,633,25,12,4,0,42845,24,0.0691,0.52,0.2944,0.7662,0.8114,3,0.8677,0.2305,0.196,1,0.0787,0.0569,0.1361,0.0413,0.0832,-0.1927,0.319,45805,0.4299,6281,1,Yuqori,2,0,4,2
Murabaha,Samarqand,Qishloq xo'jaligi,463,46,4,5,0,103347,60,0.1536,0.314,0.4625,0.9233,0.841,3,0.6742,0.2758,0.0317,1,0.1251,0.0712,0.0519,0.105,-0.1325,0.0914,0.4206,143044,0.2878,17319,1,Yuqori,2,1,4,2
Murabaha,Namangan,Ishlab chiqarish,661,26,8,2,1,75745,24,0.1478,0.9066,0.6574,0.7865,0.5396,2,0.7475,0.364,0.0478,1,0.1121,0.069,0.1093,0.0612,0.1714,0.0568,0.907,86939,0.2876,22679,1,Juda Yuqori,3,1,2,1
Murabaha,Namangan,Xizmat,609,50,20,1,0,44065,60,0.1383,0.2869,0.2836,0.7916,0.3104,3,0.8223,0.4064,0.1928,1,0.1548,0.0435,0.0838,0.0596,0.0913,-0.0517,0.1543,59299,0.4959,4536,0,O'rta,1,1,2,5
Ijara,Buxoro,Qishloq xo'jaligi,592,25,5,2,0,240836,36,0.0941,0.6368,0.3827,0.9569,0.5418,2,0.8728,0.1919,0.1499,1,0.0975,0.0509,0.1176,0.025,-0.1274,0.036,0.3248,274824,0.3897,34792,0,Yuqori,2,0,0,2
Ijara,Toshkent,Eksport,606,42,19,3,0,34017,24,0.0688,0.8383,0.0878,0.7261,0.8941,3,0.55,0.1501,0.1877,1,0.104,0.0739,0.0918,0.0734,-0.0589,-0.0416,0.44,36355,0.2913,4660,0,Yuqori,2,0,5,0
Musharaka,Samarqand,Ishlab chiqarish,633,62,18,3,0,25398,84,0.1206,0.7482,0.2084,0.8109,0.8155,2,0.5627,0.3639,0.0461,1,0.2513,0.059,0.1011,0.0898,0.1466,-0.0153,0.8683,36117,0.5365,16824,1,Juda Yuqori,3,2,4,1
Ijara,Namangan,Qurilish,532,49,9,5,1,101252,60,0.088,0.6622,0.3856,0.657,0.3387,5,0.9273,0.1995,0.2405,0,0.0889,0.0532,0.108,0.1062,-0.0592,-0.106,0.5436,123523,0.2565,17222,0,Juda Yuqori,3,0,2,3
Ijara,Samarqand,Ishlab chiqarish,602,26,15,4,0,62328,84,0.09,0.7134,0.4674,0.7681,0.68,3,0.7713,0.2222,0.0535,1,0.0982,0.0385,0.0746,0.066,-0.2206,-0.062,0.4798,81965,0.3404,13386,0,Juda Yuqori,3,0,4,1
Musharaka,Farg'ona,Xizmat,563,62,6,1,0,53185,12,0.2813,0.4977,0.5478,0.8722,0.7428,3,0.8278,0.0914,0.0851,1,0.2526,0.0372,0.1059,0.0165,0.1419,0.075,0.7502,60665,0.5276,24010,1,Juda Yuqori,3,2,1,5
Sukuk,Farg'ona,Ishlab chiqarish,639,25,12,5,1,150687,84,0.0701,0.527,0.2241,0.6973,0.7601,3,0.6532,0.3346,0.0834,1,0.0838,0.0687,0.0817,0.0019,0.2971,0.1528,0.4231,187640,0.2621,20806,1,Yuqori,2,3,1,1
Murabaha,Qashqadaryo,Qurilish,665,25,15,3,0,24253,60,0.1235,0.5349,0.4855,0.7937,0.8723,3,0.7289,0.08,0.096,1,0.1168,0.0653,0.1249,0.0585,-0.0926,-0.0564,0.3828,31738,0.4094,4974,0,Yuqori,2,1,3,3
Murabaha,Farg'ona,Qurilish,698,51,16,2,1,9198,60,0.1254,0.4889,0.3593,0.8869,0.3241,5,0.55,0.1809,0.4,1,0.0764,0.0636,0.0859,0.0231,-0.1098,0.1315,0.2047,12081,0.379,937,0,O'rta,1,1,1,3
Murabaha,Namangan,Ishlab chiqarish,702,25,5,4,2,58227,24,0.138,0.7653,0.3925,0.796,0.7594,4,0.9506,0.1835,0.2214,1,0.0648,0.0583,0.0983,0.048,-0.0314,-0.0254,0.5923,66260,0.5203,20419,0,Juda Yuqori,3,1,2,1
Murabaha,Namangan,Savdo,459,27,3,4,0,6478,60,0.102,0.3297,0.3384,0.943,0.7709,4,0.7094,0.176,0.3186,1,0.1409,0.0753,0.1346,0.0012,0.0277,-0.0505,0.4773,8129,0.4414,1713,0,Juda Yuqori,3,1,2,4
Musharaka,Buxoro,Ishlab chiqarish,737,47,14,2,0,27507,60,0.1468,0.7059,0.464,0.6544,0.6604,4,0.721,0.3153,0.2175,1,0.2242,0.0501,0.0952,0.1074,-0.1759,0.0589,0.7615,37603,0.6647,19034,1,Juda Yuqori,3,2,0,1
Sukuk,Namangan,Ishlab chiqarish,589,48,16,2,0,178496,24,0.0731,0.5249,0.1332,0.9022,0.2213,3,0.7294,0.3857,0.0448,1,0.0823,0.0401,0.1228,0.0292,0.0825,0.2119,0.0882,191546,0.4834,8169,0,Past,0,3,2,1
Murabaha,Samarqand,Qurilish,512,49,7,1,1,267064,6,0.163,0.504,0.5282,0.6927,0.3248,4,0.5609,0.1839,0.1636,1,0.0917,0.0459,0.1089,0.034,0.1684,-0.0003,0.7397,277948,0.4118,84655,1,Juda Yuqori,3,1,4,3
Murabaha,Samarqand,Ishlab chiqarish,652,54,6,1,0,10621,12,0.072,0.7828,0.2321,0.6673,0.3796,3,0.7074,0.3153,0.0295,1,0.1114,0.0323,0.097,0.0452,0.0636,-0.0071,0.1979,11004,0.4837,1053,0,O'rta,1,1,4,1
Musharaka,Namangan,Qurilish,537,61,13,4,1,64232,24,0.2666,0.843,0.2599,0.7818,0.5919,1,0.6707,0.3989,0.0749,1,0.236,0.068,0.0925,0.0098,-0.1832,0.1355,0.9832,81354,0.5244,41941,1,Juda Yuqori,3,2,2,3
Sukuk,Namangan,Qurilish,701,48,12,3,0,128686,84,0.078,0.5861,0.4103,0.8235,0.7442,2,0.7703,0.3071,0.1143,0,0.053,0.0578,0.0871,0.0247,-0.0591,-0.0981,0.4402,163828,0.3268,23565,1,Yuqori,2,3,2,3
Murabaha,Samarqand,Savdo,590,56,8,4,0,4294,24,0.1446,0.4885,0.3018,0.6901,0.6749,3,0.5948,0.1522,0.0308,1,0.1098,0.0638,0.0787,0.0911,-0.1867,-0.0724,0.2995,4915,0.6221,916,0,Yuqori,2,1,4,4
Musharaka,Samarqand,Ishlab chiqarish,624,58,10,3,0,13918,84,0.1629,0.7368,0.5788,0.65,0.8306,3,0.6491,0.0491,0.0603,1,0.2184,0.0875,0.1002,0.0295,-0.1716,0.0051,0.8836,21855,0.6389,12339,1,Juda Yuqori,3,2,4,1
Murabaha,Farg'ona,Qishloq xo'jaligi,691,35,11,1,1,51527,12,0.0864,0.3826,0.2663,0.6747,0.5022,2,0.6705,0.2577,0.0467,1,0.1344,0.0695,0.0704,0.0635,0.0739,0.186,0.3276,53754,0.4575,8056,1,Yuqori,2,1,1,2
Murabaha,Samarqand,Qurilish,454,62,14,5,2,43671,36,0.1232,0.6896,0.1201,0.5267,0.479,3,0.6244,0.405,0.1518,1,0.1288,0.0726,0.0822,0.0575,0.2028,-0.0227,0.9436,51743,0.4919,24020,1,Juda Yuqori,3,1,4,3
Sukuk,Samarqand,Qurilish,772,51,15,4,0,210500,120,0.0459,0.3491,0.1157,0.6699,0.2702,3,0.8288,0.4121,0.0995,1,0.0958,0.0625,0.0831,0.0294,0.0848,0.0887,0.0271,258848,0.2415,1692,0,Past,0,3,4,3
Sukuk,Farg'ona,Xizmat,637,35,8,2,0,155782,120,0.0661,0.5121,0.7308,0.7634,0.7104,4,0.7966,0.1516,0.1775,1,0.0387,0.0695,0.0806,0.098,-0.1232,0.076,0.2267,207300,0.261,12264,0,O'rta,1,3,1,5
Murabaha,Farg'ona,Qishloq xo'jaligi,583,54,15,3,0,42109,24,0.1585,0.4729,0.511,0.8968,0.7956,4,0.5862,0.1267,0.2392,1,0.1285,0.0578,0.1056,0.0011,-0.1563,-0.0434,0.5914,48783,0.4539,13093,0,Juda Yuqori,3,1,1,2
Sukuk,Qashqadaryo,Qishloq xo'jaligi,699,57,13,3,0,310626,84,0.0954,0.8802,0.3869,0.6645,0.2451,4,0.55,0.1872,0.1362,1,0.0261,0.051,0.0947,0.0024,0.0405,0.02,0.1231,414329,0.3878,19788,0,O'rta,1,3,3,2
Musharaka,Toshkent,Ishlab chiqarish,649,45,14,3,0,58606,120,0.2426,0.5672,0.3841,0.7196,0.6162,2,0.7557,0.066,0.4,1,0.2312,0.0368,0.0997,0.0138,-0.0078,0.1239,0.8865,129692,0.4942,56819,1,Juda Yuqori,3,2,5,1
Sukuk,Toshkent,Qurilish,668,54,7,4,0,74996,60,0.0888,0.5437,0.6885,0.8189,0.2462,3,0.8237,0.1488,0.056,0,0.0824,0.0597,0.1229,0.0519,0.0295,-0.0116,0.3184,91642,0.3729,10879,0,Yuqori,2,3,5,3
Musharaka,Buxoro,Qurilish,751,36,24,3,0,29977,36,0.379,0.2894,0.1958,0.6821,0.6762,3,0.8727,0.2113,0.2624,1,0.2326,0.0332,0.1126,0.0954,-0.2152,0.0716,0.4033,47018,0.6365,12069,1,Yuqori,2,2,0,3
Musharaka,Samarqand,Savdo,686,48,9,2,0,111982,60,0.1819,0.6574,0.4224,0.6121,0.5751,5,0.5643,0.4273,0.2087,0,0.2483,0.0518,0.0797,0.0295,0.0272,0.1319,0.8794,162917,0.5806,83180,1,Juda Yuqori,3,2,4,4
Musharaka,Buxoro,Eksport,783,24,7,4,0,289629,120,0.1381,0.6055,0.4082,0.7138,0.7685,3,0.8364,0.2079,0.09,0,0.243,0.0629,0.11,0.0207,-0.1655,0.1132,0.642,489645,0.685,215329,0,Juda Yuqori,3,2,0,0
Ijara,Farg'ona,Xizmat,624,58,11,3,1,67790,12,0.0513,0.6631,0.1855,0.6737,0.3539,4,0.7829,0.12,0.1411,1,0.0654,0.0305,0.0966,0.0204,-0.0889,0.1201,0.1519,69527,0.4331,4575,0,O'rta,1,0,1,5
Murabaha,Farg'ona,Eksport,560,50,14,1,0,49674,36,0.121,0.6127,0.1262,0.81,0.16,4,0.7377,0.0508,0.0768,1,0.1051,0.0796,0.1122,0.0167,-0.2674,0.146,0.0404,58690,0.5192,1232,0,Past,0,1,1,0
Murabaha,Namangan,Ishlab chiqarish,591,50,9,5,1,166848,24,0.1659,0.6797,0.6261,0.9343,0.4825,4,0.9695,0.2666,0.125,1,0.0944,0.0436,0.0868,0.1224,-0.1526,0.1446,0.4413,194526,0.4845,41597,1,Yuqori,2,1,2,1
Murabaha,Buxoro,Qishloq xo'jaligi,521,64,14,2,1,69836,6,0.0973,0.6356,0.5099,0.3425,0.268,4,0.9849,0.1619,0.2403,1,0.1379,0.0724,0.0921,0.0688,0.1874,0.0272,0.8444,71534,0.4208,25418,1,Juda Yuqori,3,1,0,2
Ijara,Toshkent,Savdo,718,36,19,2,0,18469,84,0.0878,0.694,0.4823,0.5983,0.2732,4,0.7624,0.1559,0.0447,1,0.104,0.0624,0.0768,0.0579,-0.0222,0.0051,0.1319,24145,0.2224,708,0,O'rta,1,0,5,4
Murabaha,Qashqadaryo,Savdo,673,31,24,1,0,105567,24,0.0897,0.4208,0.1932,0.8157,0.635,4,0.7341,0.0849,0.0775,0,0.1389,0.053,0.1157,0.0518,0.0007,0.0174,0.0864,115038,0.5325,5295,0,Past,0,1,3,4
Ijara,Farg'ona,Qurilish,604,41,22,2,0,6710,36,0.0628,0.8208,0.1469,0.7239,0.8554,3,0.7817,0.1407,0.2076,1,0.0802,0.0533,0.1143,0.0373,0.0612,-0.0011,0.4107,7342,0.2813,848,0,Yuqori,2,0,1,3
Sukuk,Farg'ona,Savdo,535,29,24,2,0,104856,36,0.0895,0.6004,0.5641,0.8309,0.5317,3,0.7324,0.1169,0.0548,1,0.0694,0.0433,0.0713,0.0969,0.2314,0.0316,0.1893,118939,0.142,3197,0,O'rta,1,3,1,4
Murabaha,Samarqand,Ishlab chiqarish,470,48,20,0,0,34345,36,0.1556,0.6454,0.1778,0.5973,0.758,2,0.6716,0.3482,0.2617,0,0.0766,0.0379,0.1029,0.0646,0.106,0.0373,0.9186,42362,0.3674,14296,1,Juda Yuqori,3,1,4,1
Ijara,Samarqand,Qurilish,850,39,7,2,0,67396,12,0.0949,0.5446,0.3336,0.8672,0.1999,1,0.8106,0.3132,0.0716,0,0.0418,0.0552,0.0809,0.0005,0.1223,-0.0231,0.1391,70595,0.3544,3479,0,O'rta,1,0,4,3
Musharaka,Farg'ona,Ishlab chiqarish,574,31,1,2,0,50326,60,0.2474,0.6173,0.4153,0.8977,0.2292,4,0.6491,0.3723,0.1332,1,0.2248,0.0675,0.0911,0.025,-0.1101,0.0285,0.6658,81448,0.4767,25847,0,Juda Yuqori,3,2,1,1
Sukuk,Farg'ona,Eksport,683,45,6,0,0,394639,120,0.0807,0.5866,0.5389,0.7156,0.872,3,0.6551,0.1341,0.2075,1,0.0813,0.0456,0.0892,0.0806,0.1079,-0.022,0.4778,553904,0.2191,57984,1,Juda Yuqori,3,3,1,0
Murabaha,Namangan,Ishlab chiqarish,728,25,15,2,0,57454,12,0.1269,0.4996,0.2061,0.6199,0.6143,5,0.7742,0.1683,0.0231,0,0.1364,0.0627,0.1085,0.0808,-0.1548,-0.0486,0.0992,61101,0.4047,2452,0,Past,0,1,2,1
Ijara,Qashqadaryo,Xizmat,844,41,11,1,1,90485,24,0.0923,0.5921,0.5885,0.9066,0.7317,4,0.9534,0.1666,0.0781,1,0.1025,0.0584,0.0989,0.0242,0.0315,0.0361,0.1301,98835,0.2833,3642,0,O'rta,1,0,3,5
Ijara,Qashqadaryo,Eksport,743,47,16,1,0,152135,84,0.1207,0.7277,0.2856,0.5435,0.5085,3,0.9134,0.1105,0.1775,0,0.0805,0.0505,0.1001,0.1035,0.0776,0.0294,0.1666,216385,0.2882,10393,1,O'rta,1,0,3,0
Sukuk,Buxoro,Xizmat,597,50,5,2,0,265291,60,0.0443,0.7734,0.1438,0.7298,0.3861,3,0.9262,0.2612,0.0445,1,0.0648,0.0551,0.0802,0.0396,0.1191,0.0622,0.1045,294695,0.186,5727,0,O'rta,1,3,0,5
Ijara,Farg'ona,Qurilish,489,50,18,2,0,56426,12,0.0996,0.4973,0.4533,0.6435,0.5725,4,0.7062,0.1688,0.2465,1,0.1448,0.0518,0.1058,0.0198,0.1654,-0.0277,0.6218,59237,0.2549,9389,1,Juda Yuqori,3,0,1,3
Musharaka,Toshkent,Eksport,652,59,15,0,0,86787,12,0.3,0.7406,0.6128,0.9751,0.229,3,0.8126,0.1189,0.1126,1,0.2663,0.0503,0.0864,0.037,0.127,-0.0102,0.5623,99803,0.64,35918,1,Juda Yuqori,3,2,5,0
Musharaka,Toshkent,Savdo,580,62,12,2,0,99455,84,0.197,0.6169,0.469,0.6087,0.5728,1,0.6515,0.2307,0.1348,1,0.2014,0.0517,0.1075,0.0478,0.1101,0.0163,0.9644,168020,0.5539,89749,1,Juda Yuqori,3,2,5,4
Sukuk,Farg'ona,Savdo,844,55,11,2,1,105427,84,0.0794,0.8124,0.592,0.8475,0.182,4,0.8499,0.1941,0.0879,1,0.1076,0.0821,0.1036,0.0113,-0.0594,0.0498,0.0739,134710,0.3766,3747,0,Past,0,3,1,4
Musharaka,Farg'ona,Ishlab chiqarish,467,44,24,2,0,39063,24,0.3001,0.8439,0.3441,0.6206,0.2607,4,0.8782,0.3721,0.1045,1,0.1956,0.066,0.0898,0.0323,-0.1791,-0.0459,0.8872,50787,0.7062,31823,1,Juda Yuqori,3,2,1,1
Murabaha,Toshkent,Savdo,747,59,8,3,0,45558,12,0.1386,0.4533,0.5777,0.8235,0.714,4,0.7474,0.022,0.324,1,0.1444,0.0661,0.0922,0.0417,0.2533,0.2006,0.1897,48716,0.3736,3453,0,O'rta,1,1,5,4
Sukuk,Namangan,Eksport,491,37,24,3,1,16097,120,0.0968,0.4307,0.1143,0.7395,0.6319,3,0.8395,0.339,0.0187,1,0.0853,0.0413,0.0652,0.0212,-0.0258,-0.0364,0.1977,23892,0.2647,1251,0,O'rta,1,3,2,0
Ijara,Namangan,Ishlab chiqarish,516,63,1,2,0,116086,36,0.0978,0.5996,0.1912,0.8286,0.7465,2,0.6678,0.3932,0.1774,0,0.0563,0.0502,0.1035,0.0483,-0.0814,0.1606,0.6764,133109,0.3299,29705,0,Juda Yuqori,3,0,2,1
Ijara,Buxoro,Eksport,489,47,13,3,0,264500,24,0.0999,0.532,0.5661,0.7267,0.3861,3,0.8797,0.1011,0.0097,1,0.0435,0.042,0.13,0.0019,-0.119,0.0402,0.2768,290912,0.2573,20717,1,Yuqori,2,0,0,0
Murabaha,Buxoro,Savdo,850,52,17,1,0,33380,24,0.0881,0.5567,0.178,0.807,0.2863,4,0.6745,0.2031,0.1017,1,0.1836,0.0622,0.0878,0.0746,0.0655,0.0743,0.0138,36322,0.6288,315,0,Past,0,1,0,4
Ijara,Samarqand,Eksport,767,33,19,3,0,53517,36,0.1221,0.4571,0.2675,0.4603,0.1546,3,0.6675,0.2737,0.0775,1,0.0725,0.0719,0.071,0.0665,0.2629,0.0181,0.0967,63316,0.3769,2306,0,Past,0,0,4,0
Murabaha,Samarqand,Ishlab chiqarish,457,36,16,5,0,12106,12,0.1432,0.541,0.2915,0.8934,0.4092,4,0.5955,0.135,0.1157,1,0.1525,0.0812,0.0693,0.0271,0.0719,-0.1255,0.1716,12973,0.5056,1126,0,O'rta,1,1,4,1
Ijara,Farg'ona,Eksport,730,42,17,3,0,17966,84,0.0779,0.4862,0.3184,0.4251,0.1242,3,0.9285,0.2751,0.3252,1,0.0606,0.0586,0.099,0.0461,-0.5036,-0.0635,0.1428,22865,0.4298,1403,0,O'rta,1,0,1,0
Murabaha,Toshkent,Xizmat,831,30,4,2,0,20146,12,0.1001,0.6011,0.4791,0.5303,0.2043,4,0.9418,0.1051,0.1067,1,0.1227,0.0585,0.1105,0.1022,-0.0472,-0.0085,0.0808,21155,0.5195,888,0,Past,0,1,5,5
Ijara,Farg'ona,Ishlab chiqarish,592,61,2,3,0,128911,60,0.1277,0.8222,0.2565,0.9013,0.8551,4,0.9144,0.0533,0.0566,0,0.0853,0.039,0.108,0.0414,-0.1842,0.064,0.1788,170069,0.4203,12780,0,O'rta,1,0,1,1
Sukuk,Buxoro,Qishloq xo'jaligi,621,26,12,6,0,49557,36,0.0878,0.6416,0.3272,0.9468,0.7749,4,0.8309,0.1631,0.0441,1,0.0372,0.0574,0.0961,0.0659,0.0491,-0.0725,0.0546,56086,0.4137,1268,0,Past,0,3,0,2
Murabaha,Farg'ona,Qurilish,615,31,10,2,0,172563,60,0.078,0.7688,0.437,0.7881,0.3871,4,0.6115,0.1775,0.0482,1,0.1684,0.0493,0.0903,0.0442,0.0624,0.2353,0.3306,206217,0.3347,22815,0,Yuqori,2,1,1,3
Sukuk,Qashqadaryo,Qurilish,582,22,10,2,1,60621,36,0.0717,0.627,0.3019,0.7574,0.7502,3,0.7583,0.0671,0.2146,1,0.0471,0.0692,0.1376,0.0691,0.1724,0.1002,0.4012,67143,0.2881,7760,0,Yuqori,2,3,3,3
Murabaha,Buxoro,Qishloq xo'jaligi,707,53,24,1,0,107332,60,0.0707,0.6623,0.2117,0.5949,0.5767,5,0.8992,0.068,0.0132,1,0.1246,0.0437,0.1244,0.0528,0.0567,0.0866,0.032,126290,0.4293,1735,0,Past,0,1,0,2
Sukuk,Farg'ona,Qishloq xo'jaligi,649,48,1,2,0,99072,84,0.0481,0.6678,0.4522,0.6134,0.2445,3,0.875,0.4635,0.1024,1,0.1321,0.0783,0.0795,0.0921,0.014,0.1754,0.3604,115750,0.1871,7806,0,Yuqori,2,3,1,2
Ijara,Farg'ona,Ishlab chiqarish,692,27,14,2,0,69083,60,0.0961,0.4149,0.6039,0.9312,0.7214,5,0.688,0.3231,0.1164,1,0.1138,0.041,0.1058,0.0457,-0.2637,0.0007,0.249,85689,0.4152,8860,0,O'rta,1,0,1,1
Musharaka,Namangan,Eksport,637,31,7,3,0,93744,36,0.1588,0.4905,0.2925,0.8469,0.8038,1,0.7212,0.3264,0.0676,1,0.26,0.0626,0.13,0.0963,0.0653,0.0131,0.8792,116079,0.5152,52582,1,Juda Yuqori,3,2,2,0
Ijara,Toshkent,Savdo,572,37,10,2,0,24869,36,0.0537,0.7699,0.4945,0.88,0.4901,5,0.6251,0.1412,0.1196,1,0.0889,0.0366,0.1199,0.0239,0.2074,-0.0709,0.2023,26874,0.307,1669,1,O'rta,1,0,5,4
Sukuk,Farg'ona,Eksport,678,29,6,2,0,76085,24,0.0902,0.8602,0.3047,0.8722,0.7411,2,0.8072,0.2323,0.1171,1,0.0754,0.082,0.0875,0.0196,0.2469,0.0237,0.3008,82945,0.1663,4150,1,Yuqori,2,3,1,0
Murabaha,Namangan,Qurilish,613,39,7,2,0,52148,24,0.0717,0.505,0.3507,0.8642,0.2528,5,0.9007,0.0622,0.4,1,0.1249,0.0464,0.0953,0.0167,-0.0561,0.0979,0.0714,55886,0.4165,1662,0,Past,0,1,2,3
Murabaha,Toshkent,Qurilish,699,52,7,2,0,11366,12,0.0944,0.6542,0.2058,0.6748,0.2282,3,0.9633,0.4924,0.0719,1,0.1771,0.0818,0.0776,0.0386,0.1223,0.1456,0.1795,11903,0.3473,742,0,O'rta,1,1,5,3
Ijara,Qashqadaryo,Qishloq xo'jaligi,640,64,6,2,0,50707,24,0.0702,0.6237,0.5847,0.7398,0.1903,4,0.9446,0.2163,0.076,1,0.0723,0.0546,0.1297,0.0551,0.1518,-0.0104,0.1074,54267,0.386,2250,0,O'rta,1,0,3,2
Ijara,Samarqand,Savdo,602,54,16,2,1,29519,36,0.1056,0.4006,0.5536,0.7375,0.7901,2,0.673,0.1326,0.1949,1,0.1171,0.0539,0.122,0.0324,-0.0068,0.1463,0.8693,34194,0.3419,10163,1,Juda Yuqori,3,0,4,4
Ijara,Qashqadaryo,Eksport,698,32,20,4,1,119708,12,0.0965,0.5273,0.457,0.7105,0.3432,4,0.8262,0.26,0.1749,1,0.1287,0.0566,0.0851,0.0488,-0.0926,0.084,0.279,125484,0.2917,10212,1,Yuqori,2,0,3,0
Ijara,Qashqadaryo,Xizmat,506,50,21,0,0,248981,24,0.0747,0.3487,0.5776,0.5961,0.8557,3,0.8915,0.0668,0.1284,1,0.1025,0.0604,0.083,0.009,-0.3691,0.009,0.5867,267572,0.4338,68099,1,Juda Yuqori,3,0,3,5
Musharaka,Buxoro,Savdo,570,60,3,2,0,66658,24,0.3393,0.7298,0.2447,0.5163,0.6044,2,0.7512,0.1385,0.0443,1,0.2585,0.0639,0.1045,0.0557,0.2234,0.0217,0.8653,89278,0.4982,38488,1,Juda Yuqori,3,2,0,4
Ijara,Namangan,Ishlab chiqarish,596,51,21,2,1,34809,12,0.0921,0.8957,0.1966,0.7038,0.8518,3,0.7471,0.0839,0.1075,1,0.1466,0.051,0.1127,0.052,0.0881,0.088,0.6136,36412,0.2905,6491,1,Juda Yuqori,3,0,2,1
Murabaha,Samarqand,Ishlab chiqarish,436,58,15,1,1,38586,36,0.0858,0.8924,0.8463,0.8143,0.278,4,0.8678,0.442,0.1376,1,0.1482,0.0563,0.0876,0.0351,0.3504,0.0112,0.9593,43552,0.3984,16643,1,Juda Yuqori,3,1,4,1
Musharaka,Samarqand,Qishloq xo'jaligi,843,24,15,3,0,41006,36,0.2772,0.7005,0.5836,0.6554,0.4592,5,0.8719,0.1591,0.1664,1,0.2215,0.0552,0.0847,0.0443,0.0132,-0.0113,0.2854,58055,0.6016,9970,0,Yuqori,2,2,4,2
Murabaha,Toshkent,Ishlab chiqarish,706,54,16,2,0,89270,36,0.0741,0.7235,0.6068,0.8284,0.3691,3,0.8287,0.3521,0.271,1,0.0937,0.0346,0.1108,0.0061,0.001,-0.0654,0.5512,99185,0.4629,25307,0,Juda Yuqori,3,1,5,1
Murabaha,Samarqand,Savdo,770,58,10,3,0,7289,12,0.1458,0.7925,0.3511,0.7863,0.66,4,0.749,0.3061,0.1063,1,0.1207,0.0258,0.1065,0.0638,0.3285,0.1067,0.2058,7821,0.5002,805,0,O'rta,1,1,4,4
Murabaha,Samarqand,Savdo,641,29,4,1,0,78444,12,0.1565,0.8353,0.2537,0.3269,0.2366,2,0.73,0.1994,0.1244,1,0.1403,0.0578,0.096,0.0671,-0.0157,0.0322,0.6541,84582,0.5822,32207,0,Juda Yuqori,3,1,4,4
Murabaha,Qashqadaryo,Ishlab chiqarish,552,27,9,2,0,16122,6,0.079,0.3426,0.4293,0.5349,0.2909,3,0.635,0.1491,0.2637,1,0.1163,0.0308,0.086,0.0366,-0.0907,0.0877,0.3973,16440,0.4997,3264,0,Yuqori,2,1,3,1
Ijara,Farg'ona,Qishloq xo'jaligi,709,44,16,1,0,19484,24,0.1295,0.7876,0.5001,0.9352,0.5643,3,0.7505,0.0552,0.2151,1,0.1175,0.0505,0.1114,0.0562,-0.213,-0.0024,0.2175,22008,0.2269,1086,0,O'rta,1,0,1,2
Murabaha,Buxoro,Ishlab chiqarish,726,35,18,0,0,51852,12,0.147,0.4893,0.5927,0.6068,0.2367,3,0.7851,0.2191,0.2799,1,0.125,0.0641,0.098,0.0694,0.1754,-0.1031,0.5147,55663,0.4945,14167,0,Juda Yuqori,3,1,0,1
Musharaka,Qashqadaryo,Ishlab chiqarish,598,35,11,0,0,23651,84,0.366,0.7315,0.7467,0.81,0.3694,3,0.71,0.2183,0.0467,1,0.219,0.0524,0.1053,0.0215,-0.3493,0.0473,0.8466,53948,0.6125,27976,0,Juda Yuqori,3,2,3,1
Murabaha,Qashqadaryo,Ishlab chiqarish,496,36,2,1,0,121673,12,0.076,0.5164,0.3981,0.6973,0.7176,4,0.7813,0.2902,0.0904,1,0.1393,0.046,0.1011,0.0561,0.2292,-0.0998,0.6258,126294,0.36,28450,0,Juda Yuqori,3,1,3,1
Murabaha,Namangan,Eksport,542,62,13,4,0,449188,36,0.0948,0.7442,0.2682,0.6332,0.6201,2,0.9423,0.1752,0.1392,0,0.1538,0.0626,0.1021,0.0934,-0.111,0.0435,0.7416,513065,0.4879,185641,1,Juda Yuqori,3,1,2,0
Murabaha,Buxoro,Xizmat,617,38,16,5,0,52761,36,0.1025,0.2323,0.5624,0.6405,0.6924,4,0.5756,0.186,0.0588,0,0.1301,0.0602,0.12,0.0367,0.1626,-0.0336,0.491,60873,0.4564,13642,1,Juda Yuqori,3,1,0,5
Murabaha,Qashqadaryo,Savdo,541,35,13,4,2,88846,6,0.1081,0.3083,0.3668,0.5623,0.6518,4,0.7752,0.044,0.0776,1,0.1106,0.0764,0.1166,0.0309,-0.0723,0.1095,0.4795,91247,0.4974,21762,0,Juda Yuqori,3,1,3,4
Musharaka,Toshkent,Eksport,629,42,12,4,0,23107,24,0.3608,0.369,0.5147,0.8547,0.2867,3,0.6308,0.3764,0.3054,1,0.2736,0.0473,0.0774,0.0254,0.0849,0.0666,0.823,31444,0.6004,15536,1,Juda Yuqori,3,2,5,0
Ijara,Toshkent,Qishloq xo'jaligi,623,30,18,1,0,40416,36,0.1285,0.4696,0.2621,0.7006,0.6419,2,0.8657,0.5,0.1242,1,0.1098,0.066,0.1208,0.0253,-0.0283,0.0463,0.5774,48209,0.3749,10436,1,Juda Yuqori,3,0,5,2
Musharaka,Samarqand,Qurilish,414,61,17,3,0,28732,12,0.1679,0.5123,0.3228,0.5604,0.3952,4,0.6828,0.0719,0.1224,1,0.2704,0.073,0.1134,0.0443,0.0145,0.1091,0.8187,31144,0.4802,12243,1,Juda Yuqori,3,2,4,3
Musharaka,Qashqadaryo,Qishloq xo'jaligi,708,26,8,1,0,52940,36,0.2192,0.7537,0.3008,0.9345,0.1217,3,0.9779,0.0491,0.1403,1,0.2726,0.0485,0.0563,0.0492,-0.0005,-0.0067,0.1404,70344,0.6379,6298,0,O'rta,1,2,3,2
Murabaha,Farg'ona,Eksport,686,26,5,2,0,15375,60,0.1559,0.7288,0.7599,0.6603,0.1708,2,0.55,0.0651,0.1014,1,0.088,0.0542,0.1073,0.026,0.2316,0.1127,0.6541,21368,0.4303,6014,1,Juda Yuqori,3,1,1,0
Sukuk,Buxoro,Xizmat,639,33,7,1,0,460126,24,0.0496,0.6838,0.1973,0.5861,0.5722,3,0.8092,0.2414,0.1244,1,0.0905,0.0641,0.0859,0.0247,-0.2135,0.0748,0.1995,482935,0.2303,22186,1,O'rta,1,3,0,5
Musharaka,Buxoro,Qurilish,647,24,8,4,0,40588,60,0.2981,0.5321,0.3928,0.785,0.342,5,0.7388,0.4068,0.1303,1,0.2245,0.036,0.1148,0.0211,0.1063,0.0445,0.4948,70836,0.5742,20127,0,Juda Yuqori,3,2,0,3
Musharaka,Namangan,Xizmat,645,63,4,1,0,14369,12,0.361,0.786,0.1876,0.8386,0.4178,3,0.7428,0.2585,0.0723,1,0.2348,0.0815,0.1072,0.0667,-0.0685,-0.0071,0.6064,16963,0.7978,8206,0,Juda Yuqori,3,2,2,5
Murabaha,Buxoro,Qurilish,624,44,5,2,0,13730,60,0.1449,0.8282,0.2112,0.7594,0.6368,2,0.7173,0.0929,0.025,0,0.1571,0.0561,0.0984,0.0571,0.0659,0.0524,0.5649,18703,0.4273,4515,1,Juda Yuqori,3,1,0,3
Murabaha,Buxoro,Eksport,539,44,16,4,3,254490,60,0.0995,0.7064,0.1569,0.9044,0.505,4,0.9214,0.2326,0.0136,1,0.0967,0.0442,0.0721,0.045,0.1751,0.0736,0.575,317779,0.3633,66378,0,Juda Yuqori,3,1,0,0
Murabaha,Samarqand,Savdo,655,43,13,4,0,132230,24,0.153,0.2584,0.4016,0.6528,0.5574,3,0.6818,0.1856,0.2159,0,0.0646,0.0657,0.1079,0.0339,-0.0896,0.0224,0.4134,152458,0.3572,22512,0,Yuqori,2,1,4,4
Murabaha,Toshkent,Xizmat,574,24,15,2,0,12480,12,0.1033,0.494,0.1877,0.8624,0.6439,3,0.7314,0.1767,0.0652,1,0.1456,0.0394,0.0951,0.0366,-0.0573,0.02,0.1418,13124,0.5645,1051,0,O'rta,1,1,5,5
Musharaka,Buxoro,Ishlab chiqarish,602,24,7,6,0,50174,120,0.2026,0.6463,0.1595,0.5524,0.6298,3,0.6987,0.2341,0.0124,1,0.2524,0.0587,0.0689,0.0223,0.0658,-0.1072,0.6557,100996,0.5547,36736,0,Juda Yuqori,3,2,0,1
Musharaka,Toshkent,Savdo,431,23,22,1,1,39909,84,0.1367,0.6616,0.1422,0.7621,0.1335,3,0.7181,0.0547,0.1892,1,0.2617,0.0522,0.0608,0.026,0.0157,0.0594,0.7543,59002,0.7194,32017,1,Juda Yuqori,3,2,5,4
Musharaka,Namangan,Eksport,575,41,12,3,0,49054,84,0.184,0.3388,0.5571,0.4947,0.2279,5,0.8521,0.2539,0.0769,1,0.2659,0.0495,0.0981,0.0432,0.0485,0.0009,0.6115,80650,0.557,27466,0,Juda Yuqori,3,2,2,0
Ijara,Toshkent,Xizmat,623,30,2,0,0,107759,24,0.074,0.7302,0.4391,0.8383,0.4084,1,0.9269,0.385,0.2188,1,0.1089,0.0563,0.0509,0.0178,-0.0866,0.0762,0.6165,115738,0.2887,20600,0,Juda Yuqori,3,0,5,5
Ijara,Farg'ona,Qishloq xo'jaligi,700,39,6,2,0,20362,24,0.1175,0.4802,0.2694,0.8204,0.214,3,0.8433,0.0189,0.1107,1,0.1314,0.0378,0.0789,0.0456,0.1172,0.0793,0.0256,22755,0.355,207,0,Past,0,0,1,2
Ijara,Namangan,Savdo,683,47,11,4,0,57625,12,0.122,0.3915,0.5853,0.6659,0.4312,1,0.55,0.1517,0.2065,1,0.0464,0.0537,0.1352,0.0128,0.1707,-0.0194,0.617,61141,0.4178,15759,1,Juda Yuqori,3,0,2,4
Sukuk,Toshkent,Savdo,723,24,24,4,0,15615,84,0.0803,0.5189,0.6361,0.8796,0.5195,3,0.7956,0.3047,0.2597,0,0.0626,0.0568,0.087,0.042,0.2687,0.039,0.3134,20005,0.2426,1521,0,Yuqori,2,3,5,4
Murabaha,Toshkent,Savdo,492,44,1,7,0,17655,6,0.0994,0.7926,0.3334,0.8045,0.4891,3,0.9173,0.0563,0.1237,1,0.1008,0.0603,0.0758,0.0529,-0.0813,0.0451,0.224,18093,0.5512,2234,0,O'rta,1,1,5,4
Murabaha,Buxoro,Eksport,627,51,8,3,1,42683,12,0.1178,0.2142,0.283,0.6912,0.3485,4,0.8271,0.3421,0.2147,1,0.1188,0.08,0.0737,0.0019,-0.2019,0.0009,0.2373,45196,0.597,6402,0,O'rta,1,1,0,0
Murabaha,Buxoro,Eksport,490,44,3,2,0,84531,60,0.0998,0.804,0.4464,0.7984,0.4543,4,0.8576,0.0894,0.3213,1,0.0936,0.0286,0.0766,0.0782,0.2252,-0.1069,0.4245,105613,0.3854,17278,1,Yuqori,2,1,0,0
Ijara,Samarqand,Savdo,629,49,7,6,1,35285,24,0.0597,0.5359,0.1187,0.8516,0.2419,1,0.8359,0.2288,0.1142,1,0.1269,0.0474,0.1223,0.0391,-0.0849,0.0898,0.3763,37390,0.2579,3629,0,Yuqori,2,0,4,4
Sukuk,Samarqand,Savdo,770,25,12,0,0,200132,24,0.0618,0.6317,0.1739,0.8065,0.5338,5,0.8592,0.1273,0.2245,1,0.0714,0.0612,0.1364,0.0385,-0.0885,0.1237,0.0165,212500,0.2758,964,0,Past,0,3,4,4
Murabaha,Toshkent,Xizmat,582,64,13,3,1,51002,60,0.1643,0.4285,0.7929,0.8042,0.1764,3,0.8118,0.24,0.0477,1,0.1121,0.0309,0.0826,0.0868,0.1435,0.11,0.6016,71951,0.5773,24987,0,Juda Yuqori,3,1,5,5
Sukuk,Qashqadaryo,Eksport,712,44,12,5,0,56287,60,0.073,0.7452,0.7192,0.6524,0.6463,4,0.8176,0.0457,0.0659,0,0.0619,0.0852,0.1051,0.024,0.1774,-0.0438,0.2763,66561,0.2973,5468,1,Yuqori,2,3,3,0
Murabaha,Namangan,Ishlab chiqarish,637,30,1,5,0,20879,12,0.0754,0.6934,0.4579,0.7454,0.5554,2,0.7934,0.3053,0.0249,1,0.1442,0.0712,0.1126,0.048,-0.0326,0.0302,0.6487,21667,0.3732,5246,0,Juda Yuqori,3,1,2,1
Sukuk,Buxoro,Ishlab chiqarish,510,46,23,3,0,19644,24,0.0913,0.5266,0.5553,0.6008,0.5094,3,0.7632,0.1771,0.1315,0,0.0559,0.0611,0.0809,0.0338,-0.0265,-0.0732,0.5431,21437,0.3735,4348,1,Juda Yuqori,3,3,0,1
Murabaha,Farg'ona,Xizmat,701,25,2,7,0,12055,6,0.1059,0.6322,0.3569,0.6108,0.4551,1,0.8673,0.0526,0.1181,1,0.1208,0.0532,0.0793,0.0012,-0.0465,0.06,0.354,12374,0.3952,1731,1,Yuqori,2,1,1,5
Murabaha,Samarqand,Eksport,627,57,2,5,0,10897,24,0.1635,0.5906,0.4689,0.7293,0.6438,3,0.8928,0.1078,0.223,1,0.1402,0.0486,0.1468,0.0084,0.0479,0.0149,0.5342,12679,0.4347,2944,1,Juda Yuqori,3,1,4,0
Musharaka,Toshkent,Savdo,509,48,5,2,1,156726,60,0.3134,0.5425,0.5421,0.5716,0.5028,5,0.6968,0.0178,0.1945,1,0.2637,0.0433,0.0986,0.0534,0.1548,-0.0047,0.8728,279536,0.6903,168427,1,Juda Yuqori,3,2,5,4
Murabaha,Samarqand,Eksport,672,40,1,3,0,48878,60,0.1721,0.4349,0.6198,0.8748,0.5987,1,0.896,0.1959,0.2594,1,0.1645,0.0675,0.1058,0.0008,-0.0571,0.014,0.6314,69914,0.3762,16609,1,Juda Yuqori,3,1,4,0
Murabaha,Qashqadaryo,Qurilish,635,50,18,4,0,16126,24,0.1765,0.4283,0.1569,0.7371,0.8066,5,0.9498,0.1247,0.0408,1,0.0787,0.0385,0.0826,0.0232,-0.1271,-0.0392,0.0181,18972,0.5023,173,0,Past,0,1,3,3
Murabaha,Toshkent,Eksport,609,42,17,2,0,53171,6,0.1541,0.6289,0.4218,0.464,0.6843,3,0.654,0.2415,0.149,1,0.1524,0.044,0.0949,0.0171,0.1453,-0.0351,0.8014,55220,0.4351,19254,1,Juda Yuqori,3,1,5,0
Ijara,Samarqand,Qishloq xo'jaligi,703,31,11,7,1,5712,36,0.0513,0.1912,0.6307,0.9524,0.2936,3,0.7305,0.2186,0.2661,1,0.1023,0.0763,0.0884,0.0668,-0.039,-0.0406,0.3436,6151,0.3814,806,1,Yuqori,2,0,4,2
Musharaka,Farg'ona,Xizmat,637,36,16,5,0,29735,120,0.3256,0.6229,0.4144,0.5842,0.4969,4,0.638,0.1554,0.0169,1,0.2648,0.0376,0.0559,0.0825,-0.4447,0.067,0.4967,78142,0.6273,24348,1,Juda Yuqori,3,2,1,5
Murabaha,Qashqadaryo,Qurilish,592,38,14,1,0,20541,6,0.1236,0.449,0.2434,0.5227,0.8034,3,0.6109,0.4346,0.133,0,0.1306,0.0466,0.0426,0.0009,-0.1379,0.1665,0.8212,21175,0.3978,6917,0,Juda Yuqori,3,1,3,3
Musharaka,Qashqadaryo,Qishloq xo'jaligi,721,64,8,3,0,39624,12,0.1385,0.556,0.189,0.5518,0.331,4,0.8179,0.1079,0.1318,1,0.2957,0.0445,0.0643,0.0514,-0.0975,0.0524,0.217,42369,0.5056,4649,0,O'rta,1,2,3,2
Ijara,Toshkent,Xizmat,767,32,16,1,0,46587,84,0.1135,0.6156,0.5893,0.8219,0.627,3,0.8447,0.2538,0.0628,1,0.1402,0.0588,0.1453,0.0561,-0.2553,0.0858,0.4476,65089,0.4138,12056,1,Yuqori,2,0,5,5
Murabaha,Buxoro,Savdo,578,43,17,2,0,303802,6,0.1109,0.6442,0.214,0.6085,0.4512,3,0.865,0.1918,0.4,1,0.1049,0.0445,0.0688,0.0278,0.2975,0.1566,0.4474,312227,0.4179,58376,0,Yuqori,2,1,0,4
Murabaha,Farg'ona,Xizmat,726,48,13,0,0,55608,60,0.1574,0.1965,0.05,0.6713,0.2055,4,0.9374,0.1937,0.079,1,0.1188,0.0816,0.079,0.0417,-0.0345,-0.1242,0.0061,77494,0.4597,216,0,Past,0,1,1,5
Murabaha,Samarqand,Savdo,596,52,5,1,0,13550,36,0.0915,0.7354,0.3666,0.6526,0.4432,4,0.8865,0.2037,0.162,1,0.1025,0.0457,0.1048,0.0418,-0.0169,0.0857,0.2757,15409,0.4803,2040,0,Yuqori,2,1,4,4
Murabaha,Farg'ona,Eksport,663,38,1,1,1,44151,36,0.1463,0.8366,0.4212,0.7222,0.4958,3,0.5994,0.1287,0.0919,1,0.128,0.0459,0.1025,0.0413,-0.2144,0.0619,0.7596,53838,0.563,23021,1,Juda Yuqori,3,1,1,0
Ijara,Samarqand,Ishlab chiqarish,778,48,2,3,0,129593,36,0.1288,0.6125,0.4196,0.7906,0.1924,3,0.7807,0.261,0.1619,1,0.0916,0.0747,0.086,0.0026,0.086,0.0381,0.0558,154624,0.3151,2721,0,Past,0,0,4,1
Murabaha,Samarqand,Ishlab chiqarish,622,55,23,1,0,130727,24,0.1515,0.3396,0.6221,0.8758,0.1923,3,0.8626,0.0702,0.1804,1,0.1249,0.0628,0.1351,0.0267,0.1536,0.154,0.2044,150536,0.4102,12619,0,O'rta,1,1,4,1
Musharaka,Buxoro,Savdo,466,35,14,2,0,9806,84,0.3261,0.5823,0.2876,0.695,0.5247,4,0.6428,0.1653,0.0528,1,0.2895,0.0621,0.1114,0.0506,0.1079,-0.0289,0.7924,20999,0.616,10250,0,Juda Yuqori,3,2,0,4
Ijara,Buxoro,Eksport,573,44,20,1,0,419311,24,0.116,0.79,0.3828,0.5725,0.1019,5,0.7823,0.3988,0.0888,0,0.1238,0.0468,0.0865,0.0669,-0.0088,0.0771,0.5172,467933,0.375,90759,0,Juda Yuqori,3,0,0,0
Murabaha,Qashqadaryo,Qishloq xo'jaligi,660,24,19,1,0,44078,12,0.0749,0.7908,0.2781,0.8006,0.7679,4,0.8746,0.2039,0.0264,1,0.0802,0.0515,0.1078,0.1038,0.0024,0.0361,0.2033,45729,0.4905,4560,1,O'rta,1,1,3,2
Musharaka,Qashqadaryo,Xizmat,774,34,14,3,0,53614,36,0.1512,0.1539,0.4407,0.7066,0.5135,3,0.6775,0.2632,0.023,1,0.26,0.0617,0.0966,0.0446,-0.1032,-0.0694,0.44,65770,0.6545,18938,1,Yuqori,2,2,3,5
Murabaha,Toshkent,Qurilish,594,61,21,2,0,194078,36,0.1413,0.8419,0.6464,0.4657,0.4417,3,0.8021,0.2776,0.0415,1,0.1262,0.0767,0.08,0.0697,-0.1998,0.1067,0.7881,235209,0.4479,83025,1,Juda Yuqori,3,1,5,3
Sukuk,Qashqadaryo,Qurilish,552,58,23,2,0,137800,36,0.0762,0.256,0.3588,0.8189,0.4156,3,0.7955,0.2043,0.3484,1,0.0358,0.0536,0.1021,0.021,0.0399,0.0767,0.1404,153541,0.4455,9605,0,O'rta,1,3,3,3
Musharaka,Samarqand,Qishloq xo'jaligi,646,60,11,1,0,32269,12,0.3471,0.3682,0.1247,0.5824,0.7138,4,0.7301,0.0431,0.0931,1,0.229,0.0408,0.0808,0.0469,-0.0997,0.0051,0.1518,37869,0.5459,3138,0,O'rta,1,2,4,2
Ijara,Farg'ona,Qishloq xo'jaligi,694,40,19,0,0,32096,60,0.0511,0.5901,0.2426,0.8494,0.511,3,0.7293,0.2385,0.3236,0,0.0809,0.0516,0.1138,0.0472,-0.02,0.1458,0.2625,36196,0.2524,2398,0,Yuqori,2,0,1,2
Musharaka,Toshkent,Xizmat,581,58,21,2,0,13175,120,0.1448,0.6616,0.2863,0.6341,0.6871,3,0.8765,0.1211,0.0298,1,0.2214,0.0482,0.0843,0.0632,-0.0985,0.0806,0.5431,22713,0.506,6242,0,Juda Yuqori,3,2,5,5
Murabaha,Samarqand,Qishloq xo'jaligi,541,39,23,2,1,11662,24,0.0951,0.3594,0.2583,0.5765,0.2909,2,0.84,0.2184,0.1749,1,0.1175,0.0304,0.0599,0.0805,-0.0302,0.075,0.6215,12771,0.3684,2924,1,Juda Yuqori,3,1,4,2
Musharaka,Toshkent,Qishloq xo'jaligi,758,58,11,1,0,110499,84,0.3625,0.458,0.5781,0.8788,0.5364,4,0.6127,0.0977,0.0722,1,0.2164,0.0409,0.0923,0.0398,0.0952,0.1042,0.3512,250703,0.5043,44402,1,Yuqori,2,2,5,2
Sukuk,Samarqand,Qurilish,654,45,6,4,0,10112,36,0.0874,0.7634,0.4053,0.5523,0.7143,1,0.742,0.2771,0.035,1,0.1032,0.0505,0.0921,0.0213,0.139,-0.018,0.6995,11436,0.3351,2681,1,Juda Yuqori,3,3,4,3
Musharaka,Qashqadaryo,Savdo,662,22,3,1,0,48972,24,0.2568,0.7073,0.3291,0.7432,0.4607,1,0.7992,0.1418,0.1932,1,0.2744,0.0543,0.0563,0.0003,-0.1559,0.0654,0.8212,61547,0.6727,33999,0,Juda Yuqori,3,2,3,4
Ijara,Buxoro,Ishlab chiqarish,499,23,14,3,0,77909,84,0.1231,0.3846,0.2503,0.8926,0.8175,3,0.5858,0.2148,0.0508,1,0.1028,0.0635,0.0733,0.058,-0.0492,0.0191,0.2755,111478,0.3461,10630,0,Yuqori,2,0,0,1
Sukuk,Namangan,Qishloq xo'jaligi,565,41,13,0,0,107018,24,0.0672,0.5819,0.2958,0.6021,0.1406,3,0.6547,0.119,0.0329,1,0.11,0.0802,0.1202,0.0478,-0.1188,-0.0603,0.123,114211,0.2743,3854,0,O'rta,1,3,2,2
Murabaha,Farg'ona,Xizmat,678,61,22,3,2,5497,6,0.1247,0.5241,0.2581,0.6258,0.8849,2,0.8647,0.4046,0.1947,1,0.0994,0.0608,0.0909,0.0796,0.0065,0.1029,0.9263,5668,0.5405,2838,1,Juda Yuqori,3,1,1,5
Murabaha,Buxoro,Qishloq xo'jaligi,661,56,1,1,0,33296,24,0.1172,0.4308,0.4753,0.8045,0.2787,2,0.8373,0.2145,0.0335,1,0.1244,0.0261,0.1021,0.0743,-0.1466,0.0047,0.2483,37198,0.4546,4198,1,O'rta,1,1,0,2
Musharaka,Farg'ona,Qurilish,616,26,18,1,0,27048,24,0.2301,0.4898,0.5391,0.9193,0.8548,4,0.9231,0.1141,0.2035,1,0.2412,0.0551,0.1186,0.0106,-0.2668,-0.1046,0.58,33273,0.6215,11993,0,Juda Yuqori,3,2,1,3
Murabaha,Toshkent,Qishloq xo'jaligi,645,36,21,3,0,181379,24,0.1483,0.6405,0.3622,0.8052,0.7525,3,0.8027,0.0582,0.3034,1,0.1113,0.0464,0.0975,0.057,0.0721,-0.1177,0.3229,208272,0.4447,29908,0,Yuqori,2,1,5,2
Ijara,Samarqand,Xizmat,502,55,14,1,0,48138,84,0.13,0.8738,0.4419,0.6986,0.8083,1,0.9158,0.2336,0.2048,1,0.0979,0.0414,0.0962,0.0153,-0.1001,0.1383,0.9331,70036,0.3065,20029,0,Juda Yuqori,3,0,4,5
Sukuk,Samarqand,Ishlab chiqarish,672,52,12,0,0,19517,24,0.0585,0.7006,0.4186,0.882,0.5265,2,0.5943,0.4523,0.0562,1,0.064,0.0487,0.0876,0.03,0.0861,0.09,0.44,20659,0.2302,2092,1,Yuqori,2,3,4,1
Murabaha,Farg'ona,Ishlab chiqarish,650,64,7,2,0,70006,24,0.1159,0.4285,0.2761,0.619,0.779,2,0.6885,0.0547,0.2424,1,0.1182,0.0668,0.1178,0.0487,-0.0341,0.055,0.3591,78119,0.4109,11525,0,Yuqori,2,1,1,1
Murabaha,Farg'ona,Qishloq xo'jaligi,624,47,18,1,0,69765,6,0.0714,0.271,0.495,0.7605,0.5991,3,0.7942,0.0079,0.4,1,0.144,0.0493,0.0856,0.0655,0.2193,-0.0898,0.2951,71011,0.4494,9416,0,Yuqori,2,1,1,2
Ijara,Buxoro,Qishloq xo'jaligi,585,61,4,2,0,34985,36,0.1208,0.8405,0.6165,0.6413,0.2582,3,0.7261,0.0725,0.1721,1,0.0792,0.0515,0.1065,0.0507,0.0499,0.0215,0.4855,41325,0.3255,6529,1,Juda Yuqori,3,0,0,2
Murabaha,Namangan,Eksport,622,36,5,2,0,48689,6,0.1518,0.4334,0.35,0.6618,0.8433,2,0.739,0.2432,0.1005,1,0.1123,0.0493,0.0827,0.0291,0.0762,0.0352,0.6036,50536,0.4324,13190,1,Juda Yuqori,3,1,2,0
Ijara,Samarqand,Qurilish,649,35,17,0,0,37622,24,0.091,0.6672,0.4281,0.7189,0.3996,5,0.7057,0.2113,0.1755,1,0.0861,0.0418,0.1114,0.0478,-0.0293,-0.0744,0.17,41045,0.3503,2444,0,O'rta,1,0,4,3
Musharaka,Samarqand,Savdo,510,57,2,1,0,2980,36,0.2739,0.7224,0.4158,0.7269,0.2933,3,0.6921,0.3313,0.0065,0,0.2218,0.0494,0.118,0.0739,-0.0053,-0.0158,0.9222,4204,0.5593,2169,1,Juda Yuqori,3,2,4,4
Ijara,Qashqadaryo,Xizmat,546,41,2,2,0,39034,36,0.0825,0.7696,0.4821,0.3581,0.3622,3,0.6925,0.1768,0.3083,1,0.0985,0.067,0.0963,0.0284,-0.1322,0.0706,0.8514,43866,0.2837,10597,1,Juda Yuqori,3,0,3,5
Murabaha,Qashqadaryo,Qurilish,700,39,21,3,0,69425,36,0.1524,0.7746,0.1013,0.7493,0.4588,3,0.9534,0.0778,0.243,1,0.1499,0.0509,0.0882,0.0437,-0.1282,0.0897,0.0729,85301,0.4358,2709,0,Past,0,1,3,3
Musharaka,Namangan,Qishloq xo'jaligi,668,54,10,4,0,132002,36,0.3404,0.5372,0.0833,0.7986,0.7195,3,0.7519,0.082,0.1228,1,0.2348,0.0509,0.1287,0.0509,0.1281,-0.0383,0.2772,199411,0.4747,26242,1,Yuqori,2,2,2,2
Musharaka,Buxoro,Qurilish,536,40,14,6,0,49705,120,0.1415,0.2623,0.3663,0.8963,0.8107,2,0.8817,0.2141,0.3464,1,0.2182,0.0756,0.1086,0.0794,0.0896,-0.0063,0.7839,84868,0.6776,45078,0,Juda Yuqori,3,2,0,3
Musharaka,Toshkent,Qurilish,720,25,4,2,1,4857,120,0.2711,0.6536,0.5144,0.8883,0.2423,5,0.5594,0.5,0.4,0,0.2514,0.0568,0.0675,0.0373,0.0213,0.0141,0.9544,11441,0.5623,6140,1,Juda Yuqori,3,2,5,3
Murabaha,Buxoro,Qurilish,645,28,14,3,0,22876,6,0.0865,0.5281,0.5988,0.7304,0.5104,3,0.806,0.2239,0.1654,1,0.159,0.0536,0.0941,0.0482,0.002,0.0257,0.5746,23370,0.4564,6128,0,Juda Yuqori,3,1,0,3
Ijara,Namangan,Ishlab chiqarish,753,28,23,6,0,117587,12,0.0798,0.5799,0.351,0.7505,0.3859,3,0.6683,0.3324,0.1293,1,0.0863,0.0644,0.113,0.0756,-0.1296,-0.0139,0.2194,122281,0.3481,9337,0,O'rta,1,0,2,1
Sukuk,Namangan,Qurilish,686,56,3,1,0,56046,36,0.0779,0.3734,0.3801,0.6912,0.6349,2,0.7955,0.3275,0.0883,1,0.0586,0.0631,0.0818,0.0669,0.0689,0.1169,0.2053,62599,0.3508,4508,0,O'rta,1,3,2,3
Murabaha,Qashqadaryo,Qurilish,637,35,17,1,0,162186,36,0.1161,0.6588,0.4744,0.8433,0.349,2,0.6721,0.0701,0.3125,1,0.1297,0.0534,0.0994,0.0767,-0.2131,0.1013,0.4458,190433,0.5094,43244,1,Yuqori,2,1,3,3
Murabaha,Buxoro,Savdo,636,34,21,3,1,76948,36,0.128,0.4973,0.4762,0.7831,0.3778,3,0.9128,0.4148,0.1073,1,0.1162,0.055,0.1127,0.0271,0.0683,-0.0344,0.5927,91722,0.4358,23691,0,Juda Yuqori,3,1,0,4
Murabaha,Namangan,Eksport,547,48,11,1,0,92037,36,0.1395,0.4314,0.4666,0.5936,0.3006,3,0.8927,0.0432,0.1371,1,0.1581,0.0341,0.1217,0.08,-0.0989,0.0874,0.2303,111302,0.3764,9645,0,O'rta,1,1,2,0
Ijara,Farg'ona,Qishloq xo'jaligi,628,25,11,3,0,15961,12,0.0706,0.7465,0.331,0.7393,0.7125,4,0.9661,0.3551,0.0261,1,0.0786,0.0382,0.0733,0.0255,0.1587,0.0545,0.1934,16524,0.1713,547,0,O'rta,1,0,1,2
Musharaka,Buxoro,Ishlab chiqarish,814,49,16,4,0,4047,12,0.3463,0.5441,0.244,0.5878,0.5577,4,0.8803,0.047,0.1527,1,0.2271,0.0444,0.0977,0.0336,-0.1131,0.0931,0.1524,4748,0.5658,409,0,O'rta,1,2,0,1
Musharaka,Namangan,Qurilish,765,24,24,4,2,31580,60,0.155,0.647,0.4479,0.7368,0.8412,3,0.6874,0.0885,0.059,1,0.2219,0.0426,0.1124,0.0443,-0.0018,-0.0704,0.9068,43815,0.5764,22900,1,Juda Yuqori,3,2,2,3
Murabaha,Samarqand,Ishlab chiqarish,672,50,8,2,0,94207,60,0.0795,0.7024,0.331,0.8449,0.5943,4,0.9305,0.2156,0.1958,1,0.1413,0.0542,0.1046,0.0066,0.0453,0.0977,0.1755,112922,0.3001,5946,0,O'rta,1,1,4,1
Murabaha,Buxoro,Ishlab chiqarish,803,33,9,2,0,48210,24,0.161,0.4775,0.2262,0.2192,0.799,4,0.7713,0.337,0.0031,1,0.1362,0.0517,0.1168,0.0918,0.0065,0.1092,0.3174,55971,0.4016,7135,1,Yuqori,2,1,0,1
Musharaka,Toshkent,Qurilish,589,23,12,3,1,25099,12,0.3217,0.821,0.3343,0.6426,0.396,5,0.7936,0.2659,0.2027,1,0.2493,0.059,0.1312,0.0022,-0.1768,0.0138,0.8421,29136,0.7115,17457,1,Juda Yuqori,3,2,5,3
Musharaka,Farg'ona,Xizmat,677,54,22,2,0,100971,36,0.3139,0.4888,0.4182,0.5698,0.1462,3,0.8314,0.1184,0.0843,1,0.2307,0.0512,0.0753,0.0943,0.0932,-0.0384,0.4174,148509,0.5974,37035,0,Yuqori,2,2,1,5
Sukuk,Samarqand,Qishloq xo'jaligi,519,43,23,3,0,35699,60,0.0835,0.6345,0.478,0.6822,0.2053,3,0.6798,0.1085,0.2389,1,0.0776,0.0531,0.0939,0.0749,0.2557,0.1003,0.3397,43152,0.2488,3647,0,Yuqori,2,3,4,2
Murabaha,Samarqand,Qurilish,547,23,22,0,0,42084,12,0.1719,0.8963,0.3708,0.7372,0.4283,3,0.8449,0.2326,0.1118,1,0.1202,0.0619,0.0934,0.0041,0.1494,-0.1456,0.4968,45702,0.5461,12400,0,Juda Yuqori,3,1,4,3
Ijara,Buxoro,Qishloq xo'jaligi,681,47,20,1,0,21474,36,0.0705,0.6497,0.2762,0.577,0.1317,4,0.55,0.3711,0.217,0,0.1135,0.038,0.1142,0.0413,-0.0891,0.081,0.3729,23746,0.409,3622,1,Yuqori,2,0,0,2
Murabaha,Farg'ona,Qurilish,732,36,5,2,0,47044,12,0.0897,0.3379,0.3237,0.7915,0.1017,2,0.8634,0.064,0.0355,1,0.1383,0.0554,0.0656,0.0796,-0.191,0.1262,0.0234,49155,0.3785,436,0,Past,0,1,1,3
Musharaka,Namangan,Qurilish,653,62,8,4,0,128723,84,0.1748,0.6905,0.5643,0.7839,0.8479,4,0.705,0.4309,0.1126,1,0.2291,0.0521,0.1384,0.0437,0.0847,0.0498,0.947,207473,0.6394,125629,1,Juda Yuqori,3,2,2,3
Ijara,Qashqadaryo,Ishlab chiqarish,482,61,19,2,0,21819,12,0.0809,0.6491,0.7738,0.5348,0.8737,3,0.9255,0.1491,0.014,1,0.1276,0.0735,0.0953,0.065,0.0767,0.0431,0.8925,22702,0.3639,7373,1,Juda Yuqori,3,0,3,1
Ijara,Samarqand,Eksport,671,54,2,3,1,12094,36,0.077,0.4167,0.4244,0.7935,0.1719,4,0.9708,0.0784,0.1609,1,0.1428,0.0675,0.0779,0.0118,-0.0951,0.1056,0.1114,13492,0.1688,254,1,O'rta,1,0,4,0
Sukuk,Buxoro,Xizmat,649,41,20,1,1,53831,24,0.0689,0.5473,0.332,0.8169,0.1266,3,0.6732,0.417,0.0598,1,0.0875,0.0467,0.0978,0.0842,-0.042,0.1169,0.2642,57538,0.3939,5989,0,Yuqori,2,3,0,5
Murabaha,Buxoro,Qishloq xo'jaligi,668,27,6,2,0,98180,60,0.1118,0.7556,0.1244,0.7842,0.3945,5,0.7455,0.2852,0.223,1,0.1147,0.0681,0.1064,0.0258,0.1957,0.1396,0.0796,125631,0.419,4190,0,Past,0,1,0,2
Murabaha,Qashqadaryo,Savdo,715,44,12,1,0,32670,12,0.1211,0.3446,0.4208,0.5668,0.4088,2,0.7214,0.127,0.104,1,0.0656,0.0651,0.1134,0.0878,-0.1487,-0.0179,0.15,34647,0.5189,2697,0,O'rta,1,1,3,4
Ijara,Namangan,Qurilish,661,61,13,2,0,194789,12,0.0918,0.2618,0.0821,0.7279,0.8204,3,0.8523,0.3048,0.3419,1,0.1084,0.0584,0.1127,0.0602,0.212,-0.0823,0.2406,203729,0.2444,11981,1,O'rta,1,0,2,3
Musharaka,Farg'ona,Ishlab chiqarish,562,44,11,1,0,232106,84,0.266,0.4065,0.3383,0.5037,0.3471,3,0.9196,0.5,0.0279,1,0.2784,0.0553,0.0894,0.0529,0.107,0.1229,0.8251,448204,0.6517,240986,1,Juda Yuqori,3,2,1,1
Murabaha,Toshkent,Xizmat,727,55,8,5,1,78240,6,0.0723,0.3754,0.3045,0.8093,0.3903,3,0.8626,0.0191,0.2134,0,0.1201,0.0542,0.0822,0.0724,-0.0188,0.0044,0.1586,79654,0.4381,5535,1,O'rta,1,1,5,5
Murabaha,Buxoro,Savdo,737,51,17,2,0,67858,6,0.1367,0.8689,0.2606,0.6709,0.2619,2,0.9163,0.1569,0.2604,0,0.1168,0.0434,0.1114,0.046,-0.0099,0.192,0.52,70177,0.4227,15425,1,Juda Yuqori,3,1,0,4
Murabaha,Samarqand,Ishlab chiqarish,523,24,7,1,0,49431,12,0.1079,0.3762,0.3798,0.6748,0.316,2,0.8834,0.0174,0.1357,1,0.1567,0.0548,0.0807,0.0538,0.3327,0.0665,0.3431,52097,0.3923,7011,0,Yuqori,2,1,4,1
Sukuk,Buxoro,Qishloq xo'jaligi,840,44,7,2,0,2918,60,0.0841,0.3169,0.5964,0.5804,0.8732,4,0.9319,0.267,0.2665,1,0.0985,0.0363,0.154,0.0415,0.0739,-0.0803,0.3158,3531,0.2812,314,0,Yuqori,2,3,0,2
Murabaha,Samarqand,Qurilish,653,42,19,0,0,17314,24,0.1785,0.7179,0.4387,0.7006,0.6273,3,0.7336,0.0538,0.0257,1,0.1305,0.0393,0.0589,0.0587,-0.1456,0.0402,0.2053,20404,0.5228,2190,0,O'rta,1,1,4,3
Murabaha,Toshkent,Savdo,615,22,1,0,0,40657,24,0.141,0.5767,0.1689,0.8444,0.5153,4,0.7619,0.2363,0.4,1,0.0724,0.0478,0.0862,0.0359,-0.0852,0.1404,0.1886,46391,0.4671,4086,1,O'rta,1,1,5,4
Murabaha,Namangan,Savdo,740,44,23,1,0,6544,12,0.071,0.7341,0.2944,0.7268,0.6128,4,0.6128,0.1413,0.0785,1,0.0709,0.0343,0.1349,0.0368,-0.2461,0.0735,0.1507,6777,0.4654,475,0,O'rta,1,1,2,4
Murabaha,Buxoro,Qishloq xo'jaligi,693,58,16,3,0,25502,6,0.1313,0.6951,0.1316,0.7166,0.193,4,0.7601,0.1582,0.2459,1,0.0724,0.0707,0.0456,0.01,-0.0688,0.1265,0.0427,26339,0.4274,481,0,Past,0,1,0,2
Murabaha,Samarqand,Qishloq xo'jaligi,548,54,10,2,0,49242,36,0.078,0.5947,0.2405,0.6517,0.6991,2,0.7109,0.2091,0.2787,1,0.0876,0.0531,0.0638,0.0405,0.3247,0.0588,0.5737,55007,0.4223,13327,0,Juda Yuqori,3,1,4,2
Musharaka,Toshkent,Savdo,747,34,19,3,1,39430,36,0.3084,0.6676,0.3694,0.7234,0.2855,4,0.9319,0.1284,0.0841,1,0.2189,0.0668,0.1092,0.0294,0.1241,0.0911,0.4217,57669,0.6677,16239,1,Yuqori,2,2,5,4
Murabaha,Qashqadaryo,Ishlab chiqarish,604,57,17,6,0,5519,36,0.1792,0.5809,0.302,0.5425,0.5948,4,0.6246,0.212,0.0962,1,0.1408,0.0613,0.1418,0.0294,0.0908,0.0983,0.4456,7002,0.4154,1296,1,Yuqori,2,1,3,1
Ijara,Samarqand,Eksport,617,47,15,1,0,53298,60,0.1194,0.5773,0.3843,0.9183,0.1269,4,0.9261,0.5,0.3407,1,0.0997,0.0539,0.0992,0.0546,0.1949,-0.015,0.2103,69210,0.352,5125,0,O'rta,1,0,4,0
Murabaha,Farg'ona,Xizmat,761,22,10,1,0,19752,60,0.0763,0.7526,0.0775,0.9734,0.5755,4,0.55,0.0399,0.1319,1,0.0843,0.0807,0.1078,0.0162,-0.0462,0.0755,0.0243,23519,0.4861,278,0,Past,0,1,1,5
Musharaka,Qashqadaryo,Xizmat,594,25,15,4,0,45701,84,0.2116,0.446,0.3681,0.6443,0.8483,3,0.55,0.3064,0.039,1,0.262,0.0651,0.0927,0.0268,-0.1508,0.0283,0.909,79544,0.5402,39058,1,Juda Yuqori,3,2,3,5
Sukuk,Farg'ona,Qurilish,753,35,23,3,0,38761,36,0.0933,0.5256,0.3179,0.6024,0.7709,1,0.6564,0.2306,0.3943,1,0.047,0.0491,0.0936,0.0319,-0.059,0.0493,0.5249,44185,0.222,5148,1,Juda Yuqori,3,3,1,3
Ijara,Toshkent,Qurilish,502,55,21,4,0,12008,12,0.1101,0.168,0.3353,0.8147,0.7078,3,0.8436,0.4541,0.0642,1,0.0579,0.0589,0.1014,0.0353,-0.124,-0.0903,0.2471,12669,0.3862,1209,0,O'rta,1,0,5,3
Musharaka,Toshkent,Ishlab chiqarish,488,62,9,3,0,291156,24,0.1277,0.6504,0.6017,0.8345,0.3779,5,0.8078,0.0509,0.2372,1,0.2335,0.0437,0.1458,0.0315,0.3914,-0.0309,0.745,328340,0.6049,147954,0,Juda Yuqori,3,2,5,1
Murabaha,Buxoro,Eksport,789,58,4,2,0,51555,36,0.0955,0.6561,0.2188,0.8586,0.2614,3,0.7392,0.1683,0.3114,1,0.099,0.0519,0.0696,0.0619,0.1519,0.1413,0.0968,58942,0.2193,1250,0,Past,0,1,0,0
Murabaha,Buxoro,Qurilish,652,42,15,2,0,28651,36,0.128,0.4029,0.5899,0.8724,0.725,5,0.55,0.2057,0.0519,1,0.137,0.0536,0.1122,0.0567,-0.0634,-0.1797,0.2544,34150,0.6107,5307,0,Yuqori,2,1,0,3
Ijara,Namangan,Savdo,726,31,7,1,0,82328,24,0.1293,0.4629,0.3924,0.8983,0.4893,3,0.7906,0.4246,0.1951,1,0.1864,0.084,0.1056,0.0624,0.189,0.0461,0.2944,92974,0.1901,5202,1,Yuqori,2,0,2,4
Sukuk,Samarqand,Qishloq xo'jaligi,734,26,5,4,0,3648,24,0.0468,0.5791,0.3776,0.6542,0.2575,3,0.7397,0.0773,0.1441,1,0.1077,0.0461,0.0848,0.0688,-0.1335,0.0559,0.0631,3819,0.2735,66,0,Past,0,3,4,2
Ijara,Toshkent,Eksport,665,26,22,1,0,115449,60,0.1058,0.886,0.3409,0.7314,0.8797,1,0.8456,0.174,0.4,1,0.1197,0.0628,0.1056,0.037,0.0098,0.093,0.8888,145979,0.3418,44346,1,Juda Yuqori,3,0,5,0
Musharaka,Buxoro,Xizmat,494,46,18,3,1,131248,24,0.1387,0.3628,0.4948,0.723,0.1991,2,0.7275,0.2121,0.1481,1,0.27,0.0512,0.0862,0.0691,0.005,-0.0245,0.9188,149457,0.497,68246,1,Juda Yuqori,3,2,0,5
Ijara,Namangan,Ishlab chiqarish,506,46,8,1,0,351045,84,0.1212,0.6228,0.3448,0.8094,0.2173,3,0.98,0.0818,0.1248,1,0.0845,0.07,0.0712,0.0095,-0.1661,0.0677,0.08,500013,0.3411,13644,0,Past,0,0,2,1
Musharaka,Buxoro,Qishloq xo'jaligi,724,49,21,3,0,331341,36,0.3091,0.6488,0.1773,0.9409,0.5069,2,0.8709,0.0942,0.2627,1,0.2532,0.0525,0.1234,0.0509,0.0496,0.0685,0.3408,484968,0.639,105602,0,Yuqori,2,2,0,2
Murabaha,Qashqadaryo,Xizmat,586,40,11,2,0,54731,60,0.1298,0.4591,0.5777,0.8177,0.427,4,0.9716,0.0439,0.3376,0,0.1516,0.0517,0.1086,0.0308,-0.0225,0.034,0.3947,72485,0.2833,8104,0,Yuqori,2,1,3,5
Musharaka,Farg'ona,Ishlab chiqarish,718,33,5,2,0,59184,12,0.2667,0.5662,0.2984,0.8697,0.8064,3,0.678,0.1995,0.1562,1,0.2244,0.0605,0.1113,0.0705,0.2857,0.0775,0.5688,67077,0.6742,25724,0,Juda Yuqori,3,2,1,1
Sukuk,Buxoro,Ishlab chiqarish,630,43,18,2,0,16052,84,0.0802,0.4377,0.2916,0.7849,0.1217,2,0.8305,0.0358,0.0674,1,0.0587,0.0382,0.0931,0.0627,-0.1864,0.078,0.0215,20558,0.1097,49,0,Past,0,3,0,1
Murabaha,Namangan,Xizmat,590,27,22,3,0,36918,12,0.0857,0.9181,0.3564,0.7821,0.3447,4,0.886,0.2247,0.062,1,0.0665,0.0537,0.1209,0.0093,0.1479,0.063,0.2823,38501,0.5152,5600,0,Yuqori,2,1,2,5
Ijara,Qashqadaryo,Xizmat,567,41,22,2,1,190773,24,0.1153,0.6295,0.2872,0.8892,0.6944,5,0.8536,0.2826,0.1189,1,0.0632,0.0978,0.0816,0.065,0.0013,-0.1606,0.1848,212778,0.3393,13340,0,O'rta,1,0,3,5
Murabaha,Toshkent,Qurilish,697,45,4,3,0,121491,60,0.0908,0.6782,0.3806,0.7835,0.6848,3,0.9273,0.1354,0.2064,1,0.1405,0.0557,0.1158,0.0484,-0.0603,0.0639,0.253,149061,0.3876,14617,0,Yuqori,2,1,5,3
Musharaka,Qashqadaryo,Xizmat,741,57,6,0,0,36337,60,0.1394,0.535,0.4931,0.6971,0.6188,4,0.8503,0.4164,0.0416,0,0.2386,0.0191,0.1173,0.0728,-0.0776,0.0648,0.7657,48998,0.6205,23282,1,Juda Yuqori,3,2,3,5
Murabaha,Namangan,Eksport,653,58,18,3,0,943971,6,0.1106,0.4668,0.7452,0.7122,0.6125,4,0.6521,0.2794,0.2154,1,0.1025,0.0819,0.0919,0.0056,-0.0338,0.1782,0.5678,970069,0.5306,292287,0,Juda Yuqori,3,1,2,0
Musharaka,Toshkent,Ishlab chiqarish,645,48,21,2,0,17951,36,0.1436,0.3761,0.4847,0.8908,0.5868,3,0.7491,0.212,0.1739,1,0.2378,0.0703,0.0955,0.0452,0.0142,0.0387,0.6699,21817,0.496,7249,1,Juda Yuqori,3,2,5,1
Ijara,Farg'ona,Ishlab chiqarish,663,61,5,1,0,21359,24,0.1297,0.5483,0.3328,0.5301,0.1754,2,0.55,0.2248,0.0337,1,0.1194,0.0427,0.1028,0.0294,-0.035,-0.1321,0.4016,24129,0.4176,4047,0,Yuqori,2,0,1,1
Murabaha,Samarqand,Qishloq xo'jaligi,596,44,7,5,0,57857,60,0.1103,0.7185,0.497,0.795,0.6788,3,0.562,0.1034,0.1936,1,0.0887,0.0514,0.0955,0.0813,-0.0801,0.0871,0.6621,73814,0.3674,17954,1,Juda Yuqori,3,1,4,2
Ijara,Qashqadaryo,Eksport,672,34,21,3,1,40044,36,0.0755,0.48,0.3745,0.8217,0.3818,3,0.8863,0.0248,0.0425,1,0.1317,0.0447,0.0946,0.061,0.0235,-0.0673,0.1223,44581,0.2943,1605,0,O'rta,1,0,3,0
Ijara,Toshkent,Ishlab chiqarish,686,54,1,4,1,227674,36,0.0952,0.4454,0.5551,0.7787,0.6898,4,0.7916,0.0642,0.1731,1,0.1132,0.061,0.0708,0.0828,-0.172,0.0002,0.1937,260186,0.2919,14705,0,O'rta,1,0,5,1
Sukuk,Buxoro,Qurilish,626,25,7,2,0,11384,120,0.0733,0.7982,0.4802,0.554,0.3793,3,0.7169,0.1792,0.1266,1,0.097,0.0677,0.1288,0.0409,0.0743,0.0666,0.4401,15554,0.1755,1201,1,Yuqori,2,3,0,3
Murabaha,Farg'ona,Savdo,792,53,1,3,0,735427,60,0.1773,0.7558,0.4313,0.9046,0.1612,3,0.8409,0.172,0.254,1,0.0942,0.046,0.0725,0.0537,0.1058,0.0842,0.1135,1061496,0.4889,58893,0,O'rta,1,1,1,4
Murabaha,Toshkent,Qurilish,652,27,17,3,0,25449,6,0.0763,0.4579,0.495,0.8272,0.7607,3,0.7816,0.3135,0.0646,1,0.0999,0.0542,0.0806,0.0617,0.0784,0.1105,0.3671,25934,0.2962,2820,0,Yuqori,2,1,5,3
Murabaha,Toshkent,Eksport,627,58,20,2,0,22187,36,0.1369,0.3129,0.3784,0.8817,0.7093,2,0.845,0.1018,0.0693,1,0.1438,0.0425,0.0909,0.0807,0.0899,-0.016,0.1747,26741,0.465,2173,0,O'rta,1,1,5,0
Sukuk,Qashqadaryo,Eksport,676,30,3,4,0,56676,60,0.0812,0.79,0.8102,0.5409,0.1538,4,0.6751,0.1017,0.0469,1,0.0774,0.0561,0.1386,0.0691,0.11,0.0494,0.3429,68184,0.3657,8550,0,Yuqori,2,3,3,0
Sukuk,Farg'ona,Xizmat,711,27,13,2,0,45383,120,0.07,0.3376,0.5768,0.7684,0.88,3,0.6128,0.3125,0.3685,1,0.0786,0.037,0.0803,0.0088,0.1419,-0.0145,0.5287,61276,0.3201,10368,1,Juda Yuqori,3,3,1,5
Musharaka,Qashqadaryo,Qurilish,700,45,6,4,1,130269,24,0.3206,0.6099,0.7039,0.8999,0.5785,5,0.7106,0.028,0.1287,1,0.2087,0.0537,0.0959,0.0743,0.2693,0.1459,0.5927,172030,0.5472,55800,1,Juda Yuqori,3,2,3,3
Ijara,Farg'ona,Eksport,727,61,1,0,0,179324,24,0.0678,0.6561,0.1397,0.8013,0.8744,3,0.8768,0.049,0.1043,1,0.0688,0.0635,0.1127,0.0541,0.0398,0.0934,0.0482,191485,0.4241,3914,0,Past,0,0,1,0
Musharaka,Toshkent,Ishlab chiqarish,751,45,5,3,0,16032,60,0.1493,0.5749,0.5743,0.5633,0.5894,5,0.9428,0.1761,0.1051,1,0.2235,0.0552,0.097,0.0812,0.0737,-0.1399,0.3546,22016,0.5976,4666,1,Yuqori,2,2,5,1
Musharaka,Farg'ona,Savdo,633,26,14,3,0,453275,60,0.1941,0.6602,0.4603,0.8738,0.4172,2,0.8122,0.1979,0.0467,0,0.2822,0.0726,0.1261,0.0434,0.2175,-0.0965,0.8723,673270,0.6042,354862,1,Juda Yuqori,3,2,1,4
Murabaha,Qashqadaryo,Qishloq xo'jaligi,615,30,17,2,0,60163,24,0.0979,0.5401,0.2825,0.7467,0.6691,4,0.7565,0.0742,0.2237,1,0.1117,0.0461,0.1165,0.0679,-0.0086,0.0397,0.1946,66051,0.5744,7382,0,O'rta,1,1,3,2
Ijara,Buxoro,Xizmat,520,52,17,3,1,91218,24,0.1113,0.6092,0.2444,0.8871,0.3264,3,0.6888,0.0952,0.0497,1,0.0426,0.0798,0.0978,0.0437,0.1303,-0.1189,0.1802,101370,0.4323,7897,0,O'rta,1,0,0,5
Murabaha,Samarqand,Xizmat,818,60,6,6,0,10553,12,0.1494,0.6206,0.2775,0.943,0.7852,3,0.7986,0.0364,0.0422,1,0.1085,0.0482,0.1223,0.0477,-0.1441,0.0218,0.0285,11342,0.3893,126,0,Past,0,1,4,5
Ijara,Qashqadaryo,Qurilish,765,44,8,1,0,9190,12,0.0599,0.6386,0.3696,0.7159,0.7574,3,0.6245,0.1337,0.1168,1,0.0826,0.0568,0.0581,0.0103,-0.0249,0.0892,0.1515,9466,0.3055,438,1,O'rta,1,0,3,3
Ijara,Buxoro,Eksport,672,34,10,4,1,179291,24,0.1032,0.8069,0.45,0.8092,0.2325,3,0.8281,0.4294,0.3138,1,0.0678,0.0456,0.096,0.0198,0.0432,0.0878,0.7152,197801,0.3378,47792,0,Juda Yuqori,3,0,0,0
Ijara,Buxoro,Savdo,590,60,10,2,0,216096,84,0.0841,0.5965,0.1893,0.724,0.5163,1,0.5517,0.1546,0.2035,1,0.0729,0.0614,0.0882,0.0317,0.1435,0.0992,0.523,279737,0.3074,44970,1,Juda Yuqori,3,0,0,4
Murabaha,Buxoro,Eksport,642,30,22,3,0,58950,36,0.141,0.429,0.2107,0.8211,0.6344,2,0.6757,0.4917,0.0401,1,0.0962,0.0667,0.052,0.0146,-0.008,0.1795,0.3943,71414,0.4102,11550,0,Yuqori,2,1,0,0
Murabaha,Namangan,Eksport,548,29,24,2,0,6415,60,0.1762,0.7577,0.1621,0.9505,0.1523,4,0.7303,0.1752,0.1441,1,0.0949,0.043,0.078,0.0602,0.0087,0.0392,0.0574,9240,0.5577,296,0,Past,0,1,2,0
Murabaha,Namangan,Xizmat,691,41,16,1,0,75297,6,0.151,0.4639,0.5383,0.9001,0.1986,4,0.9599,0.3944,0.1957,1,0.0798,0.0583,0.0723,0.006,-0.0114,0.0685,0.1328,78139,0.5778,5996,0,O'rta,1,1,2,5
Murabaha,Qashqadaryo,Ishlab chiqarish,567,24,5,5,1,16532,6,0.1516,0.7734,0.3427,0.5379,0.5814,3,0.9374,0.5,0.0288,0,0.1018,0.0563,0.0924,0.0365,-0.0095,-0.1468,0.9288,17158,0.4364,6955,0,Juda Yuqori,3,1,3,1
Murabaha,Namangan,Xizmat,602,53,20,1,0,16604,60,0.1196,0.7064,0.5033,0.8027,0.773,4,0.9312,0.4282,0.1306,1,0.1391,0.0678,0.1181,0.0448,0.5877,0.0243,0.742,21569,0.586,9379,1,Juda Yuqori,3,1,2,5
Sukuk,Toshkent,Eksport,701,53,13,2,2,18186,120,0.0991,0.4203,0.4394,0.6271,0.7657,3,0.9342,0.1392,0.0586,1,0.1338,0.0522,0.0714,0.0734,0.0967,0.0763,0.4927,27200,0.2829,3792,1,Juda Yuqori,3,3,5,0
Musharaka,Samarqand,Xizmat,599,36,12,4,0,43846,12,0.2652,0.6583,0.2039,0.7725,0.2421,3,0.8217,0.3257,0.1045,1,0.2202,0.0539,0.1115,0.0641,0.0304,0.1433,0.4781,49661,0.6005,14259,1,Juda Yuqori,3,2,4,5
Murabaha,Toshkent,Eksport,741,59,7,1,0,3921,6,0.0934,0.5013,0.5085,0.9461,0.5331,4,0.9124,0.3542,0.123,1,0.1055,0.0754,0.0837,0.0655,0.0563,-0.0228,0.1124,4013,0.3448,156,0,O'rta,1,1,5,0
Murabaha,Samarqand,Qurilish,746,45,7,3,1,34249,36,0.1583,0.5016,0.3133,0.5364,0.5845,3,0.6203,0.3388,0.1752,1,0.1402,0.071,0.084,0.0298,-0.393,0.1557,0.7016,42382,0.4219,12545,1,Juda Yuqori,3,1,4,3
Musharaka,Farg'ona,Savdo,725,63,16,5,2,16792,36,0.1969,0.845,0.2428,0.9848,0.8033,2,0.8832,0.0446,0.0122,1,0.2414,0.0606,0.0904,0.0616,0.0218,-0.0174,0.7375,21750,0.5839,9366,1,Juda Yuqori,3,2,1,4
Musharaka,Namangan,Eksport,583,62,21,3,0,32370,12,0.2451,0.3383,0.4901,0.6276,0.5439,3,0.8008,0.2405,0.0776,1,0.2301,0.0544,0.0996,0.0448,0.0893,0.0102,0.6858,36338,0.5302,13215,1,Juda Yuqori,3,2,2,0
Musharaka,Samarqand,Qishloq xo'jaligi,548,55,21,3,1,76344,60,0.2622,0.5425,0.4499,0.8596,0.4885,5,0.8744,0.5,0.2562,1,0.2325,0.0518,0.1274,0.0367,0.1408,-0.0454,0.9438,126397,0.5408,64508,1,Juda Yuqori,3,2,4,2
Sukuk,Farg'ona,Eksport,735,52,21,2,0,242242,84,0.0425,0.646,0.2327,0.7463,0.2421,4,0.8862,0.5,0.0415,0,0.1057,0.0169,0.0916,0.0939,0.1257,0.0563,0.101,278238,0.2851,8010,0,O'rta,1,3,1,0
Musharaka,Buxoro,Eksport,433,57,20,2,0,245900,84,0.2838,0.5331,0.6124,0.5337,0.2364,3,0.55,0.1562,0.0793,1,0.2655,0.0486,0.0967,0.0874,-0.2535,0.2318,0.9274,490120,0.5799,263574,1,Juda Yuqori,3,2,0,0
Sukuk,Samarqand,Qurilish,678,45,11,3,1,16111,36,0.081,0.6983,0.3079,0.8152,0.1684,5,0.9605,0.0617,0.181,1,0.0725,0.0408,0.0914,0.0611,-0.0981,0.0487,0.0271,18068,0.1645,81,0,Past,0,3,4,3
Sukuk,Buxoro,Savdo,751,61,19,7,0,10022,84,0.0685,0.8542,0.2066,0.4718,0.823,5,0.7975,0.3573,0.0929,0,0.0597,0.0427,0.0947,0.0164,0.2006,0.0525,0.2219,12425,0.3115,859,0,O'rta,1,3,0,4
Murabaha,Toshkent,Xizmat,706,29,20,2,1,4313,60,0.1164,0.4898,0.3312,0.7744,0.4216,5,0.6143,0.4943,0.1382,1,0.1121,0.0446,0.0819,0.0603,0.1301,0.1522,0.3735,5568,0.4422,920,0,Yuqori,2,1,5,5
Sukuk,Qashqadaryo,Xizmat,444,29,9,2,0,39315,36,0.0948,0.8035,0.355,0.6737,0.8616,4,0.906,0.1845,0.1204,1,0.1277,0.0817,0.1111,0.0746,0.225,0.1614,0.5888,44902,0.2748,7266,0,Juda Yuqori,3,3,3,5
Murabaha,Farg'ona,Savdo,462,40,1,2,0,367400,36,0.1614,0.4545,0.3347,0.8394,0.1371,4,0.6614,0.0383,0.2616,1,0.1393,0.0661,0.1245,0.0613,-0.0357,0.0536,0.1801,456371,0.5127,42137,0,O'rta,1,1,1,4
Ijara,Buxoro,Ishlab chiqarish,499,30,19,3,0,10366,60,0.1068,0.3257,0.4943,0.9042,0.7947,2,0.7998,0.2033,0.0904,1,0.0765,0.0683,0.0962,0.0758,0.0044,-0.0781,0.371,13133,0.4262,2077,0,Yuqori,2,0,0,1
Murabaha,Namangan,Xizmat,761,57,24,6,0,151503,24,0.0926,0.4837,0.3148,0.9173,0.3858,5,0.5594,0.1787,0.0532,1,0.0963,0.0382,0.084,0.0417,0.183,-0.0242,0.0163,165533,0.4426,1193,0,Past,0,1,2,5
Sukuk,Toshkent,Savdo,760,43,20,1,0,56179,120,0.0986,0.4378,0.5665,0.6801,0.1327,3,0.7538,0.1371,0.2612,1,0.0451,0.043,0.072,0.0857,-0.0494,0.0315,0.0836,83888,0.2154,1510,0,Past,0,3,5,4
Sukuk,Qashqadaryo,Eksport,573,26,2,5,1,54899,24,0.0666,0.6921,0.4101,0.7112,0.8095,3,0.7004,0.2308,0.0094,1,0.0771,0.0746,0.1182,0.0919,0.1375,0.2104,0.7036,58556,0.3404,14025,1,Juda Yuqori,3,3,3,0
Ijara,Namangan,Eksport,641,29,13,1,0,95809,12,0.0901,0.4088,0.4409,0.9354,0.5634,2,0.7363,0.0396,0.0264,0,0.1316,0.0449,0.1234,0.0673,-0.1856,0.0206,0.2007,100128,0.3854,7745,0,O'rta,1,0,2,0
Ijara,Buxoro,Ishlab chiqarish,673,29,4,3,0,79487,12,0.0788,0.4116,0.6643,0.6349,0.1241,3,0.6287,0.2597,0.3176,1,0.1419,0.0742,0.126,0.0736,-0.0343,0.0969,0.6571,82619,0.4359,23663,1,Juda Yuqori,3,0,0,1
Murabaha,Farg'ona,Eksport,717,32,24,1,0,21792,36,0.15,0.671,0.3984,0.9673,0.7737,3,0.6145,0.0733,0.2103,1,0.1306,0.0589,0.1144,0.113,0.2054,0.0467,0.4552,26695,0.4089,4969,1,Juda Yuqori,3,1,1,0
Murabaha,Toshkent,Qishloq xo'jaligi,672,26,11,2,0,27781,6,0.175,0.5392,0.3722,0.8011,0.5255,3,0.7814,0.0579,0.1872,1,0.1052,0.061,0.0867,0.0083,0.1717,0.024,0.108,28997,0.4128,1293,1,O'rta,1,1,5,2
Murabaha,Namangan,Qishloq xo'jaligi,584,38,2,3,0,35242,6,0.1748,0.3393,0.3679,0.6048,0.1044,3,0.8198,0.3915,0.0805,1,0.1262,0.0462,0.1331,0.0961,-0.0434,0.1429,0.3014,36783,0.4546,5039,0,Yuqori,2,1,2,2
Murabaha,Toshkent,Eksport,701,24,13,3,1,33636,36,0.1385,0.5317,0.451,0.8367,0.5789,3,0.9149,0.1646,0.0962,1,0.1305,0.0566,0.0904,0.0371,0.0612,-0.0842,0.2675,40622,0.5956,6472,0,Yuqori,2,1,5,0
Ijara,Qashqadaryo,Qurilish,643,35,7,1,0,201067,84,0.0818,0.7436,0.5154,0.7228,0.2506,3,0.6288,0.471,0.1905,1,0.1534,0.0667,0.0681,0.0485,0.0522,0.0943,0.7316,258614,0.2793,52837,1,Juda Yuqori,3,0,3,3
Murabaha,Farg'ona,Eksport,586,30,12,0,0,14678,12,0.1265,0.7911,0.4659,0.6974,0.4116,4,0.8066,0.0965,0.1963,1,0.1094,0.0674,0.0904,0.0229,-0.0386,-0.0192,0.508,15606,0.4561,3616,0,Juda Yuqori,3,1,1,0
Sukuk,Qashqadaryo,Qishloq xo'jaligi,634,39,18,1,0,188315,120,0.0527,0.5926,0.4551,0.5569,0.2228,2,0.55,0.1913,0.4,1,0.0898,0.0295,0.1709,0.054,0.1046,-0.0043,0.7501,237978,0.3768,67263,1,Juda Yuqori,3,3,3,2
Ijara,Qashqadaryo,Qishloq xo'jaligi,678,33,4,3,0,16672,84,0.0829,0.5895,0.6697,0.6715,0.6625,3,0.9346,0.3764,0.0851,1,0.0946,0.0574,0.1083,0.0092,-0.0518,-0.1243,0.5713,21509,0.2806,3448,0,Juda Yuqori,3,0,3,2
Ijara,Samarqand,Eksport,563,39,18,2,0,26339,84,0.1219,0.5935,0.1275,0.8003,0.7714,4,0.8817,0.1375,0.156,1,0.0812,0.0492,0.0927,0.0529,0.287,0.1184,0.0724,37578,0.1863,507,0,Past,0,0,4,0
Murabaha,Toshkent,Savdo,725,29,10,2,0,123378,12,0.1743,0.5313,0.4133,0.8227,0.3003,1,0.8411,0.2441,0.4,1,0.1179,0.0496,0.1214,0.0232,0.2525,0.0534,0.5207,134132,0.4915,34330,0,Juda Yuqori,3,1,5,4
Sukuk,Buxoro,Xizmat,749,40,15,3,1,130895,60,0.0417,0.5553,0.442,0.6864,0.5619,5,0.8209,0.1747,0.0442,1,0.0993,0.043,0.0882,0.063,0.0275,0.113,0.076,144538,0.3428,3767,0,Past,0,3,0,5
Sukuk,Farg'ona,Qishloq xo'jaligi,650,37,3,1,0,73931,60,0.0761,0.6863,0.1064,0.7614,0.4516,3,0.9762,0.3508,0.2356,1,0.0666,0.0411,0.0944,0.0415,0.0811,0.0353,0.1186,87991,0.2951,3080,1,O'rta,1,3,1,2
Musharaka,Buxoro,Xizmat,646,26,9,1,0,106054,84,0.3412,0.3511,0.4805,0.8243,0.1099,3,0.9601,0.3048,0.206,1,0.2211,0.0398,0.1358,0.052,0.1319,-0.0431,0.435,232709,0.7252,73415,0,Yuqori,2,2,0,5
Musharaka,Samarqand,Qishloq xo'jaligi,560,54,19,3,0,9535,60,0.3134,0.546,0.2949,0.6354,0.5102,4,0.7344,0.1713,0.4,1,0.2462,0.0557,0.0848,0.0309,-0.0991,0.1142,0.791,17006,0.5184,6974,1,Juda Yuqori,3,2,4,2
Ijara,Buxoro,Qurilish,588,61,12,3,0,68848,12,0.116,0.5574,0.4132,0.929,0.4192,2,0.8131,0.1918,0.0903,1,0.0854,0.0576,0.1268,0.0415,0.1332,-0.0836,0.2389,72840,0.4487,7808,1,O'rta,1,0,0,3
Murabaha,Farg'ona,Savdo,578,58,13,1,0,47710,24,0.1456,0.7993,0.4686,0.9837,0.892,4,0.9473,0.3296,0.0402,1,0.081,0.0562,0.1035,0.0969,-0.1233,0.053,0.4443,54659,0.4672,11346,0,Yuqori,2,1,1,4
Musharaka,Toshkent,Eksport,697,44,5,2,0,174830,36,0.3274,0.6371,0.4213,0.7501,0.7295,3,0.5867,0.2402,0.1521,1,0.2666,0.0386,0.1118,0.043,-0.3539,-0.0043,0.8437,260699,0.7202,158424,1,Juda Yuqori,3,2,5,0
Murabaha,Samarqand,Eksport,654,41,14,1,0,36515,36,0.1045,0.7666,0.0735,0.4939,0.2595,3,0.8991,0.2034,0.1465,1,0.0872,0.0457,0.1309,0.0367,-0.4098,-0.1068,0.1805,42238,0.6141,4682,0,O'rta,1,1,4,0
Murabaha,Farg'ona,Savdo,611,61,16,7,2,552262,60,0.128,0.5717,0.2825,0.8484,0.3569,4,0.8413,0.3459,0.4,1,0.1334,0.0405,0.0982,0.0682,-0.1493,0.0137,0.5841,728917,0.4711,200600,0,Juda Yuqori,3,1,1,4
Murabaha,Farg'ona,Qishloq xo'jaligi,521,27,9,2,1,194029,36,0.1554,0.6162,0.2008,0.7897,0.4774,4,0.7099,0.3192,0.1515,1,0.0955,0.0754,0.1232,0.0401,0.171,0.0682,0.5417,239271,0.4749,61560,0,Juda Yuqori,3,1,1,2
Murabaha,Toshkent,Savdo,850,49,14,2,0,20905,60,0.1303,0.7074,0.2267,0.8627,0.2607,4,0.7203,0.3208,0.2116,1,0.0882,0.0616,0.1214,0.0037,0.0533,0.0045,0.0505,27716,0.4846,678,0,Past,0,1,5,4
Murabaha,Toshkent,Qishloq xo'jaligi,585,47,23,3,0,23765,36,0.121,0.4758,0.2297,0.907,0.3841,2,0.7406,0.3397,0.0452,1,0.1074,0.0618,0.0503,0.0229,0.0098,0.0317,0.1428,28078,0.3548,1422,0,O'rta,1,1,5,2
Murabaha,Toshkent,Xizmat,520,26,21,1,0,66454,12,0.105,0.712,0.4774,0.858,0.8074,3,0.9225,0.0664,0.2189,1,0.1286,0.0376,0.1052,0.0872,0.055,0.0016,0.4797,69942,0.4934,16554,1,Juda Yuqori,3,1,5,5
Sukuk,Namangan,Xizmat,644,30,1,6,0,19445,120,0.0866,0.5816,0.3556,0.8614,0.3355,4,0.7701,0.1082,0.1608,0,0.0814,0.0562,0.0785,0.0608,-0.1088,0.1878,0.0561,27865,0.3869,605,0,Past,0,3,2,5
Musharaka,Qashqadaryo,Eksport,599,22,13,1,0,29820,12,0.3263,0.8619,0.3279,0.7545,0.8245,3,0.7179,0.1817,0.0946,1,0.2534,0.0736,0.0977,0.0732,-0.0817,0.1243,0.8318,34684,0.5983,17259,1,Juda Yuqori,3,2,3,0
Sukuk,Buxoro,Qurilish,610,24,21,1,0,325309,36,0.0612,0.6003,0.1607,0.673,0.5711,4,0.9738,0.0648,0.107,1,0.1163,0.0626,0.1062,0.0078,-0.0964,-0.0532,0.0426,355186,0.1057,1597,0,Past,0,3,0,3
Musharaka,Namangan,Xizmat,585,57,8,1,0,397263,36,0.2185,0.5549,0.3396,0.9151,0.6943,3,0.923,0.0778,0.086,1,0.2782,0.0708,0.0806,0.0669,-0.0122,0.0016,0.4448,527447,0.491,115202,0,Yuqori,2,2,2,5
Murabaha,Samarqand,Savdo,725,63,17,1,0,121246,12,0.0898,0.6643,0.3996,0.8143,0.8314,4,0.8031,0.1441,0.1221,1,0.1258,0.0315,0.1053,0.0418,-0.0143,-0.0482,0.1842,126690,0.3797,8862,0,O'rta,1,1,4,4
Musharaka,Farg'ona,Qurilish,480,28,11,1,0,97064,36,0.1213,0.4557,0.2359,0.5995,0.8567,3,0.7175,0.2082,0.1141,1,0.2398,0.0536,0.1183,0.0249,0.0546,-0.081,0.8545,114728,0.4954,48567,1,Juda Yuqori,3,2,1,3
Musharaka,Samarqand,Eksport,576,64,14,2,0,140263,24,0.1916,0.6609,0.7956,0.5146,0.8349,4,0.6094,0.4136,0.167,1,0.2722,0.0789,0.1081,0.0366,0.0727,0.0445,0.9928,167133,0.5677,94192,1,Juda Yuqori,3,2,4,0
Murabaha,Toshkent,Xizmat,668,56,22,4,1,68601,6,0.1147,0.8377,0.4782,0.8895,0.5774,2,0.5661,0.0024,0.0842,0,0.1132,0.0386,0.0847,0.0685,-0.069,0.0953,0.7759,70567,0.4789,26222,0,Juda Yuqori,3,1,5,5
Ijara,Buxoro,Savdo,556,51,5,3,1,25659,24,0.0516,0.7683,0.1525,0.8632,0.3708,2,0.8549,0.3568,0.0159,1,0.1184,0.0559,0.0707,0.0573,0.2695,0.1837,0.3959,26984,0.3714,3967,0,Yuqori,2,0,0,4
Murabaha,Buxoro,Xizmat,787,55,17,0,0,9855,6,0.1347,0.8251,0.227,0.6617,0.3788,4,0.8614,0.1237,0.1676,1,0.1026,0.0499,0.1355,0.0345,0.0382,0.1225,0.0591,10187,0.5169,311,0,Past,0,1,0,5
Musharaka,Farg'ona,Qurilish,745,25,13,4,1,4965,84,0.1846,0.5139,0.0962,0.6489,0.8215,2,0.7428,0.0358,0.2186,1,0.2154,0.0744,0.0551,0.0352,0.1463,0.1301,0.632,8173,0.6579,3398,1,Juda Yuqori,3,2,1,3
Ijara,Samarqand,Qurilish,631,30,11,2,0,18731,12,0.052,0.6662,0.3193,0.9016,0.7432,3,0.8549,0.0603,0.1803,1,0.1357,0.0456,0.1357,0.0196,0.2899,-0.0779,0.177,19218,0.406,1381,0,O'rta,1,0,4,3
Murabaha,Namangan,Qurilish,747,52,23,3,0,38332,12,0.1106,0.5303,0.3915,0.6871,0.2969,4,0.8634,0.1889,0.2157,1,0.0902,0.0369,0.1251,0.0684,0.1026,0.0223,0.0844,40451,0.569,1942,0,Past,0,1,2,3
Murabaha,Buxoro,Savdo,820,49,2,1,0,162855,36,0.1741,0.1653,0.4066,0.8504,0.3567,4,0.55,0.5,0.1283,1,0.1071,0.0523,0.0803,0.0369,0.2415,0.1149,0.0889,205391,0.4772,8716,1,Past,0,1,0,4
Ijara,Namangan,Qurilish,683,42,16,0,0,29597,60,0.1021,0.4501,0.2309,0.8785,0.3214,4,0.7295,0.5,0.1522,1,0.1358,0.0672,0.0423,0.054,-0.026,0.069,0.0764,37154,0.3832,1088,0,Past,0,0,2,3
Musharaka,Buxoro,Qurilish,693,25,19,3,0,10675,60,0.3152,0.6433,0.5186,0.7605,0.1041,2,0.818,0.1028,0.1734,1,0.2161,0.0714,0.1247,0.0393,0.3529,-0.0198,0.5394,19087,0.577,5940,1,Juda Yuqori,3,2,0,3
Murabaha,Farg'ona,Xizmat,645,58,11,1,0,28020,36,0.1594,0.5475,0.2852,0.84,0.8946,4,0.7969,0.3518,0.2246,1,0.1116,0.0283,0.1023,0.0467,-0.2183,0.0865,0.4227,34719,0.4946,7258,0,Yuqori,2,1,1,5
Sukuk,Buxoro,Savdo,625,35,18,1,0,29480,36,0.0606,0.6642,0.334,0.8814,0.797,3,0.7914,0.0946,0.0411,1,0.0762,0.0525,0.0633,0.0283,-0.1201,-0.0106,0.0924,32159,0.3275,973,0,Past,0,3,0,4
Murabaha,Qashqadaryo,Qurilish,807,62,14,4,0,12864,60,0.0797,0.4321,0.4492,0.9203,0.2355,3,0.55,0.2069,0.0732,1,0.0865,0.0625,0.1089,0.065,-0.2419,0.1026,0.0692,15427,0.4778,510,0,Past,0,1,3,3
Ijara,Samarqand,Xizmat,597,60,8,3,0,109637,84,0.0848,0.6797,0.2809,0.676,0.825,3,0.8716,0.1056,0.229,1,0.1238,0.0603,0.1092,0.0752,-0.1201,0.0382,0.4176,142191,0.2539,15080,1,Yuqori,2,0,4,5
Sukuk,Toshkent,Qurilish,627,24,6,2,0,164355,84,0.0969,0.6376,0.6111,0.8234,0.8565,3,0.8995,0.0941,0.1573,1,0.0862,0.0392,0.148,0.0494,0.1044,0.0308,0.3733,220086,0.4351,35750,0,Yuqori,2,3,5,3
Murabaha,Namangan,Xizmat,571,58,3,0,0,14916,12,0.0897,0.5758,0.4369,0.7867,0.4387,3,0.6568,0.1327,0.0577,1,0.1297,0.0665,0.0893,0.0569,-0.0049,0.1385,0.3405,15585,0.219,1163,0,Yuqori,2,1,2,5
Murabaha,Buxoro,Qurilish,666,52,12,1,0,27141,12,0.1288,0.3963,0.563,0.931,0.4295,2,0.9108,0.2802,0.0839,1,0.1384,0.0597,0.0942,0.0528,0.3441,0.0928,0.3434,28889,0.4426,4390,0,Yuqori,2,1,0,3
Murabaha,Samarqand,Savdo,743,35,3,4,1,29797,36,0.1519,0.751,0.177,0.8774,0.2882,3,0.7227,0.2801,0.0824,1,0.1172,0.0361,0.086,0.0362,-0.0422,-0.0088,0.1948,36584,0.5921,4219,0,O'rta,1,1,4,4
Murabaha,Toshkent,Savdo,567,40,15,0,0,36869,12,0.1272,0.675,0.6731,0.7581,0.3595,3,0.9078,0.1242,0.0166,1,0.1037,0.0564,0.0592,0.0414,-0.2846,-0.048,0.4022,39213,0.5568,8781,0,Yuqori,2,1,5,4
Murabaha,Buxoro,Eksport,598,46,3,2,1,3876,24,0.0888,0.709,0.2285,0.3401,0.6516,4,0.9073,0.2289,0.243,1,0.0947,0.0581,0.1057,0.0539,-0.0588,-0.0123,0.7072,4220,0.4898,1462,0,Juda Yuqori,3,1,0,0
Ijara,Farg'ona,Xizmat,600,31,18,1,0,46861,60,0.1152,0.3765,0.3392,0.9488,0.602,4,0.8257,0.0439,0.1484,1,0.1072,0.0415,0.111,0.0523,0.1981,0.0819,0.0416,60360,0.3318,833,0,Past,0,0,1,5
Murabaha,Namangan,Qishloq xo'jaligi,737,34,10,1,0,64450,24,0.0859,0.7139,0.2717,0.5841,0.2678,4,0.8279,0.1095,0.1103,1,0.1535,0.0518,0.0909,0.0684,0.0171,0.105,0.0966,69989,0.4138,2799,0,Past,0,1,2,2
Musharaka,Buxoro,Qishloq xo'jaligi,627,61,10,5,0,20912,120,0.2238,0.3129,0.293,0.8631,0.2789,4,0.676,0.0649,0.2187,1,0.2244,0.0631,0.0992,0.0044,-0.0198,-0.0566,0.1924,44308,0.6601,5628,0,O'rta,1,2,0,2
Sukuk,Namangan,Xizmat,646,26,1,4,0,6586,120,0.0524,0.6992,0.05,0.8863,0.4819,2,0.8668,0.1949,0.3991,1,0.0676,0.0374,0.1202,0.0774,0.1077,0.0477,0.1696,8310,0.156,220,0,O'rta,1,3,2,5
Ijara,Qashqadaryo,Qishloq xo'jaligi,686,43,6,2,0,33413,60,0.1018,0.4664,0.3925,0.7507,0.2679,3,0.6089,0.169,0.0655,1,0.1217,0.0441,0.0911,0.0299,0.3142,0.1195,0.0989,41917,0.284,1178,0,Past,0,0,3,2
Musharaka,Toshkent,Qishloq xo'jaligi,633,35,3,2,0,6603,120,0.3162,0.7408,0.4172,0.8877,0.2098,3,0.9542,0.3571,0.0862,1,0.2428,0.0408,0.0989,0.0536,0.0148,-0.0224,0.6063,17042,0.49,5063,1,Juda Yuqori,3,2,5,2
Murabaha,Namangan,Eksport,679,31,1,2,0,89578,12,0.106,0.6463,0.517,0.67,0.457,5,0.8418,0.1902,0.2427,1,0.1428,0.0388,0.103,0.0371,-0.1045,-0.1531,0.3183,94324,0.3707,11130,0,Yuqori,2,1,2,0
Musharaka,Samarqand,Savdo,566,58,12,6,1,37671,36,0.156,0.1045,0.4246,0.8189,0.88,3,0.699,0.2039,0.0429,1,0.1948,0.0558,0.0897,0.0811,0.0953,-0.0283,0.7148,46484,0.6669,22157,1,Juda Yuqori,3,2,4,4
Musharaka,Toshkent,Savdo,620,43,17,1,0,17545,84,0.2467,0.4711,0.5876,0.6599,0.7532,2,0.6182,0.0587,0.2736,1,0.2352,0.0602,0.1316,0.0817,0.0469,-0.0518,0.9403,32697,0.6358,19549,1,Juda Yuqori,3,2,5,4
Musharaka,Toshkent,Savdo,762,37,13,4,1,170271,36,0.2373,0.682,0.4056,0.9814,0.2854,2,0.9583,0.1025,0.0652,1,0.2115,0.0471,0.0883,0.057,0.16,-0.0904,0.3907,230885,0.507,45739,1,Yuqori,2,2,5,4
Murabaha,Farg'ona,Xizmat,800,27,14,2,0,74106,24,0.1552,0.7322,0.6247,0.9603,0.6899,4,0.7398,0.0554,0.0123,1,0.1046,0.048,0.0812,0.1043,-0.0899,0.1373,0.0926,85609,0.5674,4500,1,Past,0,1,1,5
Sukuk,Namangan,Eksport,711,28,1,3,0,218251,84,0.0853,0.95,0.4656,0.8353,0.3963,2,0.8407,0.2884,0.0627,1,0.0653,0.0574,0.067,0.0066,-0.0188,0.098,0.2219,283401,0.218,13712,0,O'rta,1,3,2,0
Musharaka,Namangan,Savdo,652,41,20,2,0,27526,60,0.3377,0.7573,0.3706,0.8041,0.2654,3,0.9349,0.0435,0.24,1,0.2722,0.09,0.0884,0.0519,0.141,-0.0276,0.3983,50769,0.6474,13093,0,Yuqori,2,2,2,4
Murabaha,Namangan,Ishlab chiqarish,711,61,13,3,0,15793,6,0.1153,0.5277,0.1656,0.7511,0.1236,3,0.8933,0.088,0.1758,1,0.1655,0.0402,0.0719,0.0214,0.1988,0.0986,0.0201,16248,0.5037,165,0,Past,0,1,2,1
Murabaha,Farg'ona,Qishloq xo'jaligi,481,51,14,2,0,18942,12,0.1001,0.469,0.432,0.3828,0.453,4,0.8969,0.3278,0.2899,1,0.1161,0.0675,0.1109,0.0976,0.1672,0.0483,0.7353,19890,0.6081,8894,1,Juda Yuqori,3,1,1,2
Murabaha,Farg'ona,Savdo,754,24,1,6,1,176156,12,0.172,0.5489,0.5275,0.8203,0.7303,1,0.7389,0.5,0.1622,1,0.1595,0.0475,0.099,0.0772,-0.1279,-0.0449,0.9428,191308,0.3308,59668,0,Juda Yuqori,3,1,1,4
Ijara,Namangan,Qishloq xo'jaligi,737,36,7,5,1,42472,84,0.0775,0.7085,0.319,0.9071,0.8741,3,0.9465,0.261,0.1111,1,0.1382,0.0708,0.0872,0.0006,0.2405,-0.0603,0.316,53992,0.2843,4851,1,Yuqori,2,0,2,2
Ijara,Samarqand,Ishlab chiqarish,830,44,1,2,0,32204,84,0.0905,0.601,0.3654,0.7942,0.3472,3,0.9112,0.0586,0.1986,1,0.1588,0.0492,0.0956,0.0455,0.1801,0.0613,0.0516,42408,0.3626,794,0,Past,0,0,4,1
Ijara,Buxoro,Xizmat,557,39,12,2,0,225851,36,0.1062,0.7384,0.4042,0.8096,0.293,4,0.895,0.4793,0.1157,0,0.0808,0.0898,0.1563,0.0476,-0.0502,0.1141,0.5834,261825,0.3987,60907,1,Juda Yuqori,3,0,0,5
Murabaha,Buxoro,Qurilish,753,23,22,2,0,23698,60,0.1396,0.5526,0.266,0.9247,0.6829,4,0.7987,0.1482,0.2962,1,0.1112,0.051,0.1187,0.0004,-0.0751,-0.08,0.1255,31972,0.3289,1320,0,O'rta,1,1,0,3
Murabaha,Samarqand,Qurilish,634,42,3,3,0,573424,24,0.0832,0.6402,0.3129,0.6412,0.255,3,0.6164,0.4152,0.2075,1,0.1092,0.0369,0.117,0.0509,0.2489,0.1059,0.5701,621151,0.3438,121746,0,Juda Yuqori,3,1,4,3
Musharaka,Buxoro,Qishloq xo'jaligi,454,42,6,4,0,45270,84,0.2073,0.4576,0.2736,0.667,0.2783,4,0.8835,0.1993,0.0865,1,0.2608,0.0609,0.0925,0.015,0.1138,0.0244,0.517,78112,0.5271,21287,0,Juda Yuqori,3,2,0,2
Murabaha,Samarqand,Qishloq xo'jaligi,636,48,5,4,0,14045,60,0.1585,0.3342,0.2486,0.7832,0.1381,2,0.5598,0.1981,0.177,1,0.1145,0.0482,0.0718,0.0566,0.0498,0.1477,0.1439,19609,0.3594,1014,1,O'rta,1,1,4,2
Murabaha,Buxoro,Eksport,631,39,5,4,1,44620,60,0.1374,0.4873,0.5345,0.681,0.1919,1,0.6643,0.2787,0.2197,1,0.1053,0.0549,0.1039,0.0362,-0.0849,0.0858,0.855,59942,0.4749,24338,1,Juda Yuqori,3,1,0,0
Ijara,Namangan,Ishlab chiqarish,734,38,3,0,0,68322,36,0.1264,0.6439,0.267,0.8761,0.2644,2,0.8689,0.1381,0.0063,1,0.0969,0.0545,0.0689,0.0322,0.1607,0.0704,0.0274,81280,0.4009,893,0,Past,0,0,2,1
Murabaha,Samarqand,Ishlab chiqarish,638,32,1,2,0,117028,60,0.1659,0.4077,0.5094,0.6766,0.2349,2,0.6159,0.0763,0.097,1,0.1384,0.0607,0.0792,0.0402,0.0383,0.026,0.3316,165577,0.6033,33129,0,Yuqori,2,1,4,1
Musharaka,Toshkent,Xizmat,604,26,5,1,0,56860,36,0.2815,0.4376,0.6415,0.7825,0.2517,3,0.7393,0.1475,0.0606,0,0.2426,0.0517,0.1287,0.0495,-0.1702,-0.0469,0.7961,80873,0.4576,29460,1,Juda Yuqori,3,2,5,5
Murabaha,Qashqadaryo,Savdo,714,45,11,2,0,440140,24,0.1054,0.4593,0.2334,0.8768,0.7618,2,0.806,0.4299,0.1564,1,0.1137,0.0639,0.0878,0.0709,-0.0467,0.0528,0.2082,486542,0.4123,41757,0,O'rta,1,1,3,4
Murabaha,Buxoro,Xizmat,486,48,19,1,0,27014,24,0.1041,0.4376,0.5561,0.7608,0.8207,2,0.7615,0.1912,0.0855,1,0.1346,0.0725,0.1025,0.0759,0.0648,0.0575,0.7719,29827,0.5466,12586,1,Juda Yuqori,3,1,0,5
Murabaha,Samarqand,Qishloq xo'jaligi,663,29,19,4,0,31566,6,0.076,0.8654,0.3912,0.8953,0.7716,3,0.6781,0.3877,0.0092,0,0.1269,0.069,0.0745,0.0631,-0.0,0.2206,0.7667,32166,0.5221,12876,1,Juda Yuqori,3,1,4,2
Sukuk,Farg'ona,Qishloq xo'jaligi,579,45,2,2,0,48418,120,0.0953,0.6384,0.3981,0.8365,0.4587,3,0.649,0.1766,0.0124,1,0.0274,0.0687,0.0822,0.0935,0.0319,-0.136,0.1299,71493,0.3282,3048,0,O'rta,1,3,1,2
Ijara,Farg'ona,Qishloq xo'jaligi,843,23,16,1,0,365712,24,0.0518,0.6404,0.6582,0.7407,0.1104,3,0.9492,0.0628,0.0892,1,0.1077,0.0674,0.0997,0.032,-0.1424,-0.042,0.0476,384645,0.3526,6460,0,Past,0,0,1,2
Sukuk,Farg'ona,Qishloq xo'jaligi,689,52,18,4,0,74649,120,0.0432,0.64,0.4107,0.6826,0.2265,5,0.8347,0.2532,0.2261,0,0.0185,0.056,0.0793,0.0164,-0.0062,-0.1201,0.0819,90769,0.3779,2810,0,Past,0,3,1,2
Musharaka,Toshkent,Eksport,628,58,5,4,0,26172,120,0.3787,0.5484,0.3548,0.6861,0.4196,3,0.7592,0.2104,0.0841,1,0.228,0.061,0.108,0.0783,-0.0223,-0.1225,0.5737,75729,0.6757,29354,1,Juda Yuqori,3,2,5,0
Murabaha,Buxoro,Xizmat,776,35,21,3,0,66948,12,0.1098,0.6327,0.2889,0.6799,0.3441,2,0.8371,0.1296,0.209,1,0.0729,0.0545,0.0835,0.0826,0.2177,0.0397,0.0778,70622,0.4239,2330,0,Past,0,1,0,5
Musharaka,Namangan,Eksport,565,62,8,3,1,34628,120,0.1906,0.4499,0.4836,0.8058,0.1222,2,0.6895,0.2955,0.1099,0,0.2384,0.0421,0.1005,0.0002,0.0917,0.1088,0.9309,67627,0.5775,36355,1,Juda Yuqori,3,2,2,0
Musharaka,Qashqadaryo,Ishlab chiqarish,749,62,9,5,0,86524,36,0.2215,0.7419,0.85,0.6482,0.6426,2,0.8528,0.196,0.141,1,0.2544,0.0784,0.1041,0.0364,-0.0353,0.0729,0.9589,115276,0.7955,87930,1,Juda Yuqori,3,2,3,1
Ijara,Buxoro,Qurilish,746,46,16,4,0,41780,36,0.1115,0.4077,0.1333,0.8658,0.4788,5,0.7779,0.0942,0.0915,1,0.1032,0.0576,0.075,0.0577,-0.1467,0.1322,0.0045,48765,0.4209,92,0,Past,0,0,0,3
Murabaha,Samarqand,Xizmat,744,31,20,1,0,108867,24,0.1587,0.6552,0.1345,0.7038,0.7152,3,0.9144,0.2911,0.2527,1,0.1453,0.0614,0.1146,0.0528,-0.3261,0.1237,0.2566,126144,0.4823,15611,1,Yuqori,2,1,4,5
Musharaka,Buxoro,Eksport,631,38,9,2,0,45373,84,0.2127,0.5676,0.3483,0.8359,0.3578,2,0.6936,0.2091,0.1188,1,0.2152,0.068,0.0775,0.0311,0.1004,0.0346,0.4715,79157,0.5667,21150,1,Juda Yuqori,3,2,0,0
Murabaha,Toshkent,Xizmat,710,52,21,1,0,69179,24,0.1734,0.5228,0.5441,0.4686,0.6517,4,0.7789,0.2704,0.115,1,0.1569,0.0521,0.1042,0.0865,-0.1657,0.0094,0.5826,81177,0.4115,19464,1,Juda Yuqori,3,1,5,5
Murabaha,Toshkent,Ishlab chiqarish,648,29,5,1,0,361353,60,0.1272,0.4906,0.5313,0.6922,0.7244,4,0.8235,0.0227,0.1808,1,0.119,0.0638,0.1208,0.0805,0.0481,0.1842,0.2419,476270,0.3919,45151,0,O'rta,1,1,5,1
Ijara,Toshkent,Ishlab chiqarish,481,40,24,2,1,280893,36,0.1092,0.7149,0.4707,0.8402,0.6337,4,0.9069,0.2184,0.1908,1,0.126,0.044,0.0725,0.0172,-0.177,-0.0469,0.6957,326922,0.4556,103612,1,Juda Yuqori,3,0,5,1
Musharaka,Buxoro,Qishloq xo'jaligi,703,22,19,2,0,41203,24,0.3261,0.294,0.4422,0.5598,0.2434,3,0.689,0.0436,0.1561,1,0.2808,0.0633,0.1212,0.0588,0.1263,-0.0138,0.443,54639,0.5655,13688,0,Yuqori,2,2,0,2
Murabaha,Qashqadaryo,Qishloq xo'jaligi,551,28,10,3,0,187669,24,0.0961,0.5152,0.6637,0.8581,0.4517,3,0.7739,0.3704,0.3729,1,0.1791,0.0496,0.0878,0.0347,-0.0319,-0.0185,0.9203,205697,0.5097,96492,1,Juda Yuqori,3,1,3,2
Murabaha,Qashqadaryo,Savdo,525,46,7,5,0,85536,24,0.0931,0.4011,0.5967,0.8288,0.1903,5,0.8157,0.111,0.1909,1,0.1362,0.0695,0.0833,0.0544,-0.0648,0.0554,0.1256,93497,0.4569,5368,0,O'rta,1,1,3,4
Musharaka,Farg'ona,Qurilish,664,22,18,2,0,82268,24,0.2019,0.6911,0.3868,0.7354,0.5627,3,0.8855,0.1313,0.0387,0,0.2261,0.057,0.0807,0.0114,-0.1187,0.0077,0.5843,98874,0.6561,37906,0,Juda Yuqori,3,2,1,3
Ijara,Toshkent,Qurilish,766,33,18,4,1,301843,12,0.1129,0.6547,0.383,0.7553,0.2899,2,0.7614,0.078,0.1952,1,0.11,0.0306,0.0626,0.0255,0.0666,-0.0225,0.2714,318879,0.301,26043,1,Yuqori,2,0,5,3
Sukuk,Farg'ona,Qishloq xo'jaligi,673,62,11,6,1,6765,36,0.0885,0.6244,0.5402,0.5742,0.818,3,0.6517,0.1507,0.3471,1,0.0271,0.0612,0.0805,0.0777,0.0734,0.0048,0.7981,7664,0.3298,2018,1,Juda Yuqori,3,3,1,2
Sukuk,Namangan,Eksport,744,24,17,1,0,44811,120,0.0595,0.7795,0.1856,0.7301,0.4617,4,0.7751,0.1294,0.3236,1,0.1012,0.068,0.065,0.064,-0.1611,0.1336,0.0818,58136,0.1534,730,0,Past,0,3,2,0
Ijara,Namangan,Savdo,714,45,3,3,0,80221,36,0.1297,0.9125,0.2217,0.9493,0.8522,2,0.7682,0.1129,0.1324,1,0.092,0.0528,0.1154,0.0365,0.1535,0.0213,0.2961,95822,0.4283,12152,0,Yuqori,2,0,2,4
Murabaha,Namangan,Eksport,496,25,2,3,0,50609,36,0.0878,0.6763,0.2268,0.7005,0.585,3,0.8455,0.398,0.0027,1,0.1323,0.0344,0.1143,0.0277,-0.0417,0.0706,0.565,57273,0.3893,12596,1,Juda Yuqori,3,1,2,0
Ijara,Farg'ona,Qurilish,616,35,12,3,0,64403,12,0.1052,0.7634,0.4448,0.9219,0.7429,5,0.8117,0.1542,0.0991,0,0.1085,0.0619,0.093,0.0397,0.0455,-0.0922,0.2517,67790,0.3842,6557,0,Yuqori,2,0,1,3
Musharaka,Namangan,Qurilish,719,53,14,3,0,9828,12,0.2687,0.3124,0.097,0.7589,0.2373,3,0.8229,0.0596,0.0795,1,0.2666,0.0565,0.0858,0.0586,0.1685,-0.0467,0.0516,11148,0.5263,303,0,Past,0,2,2,3
Murabaha,Toshkent,Qishloq xo'jaligi,839,25,24,1,0,11295,6,0.1731,0.7454,0.1424,0.6992,0.6085,4,0.882,0.3923,0.1309,1,0.0867,0.0374,0.0582,0.0191,0.0774,0.0482,0.0619,11783,0.4529,330,0,Past,0,1,5,2
Ijara,Namangan,Ishlab chiqarish,635,35,22,0,0,439416,24,0.0677,0.7496,0.4606,0.7099,0.2249,3,0.8026,0.2599,0.4,1,0.047,0.0625,0.1168,0.032,0.1891,-0.053,0.5569,469184,0.3905,102037,1,Juda Yuqori,3,0,2,1
Murabaha,Buxoro,Eksport,636,34,10,1,0,105720,6,0.1416,0.2789,0.3189,0.5515,0.2923,3,0.8267,0.2741,0.1491,1,0.0968,0.0742,0.1032,0.0083,-0.0336,0.0103,0.154,109463,0.4182,7048,0,O'rta,1,1,0,0
Sukuk,Qashqadaryo,Ishlab chiqarish,524,60,24,5,1,15016,120,0.0693,0.6676,0.4208,0.9611,0.3383,2,0.8081,0.1904,0.0358,1,0.0728,0.0336,0.0944,0.0695,-0.0026,0.2209,0.3459,20222,0.2391,1673,1,Yuqori,2,3,3,1
Musharaka,Buxoro,Savdo,551,47,10,3,1,18451,36,0.2775,0.6983,0.6271,0.7586,0.6967,3,0.8346,0.1704,0.0486,0,0.2428,0.0923,0.1299,0.0296,-0.3247,-0.1185,0.9654,26131,0.5699,14378,1,Juda Yuqori,3,2,0,4
Musharaka,Buxoro,Savdo,548,63,17,3,0,34622,120,0.1674,0.6299,0.0836,0.6866,0.8518,2,0.7499,0.288,0.1041,0,0.256,0.0545,0.0996,0.0522,0.0921,0.1347,0.9376,63597,0.6709,40004,1,Juda Yuqori,3,2,0,4
Ijara,Buxoro,Eksport,634,28,19,2,1,5422,60,0.0836,0.6522,0.469,0.583,0.6536,3,0.5512,0.1074,0.13,1,0.0959,0.0708,0.1272,0.031,0.1424,0.0912,0.7334,6556,0.3199,1538,0,Juda Yuqori,3,0,0,0
Sukuk,Toshkent,Qurilish,511,30,7,2,0,19313,84,0.0657,0.4971,0.3482,0.9118,0.5533,4,0.9655,0.0986,0.0574,1,0.0924,0.0489,0.111,0.0772,0.0975,0.1101,0.0678,23751,0.2741,441,0,Past,0,3,5,3
Musharaka,Toshkent,Qurilish,788,42,11,6,2,224062,24,0.3121,0.5242,0.7111,0.9413,0.3179,3,0.7837,0.5,0.1839,0,0.2776,0.0512,0.14,0.0597,-0.3074,-0.0252,0.9873,293986,0.5587,162178,1,Juda Yuqori,3,2,5,3
Musharaka,Namangan,Qishloq xo'jaligi,604,29,14,3,1,21255,24,0.223,0.5566,0.2549,0.8123,0.1809,2,0.6922,0.2616,0.1653,1,0.2381,0.0669,0.0703,0.0602,0.0284,0.0328,0.7432,25995,0.5697,11007,1,Juda Yuqori,3,2,2,2
Murabaha,Qashqadaryo,Savdo,601,53,19,2,0,241795,24,0.0785,0.5923,0.3015,0.6775,0.8373,4,0.7422,0.3002,0.2672,1,0.1313,0.0521,0.0937,0.0483,0.2181,0.2167,0.5906,260771,0.3777,58173,1,Juda Yuqori,3,1,3,4
Musharaka,Farg'ona,Eksport,455,41,24,2,0,6660,24,0.1891,0.6738,0.4756,0.6721,0.4001,3,0.7344,0.2656,0.328,0,0.2531,0.0663,0.066,0.0649,-0.1389,-0.0629,0.973,7919,0.6087,4691,1,Juda Yuqori,3,2,1,0
Murabaha,Toshkent,Savdo,569,34,16,1,0,48078,60,0.0788,0.6786,0.5329,0.8755,0.8329,4,0.8852,0.0291,0.3696,1,0.1106,0.0459,0.0751,0.0966,0.2278,-0.109,0.4948,57550,0.3876,11036,0,Juda Yuqori,3,1,5,4
Ijara,Namangan,Savdo,509,28,4,6,0,16093,60,0.0818,0.8973,0.7226,0.9319,0.5876,3,0.9419,0.3486,0.0292,0,0.1287,0.0408,0.0944,0.0047,0.2842,0.1263,0.8617,19385,0.3527,5892,1,Juda Yuqori,3,0,2,4
Musharaka,Qashqadaryo,Ishlab chiqarish,625,34,17,0,0,12381,12,0.315,0.6575,0.2649,0.8385,0.1624,3,0.8767,0.2855,0.1229,1,0.2309,0.0527,0.1236,0.0123,0.1683,-0.063,0.4424,14330,0.6252,3964,1,Yuqori,2,2,3,1
Ijara,Qashqadaryo,Eksport,695,59,1,5,0,16337,36,0.1273,0.4451,0.4543,0.7889,0.8497,4,0.9027,0.112,0.1125,1,0.0847,0.0558,0.113,0.0587,0.0939,0.0104,0.0793,19456,0.3212,496,0,Past,0,0,3,0
Murabaha,Buxoro,Qurilish,686,53,5,4,0,14436,6,0.132,0.429,0.2606,0.71,0.4081,2,0.7776,0.1192,0.2309,1,0.0597,0.0543,0.1568,0.0676,0.1626,0.0435,0.1476,14912,0.5606,1234,0,O'rta,1,1,0,3
Murabaha,Qashqadaryo,Ishlab chiqarish,721,31,23,0,0,50476,60,0.1103,0.809,0.6262,0.7754,0.1108,5,0.8887,0.2685,0.1666,1,0.1506,0.046,0.0896,0.0485,0.0205,0.086,0.1792,64394,0.6714,7750,0,O'rta,1,1,3,1
Ijara,Qashqadaryo,Savdo,630,32,2,2,0,49680,84,0.1089,0.5289,0.2347,0.5673,0.7991,4,0.8354,0.0387,0.0633,1,0.0664,0.0643,0.0789,0.082,-0.0379,0.1192,0.0548,68618,0.3613,1358,0,Past,0,0,3,4
Murabaha,Namangan,Savdo,609,50,14,2,0,322042,6,0.0866,0.7402,0.2047,0.6453,0.4848,4,0.55,0.1197,0.1491,0,0.1352,0.0487,0.0964,0.0703,0.0155,0.0508,0.4055,329012,0.4698,62677,0,Yuqori,2,1,2,4
Murabaha,Farg'ona,Ishlab chiqarish,615,52,19,3,0,171203,12,0.1527,0.5815,0.5272,0.821,0.3611,4,0.55,0.1193,0.0195,1,0.1159,0.047,0.0985,0.0225,-0.0348,-0.011,0.1501,184276,0.3977,10997,1,O'rta,1,1,1,1
Murabaha,Qashqadaryo,Ishlab chiqarish,718,54,5,3,0,12820,12,0.1261,0.6096,0.6229,0.7001,0.8358,3,0.6995,0.0861,0.151,1,0.1004,0.0744,0.1064,0.0128,0.0555,-0.0682,0.5386,13628,0.3736,2742,1,Juda Yuqori,3,1,3,1
Sukuk,Farg'ona,Qurilish,655,60,20,5,0,147882,120,0.0546,0.6603,0.3998,0.708,0.4006,3,0.7282,0.1719,0.0659,1,0.0895,0.0852,0.0572,0.0773,-0.1125,0.0254,0.1127,188239,0.2688,5704,0,O'rta,1,3,1,3
Ijara,Buxoro,Eksport,694,58,6,1,0,2440,84,0.0711,0.3432,0.4735,0.7467,0.1369,4,0.6889,0.1102,0.2357,1,0.1011,0.0733,0.0914,0.0107,-0.1362,-0.0225,0.0821,3046,0.4341,109,0,Past,0,0,0,0
Murabaha,Samarqand,Savdo,634,28,5,6,0,346411,36,0.1402,0.4667,0.5355,0.9445,0.5916,2,0.7595,0.224,0.2166,1,0.0957,0.0686,0.0921,0.0458,0.0983,-0.0142,0.5342,419265,0.4891,109559,0,Juda Yuqori,3,1,4,4
Murabaha,Qashqadaryo,Ishlab chiqarish,775,56,21,1,0,113241,60,0.0768,0.7665,0.5696,0.7887,0.7777,3,0.6829,0.4453,0.0419,0,0.1235,0.0526,0.072,0.0543,0.0813,0.1491,0.7631,134991,0.3504,36097,0,Juda Yuqori,3,1,3,1
Murabaha,Namangan,Ishlab chiqarish,591,38,22,8,0,230414,36,0.1063,0.7522,0.4154,0.8375,0.7954,3,0.7794,0.2392,0.2105,1,0.1127,0.0546,0.0847,0.077,-0.1614,0.0559,0.5422,267159,0.4691,67956,0,Juda Yuqori,3,1,2,1
Ijara,Toshkent,Ishlab chiqarish,445,61,7,2,0,71849,12,0.1172,0.6007,0.3136,0.7088,0.4078,4,0.7322,0.2367,0.4,1,0.1254,0.0684,0.1159,0.066,-0.1,0.2145,0.6029,76060,0.4057,18602,0,Juda Yuqori,3,0,5,1
Ijara,Toshkent,Ishlab chiqarish,751,30,3,1,0,10226,84,0.0621,0.5079,0.4871,0.9105,0.7155,4,0.6565,0.2418,0.1078,1,0.123,0.0615,0.127,0.0885,0.1688,0.0376,0.1772,12448,0.3841,847,1,O'rta,1,0,5,1
Murabaha,Toshkent,Savdo,630,34,9,2,0,18454,60,0.1286,0.7069,0.5415,0.9434,0.3256,3,0.7734,0.1976,0.0272,1,0.1297,0.071,0.0677,0.0141,0.0318,-0.0778,0.2372,24386,0.5995,3467,0,O'rta,1,1,5,4
Murabaha,Namangan,Qishloq xo'jaligi,734,51,19,4,0,50682,6,0.1028,0.7664,0.2354,0.6651,0.45,2,0.9095,0.4444,0.1562,1,0.0906,0.0584,0.0884,0.0135,-0.0411,0.0555,0.473,51985,0.6093,14983,0,Juda Yuqori,3,1,2,2
Murabaha,Samarqand,Xizmat,679,39,13,2,0,11302,6,0.138,0.7837,0.2221,0.9397,0.4259,3,0.913,0.2228,0.0168,0,0.1378,0.0608,0.0902,0.0146,0.0433,0.1495,0.1942,11692,0.3321,754,0,O'rta,1,1,4,5
Ijara,Farg'ona,Qurilish,560,41,1,3,0,72571,84,0.1022,0.6077,0.3931,0.7232,0.6789,2,0.9137,0.1484,0.0441,0,0.1111,0.0528,0.1444,0.0885,-0.0932,-0.0178,0.5175,98535,0.2892,14749,0,Juda Yuqori,3,0,1,3
Ijara,Qashqadaryo,Xizmat,690,22,4,0,0,16713,84,0.0759,0.7912,0.4317,0.6478,0.8337,2,0.7601,0.0515,0.0731,1,0.1123,0.0652,0.094,0.0619,0.3736,0.1225,0.3547,21155,0.4996,3749,0,Yuqori,2,0,3,5
Murabaha,Buxoro,Ishlab chiqarish,554,36,6,4,0,22790,60,0.1584,0.676,0.4998,0.8691,0.3444,3,0.8708,0.2562,0.0839,1,0.1224,0.0267,0.0858,0.0348,-0.0622,0.109,0.3457,31814,0.5966,6561,0,Yuqori,2,1,0,1
Murabaha,Toshkent,Ishlab chiqarish,757,57,19,1,0,12837,12,0.0867,0.3921,0.1403,0.6578,0.7439,4,0.55,0.191,0.396,1,0.1148,0.0609,0.0732,0.1013,-0.0169,0.0679,0.1273,13393,0.3395,579,0,O'rta,1,1,5,1
Murabaha,Farg'ona,Eksport,635,38,5,2,0,49695,12,0.1486,0.8962,0.2758,0.7953,0.3832,4,0.7914,0.2348,0.1715,0,0.0815,0.0817,0.0868,0.1133,-0.1801,0.0455,0.4386,53388,0.3727,8728,1,Yuqori,2,1,1,0
Sukuk,Qashqadaryo,Ishlab chiqarish,697,51,23,3,1,73030,36,0.0572,0.3543,0.7024,0.9339,0.1362,3,0.7005,0.1466,0.1805,0,0.0892,0.0723,0.1133,0.081,-0.0085,0.1404,0.4032,79291,0.2576,8234,0,Yuqori,2,3,3,1
Murabaha,Farg'ona,Ishlab chiqarish,721,22,23,3,1,21197,12,0.0796,0.5782,0.4757,0.8498,0.3416,3,0.9106,0.358,0.041,1,0.1446,0.0636,0.0734,0.0406,-0.0729,0.0121,0.3164,22040,0.4051,2824,0,Yuqori,2,1,1,1
Ijara,Buxoro,Savdo,681,50,14,1,0,49115,84,0.0883,0.2469,0.327,0.4724,0.6092,4,0.553,0.038,0.3725,1,0.0727,0.0608,0.0832,0.0143,-0.0091,0.2589,0.1641,64288,0.374,3946,0,O'rta,1,0,0,4
Musharaka,Qashqadaryo,Ishlab chiqarish,697,28,16,1,0,49153,24,0.1223,0.6875,0.4656,0.7649,0.721,5,0.8375,0.1645,0.0853,1,0.2289,0.0699,0.0559,0.0444,0.0177,-0.0149,0.2768,55166,0.6705,10239,0,Yuqori,2,2,3,1
Murabaha,Buxoro,Qurilish,723,59,8,2,1,11071,36,0.109,0.5245,0.6984,0.7962,0.4832,2,0.9518,0.212,0.0461,1,0.0927,0.0653,0.1491,0.0101,-0.1256,0.1045,0.6363,12880,0.4704,3856,1,Juda Yuqori,3,1,0,3
Murabaha,Namangan,Eksport,630,36,19,3,0,5134,6,0.1599,0.8778,0.3983,0.5996,0.2788,3,0.8312,0.2485,0.0929,1,0.1455,0.0586,0.1074,0.038,-0.1731,-0.0471,0.4303,5340,0.425,976,0,Yuqori,2,1,2,0
Murabaha,Toshkent,Qurilish,850,57,16,3,0,6567,36,0.1316,0.5468,0.2146,0.7461,0.2543,2,0.8195,0.1019,0.3456,1,0.1204,0.0471,0.0974,0.0184,0.3319,0.0277,0.0876,7864,0.3321,229,0,Past,0,1,5,3
Musharaka,Namangan,Savdo,530,59,4,0,0,53983,84,0.1953,0.4299,0.2257,0.7828,0.4476,4,0.55,0.1829,0.0353,1,0.2132,0.064,0.1013,0.0808,0.2351,-0.0227,0.4124,90878,0.6646,24911,0,Yuqori,2,2,2,4
Ijara,Qashqadaryo,Xizmat,572,55,1,3,0,35793,84,0.0776,0.7942,0.553,0.562,0.7286,1,0.7947,0.2971,0.0724,1,0.1325,0.0383,0.0861,0.0116,-0.0017,0.0807,0.933,45511,0.3059,12990,1,Juda Yuqori,3,0,3,5
Ijara,Buxoro,Xizmat,785,59,8,1,0,45016,60,0.0711,0.3791,0.3736,0.8634,0.5245,3,0.8438,0.2241,0.1837,1,0.1428,0.0485,0.099,0.0352,0.4388,0.0304,0.0827,53022,0.2981,1307,1,Past,0,0,0,5
Musharaka,Buxoro,Savdo,688,63,7,5,0,653183,60,0.2926,0.5904,0.1936,0.7755,0.4343,3,0.6134,0.0209,0.1359,1,0.2588,0.0599,0.1113,0.057,0.1362,-0.1208,0.4014,1130937,0.573,260079,0,Yuqori,2,2,0,4
Murabaha,Farg'ona,Qurilish,765,60,17,2,1,41891,12,0.0772,0.7479,0.2322,0.6814,0.7003,3,0.7769,0.1265,0.1604,0,0.1727,0.0494,0.0994,0.0289,0.0283,0.0981,0.6828,43507,0.5771,17145,0,Juda Yuqori,3,1,1,3
Sukuk,Buxoro,Xizmat,681,32,12,6,1,789235,60,0.0422,0.1,0.0539,0.6926,0.1393,2,0.9253,0.1925,0.0563,1,0.0648,0.0367,0.0723,0.0017,-0.0014,-0.0052,0.0154,872501,0.3143,4214,0,Past,0,3,0,5
Ijara,Qashqadaryo,Qishloq xo'jaligi,611,41,18,4,0,66794,60,0.1242,0.3919,0.2675,0.5817,0.7252,4,0.8755,0.1385,0.1548,1,0.1384,0.0705,0.0904,0.0304,0.0931,0.0327,0.1449,87533,0.4813,6103,0,O'rta,1,0,3,2
Murabaha,Samarqand,Eksport,587,39,2,3,0,28432,36,0.1373,0.5928,0.3221,0.8464,0.5575,2,0.6707,0.243,0.0446,0,0.1004,0.0734,0.0918,0.085,0.1355,0.0805,0.6404,34287,0.4323,9492,1,Juda Yuqori,3,1,4,0
Sukuk,Farg'ona,Eksport,557,39,18,4,0,13350,84,0.0812,0.7034,0.7427,0.8267,0.3032,3,0.8117,0.1864,0.0619,0,0.0274,0.0878,0.0764,0.0489,0.2706,0.0253,0.4761,17144,0.2034,1661,1,Juda Yuqori,3,3,1,0
Musharaka,Farg'ona,Savdo,559,31,20,5,0,10394,120,0.2737,0.6848,0.294,0.9389,0.3981,3,0.7869,0.1064,0.2127,1,0.2354,0.0451,0.0984,0.0027,0.2638,0.0072,0.5324,24620,0.6744,8840,0,Juda Yuqori,3,2,1,4
Musharaka,Samarqand,Ishlab chiqarish,669,26,11,0,0,149943,84,0.3562,0.4496,0.2622,0.7616,0.4473,2,0.5597,0.0204,0.2963,1,0.2478,0.0665,0.0776,0.0419,-0.401,0.0782,0.6439,336890,0.6715,145660,1,Juda Yuqori,3,2,4,1
Ijara,Buxoro,Ishlab chiqarish,618,44,19,3,0,13077,12,0.0935,0.8502,0.2072,0.8033,0.6697,1,0.7181,0.1991,0.1574,1,0.1071,0.0934,0.0984,0.0543,-0.0119,-0.0009,0.6179,13688,0.451,3814,0,Juda Yuqori,3,0,0,1
Ijara,Qashqadaryo,Savdo,636,41,2,0,0,117678,12,0.1129,0.9308,0.356,0.81,0.756,2,0.8428,0.0681,0.0804,1,0.1239,0.0792,0.0848,0.0232,0.0232,0.1238,0.2898,124322,0.3552,12799,1,Yuqori,2,0,3,4
Ijara,Samarqand,Savdo,657,45,5,0,0,57887,24,0.0757,0.5291,0.1914,0.6788,0.7487,4,0.55,0.4573,0.0364,1,0.1341,0.0494,0.0767,0.0595,-0.213,0.0106,0.3357,62266,0.3298,6895,1,Yuqori,2,0,4,4
Murabaha,Farg'ona,Eksport,673,48,3,3,0,3778,36,0.1665,0.8126,0.5046,0.7254,0.551,2,0.5577,0.2881,0.2832,1,0.1158,0.0581,0.0968,0.0897,-0.0599,0.0419,0.7912,4721,0.4271,1595,1,Juda Yuqori,3,1,1,0
Murabaha,Buxoro,Qurilish,679,22,23,1,0,34503,12,0.1082,0.6198,0.2334,0.5554,0.8616,2,0.906,0.2041,0.1555,1,0.1011,0.0573,0.0567,0.0733,-0.216,0.2067,0.3741,36370,0.5272,7173,0,Yuqori,2,1,0,3
Sukuk,Farg'ona,Savdo,631,63,18,2,0,20501,120,0.0733,0.9355,0.3538,0.6865,0.1559,3,0.6823,0.1716,0.0855,1,0.0742,0.0428,0.1054,0.0566,-0.043,0.0972,0.1681,28015,0.3297,1553,0,O'rta,1,3,1,4
Murabaha,Samarqand,Qurilish,621,43,4,3,1,166647,12,0.167,0.5448,0.1126,0.9206,0.6939,4,0.8556,0.1551,0.0463,0,0.0429,0.0563,0.1465,0.0673,-0.0057,-0.0252,0.1052,180563,0.5211,9898,0,O'rta,1,1,4,3
Murabaha,Qashqadaryo,Eksport,775,47,21,3,1,111079,12,0.1707,0.3839,0.462,0.7337,0.3292,2,0.8521,0.332,0.1003,1,0.0842,0.0485,0.0829,0.0531,0.0601,0.0456,0.2686,120560,0.5467,17702,0,Yuqori,2,1,3,0
Musharaka,Qashqadaryo,Xizmat,838,61,1,2,0,568656,36,0.2189,0.7466,0.3366,0.7693,0.3321,3,0.9037,0.142,0.0954,1,0.2267,0.0642,0.1371,0.0144,0.0122,-0.0651,0.2042,755359,0.6368,98236,0,O'rta,1,2,3,5
Musharaka,Buxoro,Xizmat,809,33,22,1,0,45240,84,0.1419,0.6327,0.257,0.5633,0.1093,5,0.7786,0.0556,0.1657,1,0.2475,0.059,0.1155,0.0653,0.0014,0.1074,0.0813,67716,0.5956,3279,0,Past,0,2,0,5
Musharaka,Buxoro,Savdo,633,32,13,2,1,15038,84,0.1617,0.6442,0.5198,0.7822,0.2749,3,0.7167,0.0486,0.0535,1,0.2281,0.0649,0.0898,0.0482,-0.1553,0.0243,0.6728,23550,0.6979,11058,1,Juda Yuqori,3,2,0,4
Sukuk,Farg'ona,Eksport,720,55,19,3,1,15337,84,0.0774,0.6491,0.3834,0.827,0.492,3,0.7638,0.1303,0.3059,1,0.0583,0.0548,0.1267,0.0491,0.0093,-0.0045,0.2799,19494,0.3656,1995,0,Yuqori,2,3,1,0
Murabaha,Samarqand,Savdo,755,35,18,4,1,27246,60,0.1353,0.7915,0.4561,0.8926,0.689,2,0.6521,0.0893,0.0968,1,0.1054,0.0616,0.1447,0.0108,0.1169,0.068,0.6084,36464,0.3571,7923,1,Juda Yuqori,3,1,4,4
Murabaha,Namangan,Ishlab chiqarish,525,22,19,2,0,63198,12,0.1581,0.4553,0.7022,0.7011,0.6412,4,0.7356,0.1384,0.2413,1,0.092,0.0373,0.0716,0.0021,-0.1321,0.1313,0.5201,68194,0.4299,15248,1,Juda Yuqori,3,1,2,1
Murabaha,Toshkent,Ishlab chiqarish,637,39,2,5,0,60597,6,0.0781,0.3491,0.1268,0.9384,0.4398,4,0.7239,0.0705,0.1785,1,0.1214,0.0526,0.1111,0.028,-0.2025,0.0557,0.0333,61780,0.3981,819,0,Past,0,1,5,1
Sukuk,Toshkent,Savdo,680,47,19,2,0,217074,36,0.0501,0.6655,0.418,0.8908,0.7079,3,0.8533,0.1538,0.181,0,0.1268,0.0564,0.1016,0.1081,-0.2096,0.0964,0.3328,233400,0.2616,20319,1,Yuqori,2,3,5,4
Ijara,Samarqand,Qurilish,565,50,19,2,0,91805,60,0.1267,0.4949,0.1505,0.7775,0.6598,2,0.7683,0.0458,0.3018,1,0.0809,0.0467,0.1378,0.0743,0.0158,0.1148,0.2332,120883,0.3501,9871,0,O'rta,1,0,4,3
Murabaha,Qashqadaryo,Qurilish,477,48,10,3,0,112012,6,0.1245,0.6631,0.4329,0.6404,0.1901,3,0.7363,0.2417,0.0883,1,0.1,0.07,0.1011,0.1055,0.1189,-0.0508,0.5639,115499,0.3537,23035,1,Juda Yuqori,3,1,3,3
Ijara,Buxoro,Eksport,602,32,9,7,1,57587,84,0.1077,0.7105,0.255,0.613,0.6219,4,0.8643,0.1472,0.0675,0,0.082,0.0553,0.1168,0.0054,0.0372,0.0038,0.4705,79302,0.33,12311,1,Juda Yuqori,3,0,0,0
Sukuk,Buxoro,Qurilish,622,46,1,3,0,381081,60,0.0761,0.3803,0.1819,0.8172,0.1066,3,0.7962,0.3572,0.0956,1,0.1047,0.0598,0.0716,0.0561,0.0884,0.102,0.0335,453589,0.2937,4464,0,Past,0,3,0,3
Ijara,Buxoro,Qurilish,697,63,2,5,0,31950,24,0.1249,0.4789,0.3462,0.5986,0.3084,3,0.6238,0.2251,0.3616,1,0.1156,0.0446,0.0713,0.0569,-0.0624,-0.023,0.2878,35941,0.3831,3963,0,Yuqori,2,0,0,3
Sukuk,Toshkent,Savdo,551,63,7,1,0,67094,120,0.0948,0.5865,0.5534,0.5216,0.7718,4,0.7914,0.1144,0.0624,1,0.0875,0.0581,0.0844,0.0201,0.3417,-0.04,0.4466,98893,0.215,9498,0,Yuqori,2,3,5,4
Murabaha,Qashqadaryo,Savdo,747,32,11,5,0,9348,6,0.177,0.3772,0.622,0.749,0.1532,3,0.9083,0.0343,0.1442,1,0.1057,0.0599,0.1219,0.0111,0.2008,0.0605,0.0552,9762,0.3915,211,0,Past,0,1,3,4
Ijara,Farg'ona,Savdo,631,40,15,4,0,46214,60,0.0742,0.4387,0.2644,0.8964,0.4008,3,0.8505,0.3114,0.3155,1,0.1093,0.0676,0.1142,0.0529,0.054,-0.0524,0.1814,54790,0.2734,2716,0,O'rta,1,0,1,4
Musharaka,Buxoro,Qurilish,593,61,17,1,0,68120,36,0.3115,0.8434,0.1155,0.659,0.1208,2,0.8582,0.2828,0.0994,1,0.2457,0.0415,0.0813,0.07,-0.0806,0.1579,0.6907,99951,0.5866,40498,1,Juda Yuqori,3,2,0,3
Ijara,Farg'ona,Eksport,702,37,13,2,0,50068,12,0.0905,0.688,0.4633,0.7304,0.8747,3,0.8299,0.3722,0.038,1,0.1258,0.0636,0.0785,0.0425,-0.2199,0.0868,0.5726,52335,0.3769,11294,0,Juda Yuqori,3,0,1,0
Ijara,Samarqand,Savdo,644,35,7,3,0,10525,60,0.1085,0.3414,0.3385,0.3805,0.6742,2,0.5742,0.4271,0.108,1,0.0894,0.0648,0.0866,0.0907,0.102,0.185,0.676,13380,0.2849,2577,1,Juda Yuqori,3,0,4,4
Ijara,Buxoro,Qurilish,805,42,23,3,0,55884,84,0.1094,0.6401,0.4204,0.4993,0.7108,4,0.9512,0.1649,0.1956,1,0.1041,0.0691,0.1083,0.0911,0.0007,-0.0186,0.1299,77279,0.399,4004,0,O'rta,1,0,0,3
Ijara,Samarqand,Savdo,850,61,10,3,0,162029,36,0.0813,0.6224,0.5389,0.7652,0.8664,4,0.8984,0.0696,0.1571,1,0.0881,0.0714,0.0952,0.0286,0.1111,0.103,0.0546,181783,0.3991,3961,0,Past,0,0,4,4
Murabaha,Qashqadaryo,Eksport,650,62,7,1,0,78157,24,0.1339,0.4436,0.3699,0.6607,0.4365,2,0.8336,0.1963,0.2423,1,0.1253,0.0645,0.1021,0.017,0.1131,0.1652,0.4226,88619,0.4396,16465,0,Yuqori,2,1,3,0
Musharaka,Farg'ona,Xizmat,628,58,8,5,0,28389,60,0.3097,0.6272,0.5736,0.6472,0.1036,2,0.8224,0.4555,0.2457,1,0.216,0.0833,0.0992,0.1153,0.23,0.09,0.9215,50371,0.7514,34877,1,Juda Yuqori,3,2,1,5
Sukuk,Samarqand,Eksport,672,37,20,6,0,10119,24,0.0765,0.7153,0.3241,0.605,0.1302,2,0.9206,0.5,0.1067,1,0.0745,0.0441,0.1015,0.0681,0.1777,-0.0036,0.3424,10893,0.2247,838,1,Yuqori,2,3,4,0
Sukuk,Farg'ona,Ishlab chiqarish,625,22,23,2,0,15504,36,0.0791,0.6883,0.5076,0.7894,0.5717,3,0.9006,0.1405,0.149,1,0.0505,0.0507,0.0897,0.1019,0.0019,0.0029,0.1945,17343,0.2989,1008,0,O'rta,1,3,1,1
Murabaha,Farg'ona,Xizmat,665,40,3,5,0,9835,60,0.0775,0.4705,0.0619,0.5633,0.7983,1,0.9132,0.5,0.0874,1,0.1386,0.0544,0.0881,0.0219,0.1863,-0.0427,0.4952,11742,0.4442,2583,0,Juda Yuqori,3,1,1,5
Murabaha,Farg'ona,Qurilish,742,55,9,2,0,24675,6,0.0961,0.7936,0.4833,0.8371,0.2774,4,0.8381,0.4128,0.1975,1,0.1217,0.0625,0.1174,0.055,0.0789,-0.1207,0.3626,25267,0.3916,3588,0,Yuqori,2,1,1,3
Murabaha,Qashqadaryo,Qurilish,608,27,7,3,2,25075,24,0.1641,0.561,0.2721,0.5322,0.559,2,0.7287,0.1876,0.247,1,0.1472,0.0508,0.0915,0.098,0.1524,0.0085,0.9124,29189,0.3806,10135,1,Juda Yuqori,3,1,3,3
Ijara,Samarqand,Eksport,584,59,21,2,1,23337,12,0.1204,0.4588,0.1774,0.5439,0.4609,3,0.9036,0.0823,0.1901,1,0.0983,0.0476,0.0991,0.0282,-0.1446,0.0102,0.2431,24742,0.3165,1904,0,O'rta,1,0,4,0
Ijara,Farg'ona,Savdo,675,33,1,2,0,9762,36,0.0998,0.1972,0.5008,0.6684,0.4434,4,0.7943,0.2412,0.1813,0,0.0909,0.0508,0.0504,0.0827,-0.0776,0.0101,0.1396,11223,0.3877,607,0,O'rta,1,0,1,4
Murabaha,Samarqand,Xizmat,739,40,13,3,0,394466,36,0.1361,0.4636,0.542,0.7287,0.3623,3,0.7776,0.1547,0.2044,0,0.0735,0.0844,0.0303,0.042,0.2548,-0.0035,0.1563,474977,0.4977,36955,0,O'rta,1,1,4,5
Musharaka,Toshkent,Savdo,823,26,17,0,0,77608,36,0.3232,0.5274,0.6225,0.8213,0.7023,2,0.7335,0.1866,0.1318,1,0.2187,0.071,0.1355,0.0853,-0.0458,0.0137,0.7812,115235,0.648,58336,0,Juda Yuqori,3,2,5,4
Ijara,Namangan,Ishlab chiqarish,645,47,24,1,1,114672,36,0.0887,0.7521,0.5804,0.7668,0.4712,3,0.9536,0.3109,0.2861,1,0.0828,0.0609,0.1255,0.0258,0.3195,-0.014,0.7985,129923,0.4006,41557,0,Juda Yuqori,3,0,2,1
Ijara,Namangan,Xizmat,770,26,21,2,0,12011,36,0.0797,0.6934,0.3361,0.891,0.4403,2,0.9239,0.3577,0.1398,1,0.0738,0.0395,0.086,0.0423,-0.0726,0.0833,0.1763,13447,0.2934,696,1,O'rta,1,0,2,5
Musharaka,Qashqadaryo,Ishlab chiqarish,706,58,1,2,0,5930,120,0.1921,0.5306,0.2984,0.6555,0.3808,3,0.7601,0.1849,0.1408,1,0.2418,0.0524,0.1222,0.0375,0.0478,-0.0488,0.53,11626,0.5388,3320,0,Juda Yuqori,3,2,3,1
Musharaka,Qashqadaryo,Savdo,707,41,2,2,0,61567,120,0.1652,0.6526,0.533,0.6894,0.5119,3,0.8573,0.1238,0.0803,1,0.2264,0.06,0.0994,0.0395,0.0313,-0.015,0.5709,112429,0.5929,38058,0,Juda Yuqori,3,2,3,4
Musharaka,Toshkent,Ishlab chiqarish,564,43,7,2,0,29705,84,0.1458,0.4575,0.1751,0.5975,0.3408,4,0.8231,0.2209,0.3614,1,0.2299,0.0492,0.1053,0.0117,0.2944,0.0216,0.5841,44864,0.7176,18804,0,Juda Yuqori,3,2,5,1
Murabaha,Toshkent,Eksport,630,47,22,5,0,55987,36,0.1409,0.8309,0.2915,0.8152,0.8936,3,0.8124,0.1773,0.1952,1,0.1507,0.0463,0.0897,0.0092,-0.0464,0.0591,0.5512,67818,0.4525,16913,0,Juda Yuqori,3,1,5,0
Musharaka,Samarqand,Qurilish,651,26,19,1,1,28720,120,0.2564,0.4764,0.6146,0.7044,0.8076,3,0.7277,0.2706,0.4,0,0.2707,0.0663,0.1317,0.0637,0.0953,0.058,0.9966,65537,0.4784,31249,1,Juda Yuqori,3,2,4,3
Ijara,Samarqand,Eksport,737,39,9,2,0,28232,12,0.0716,0.2229,0.3806,0.5256,0.5569,4,0.7845,0.0857,0.0179,1,0.0419,0.0578,0.1034,0.0915,0.1079,0.1138,0.0208,29243,0.3348,204,0,Past,0,0,4,0
Sukuk,Samarqand,Xizmat,632,26,14,2,0,197536,24,0.0585,0.8217,0.3082,0.6032,0.8951,3,0.7283,0.2144,0.0171,1,0.1094,0.079,0.1324,0.0676,-0.0525,-0.0727,0.4796,209099,0.2564,25705,1,Juda Yuqori,3,3,4,5
Musharaka,Buxoro,Eksport,666,34,4,0,0,22901,12,0.3083,0.7787,0.4311,0.9675,0.514,3,0.8746,0.1399,0.3529,1,0.254,0.0337,0.0966,0.0342,-0.104,-0.1016,0.6621,26431,0.7511,13143,1,Juda Yuqori,3,2,0,0
Ijara,Samarqand,Savdo,617,59,16,4,0,23113,36,0.067,0.73,0.4709,0.8643,0.1823,3,0.6847,0.2381,0.0225,1,0.0541,0.054,0.0816,0.0959,0.2497,0.1299,0.1693,25434,0.3476,1497,0,O'rta,1,0,4,4
Murabaha,Farg'ona,Savdo,681,28,9,4,1,14997,12,0.1795,0.4117,0.2384,0.9503,0.7184,3,0.9064,0.214,0.0778,1,0.1368,0.0687,0.055,0.0255,-0.0621,0.0066,0.1945,16343,0.2271,722,1,O'rta,1,1,1,4
Musharaka,Namangan,Savdo,532,47,12,2,0,17059,36,0.3221,0.6329,0.5385,0.4443,0.8116,4,0.6199,0.2619,0.1008,1,0.2462,0.0666,0.0827,0.0546,-0.0052,-0.0024,0.9452,25301,0.5727,13695,1,Juda Yuqori,3,2,2,4
Murabaha,Namangan,Qishloq xo'jaligi,574,57,13,2,0,19001,12,0.1397,0.7422,0.1008,0.5923,0.8308,2,0.9375,0.36,0.0303,1,0.0809,0.0402,0.0865,0.0525,0.145,-0.0164,0.4356,20328,0.4261,3772,0,Yuqori,2,1,2,2
Murabaha,Samarqand,Ishlab chiqarish,564,22,17,5,1,339590,24,0.1187,0.7795,0.5611,0.8845,0.5701,4,0.7214,0.1453,0.0693,0,0.0815,0.0512,0.1037,0.0471,0.0892,0.0617,0.811,379882,0.4092,126054,1,Juda Yuqori,3,1,4,1
Ijara,Farg'ona,Eksport,661,26,7,1,0,22760,84,0.0829,0.6695,0.4288,0.8735,0.898,2,0.8092,0.0726,0.0022,1,0.0733,0.051,0.0898,0.074,-0.0185,0.2623,0.1725,29366,0.3794,1922,0,O'rta,1,0,1,0
Sukuk,Toshkent,Xizmat,729,37,9,4,0,22019,120,0.0458,0.5435,0.451,0.867,0.2388,3,0.6999,0.1373,0.035,1,0.1373,0.0616,0.1346,0.036,-0.1242,0.1407,0.0535,27063,0.3821,553,0,Past,0,3,5,5
Murabaha,Buxoro,Ishlab chiqarish,589,24,16,3,1,15659,12,0.0852,0.3704,0.336,0.9318,0.1548,2,0.859,0.1564,0.3725,1,0.0748,0.0531,0.0837,0.0579,0.0004,-0.0809,0.3801,16326,0.3972,2465,1,Yuqori,2,1,0,1
Murabaha,Samarqand,Qishloq xo'jaligi,553,30,13,2,1,48676,60,0.1355,0.4946,0.4407,0.7354,0.5006,4,0.8468,0.167,0.078,1,0.1058,0.0541,0.104,0.0202,-0.1409,0.0901,0.4636,65162,0.4383,13240,1,Juda Yuqori,3,1,4,2
Ijara,Farg'ona,Qurilish,613,25,24,1,0,102659,36,0.1103,0.7352,0.2675,0.616,0.692,1,0.55,0.442,0.2731,1,0.0982,0.0493,0.0985,0.0454,0.1652,0.0059,0.9228,119642,0.418,46145,0,Juda Yuqori,3,0,1,3
Murabaha,Samarqand,Qurilish,529,29,18,1,0,12657,12,0.1418,0.6474,0.5108,0.3582,0.1882,2,0.7416,0.2983,0.1541,0,0.0931,0.0645,0.0704,0.0737,-0.1487,0.0637,0.9147,13554,0.4083,5062,0,Juda Yuqori,3,1,4,3
Musharaka,Namangan,Qishloq xo'jaligi,469,22,21,0,0,93685,84,0.3134,0.591,0.1396,0.5224,0.7089,4,0.8728,0.1683,0.1843,1,0.2607,0.0677,0.1249,0.0536,-0.0182,0.0443,0.7839,196441,0.6377,98205,1,Juda Yuqori,3,2,2,2
Ijara,Farg'ona,Eksport,764,54,22,1,1,47413,36,0.1075,0.6244,0.05,0.6461,0.5356,4,0.7387,0.0979,0.0249,1,0.1112,0.0541,0.0769,0.0288,-0.1055,0.0156,0.0283,55062,0.4477,698,0,Past,0,0,1,0
Musharaka,Buxoro,Savdo,683,38,13,3,0,19042,12,0.2871,0.6543,0.174,0.8278,0.1513,3,0.6655,0.1345,0.0542,1,0.2863,0.0565,0.137,0.0371,-0.1245,0.1293,0.2353,21775,0.7041,3608,0,O'rta,1,2,0,4
Murabaha,Qashqadaryo,Savdo,529,45,22,3,0,312571,12,0.1722,0.5726,0.3574,0.6306,0.2155,3,0.6837,0.5,0.0405,1,0.0833,0.0529,0.0708,0.0387,-0.0511,-0.0142,0.637,339477,0.3391,73329,1,Juda Yuqori,3,1,3,4
Murabaha,Namangan,Xizmat,773,35,9,3,0,29766,36,0.1407,0.4016,0.5056,0.8499,0.5289,3,0.6256,0.1205,0.1517,1,0.1087,0.0652,0.094,0.0385,0.3237,0.0415,0.1223,36048,0.4731,2085,0,O'rta,1,1,2,5
Ijara,Qashqadaryo,Savdo,765,44,24,3,0,27464,84,0.0906,0.421,0.5291,0.6503,0.843,4,0.8006,0.1475,0.0479,1,0.0242,0.0435,0.0872,0.0617,0.0576,0.1188,0.0866,36172,0.3774,1182,0,Past,0,0,3,4
Musharaka,Namangan,Ishlab chiqarish,645,22,14,3,0,8488,12,0.211,0.5852,0.3334,0.8883,0.3999,3,0.8199,0.0384,0.1573,1,0.2794,0.0503,0.0833,0.0324,0.1092,-0.0806,0.3947,9383,0.603,2233,1,Yuqori,2,2,2,1
Murabaha,Samarqand,Ishlab chiqarish,537,24,7,0,0,361419,36,0.133,0.75,0.171,0.5279,0.4508,1,0.7283,0.1433,0.3352,1,0.1309,0.05,0.1233,0.076,-0.1091,0.0623,0.8712,433500,0.4183,157964,1,Juda Yuqori,3,1,4,1
Ijara,Qashqadaryo,Savdo,798,33,20,0,0,19723,84,0.0907,0.3532,0.3465,0.6147,0.1808,3,0.912,0.2209,0.0273,1,0.0465,0.067,0.1059,0.0644,-0.1599,0.2347,0.0242,25985,0.4047,255,0,Past,0,0,3,4
Murabaha,Toshkent,Qurilish,679,37,23,3,0,16794,6,0.1023,0.3748,0.526,0.7661,0.3148,3,0.9191,0.0551,0.2157,1,0.0706,0.066,0.0917,0.0533,-0.0523,0.0992,0.1247,17224,0.4705,1010,0,O'rta,1,1,5,3
Ijara,Toshkent,Xizmat,568,23,10,0,0,120648,60,0.0799,0.5673,0.3078,0.8407,0.1857,5,0.55,0.3951,0.1469,1,0.0858,0.0557,0.0804,0.0914,0.0317,0.0371,0.1483,144734,0.2836,6086,0,O'rta,1,0,5,5
Murabaha,Buxoro,Qurilish,648,34,18,3,0,45160,60,0.1265,0.8353,0.5334,0.5779,0.8383,2,0.9156,0.2374,0.0243,1,0.1167,0.087,0.0641,0.0395,0.2706,0.0921,0.6962,59439,0.3392,14036,1,Juda Yuqori,3,1,0,3
Sukuk,Toshkent,Eksport,535,55,23,1,0,606881,84,0.0908,0.57,0.3754,0.7414,0.7114,2,0.6224,0.3035,0.0419,1,0.0857,0.0731,0.111,0.0261,0.2267,0.1556,0.6088,799677,0.172,83743,1,Juda Yuqori,3,3,5,0
Murabaha,Samarqand,Xizmat,772,32,3,3,0,123412,6,0.0985,0.6676,0.2826,0.5203,0.2282,2,0.6658,0.0771,0.1084,1,0.1209,0.0292,0.1205,0.0816,0.1102,0.0928,0.1817,126452,0.4631,10639,0,O'rta,1,1,4,5
Murabaha,Farg'ona,Qishloq xo'jaligi,543,29,2,4,0,132979,12,0.121,0.6989,0.2756,0.7139,0.693,2,0.8566,0.318,0.1878,1,0.0527,0.0484,0.1323,0.0678,-0.0444,-0.0059,0.7791,141022,0.3573,39251,1,Juda Yuqori,3,1,1,2
Murabaha,Farg'ona,Xizmat,631,40,24,3,1,17657,36,0.1215,0.5311,0.2031,0.8996,0.6059,4,0.8149,0.1085,0.0966,1,0.1429,0.07,0.0578,0.0208,0.054,0.0482,0.0955,20875,0.5059,1008,0,Past,0,1,1,5
Murabaha,Buxoro,Qurilish,569,46,6,1,0,64771,60,0.1282,0.6872,0.2108,0.8581,0.2385,2,0.6987,0.1116,0.1664,1,0.1053,0.0512,0.1087,0.0544,-0.2099,-0.0225,0.2104,85537,0.4449,8005,0,O'rta,1,1,0,3
Sukuk,Namangan,Ishlab chiqarish,652,29,14,2,1,87526,36,0.0801,0.7653,0.4411,0.675,0.4135,3,0.9317,0.0879,0.2032,1,0.0796,0.057,0.1326,0.0545,-0.0693,0.0715,0.4634,98047,0.3551,16134,1,Juda Yuqori,3,3,2,1
Sukuk,Samarqand,Eksport,631,31,3,0,0,13325,84,0.0603,0.5415,0.4852,0.5453,0.2936,3,0.8991,0.2485,0.0849,1,0.1167,0.0476,0.1103,0.0594,-0.0976,0.1437,0.3545,16137,0.1093,625,0,Yuqori,2,3,4,0
Murabaha,Buxoro,Eksport,580,38,17,4,1,85365,12,0.1063,0.7357,0.2956,0.6205,0.1858,2,0.797,0.125,0.0469,0,0.1552,0.0787,0.1216,0.0574,0.0346,-0.0443,0.6291,89901,0.5597,31651,1,Juda Yuqori,3,1,0,0
Musharaka,Buxoro,Qurilish,783,59,18,3,0,49341,84,0.3604,0.7307,0.1391,0.7591,0.5776,1,0.8844,0.156,0.0999,1,0.2923,0.0245,0.1155,0.054,0.4921,0.1225,0.5405,111584,0.6218,37498,0,Juda Yuqori,3,2,0,3
Ijara,Namangan,Xizmat,816,24,23,2,1,13837,12,0.0589,0.5239,0.5546,0.8295,0.8906,1,0.6535,0.0399,0.3382,1,0.1102,0.0555,0.0989,0.0982,0.15,0.0493,0.811,14245,0.2553,2949,1,Juda Yuqori,3,0,2,5
Sukuk,Farg'ona,Eksport,683,53,14,6,1,58792,36,0.085,0.8168,0.4955,0.7243,0.2516,3,0.9454,0.1663,0.2149,1,0.0489,0.0756,0.0878,0.1037,-0.0377,-0.0171,0.354,66286,0.1867,4381,0,Yuqori,2,3,1,0
Musharaka,Buxoro,Ishlab chiqarish,602,30,8,4,1,28616,84,0.2299,0.8258,0.5303,0.6789,0.1805,2,0.7348,0.4221,0.0057,1,0.2699,0.0542,0.1116,0.0451,0.0977,-0.0159,0.9787,51647,0.6129,30983,1,Juda Yuqori,3,2,0,1
Murabaha,Buxoro,Xizmat,625,47,15,1,0,86641,12,0.1415,0.9062,0.4072,0.577,0.4382,4,0.7867,0.3492,0.0197,0,0.1047,0.062,0.1093,0.0354,-0.2184,0.0451,0.7269,92769,0.3053,20586,1,Juda Yuqori,3,1,0,5
Murabaha,Farg'ona,Eksport,747,30,14,5,0,35338,6,0.1187,0.4143,0.2588,0.5421,0.4164,4,0.55,0.1805,0.0599,1,0.1007,0.0335,0.0905,0.0843,0.156,-0.0593,0.0739,36387,0.4957,1333,0,Past,0,1,1,0
Ijara,Farg'ona,Savdo,683,44,12,2,0,107386,24,0.068,0.6172,0.6962,0.6272,0.7641,3,0.55,0.0881,0.24,1,0.1019,0.0646,0.0353,0.064,-0.1266,0.0499,0.6019,114691,0.3912,27003,1,Juda Yuqori,3,0,1,4
Murabaha,Toshkent,Qishloq xo'jaligi,605,33,9,2,1,10319,24,0.1572,0.5424,0.2609,0.4809,0.1881,4,0.8236,0.4825,0.1406,1,0.115,0.0672,0.1142,0.0697,-0.0792,0.1298,0.5572,11941,0.4507,2999,0,Juda Yuqori,3,1,5,2
Musharaka,Samarqand,Qurilish,630,31,6,3,0,45831,12,0.2087,0.9064,0.2074,0.5716,0.435,2,0.8339,0.1093,0.0237,0,0.2812,0.044,0.1041,0.0453,0.0042,-0.0755,0.8156,50614,0.5184,21397,0,Juda Yuqori,3,2,4,3
Murabaha,Farg'ona,Ishlab chiqarish,695,24,6,4,1,28281,60,0.1558,0.7219,0.281,0.9255,0.7064,2,0.5725,0.0946,0.0375,1,0.1431,0.0587,0.1227,0.0325,-0.0893,0.0801,0.5343,39295,0.4687,9840,0,Juda Yuqori,3,1,1,1
Ijara,Farg'ona,Savdo,645,46,18,5,0,28278,60,0.1026,0.5069,0.0912,0.8117,0.5007,4,0.893,0.1882,0.0272,1,0.1088,0.0954,0.1051,0.057,-0.2612,0.0979,0.0298,35529,0.411,435,0,Past,0,0,1,4
Murabaha,Toshkent,Qurilish,550,57,8,1,0,56942,24,0.0768,0.3472,0.6937,0.7321,0.4944,2,0.8577,0.1377,0.0107,1,0.099,0.0408,0.0835,0.0461,0.1017,-0.0295,0.4207,61312,0.3862,9961,1,Yuqori,2,1,5,3
Musharaka,Samarqand,Qishloq xo'jaligi,700,35,4,4,0,18125,12,0.1554,0.4915,0.2742,0.4631,0.6473,4,0.64,0.5,0.28,0,0.2305,0.0588,0.1409,0.0001,0.1236,0.0406,0.9412,19534,0.5362,9857,1,Juda Yuqori,3,2,4,2
Musharaka,Toshkent,Savdo,815,37,21,1,0,4593,12,0.3459,0.7052,0.3528,0.5925,0.3623,5,0.7812,0.43,0.1061,1,0.2586,0.0587,0.0901,0.0539,0.3068,0.0203,0.4081,5387,0.6415,1410,1,Yuqori,2,2,5,4
Ijara,Samarqand,Savdo,681,31,12,0,0,41691,24,0.1006,0.7508,0.7819,0.7281,0.1103,1,0.7572,0.2559,0.0441,1,0.0973,0.0426,0.0661,0.0591,0.0048,-0.0041,0.6409,45884,0.2236,6574,1,Juda Yuqori,3,0,4,4
Murabaha,Toshkent,Qishloq xo'jaligi,541,34,7,4,0,32123,6,0.1792,0.7042,0.3903,0.8177,0.3607,4,0.6734,0.0866,0.0215,1,0.1223,0.0592,0.0988,0.0584,0.0458,0.1667,0.1831,33562,0.5499,3378,0,O'rta,1,1,5,2
Musharaka,Qashqadaryo,Qurilish,626,51,24,2,0,4195,120,0.2237,0.6345,0.1325,0.8188,0.5343,4,0.6609,0.1993,0.1913,1,0.2586,0.0629,0.096,0.0366,0.0312,0.005,0.4965,8886,0.6419,2832,1,Juda Yuqori,3,2,3,3
Musharaka,Qashqadaryo,Xizmat,705,50,1,3,0,203527,84,0.1529,0.6405,0.1833,0.8187,0.5696,2,0.6027,0.3821,0.1927,1,0.2038,0.0591,0.104,0.0738,0.0767,0.0738,0.7546,312477,0.5175,122027,1,Juda Yuqori,3,2,3,5
Musharaka,Samarqand,Qishloq xo'jaligi,850,38,22,6,0,98945,120,0.207,0.5328,0.2838,0.6653,0.4476,4,0.8214,0.0609,0.0543,1,0.2608,0.0365,0.0925,0.0933,0.1369,0.1069,0.0665,201351,0.6092,8162,0,Past,0,2,4,2
Musharaka,Qashqadaryo,Qurilish,636,35,5,5,1,22082,24,0.3229,0.6119,0.3657,0.7297,0.8863,4,0.6623,0.0974,0.0159,1,0.2944,0.0564,0.1286,0.0379,0.1167,0.0721,0.8678,29212,0.5606,14210,1,Juda Yuqori,3,2,3,3
Ijara,Namangan,Eksport,637,60,19,1,0,90634,24,0.0524,0.7868,0.1111,0.3787,0.8443,2,0.55,0.0419,0.1093,0,0.1144,0.0675,0.0919,0.0644,0.2808,0.0723,0.6919,95386,0.4076,26905,1,Juda Yuqori,3,0,2,0
Ijara,Namangan,Eksport,614,56,3,0,0,63019,12,0.1124,0.4785,0.3807,0.864,0.1686,3,0.8219,0.3709,0.1947,1,0.0903,0.0527,0.1199,0.0835,0.0629,0.1271,0.3703,66561,0.4494,11077,1,Yuqori,2,0,2,0
Murabaha,Qashqadaryo,Eksport,768,41,4,2,0,6762,36,0.1014,0.5595,0.1791,0.9537,0.659,2,0.8466,0.059,0.0528,1,0.1526,0.0497,0.0967,0.0819,-0.2277,0.127,0.0577,7791,0.5444,245,0,Past,0,1,3,0
Ijara,Qashqadaryo,Eksport,700,62,11,2,0,89706,84,0.1159,0.5995,0.5417,0.5249,0.2374,3,0.7775,0.1111,0.1198,1,0.0426,0.0432,0.0901,0.034,-0.0382,-0.0328,0.182,126103,0.402,9225,0,O'rta,1,0,3,0
Musharaka,Farg'ona,Ishlab chiqarish,561,44,8,2,1,52592,120,0.1878,0.8434,0.3102,0.8972,0.5493,3,0.9322,0.0622,0.0428,1,0.2398,0.0656,0.0864,0.0048,0.0247,0.0019,0.6263,101968,0.6258,39967,0,Juda Yuqori,3,2,1,1
Murabaha,Farg'ona,Savdo,698,39,11,4,2,74166,12,0.1281,0.4642,0.3953,0.6838,0.2651,2,0.8868,0.2233,0.206,1,0.1188,0.0613,0.1223,0.0301,0.1666,0.0958,0.7364,78918,0.3149,18299,1,Juda Yuqori,3,1,1,4
Murabaha,Buxoro,Savdo,595,39,8,2,0,12320,6,0.1433,0.4683,0.0574,0.5621,0.6103,3,0.9142,0.0987,0.0628,1,0.1327,0.0382,0.0516,0.0253,-0.0144,0.0063,0.0899,12761,0.4088,469,0,Past,0,1,0,4
Murabaha,Buxoro,Qishloq xo'jaligi,726,48,24,2,0,24532,36,0.1169,0.5144,0.1818,0.5262,0.7729,3,0.8909,0.4913,0.1494,1,0.154,0.0523,0.0926,0.0201,0.0661,0.0633,0.4661,28833,0.3581,4812,1,Juda Yuqori,3,1,0,2
Ijara,Farg'ona,Savdo,696,51,4,6,0,43799,12,0.0775,0.3485,0.4882,0.665,0.7183,2,0.55,0.068,0.1884,1,0.0715,0.0448,0.0808,0.0569,0.0096,0.0097,0.3193,45497,0.2594,3768,0,Yuqori,2,0,1,4
Ijara,Qashqadaryo,Eksport,688,33,16,3,0,18849,36,0.1016,0.544,0.5899,0.6801,0.3675,3,0.7151,0.1902,0.0638,1,0.075,0.0505,0.0813,0.0531,-0.351,0.0403,0.1966,21722,0.3995,1706,0,O'rta,1,0,3,0
Ijara,Toshkent,Qishloq xo'jaligi,675,32,1,6,1,24612,12,0.0847,0.3835,0.6284,0.9407,0.5005,3,0.7715,0.1703,0.1074,1,0.1291,0.0473,0.076,0.0798,-0.0992,0.124,0.3595,25654,0.3044,2808,0,Yuqori,2,0,5,2
Musharaka,Buxoro,Ishlab chiqarish,596,58,16,2,0,328208,84,0.3676,0.5557,0.1683,0.8362,0.7174,2,0.9666,0.0126,0.0889,1,0.241,0.0556,0.0972,0.1055,-0.2053,0.1123,0.3038,750476,0.6004,136876,0,Yuqori,2,2,0,1
Musharaka,Toshkent,Eksport,643,41,10,3,0,145429,24,0.3265,0.3816,0.2873,0.6712,0.4136,1,0.55,0.2802,0.3941,1,0.2513,0.0693,0.1331,0.0406,-0.0268,0.0368,0.9356,192911,0.6195,111805,1,Juda Yuqori,3,2,5,0
Murabaha,Samarqand,Xizmat,596,36,21,3,0,13505,6,0.1118,0.7249,0.2104,0.7196,0.4544,3,0.7819,0.1248,0.0437,1,0.1239,0.0546,0.1163,0.0719,0.0868,0.0625,0.1491,13883,0.4765,986,0,O'rta,1,1,4,5
Murabaha,Buxoro,Qishloq xo'jaligi,665,57,12,3,0,20488,24,0.0995,0.5962,0.6428,0.6934,0.7687,2,0.9251,0.3826,0.2611,1,0.1241,0.0665,0.1199,0.0297,0.3533,0.1146,0.8132,22526,0.5689,10422,0,Juda Yuqori,3,1,0,2
Musharaka,Samarqand,Ishlab chiqarish,694,37,22,2,1,273884,120,0.3384,0.8616,0.5159,0.5712,0.5929,1,0.8584,0.0684,0.05,1,0.2411,0.0517,0.0838,0.0436,0.0752,-0.0648,0.961,737332,0.6975,494199,1,Juda Yuqori,3,2,4,1
Murabaha,Samarqand,Qishloq xo'jaligi,617,29,23,3,0,7567,6,0.0876,0.5991,0.3956,0.7245,0.5635,3,0.7457,0.0865,0.4,1,0.1463,0.0751,0.126,0.0435,-0.2517,-0.0448,0.5687,7733,0.5,2199,1,Juda Yuqori,3,1,4,2
Murabaha,Farg'ona,Ishlab chiqarish,655,23,23,0,0,20576,24,0.156,0.6262,0.5388,0.7297,0.5655,3,0.7874,0.2941,0.0509,0,0.1037,0.0688,0.0831,0.0227,0.081,-0.0627,0.6176,23785,0.2975,4370,1,Juda Yuqori,3,1,1,1
Musharaka,Namangan,Ishlab chiqarish,644,29,1,2,0,42659,60,0.2619,0.8299,0.2477,0.4641,0.5259,4,0.7169,0.2919,0.1183,1,0.2392,0.0351,0.0933,0.062,-0.0726,-0.09,0.8284,70589,0.7443,43521,1,Juda Yuqori,3,2,2,1
Ijara,Namangan,Xizmat,762,32,9,6,0,41674,24,0.0955,0.4969,0.4346,0.6463,0.158,3,0.6047,0.1323,0.2319,0,0.1175,0.0441,0.1051,0.0008,-0.0873,0.0929,0.2696,45654,0.4018,4946,0,Yuqori,2,0,2,5
Sukuk,Farg'ona,Savdo,603,29,22,1,0,63494,36,0.0543,0.6608,0.4624,0.4378,0.4555,3,0.7681,0.2224,0.009,1,0.0963,0.0841,0.0674,0.0888,-0.095,0.0429,0.3621,68661,0.2492,6196,1,Yuqori,2,3,1,4
Sukuk,Qashqadaryo,Qurilish,811,33,10,2,0,7365,24,0.067,0.9112,0.4498,0.9468,0.615,5,0.5693,0.081,0.0922,1,0.0457,0.0532,0.111,0.0121,0.3336,0.0352,0.0314,7859,0.2533,62,0,Past,0,3,3,3
Ijara,Farg'ona,Ishlab chiqarish,532,63,6,1,0,6922,60,0.0792,0.3034,0.5134,0.841,0.899,3,0.6892,0.122,0.0482,0,0.1181,0.0724,0.0774,0.0548,0.3501,-0.0041,0.4305,8292,0.3744,1336,0,Yuqori,2,0,1,1
Musharaka,Samarqand,Ishlab chiqarish,601,63,2,0,0,116727,60,0.3786,0.7237,0.257,0.6511,0.8568,3,0.9004,0.2207,0.037,0,0.2767,0.0528,0.0871,0.0396,-0.0866,0.182,0.912,227218,0.6257,129664,1,Juda Yuqori,3,2,4,1
Musharaka,Namangan,Xizmat,685,36,6,2,0,21052,36,0.1566,0.6358,0.2948,0.6079,0.4339,2,0.8245,0.131,0.0277,1,0.2162,0.0734,0.1415,0.002,-0.0133,0.0444,0.5694,25996,0.6466,9571,1,Juda Yuqori,3,2,2,5
Ijara,Samarqand,Ishlab chiqarish,648,32,2,2,1,84561,36,0.1079,0.7136,0.6664,0.6801,0.8091,2,0.6987,0.0554,0.0696,1,0.0723,0.0413,0.0852,0.0007,0.2161,0.0864,0.8283,98249,0.4064,33075,1,Juda Yuqori,3,0,4,1
Murabaha,Qashqadaryo,Qurilish,691,45,16,2,0,76848,60,0.0755,0.6943,0.4013,0.8273,0.2826,3,0.7518,0.343,0.1189,1,0.1203,0.0784,0.088,0.1268,-0.1114,-0.0301,0.2094,91352,0.3192,6106,0,O'rta,1,1,3,3
Murabaha,Buxoro,Qishloq xo'jaligi,757,45,21,1,0,310699,12,0.073,0.4114,0.0981,0.6379,0.2038,5,0.6488,0.2394,0.1232,1,0.1034,0.0715,0.0883,0.042,-0.0195,-0.1008,0.0086,322033,0.324,892,0,Past,0,1,0,2
Ijara,Buxoro,Qishloq xo'jaligi,630,33,4,2,0,59372,84,0.0896,0.7042,0.2231,0.7734,0.5366,3,0.7802,0.1333,0.2065,1,0.1271,0.0478,0.0978,0.1126,-0.4057,-0.0503,0.1716,77985,0.4058,5431,0,O'rta,1,0,0,2
Murabaha,Qashqadaryo,Eksport,665,23,17,1,0,172363,24,0.1232,0.5425,0.3514,0.8301,0.3536,5,0.7863,0.1032,0.2148,1,0.101,0.0649,0.1003,0.046,-0.2812,-0.0518,0.0478,193599,0.4761,4408,0,Past,0,1,3,0
Musharaka,Namangan,Qishloq xo'jaligi,634,61,8,5,0,60892,12,0.301,0.5464,0.3467,0.4456,0.3383,1,0.983,0.0996,0.0496,1,0.2141,0.0638,0.0743,0.0729,0.0695,0.1027,0.6368,70057,0.6449,28768,1,Juda Yuqori,3,2,2,2
Musharaka,Namangan,Qurilish,685,56,24,2,0,82573,24,0.3452,0.3785,0.676,0.7728,0.4762,4,0.8975,0.1166,0.0467,0,0.2136,0.082,0.1276,0.0399,0.1147,0.0666,0.4468,111080,0.6213,30832,1,Yuqori,2,2,2,3
Murabaha,Samarqand,Qishloq xo'jaligi,791,44,1,2,1,29827,12,0.1396,0.7624,0.2597,0.5041,0.2267,3,0.9098,0.2102,0.0499,0,0.1414,0.0419,0.1061,0.047,0.0237,0.0727,0.3155,31909,0.3136,3157,0,Yuqori,2,1,4,2
Murabaha,Farg'ona,Qurilish,814,49,22,3,1,290124,60,0.118,0.6678,0.127,0.5663,0.7455,3,0.855,0.3391,0.017,1,0.1507,0.0528,0.1067,0.0007,-0.049,-0.0097,0.3222,375739,0.3953,47857,0,Yuqori,2,1,1,3
Murabaha,Namangan,Qurilish,631,38,8,6,1,105022,24,0.1152,0.935,0.7785,0.9027,0.8615,4,0.5658,0.4344,0.1049,1,0.1669,0.0754,0.1351,0.0039,0.1801,0.0401,0.9899,117121,0.4709,54597,1,Juda Yuqori,3,1,2,3
Murabaha,Toshkent,Savdo,678,54,6,4,0,12647,36,0.0836,0.7911,0.4638,0.7856,0.7122,3,0.6991,0.168,0.1495,1,0.1014,0.0848,0.144,0.0447,0.2334,0.0271,0.5998,14233,0.5051,4312,1,Juda Yuqori,3,1,5,4
Murabaha,Toshkent,Savdo,746,40,23,2,0,20165,36,0.1258,0.5339,0.3027,0.8917,0.774,4,0.855,0.1105,0.0953,1,0.0879,0.0517,0.0955,0.083,0.0741,0.0417,0.0293,23971,0.3455,243,0,Past,0,1,5,4
Ijara,Samarqand,Qurilish,692,61,13,5,1,66709,12,0.0968,0.5349,0.5326,0.8157,0.7484,3,0.55,0.1437,0.1127,1,0.0948,0.0731,0.0927,0.0713,0.0474,0.1003,0.5494,69939,0.3041,11686,1,Juda Yuqori,3,0,4,3
Murabaha,Buxoro,Qishloq xo'jaligi,699,37,15,0,0,55745,12,0.0764,0.5559,0.3392,0.6236,0.7791,1,0.9686,0.1801,0.1083,1,0.1135,0.0728,0.1101,0.0606,0.2971,0.15,0.4685,57874,0.4327,11733,1,Juda Yuqori,3,1,0,2
Musharaka,Buxoro,Qishloq xo'jaligi,513,46,24,0,0,15155,84,0.168,0.8366,0.5888,0.7454,0.4463,5,0.9079,0.0974,0.2573,1,0.2369,0.0557,0.0937,0.0459,0.052,0.116,0.7676,24065,0.5836,10780,1,Juda Yuqori,3,2,0,2
Murabaha,Buxoro,Eksport,592,39,7,4,0,9787,36,0.1304,0.5352,0.4396,0.8355,0.6969,2,0.8498,0.2968,0.0722,1,0.1392,0.0396,0.0769,0.0499,-0.1353,0.0367,0.5248,11702,0.4113,2526,1,Juda Yuqori,3,1,0,0
Sukuk,Buxoro,Xizmat,709,42,21,2,0,85000,36,0.0985,0.4544,0.6394,0.6234,0.68,2,0.7785,0.3143,0.232,1,0.1317,0.0473,0.0641,0.0477,0.182,0.037,0.6298,97552,0.3201,19663,1,Juda Yuqori,3,3,0,5
Murabaha,Farg'ona,Savdo,707,22,16,1,0,658218,24,0.1145,0.5063,0.5141,0.7134,0.2424,3,0.6152,0.1758,0.2817,1,0.1454,0.0571,0.0636,0.0742,-0.132,-0.0153,0.3428,733555,0.4827,121362,0,Yuqori,2,1,1,4
Musharaka,Toshkent,Eksport,608,33,21,2,0,36515,12,0.1756,0.5123,0.3223,0.5312,0.5469,2,0.6978,0.0603,0.1335,1,0.2364,0.0549,0.1196,0.0694,-0.0321,0.0726,0.606,39722,0.6309,15188,0,Juda Yuqori,3,2,5,0
Sukuk,Namangan,Eksport,767,44,18,1,0,49804,24,0.056,0.3455,0.4455,0.6876,0.1554,5,0.8456,0.0433,0.3271,1,0.0508,0.0321,0.1127,0.0363,-0.2465,0.0344,0.0113,52593,0.1758,105,0,Past,0,3,2,0
Ijara,Toshkent,Qishloq xo'jaligi,644,49,10,3,0,28379,60,0.0564,0.5131,0.5203,0.6074,0.4454,4,0.8947,0.1501,0.1197,1,0.0941,0.0505,0.1024,0.0909,0.0883,0.0359,0.1581,32383,0.2982,1526,0,O'rta,1,0,5,2
Murabaha,Farg'ona,Ishlab chiqarish,713,60,22,1,0,11358,12,0.1672,0.6127,0.3819,0.6848,0.7647,3,0.8218,0.2776,0.0187,1,0.146,0.0709,0.0859,0.0336,-0.0023,0.0281,0.392,12307,0.4344,2095,1,Yuqori,2,1,1,1
Ijara,Buxoro,Qurilish,673,30,7,4,1,81845,36,0.0688,0.95,0.1681,0.5658,0.8083,3,0.8707,0.0712,0.0726,1,0.0831,0.0407,0.0564,0.0473,-0.0684,0.1889,0.3115,90290,0.427,12009,1,Yuqori,2,0,0,3
Musharaka,Toshkent,Qishloq xo'jaligi,729,48,16,5,1,25249,60,0.1216,0.2812,0.4101,0.8852,0.7989,4,0.8595,0.197,0.1579,1,0.2308,0.0489,0.0961,0.0065,0.1079,0.1539,0.4946,32927,0.5614,9142,0,Juda Yuqori,3,2,5,2
Musharaka,Samarqand,Ishlab chiqarish,632,38,6,2,0,67210,120,0.2423,0.9213,0.1984,0.8083,0.744,2,0.8683,0.312,0.0841,0,0.2801,0.0685,0.0999,0.069,-0.0903,0.0987,0.9433,148642,0.4685,65682,1,Juda Yuqori,3,2,4,1
Murabaha,Namangan,Ishlab chiqarish,704,40,8,6,0,42269,24,0.1672,0.4929,0.2031,0.742,0.3779,2,0.9437,0.1392,0.2092,1,0.0687,0.0435,0.1196,0.0484,0.1058,0.1762,0.1061,49337,0.5377,2813,0,O'rta,1,1,2,1
Murabaha,Farg'ona,Eksport,635,61,6,2,0,82386,36,0.1501,0.2922,0.5469,0.7927,0.8547,3,0.9197,0.0528,0.0331,1,0.1013,0.0539,0.1137,0.1026,0.0083,0.2508,0.1388,100930,0.4569,6402,0,O'rta,1,1,1,0
Ijara,Samarqand,Xizmat,582,62,8,3,1,68197,36,0.0758,0.3363,0.3113,0.925,0.5224,3,0.9356,0.5,0.1261,1,0.1067,0.0698,0.0739,0.11,-0.2959,0.0308,0.3523,75950,0.4458,11926,0,Yuqori,2,0,4,5
Musharaka,Farg'ona,Qishloq xo'jaligi,535,55,11,2,0,57399,12,0.1593,0.6804,0.5019,0.829,0.4222,4,0.6419,0.2987,0.1631,1,0.2527,0.0425,0.1036,0.0197,0.1855,-0.0476,0.8695,61973,0.7145,38501,1,Juda Yuqori,3,2,1,2
Musharaka,Toshkent,Qishloq xo'jaligi,775,32,14,1,0,137969,36,0.1326,0.5607,0.6615,0.6596,0.5831,2,0.8784,0.3342,0.1685,1,0.2413,0.0295,0.0982,0.1037,0.2633,0.0974,0.8782,165413,0.6258,90910,1,Juda Yuqori,3,2,5,2
Ijara,Toshkent,Qurilish,677,38,19,2,0,362000,60,0.1259,0.6787,0.2551,0.765,0.8475,4,0.79,0.0176,0.1107,1,0.0872,0.0331,0.1186,0.0405,0.1788,0.0358,0.1039,475938,0.3793,18759,0,O'rta,1,0,5,3
Ijara,Qashqadaryo,Xizmat,465,58,10,3,0,158499,60,0.0881,0.2568,0.3457,0.8775,0.8285,4,0.8173,0.2085,0.0971,1,0.0904,0.0423,0.0947,0.0818,0.0007,-0.0048,0.1737,193415,0.4048,13598,0,O'rta,1,0,3,5
Murabaha,Toshkent,Qurilish,676,57,21,4,0,45084,60,0.1646,0.4649,0.3906,0.6897,0.1453,4,0.55,0.2058,0.0229,1,0.0655,0.0629,0.1095,0.0368,-0.0217,0.1121,0.0852,63636,0.3771,2045,1,Past,0,1,5,3
Musharaka,Qashqadaryo,Xizmat,559,43,2,2,0,235099,120,0.3766,0.6767,0.5772,0.5563,0.7154,4,0.6357,0.2599,0.0834,1,0.2504,0.0359,0.1043,0.0574,0.1088,0.1775,0.9457,677818,0.5593,358494,1,Juda Yuqori,3,2,3,5
Murabaha,Toshkent,Qurilish,638,43,24,4,1,265786,12,0.1362,0.7686,0.2956,0.9433,0.7493,2,0.6887,0.1974,0.3569,1,0.0935,0.0547,0.0727,0.0747,0.0873,0.0765,0.7018,283888,0.4818,96006,0,Juda Yuqori,3,1,5,3
Ijara,Qashqadaryo,Qishloq xo'jaligi,624,64,24,1,0,9236,84,0.1174,0.4028,0.2299,0.4652,0.1626,3,0.743,0.0206,0.0758,0,0.1061,0.0615,0.0726,0.0031,0.1106,-0.0475,0.0903,13032,0.3328,392,0,Past,0,0,3,2
Ijara,Qashqadaryo,Qurilish,505,31,14,3,0,62902,36,0.0772,0.7114,0.4964,0.878,0.182,5,0.811,0.0323,0.0665,1,0.0532,0.0492,0.0934,0.1043,0.1037,-0.0864,0.0787,70190,0.2743,1514,1,Past,0,0,3,3
Sukuk,Samarqand,Qishloq xo'jaligi,670,52,5,2,0,34949,120,0.0977,0.5045,0.3196,0.831,0.1244,3,0.8138,0.4481,0.1395,1,0.0752,0.0446,0.1315,0.0537,0.1223,-0.0094,0.146,52026,0.3809,2893,0,O'rta,1,3,4,2
Murabaha,Toshkent,Ishlab chiqarish,627,50,22,2,0,5049,60,0.1556,0.4739,0.6369,0.6817,0.4707,3,0.55,0.0788,0.2721,1,0.1125,0.0615,0.0905,0.0498,0.3069,0.0381,0.6324,7012,0.4201,1863,1,Juda Yuqori,3,1,5,1
Murabaha,Namangan,Xizmat,578,41,23,3,1,22590,6,0.1711,0.862,0.5759,0.8915,0.287,5,0.7383,0.0295,0.1385,1,0.1229,0.0475,0.1067,0.0323,-0.0804,0.0834,0.3903,23557,0.4889,4495,1,Yuqori,2,1,2,5
Murabaha,Samarqand,Qurilish,689,49,17,3,0,68734,60,0.1759,0.5185,0.3281,0.9412,0.2874,3,0.5907,0.1013,0.1206,1,0.1342,0.0705,0.0759,0.0357,0.1509,-0.007,0.0914,98957,0.3192,2888,0,Past,0,1,4,3
Murabaha,Qashqadaryo,Ishlab chiqarish,735,51,23,4,0,12289,6,0.1584,0.5183,0.4389,0.3808,0.2888,2,0.55,0.3238,0.1872,1,0.1054,0.068,0.1188,0.0149,-0.0861,-0.086,0.6961,12775,0.427,3797,0,Juda Yuqori,3,1,3,1
Murabaha,Qashqadaryo,Ishlab chiqarish,549,57,24,4,1,58756,36,0.1701,0.7152,0.3725,0.7351,0.7956,5,0.6072,0.1648,0.3415,0,0.1096,0.0334,0.0942,0.0528,0.0702,0.1561,0.9184,73743,0.3991,27030,1,Juda Yuqori,3,1,3,1
Sukuk,Namangan,Eksport,653,26,17,1,0,171243,84,0.0654,0.6218,0.1465,0.8024,0.5747,5,0.6085,0.3328,0.1743,1,0.0893,0.0432,0.0828,0.08,-0.1813,0.044,0.0745,210414,0.2754,4317,0,Past,0,3,2,0
Murabaha,Buxoro,Xizmat,582,62,9,2,0,112645,60,0.1383,0.7593,0.6609,0.8705,0.8531,2,0.55,0.4228,0.2928,0,0.1434,0.0165,0.1256,0.0328,0.1323,0.1913,0.9931,151596,0.4965,74746,1,Juda Yuqori,3,1,0,5
Murabaha,Namangan,Xizmat,605,40,17,1,0,10670,12,0.1637,0.7229,0.0653,0.6272,0.6621,4,0.7969,0.2809,0.0994,1,0.1225,0.053,0.0858,0.0179,0.0713,0.1031,0.2066,11543,0.4274,1019,1,O'rta,1,1,2,5
Ijara,Qashqadaryo,Xizmat,751,43,22,1,0,13881,36,0.0695,0.613,0.2701,0.7617,0.7875,2,0.9333,0.1449,0.0581,0,0.0832,0.0629,0.078,0.0281,-0.208,0.0631,0.1473,15328,0.3468,783,0,O'rta,1,0,3,5
Musharaka,Farg'ona,Xizmat,600,48,17,3,0,327482,12,0.3653,0.5545,0.2046,0.6576,0.5003,2,0.8617,0.207,0.1407,1,0.2568,0.0431,0.0796,0.0232,0.1451,0.0841,0.6004,387300,0.5153,119836,0,Juda Yuqori,3,2,1,5
Ijara,Samarqand,Qurilish,648,25,18,1,0,34222,24,0.0857,0.7204,0.2269,0.6757,0.8631,2,0.9055,0.2506,0.0362,1,0.1086,0.0509,0.1275,0.0336,0.0313,0.0716,0.3521,37153,0.475,6214,0,Yuqori,2,0,4,3
Murabaha,Samarqand,Savdo,730,32,23,4,0,296473,12,0.1201,0.2985,0.484,0.5939,0.5354,2,0.891,0.4838,0.0857,1,0.1349,0.0594,0.1085,0.0419,-0.2631,-0.01,0.5688,314281,0.4829,86319,0,Juda Yuqori,3,1,4,4
Musharaka,Samarqand,Ishlab chiqarish,710,58,15,4,1,83083,36,0.2806,0.345,0.5133,0.7642,0.4348,3,0.6735,0.0312,0.0224,1,0.2364,0.077,0.1067,0.0433,-0.0315,-0.0673,0.3848,118046,0.5737,26059,1,Yuqori,2,2,4,1
Murabaha,Namangan,Qishloq xo'jaligi,520,43,19,2,0,160564,36,0.0733,0.5311,0.3219,0.577,0.4284,3,0.7172,0.3195,0.2389,1,0.1448,0.0587,0.1347,0.0239,0.163,-0.0086,0.7169,178220,0.5119,65407,1,Juda Yuqori,3,1,2,2
Murabaha,Farg'ona,Qurilish,445,53,22,0,0,47634,6,0.1679,0.5923,0.3672,0.8963,0.4981,2,0.8385,0.0805,0.0993,1,0.1572,0.0496,0.0913,0.0614,0.1808,0.2099,0.3639,49634,0.4569,8253,0,Yuqori,2,1,1,3
Sukuk,Namangan,Qishloq xo'jaligi,773,41,14,3,0,70860,36,0.0719,0.6875,0.2814,0.7422,0.3773,3,0.9113,0.1907,0.0531,1,0.1207,0.0725,0.074,0.0293,0.1208,0.0445,0.0354,78506,0.2844,791,0,Past,0,3,2,2
Murabaha,Namangan,Ishlab chiqarish,725,57,2,1,1,43295,36,0.1671,0.4042,0.2175,0.6612,0.8352,4,0.5929,0.0298,0.0762,1,0.0983,0.0578,0.0965,0.0264,-0.1304,0.0958,0.073,54144,0.5239,2070,0,Past,0,1,2,1
Musharaka,Qashqadaryo,Ishlab chiqarish,711,43,21,5,2,289846,84,0.3648,0.6641,0.4074,0.7215,0.5361,3,0.5733,0.1324,0.0227,1,0.202,0.0575,0.0657,0.0684,0.3156,0.0582,0.8596,659882,0.4223,239566,1,Juda Yuqori,3,2,3,1
Murabaha,Samarqand,Qurilish,739,55,15,1,0,78362,60,0.1528,0.4433,0.1818,0.7111,0.7915,2,0.55,0.0897,0.0363,1,0.0958,0.0546,0.1358,0.0305,-0.2624,0.0836,0.1641,108299,0.5167,9185,0,O'rta,1,1,4,3
Murabaha,Toshkent,Savdo,579,35,20,3,0,32020,12,0.0751,0.4933,0.553,0.8411,0.763,3,0.8587,0.212,0.1032,1,0.124,0.0878,0.1072,0.0375,-0.1002,0.0816,0.5243,33222,0.4753,8278,0,Juda Yuqori,3,1,5,4
Sukuk,Qashqadaryo,Qurilish,651,60,18,1,0,11252,36,0.0966,0.5186,0.2027,0.4772,0.7774,3,0.6989,0.0375,0.2673,1,0.0806,0.0614,0.0928,0.0437,0.0795,0.0706,0.1956,12883,0.3164,797,0,O'rta,1,3,3,3
Murabaha,Buxoro,Ishlab chiqarish,600,29,12,2,0,9760,12,0.1076,0.5245,0.3787,0.8148,0.2597,3,0.7194,0.1525,0.0805,0,0.1078,0.0619,0.1018,0.0895,-0.0474,-0.0691,0.2018,10285,0.3071,637,0,O'rta,1,1,0,1
Ijara,Buxoro,Qurilish,577,23,7,0,0,116610,36,0.1287,0.6759,0.5882,0.708,0.5707,4,0.7535,0.0406,0.0523,1,0.1212,0.061,0.1195,0.0179,0.1249,0.0272,0.3664,139126,0.2978,15177,0,Yuqori,2,0,0,3
Sukuk,Toshkent,Qurilish,734,49,8,5,0,101149,120,0.0475,0.6953,0.3489,0.7122,0.7347,4,0.7627,0.0605,0.2693,1,0.0391,0.0463,0.0945,0.0147,0.0092,-0.0809,0.0873,125157,0.4048,4422,0,Past,0,3,5,3
Musharaka,Samarqand,Qurilish,591,48,17,2,1,252874,12,0.1695,0.5054,0.466,0.6294,0.44,3,0.55,0.092,0.0482,1,0.268,0.0538,0.0652,0.0414,-0.052,0.0117,0.7868,274304,0.6474,139728,1,Juda Yuqori,3,2,4,3
Sukuk,Qashqadaryo,Savdo,558,34,8,0,0,22532,120,0.0828,0.4479,0.6149,0.6934,0.3065,4,0.7674,0.4164,0.2903,1,0.0383,0.0615,0.13,0.029,0.2068,0.0158,0.5766,31858,0.2209,4058,0,Juda Yuqori,3,3,3,4
Murabaha,Toshkent,Xizmat,762,41,18,3,0,85601,60,0.1451,0.8375,0.0704,0.8356,0.7753,3,0.7891,0.1513,0.0097,1,0.1242,0.0646,0.1334,0.0699,-0.2702,0.1167,0.0838,116663,0.5423,5303,0,Past,0,1,5,5
Murabaha,Buxoro,Qurilish,631,64,6,3,1,61435,12,0.1676,0.6578,0.226,0.7326,0.5977,1,0.7684,0.069,0.4,1,0.1248,0.0699,0.1042,0.0344,-0.1622,0.0275,0.7075,66584,0.5372,25305,1,Juda Yuqori,3,1,0,3
Murabaha,Farg'ona,Ishlab chiqarish,850,45,23,2,0,65858,24,0.1459,0.7292,0.2929,0.7876,0.5026,4,0.8006,0.1546,0.3057,1,0.1117,0.0623,0.1174,0.048,-0.0962,0.084,0.11,75469,0.4961,4120,0,O'rta,1,1,1,1
Ijara,Namangan,Ishlab chiqarish,564,52,9,3,1,63670,36,0.0587,0.7578,0.3635,0.8363,0.6073,2,0.7998,0.0947,0.0201,1,0.0971,0.0537,0.1119,0.0317,0.1308,-0.0059,0.6316,69280,0.3612,15806,1,Juda Yuqori,3,0,2,1
Sukuk,Qashqadaryo,Ishlab chiqarish,623,44,16,2,1,285342,84,0.0503,0.5161,0.1974,0.8924,0.4604,3,0.6637,0.4225,0.4,1,0.0729,0.0807,0.0888,0.0699,0.107,0.1698,0.4257,335544,0.2525,36058,0,Yuqori,2,3,3,1
Murabaha,Toshkent,Savdo,687,29,9,1,0,21407,6,0.1033,0.5899,0.4969,0.7571,0.301,3,0.558,0.0468,0.1834,1,0.0761,0.0605,0.0875,0.0082,0.2042,-0.0641,0.1443,21960,0.3982,1262,1,O'rta,1,1,5,4
Ijara,Namangan,Ishlab chiqarish,633,63,1,4,1,6347,84,0.0827,0.5711,0.4501,0.9086,0.851,2,0.7537,0.0255,0.0235,1,0.0674,0.0668,0.1306,0.0357,-0.0966,-0.0227,0.4197,8184,0.3418,1174,0,Yuqori,2,0,2,1
Murabaha,Buxoro,Eksport,709,56,4,3,0,50224,60,0.0794,0.4807,0.3647,0.9504,0.2585,3,0.963,0.0116,0.2174,1,0.1154,0.0304,0.0996,0.1002,-0.2921,0.0362,0.0494,60190,0.3796,1128,0,Past,0,1,0,0
Musharaka,Namangan,Xizmat,734,54,3,2,0,32668,36,0.376,0.6398,0.5871,0.7835,0.3605,3,0.8624,0.2315,0.0857,1,0.2338,0.0554,0.0818,0.0275,-0.0465,-0.0473,0.5383,51094,0.5609,15428,1,Juda Yuqori,3,2,2,5
Musharaka,Toshkent,Savdo,673,64,18,2,1,16134,36,0.2947,0.8085,0.6896,0.8114,0.1673,3,0.7323,0.113,0.1082,1,0.2158,0.0459,0.0594,0.0146,0.0654,0.0971,0.7714,23265,0.6601,11847,1,Juda Yuqori,3,2,5,4
Sukuk,Farg'ona,Qishloq xo'jaligi,661,33,8,1,0,153994,84,0.0439,0.6461,0.7643,0.7663,0.3114,3,0.7699,0.0597,0.1199,1,0.0676,0.072,0.0885,0.1096,-0.2185,-0.1669,0.2007,177630,0.2501,8917,0,O'rta,1,3,1,2
Musharaka,Buxoro,Qishloq xo'jaligi,576,42,20,1,0,122473,36,0.2061,0.7227,0.5145,0.688,0.8529,1,0.6896,0.069,0.2356,1,0.2878,0.051,0.0795,0.0238,-0.194,-0.0583,0.9719,160329,0.5067,78955,1,Juda Yuqori,3,2,0,2
Murabaha,Qashqadaryo,Qurilish,627,32,10,3,0,24920,36,0.1707,0.7263,0.4955,0.8661,0.2166,3,0.8958,0.1543,0.1041,1,0.1256,0.0479,0.1041,0.0003,-0.0588,0.0081,0.2813,31299,0.4655,4098,0,Yuqori,2,1,3,3
Murabaha,Toshkent,Qishloq xo'jaligi,593,51,17,4,0,115958,36,0.1582,0.3495,0.3033,0.847,0.7444,1,0.7723,0.3932,0.1177,1,0.1098,0.0553,0.1178,0.0547,0.0839,-0.0603,0.5967,143482,0.4454,38135,0,Juda Yuqori,3,1,5,2
Murabaha,Namangan,Savdo,598,25,20,0,0,54335,36,0.1416,0.2299,0.363,0.7,0.532,4,0.7457,0.1496,0.1976,1,0.09,0.0452,0.0741,0.0056,0.2124,0.216,0.0968,65877,0.3866,2466,0,Past,0,1,2,4
Murabaha,Namangan,Ishlab chiqarish,703,63,23,5,0,16150,36,0.1515,0.885,0.3572,0.8079,0.2005,3,0.55,0.1375,0.3016,1,0.1217,0.0689,0.0984,0.0306,0.2501,0.1215,0.3423,19820,0.3785,2568,0,Yuqori,2,1,2,1
Murabaha,Toshkent,Xizmat,680,34,10,2,1,4485,24,0.1147,0.4769,0.3499,0.5532,0.4302,3,0.7955,0.0899,0.0216,1,0.1021,0.0608,0.1271,0.0947,0.0833,0.015,0.2802,5000,0.4224,592,1,Yuqori,2,1,5,5
Sukuk,Namangan,Qurilish,730,48,5,1,0,66329,60,0.0443,0.3371,0.5548,0.714,0.8146,3,0.7035,0.1571,0.1642,0,0.1196,0.0787,0.0708,0.0124,-0.1337,0.0821,0.3701,73680,0.2457,6699,0,Yuqori,2,3,2,3
Musharaka,Namangan,Savdo,482,36,12,2,0,141579,36,0.1283,0.7246,0.0745,0.8783,0.343,5,0.6669,0.4024,0.3167,1,0.2501,0.0559,0.0974,0.0567,0.1377,-0.0448,0.6658,168824,0.5321,59811,1,Juda Yuqori,3,2,2,4
Musharaka,Samarqand,Qurilish,716,64,9,7,0,75807,60,0.317,0.4647,0.3392,0.8921,0.2042,4,0.8071,0.1154,0.2444,1,0.2281,0.0998,0.0723,0.0655,0.1232,-0.0497,0.1497,135891,0.6246,12709,1,O'rta,1,2,4,3
Murabaha,Samarqand,Qishloq xo'jaligi,768,29,7,4,0,9242,6,0.1024,0.4028,0.793,0.7709,0.1204,3,0.6704,0.2365,0.3054,1,0.1017,0.0177,0.0999,0.0157,0.0139,0.0402,0.3238,9479,0.5963,1830,0,Yuqori,2,1,4,2
Sukuk,Farg'ona,Eksport,752,38,8,0,0,99091,24,0.0401,0.7767,0.3668,0.7097,0.1529,4,0.9488,0.0872,0.03,1,0.047,0.0679,0.098,0.0697,0.2027,0.0628,0.0108,103068,0.3204,356,0,Past,0,3,1,0
Ijara,Namangan,Xizmat,542,47,6,2,0,107785,60,0.1225,0.2801,0.5531,0.6393,0.1043,3,0.55,0.0394,0.3559,1,0.0918,0.0395,0.0996,0.0511,0.0873,0.0937,0.3854,140796,0.3931,21332,0,Yuqori,2,0,2,5
Murabaha,Samarqand,Eksport,754,55,9,4,0,45141,12,0.1011,0.8368,0.3986,0.7818,0.3442,4,0.8507,0.2558,0.1533,1,0.133,0.0517,0.0988,0.0789,0.0652,0.0249,0.2153,47422,0.4947,5052,0,O'rta,1,1,4,0
Ijara,Samarqand,Eksport,370,61,13,2,0,84882,60,0.1036,0.6959,0.3599,0.9089,0.3468,3,0.6603,0.2157,0.0508,1,0.0732,0.039,0.0847,0.0691,0.1012,0.0103,0.5457,106873,0.2826,16480,1,Juda Yuqori,3,0,4,0
Musharaka,Qashqadaryo,Qurilish,719,59,23,4,1,62903,24,0.212,0.7429,0.5143,0.7756,0.4649,5,0.835,0.0648,0.0867,1,0.2695,0.0499,0.085,0.0582,-0.0324,0.0191,0.5927,76237,0.4699,21233,0,Juda Yuqori,3,2,3,3
Murabaha,Samarqand,Ishlab chiqarish,695,27,21,2,0,44027,12,0.0719,0.6391,0.5503,0.9163,0.3073,4,0.9384,0.0601,0.1308,1,0.1186,0.0537,0.0783,0.021,-0.102,-0.0216,0.0534,45609,0.4377,1066,0,Past,0,1,4,1
Musharaka,Buxoro,Ishlab chiqarish,661,56,7,2,0,18168,60,0.2311,0.7383,0.2507,0.6896,0.8457,2,0.9763,0.2376,0.0806,1,0.2446,0.0574,0.0685,0.0059,-0.0604,-0.0061,0.6663,28665,0.6395,12215,1,Juda Yuqori,3,2,0,1
Musharaka,Namangan,Ishlab chiqarish,732,52,16,5,0,90301,36,0.1211,0.8026,0.3238,0.5168,0.1787,4,0.55,0.3142,0.1169,0,0.2712,0.0526,0.077,0.0538,-0.0763,0.0662,0.8438,106700,0.5086,45792,0,Juda Yuqori,3,2,2,1
Murabaha,Qashqadaryo,Savdo,655,29,6,1,0,16571,24,0.1563,0.9328,0.5151,0.8063,0.5857,4,0.9045,0.2589,0.0696,1,0.1004,0.0444,0.0989,0.059,0.0253,-0.0897,0.4083,19162,0.4437,3471,0,Yuqori,2,1,3,4
Sukuk,Samarqand,Qurilish,520,22,3,1,0,27797,36,0.0701,0.5649,0.4764,0.7335,0.1297,3,0.6785,0.1671,0.1128,1,0.0662,0.0539,0.1388,0.0675,-0.0157,-0.022,0.2563,30720,0.119,937,0,Yuqori,2,3,4,3
Ijara,Buxoro,Xizmat,633,30,13,3,0,48849,84,0.0582,0.5954,0.33,0.7097,0.7201,4,0.55,0.0771,0.2123,1,0.0664,0.0621,0.0764,0.0188,0.2011,0.1035,0.2292,58806,0.2865,3862,1,O'rta,1,0,0,5
Ijara,Buxoro,Xizmat,707,22,22,2,0,23147,12,0.0658,0.1987,0.6805,0.8344,0.7678,5,0.7955,0.4059,0.1096,1,0.0945,0.0565,0.0957,0.0609,-0.0232,0.1237,0.1386,23908,0.4852,1608,0,O'rta,1,0,0,5
Musharaka,Farg'ona,Qishloq xo'jaligi,680,33,2,2,0,73033,84,0.2248,0.7393,0.5304,0.8242,0.7348,2,0.6493,0.1158,0.1465,1,0.2564,0.059,0.073,0.0804,0.261,0.0448,0.8714,130494,0.5706,64885,0,Juda Yuqori,3,2,1,2
Murabaha,Farg'ona,Eksport,651,55,17,0,0,16801,60,0.1454,0.7549,0.6975,0.8222,0.5435,4,0.724,0.1301,0.1412,1,0.1204,0.0588,0.1088,0.0183,-0.0043,0.1492,0.5601,22907,0.418,5363,0,Juda Yuqori,3,1,1,0
Ijara,Namangan,Qishloq xo'jaligi,591,44,18,1,0,96697,84,0.1216,0.7914,0.1123,0.5192,0.8142,3,0.7673,0.3543,0.3201,1,0.0901,0.0413,0.0749,0.0294,0.1055,0.1778,0.6181,137855,0.4694,39993,1,Juda Yuqori,3,0,2,2
Musharaka,Buxoro,Qishloq xo'jaligi,657,40,1,2,0,46721,36,0.3087,0.3719,0.3707,0.5329,0.3268,2,0.7536,0.1289,0.0088,1,0.2219,0.07,0.0831,0.0686,0.0836,-0.0513,0.4987,68358,0.7051,24038,0,Juda Yuqori,3,2,0,2
Murabaha,Samarqand,Savdo,593,26,13,1,0,166443,60,0.1538,0.7791,0.3922,0.8631,0.854,3,0.8745,0.2182,0.0091,1,0.0985,0.0612,0.0811,0.0376,-0.2008,0.0714,0.3202,230427,0.3977,29340,0,Yuqori,2,1,4,4
Musharaka,Buxoro,Ishlab chiqarish,756,27,4,2,1,12380,60,0.2273,0.4599,0.4616,0.731,0.1112,4,0.8479,0.0591,0.0127,1,0.2505,0.0573,0.0814,0.0961,-0.1661,0.0478,0.1657,19415,0.5598,1801,0,O'rta,1,2,0,1
Ijara,Namangan,Eksport,734,61,8,4,1,104644,84,0.1261,0.8054,0.1779,0.8973,0.2526,3,0.7773,0.1517,0.1233,1,0.0841,0.0733,0.1033,0.0755,-0.1917,-0.0245,0.0893,150831,0.4538,6110,0,Past,0,0,2,0
Musharaka,Toshkent,Qurilish,684,33,4,2,0,147505,24,0.1489,0.5807,0.7107,0.6994,0.6962,4,0.756,0.1586,0.2509,0,0.2687,0.0943,0.1013,0.0746,-0.1002,-0.0033,0.9162,169468,0.5261,81688,1,Juda Yuqori,3,2,5,3
Murabaha,Qashqadaryo,Eksport,691,37,24,0,0,31333,6,0.0796,0.7366,0.1428,0.5969,0.7519,3,0.6675,0.0649,0.3948,0,0.0954,0.0692,0.0917,0.081,-0.0193,0.069,0.5694,31957,0.4628,8421,1,Juda Yuqori,3,1,3,0
Ijara,Buxoro,Ishlab chiqarish,661,31,16,2,0,13127,24,0.0881,0.5909,0.3111,0.7982,0.5099,3,0.55,0.0345,0.067,1,0.1142,0.0808,0.0566,0.0738,-0.1261,0.0217,0.1221,14283,0.3681,642,1,O'rta,1,0,0,1
Murabaha,Samarqand,Qishloq xo'jaligi,584,60,13,1,0,77023,12,0.0784,0.7079,0.5384,0.7387,0.4882,4,0.9454,0.0714,0.2608,1,0.136,0.0439,0.0957,0.0471,0.0539,0.031,0.4034,80044,0.3673,11858,0,Yuqori,2,1,4,2
Murabaha,Samarqand,Qurilish,470,59,17,4,0,64666,60,0.1553,0.8056,0.3507,0.8875,0.8133,3,0.7058,0.2372,0.0449,1,0.1808,0.0597,0.101,0.1091,-0.0136,0.03,0.7345,89775,0.4264,28118,0,Juda Yuqori,3,1,4,3
Murabaha,Qashqadaryo,Xizmat,668,62,16,8,0,138056,60,0.1029,0.3414,0.4687,0.657,0.6558,4,0.8939,0.1526,0.1681,1,0.0967,0.0631,0.0641,0.0291,0.1247,-0.0725,0.0939,173580,0.4917,8015,0,Past,0,1,3,5
Murabaha,Buxoro,Qishloq xo'jaligi,765,30,1,0,0,40097,36,0.1193,0.3622,0.4227,0.9837,0.2533,4,0.7225,0.1574,0.3522,1,0.0991,0.055,0.0816,0.0013,-0.0474,0.0437,0.0537,47273,0.443,1124,0,Past,0,1,0,2
Ijara,Farg'ona,Ishlab chiqarish,670,60,22,5,1,5457,36,0.0558,0.2915,0.2486,0.8108,0.4453,5,0.8994,0.151,0.0652,1,0.1023,0.0606,0.1082,0.0276,-0.0271,0.1104,0.0333,5913,0.4624,91,0,Past,0,0,1,1
Musharaka,Samarqand,Ishlab chiqarish,739,26,18,0,0,13700,84,0.2618,0.3809,0.536,0.8764,0.8546,3,0.7272,0.2637,0.0791,1,0.2008,0.0536,0.0489,0.0662,0.1976,0.0322,0.5518,26254,0.6051,8766,1,Juda Yuqori,3,2,4,1
Murabaha,Qashqadaryo,Ishlab chiqarish,728,27,14,4,0,37709,60,0.1459,0.793,0.49,0.7302,0.3705,1,0.9639,0.2292,0.3485,1,0.126,0.0323,0.0954,0.0527,-0.1711,-0.031,0.7968,51461,0.4922,20183,1,Juda Yuqori,3,1,3,1
Sukuk,Toshkent,Savdo,729,60,18,2,0,10053,60,0.0823,0.6372,0.3601,0.6465,0.4977,2,0.7024,0.1368,0.0163,1,0.0907,0.0501,0.1212,0.0045,0.012,0.0635,0.1819,12121,0.2139,472,0,O'rta,1,3,5,4
Sukuk,Buxoro,Eksport,664,40,11,2,0,46353,84,0.073,0.5147,0.2901,0.808,0.4913,3,0.6657,0.2263,0.1483,1,0.0671,0.0621,0.1055,0.0769,0.0077,-0.0627,0.1471,58198,0.4085,3498,1,O'rta,1,3,0,0
Sukuk,Samarqand,Qishloq xo'jaligi,715,29,6,0,0,59532,24,0.0681,0.1796,0.2886,0.5548,0.8262,3,0.9025,0.2776,0.134,1,0.0862,0.0355,0.0682,0.0429,-0.0771,-0.1577,0.0541,63585,0.1734,596,0,Past,0,3,4,2
Murabaha,Qashqadaryo,Ishlab chiqarish,629,63,4,4,3,109380,24,0.0714,0.2725,0.4219,0.6171,0.2662,3,0.6694,0.3505,0.3092,1,0.0933,0.0554,0.1111,0.0265,-0.0362,0.0905,0.9184,117189,0.4262,45875,1,Juda Yuqori,3,1,3,1
Musharaka,Namangan,Eksport,587,32,3,9,0,103562,60,0.2645,0.8767,0.6409,0.7769,0.8621,3,0.8878,0.1771,0.0284,1,0.2486,0.0522,0.0975,0.0013,0.0264,0.0388,0.9158,172030,0.4356,68632,0,Juda Yuqori,3,2,2,0
Sukuk,Buxoro,Savdo,620,61,3,1,0,25934,84,0.0461,0.6732,0.3217,0.6713,0.2779,3,0.805,0.0654,0.0631,1,0.0775,0.0446,0.096,0.108,0.0827,0.0513,0.0852,30118,0.254,652,0,Past,0,3,0,4
Ijara,Buxoro,Eksport,715,52,17,3,0,87373,24,0.1123,0.4686,0.3314,0.5828,0.6783,4,0.7148,0.0662,0.2382,1,0.1108,0.0451,0.1092,0.0706,0.0205,0.1213,0.1739,97189,0.2722,4600,0,O'rta,1,0,0,0
Murabaha,Namangan,Qurilish,548,23,13,1,0,5983,12,0.1148,0.1907,0.3466,0.8367,0.3839,3,0.9129,0.0593,0.2163,1,0.0959,0.0715,0.0985,0.0468,0.171,0.0624,0.0788,6326,0.5035,251,0,Past,0,1,2,3
Murabaha,Buxoro,Eksport,575,24,6,6,2,39151,6,0.1,0.6836,0.5961,0.6668,0.2845,3,0.9097,0.3114,0.0787,1,0.0788,0.0605,0.0977,0.0615,0.0081,0.0649,0.8699,40129,0.4708,16436,1,Juda Yuqori,3,1,0,0
Musharaka,Namangan,Qishloq xo'jaligi,615,27,8,4,0,43243,24,0.1407,0.746,0.1666,0.551,0.1321,1,0.7664,0.0884,0.0341,1,0.262,0.0504,0.0652,0.0395,-0.0106,0.0456,0.5133,49326,0.5761,14586,1,Juda Yuqori,3,2,2,2
Sukuk,Farg'ona,Savdo,635,26,14,5,0,41371,24,0.0764,0.5355,0.3599,0.883,0.7905,2,0.9188,0.3718,0.1679,1,0.0833,0.0382,0.0704,0.0295,0.2037,-0.0286,0.3657,44533,0.1424,2319,1,Yuqori,2,3,1,4
Musharaka,Samarqand,Qurilish,672,38,3,1,0,28162,84,0.2093,0.4865,0.3395,0.7348,0.193,4,0.8341,0.3695,0.4,1,0.2165,0.0576,0.0972,0.0105,0.0029,-0.0658,0.5575,48797,0.5069,13790,0,Juda Yuqori,3,2,4,3
Musharaka,Samarqand,Qishloq xo'jaligi,653,54,13,2,0,113863,24,0.3394,0.7342,0.4753,0.8255,0.5371,5,0.8834,0.1331,0.0158,1,0.2479,0.0394,0.0879,0.0035,-0.0566,0.0566,0.349,152504,0.5383,28654,1,Yuqori,2,2,4,2
Murabaha,Qashqadaryo,Ishlab chiqarish,517,28,17,1,0,101302,24,0.1287,0.6148,0.2271,0.5713,0.3977,2,0.8237,0.2478,0.1485,1,0.1079,0.0613,0.1011,0.0567,-0.1744,0.0663,0.5706,114336,0.451,29420,0,Juda Yuqori,3,1,3,1
Ijara,Toshkent,Xizmat,495,27,19,4,1,82532,24,0.1038,0.4863,0.695,0.9013,0.2933,2,0.8373,0.2535,0.0386,1,0.0943,0.0663,0.1013,0.0464,0.2791,-0.0127,0.8076,91103,0.3943,29007,1,Juda Yuqori,3,0,5,5
Ijara,Toshkent,Savdo,733,31,3,3,0,93060,12,0.1264,0.5259,0.3142,0.7452,0.7624,4,0.9291,0.0556,0.0082,1,0.1129,0.0408,0.1033,0.0605,0.2336,-0.0121,0.0388,98941,0.2742,1053,0,Past,0,0,5,4
Murabaha,Samarqand,Ishlab chiqarish,724,54,11,3,1,4931,24,0.1395,0.6153,0.1731,0.8557,0.6063,5,0.6489,0.1942,0.2241,1,0.1247,0.0665,0.0893,0.0875,0.0139,0.1363,0.1426,5619,0.5099,409,0,O'rta,1,1,4,1
Ijara,Farg'ona,Qishloq xo'jaligi,640,64,22,3,0,30716,36,0.0819,0.2386,0.3872,0.8863,0.1284,4,0.7519,0.4236,0.1003,1,0.0964,0.0537,0.106,0.0114,-0.1343,-0.0215,0.0611,34489,0.3465,730,0,Past,0,0,1,2
Sukuk,Toshkent,Xizmat,573,44,8,2,0,24003,24,0.0759,0.9272,0.5886,0.8649,0.8554,4,0.7884,0.182,0.1567,1,0.0507,0.0352,0.0748,0.0048,-0.0944,-0.0337,0.4131,25825,0.2841,3030,0,Yuqori,2,3,5,5
Murabaha,Samarqand,Xizmat,764,44,20,2,0,117966,36,0.0933,0.4878,0.2355,0.6879,0.1622,1,0.7992,0.0624,0.3719,1,0.1085,0.0432,0.0828,0.0778,-0.0472,-0.1791,0.1406,134484,0.3944,7458,0,O'rta,1,1,4,5
Musharaka,Namangan,Ishlab chiqarish,728,39,18,3,0,365667,120,0.2736,0.4406,0.4109,0.6087,0.6271,4,0.8084,0.1962,0.1913,1,0.2282,0.0552,0.1201,0.0209,0.2101,0.178,0.5149,865946,0.5455,243226,1,Juda Yuqori,3,2,2,1
Murabaha,Buxoro,Qurilish,665,43,5,1,0,144439,6,0.0901,0.5473,0.397,0.911,0.6377,4,0.8497,0.1306,0.2201,1,0.1032,0.0508,0.0882,0.0276,-0.1889,0.0548,0.1068,147694,0.6747,10642,0,O'rta,1,1,0,3
Ijara,Buxoro,Ishlab chiqarish,696,43,17,3,0,29106,36,0.1257,0.576,0.4345,0.8626,0.2159,2,0.7033,0.1772,0.0761,1,0.1427,0.0431,0.0686,0.0172,0.1893,-0.0007,0.1009,34595,0.3251,1134,0,O'rta,1,0,0,1
Musharaka,Samarqand,Qishloq xo'jaligi,693,34,24,3,1,14644,84,0.3517,0.4595,0.4177,0.6683,0.1438,3,0.8262,0.4144,0.1463,1,0.198,0.0583,0.1377,0.0622,-0.1223,-0.07,0.6884,32671,0.6118,13759,0,Juda Yuqori,3,2,4,2
Musharaka,Toshkent,Ishlab chiqarish,587,36,10,2,0,39346,120,0.1318,0.4708,0.082,0.5193,0.4971,3,0.7802,0.1044,0.0886,1,0.2429,0.0876,0.1152,0.0732,0.234,0.0362,0.3937,65282,0.533,13700,0,Yuqori,2,2,5,1
Ijara,Farg'ona,Eksport,730,54,12,3,1,40154,36,0.0742,0.6549,0.2471,0.9039,0.8753,1,0.68,0.106,0.1331,1,0.0824,0.0718,0.0758,0.0318,-0.1498,-0.0105,0.412,44622,0.4063,7471,1,Yuqori,2,0,1,0
Murabaha,Namangan,Ishlab chiqarish,571,57,21,1,0,55697,6,0.0819,0.826,0.4101,0.8371,0.2629,4,0.9383,0.2136,0.1913,1,0.1452,0.0595,0.1284,0.0307,0.1624,-0.0259,0.2936,56838,0.3128,5220,0,Yuqori,2,1,2,1
Sukuk,Farg'ona,Xizmat,717,29,22,4,0,8074,36,0.0659,0.7482,0.2694,0.6542,0.8685,3,0.867,0.2179,0.1492,1,0.0495,0.0597,0.074,0.0285,-0.0555,0.1318,0.1299,8872,0.2981,344,0,O'rta,1,3,1,5
Musharaka,Farg'ona,Eksport,662,56,11,4,0,3858,36,0.1719,0.787,0.3163,0.8831,0.5422,1,0.733,0.2693,0.1814,1,0.2321,0.0792,0.0578,0.0125,0.0325,0.0761,0.8447,4852,0.6569,2693,0,Juda Yuqori,3,2,1,0
Murabaha,Qashqadaryo,Qurilish,678,56,5,6,0,348027,60,0.0758,0.6741,0.4341,0.6622,0.5074,1,0.6775,0.1408,0.213,1,0.0678,0.0815,0.0833,0.0397,0.0589,0.0243,0.6627,413950,0.4204,115327,0,Juda Yuqori,3,1,3,3
Ijara,Toshkent,Savdo,627,55,6,3,0,5918,24,0.0992,0.5077,0.316,0.9486,0.498,4,0.7662,0.1791,0.1163,1,0.1214,0.0683,0.1323,0.0089,0.2672,0.0109,0.0832,6505,0.2674,145,0,Past,0,0,5,4
Ijara,Toshkent,Qishloq xo'jaligi,617,31,14,5,0,9888,84,0.088,0.5553,0.5534,0.3474,0.4489,5,0.6967,0.0973,0.0205,1,0.0942,0.0498,0.1019,0.0778,-0.1756,0.0998,0.2419,12934,0.3817,1194,0,O'rta,1,0,5,2
Murabaha,Namangan,Qurilish,659,43,16,2,0,290709,6,0.136,0.5236,0.47,0.659,0.8079,3,0.7032,0.199,0.2588,1,0.1519,0.0456,0.0975,0.0281,0.1103,0.03,0.7299,300595,0.4594,100794,1,Juda Yuqori,3,1,2,3
Sukuk,Toshkent,Qishloq xo'jaligi,801,30,18,6,0,89885,60,0.0686,0.7333,0.4765,0.7755,0.4331,3,0.9421,0.1564,0.091,1,0.1015,0.0512,0.1004,0.1242,-0.094,0.0451,0.0572,105302,0.252,1518,0,Past,0,3,5,2
Sukuk,Farg'ona,Ishlab chiqarish,749,59,13,3,0,40783,120,0.0812,0.5635,0.2946,0.6553,0.4909,2,0.8899,0.0385,0.0995,0,0.1422,0.0571,0.1295,0.0363,0.0165,0.0383,0.1291,57343,0.335,2480,1,O'rta,1,3,1,1
Murabaha,Toshkent,Eksport,626,33,11,2,1,116612,6,0.1449,0.6405,0.0704,0.5049,0.6219,3,0.7465,0.2966,0.0576,1,0.1348,0.0734,0.0642,0.0774,-0.171,-0.0136,0.4162,120835,0.4785,24062,1,Yuqori,2,1,5,0
Sukuk,Toshkent,Eksport,587,36,18,6,0,77022,120,0.0701,0.4784,0.1669,0.5435,0.3514,4,0.7121,0.1436,0.0814,1,0.082,0.0447,0.1032,0.0423,0.3735,0.2009,0.0559,104022,0.1387,806,0,Past,0,3,5,0
Murabaha,Namangan,Qishloq xo'jaligi,722,31,2,2,0,645601,36,0.1139,0.5314,0.4629,0.539,0.8244,3,0.8508,0.095,0.1927,1,0.1316,0.0548,0.1025,0.0391,-0.1784,0.1881,0.3658,755889,0.3333,92157,0,Yuqori,2,1,2,2
Murabaha,Samarqand,Ishlab chiqarish,612,61,13,1,0,6251,24,0.0821,0.4172,0.0975,0.6106,0.8797,3,0.6112,0.0557,0.1742,1,0.1237,0.0291,0.093,0.0565,0.0978,0.0057,0.3141,6764,0.4567,970,0,Yuqori,2,1,4,1
Murabaha,Farg'ona,Qurilish,630,33,4,1,0,186867,6,0.1186,0.4404,0.6963,0.6844,0.3839,3,0.9146,0.3205,0.2851,1,0.1399,0.0531,0.0847,0.0509,-0.023,-0.0164,0.6216,192407,0.604,72240,1,Juda Yuqori,3,1,1,3
Sukuk,Samarqand,Qishloq xo'jaligi,558,25,11,4,0,39395,36,0.0773,0.5506,0.1496,0.473,0.4201,3,0.8612,0.2485,0.0498,1,0.0979,0.0531,0.1074,0.061,0.0045,-0.0155,0.1647,43961,0.3493,2529,0,O'rta,1,3,4,2
Ijara,Farg'ona,Xizmat,686,44,23,2,0,22815,24,0.1265,0.585,0.6412,0.6978,0.3785,4,0.8099,0.1063,0.1238,1,0.114,0.0761,0.1244,0.0909,0.0238,-0.0168,0.2628,25702,0.3073,2075,0,Yuqori,2,0,1,5
Murabaha,Toshkent,Ishlab chiqarish,658,55,2,7,0,47946,24,0.1583,0.7461,0.4538,0.7408,0.5515,2,0.8546,0.2543,0.0084,1,0.1154,0.0287,0.1127,0.018,-0.0167,0.1758,0.4686,55538,0.4348,11315,1,Juda Yuqori,3,1,5,1
Musharaka,Qashqadaryo,Eksport,798,40,17,6,0,20228,120,0.2514,0.7274,0.2497,0.673,0.8592,4,0.7757,0.1804,0.0632,1,0.2009,0.0603,0.1143,0.0866,0.1139,-0.0064,0.3269,45658,0.4981,7434,0,Yuqori,2,2,3,0
Musharaka,Toshkent,Xizmat,655,44,11,4,0,789408,24,0.3661,0.3252,0.381,0.7644,0.8275,5,0.9151,0.1177,0.1751,1,0.2655,0.0545,0.1114,0.021,-0.1065,-0.0028,0.215,1078414,0.5094,118109,0,O'rta,1,2,5,5
Murabaha,Toshkent,Savdo,567,56,12,3,0,12062,36,0.1652,0.7095,0.1343,0.5743,0.1322,4,0.9452,0.1161,0.0557,1,0.0917,0.0627,0.1018,0.0184,0.0294,-0.0659,0.0557,15051,0.4326,363,0,Past,0,1,5,4
Sukuk,Qashqadaryo,Qishloq xo'jaligi,630,58,9,3,0,253908,36,0.0467,0.5991,0.6273,0.8235,0.3652,3,0.8762,0.2447,0.3387,1,0.1205,0.0864,0.1063,0.0279,0.0988,0.0695,0.4574,271712,0.3078,38250,0,Juda Yuqori,3,3,3,2
Ijara,Namangan,Xizmat,687,53,23,0,0,11775,24,0.1183,0.7622,0.3041,0.7859,0.2732,4,0.7008,0.1523,0.228,1,0.113,0.0436,0.0917,0.0516,0.0453,0.0681,0.1112,13168,0.404,591,0,O'rta,1,0,2,5
Musharaka,Farg'ona,Savdo,748,61,18,2,0,29187,24,0.1669,0.3361,0.6607,0.8358,0.696,4,0.6075,0.4806,0.0694,0,0.2675,0.0239,0.089,0.0065,0.2808,0.0774,0.8876,34059,0.5662,17117,1,Juda Yuqori,3,2,1,4
Sukuk,Samarqand,Xizmat,604,55,22,1,0,29654,60,0.0807,0.5655,0.3314,0.6317,0.3711,2,0.55,0.1391,0.1157,1,0.1066,0.0589,0.0767,0.0284,0.0529,0.0876,0.2734,35635,0.2831,2758,1,Yuqori,2,3,4,5
Murabaha,Namangan,Eksport,494,29,16,3,1,96851,36,0.071,0.2859,0.2564,0.6174,0.7495,4,0.7744,0.4111,0.0284,1,0.1393,0.0616,0.122,0.0634,0.0175,0.135,0.6868,107168,0.4525,33304,1,Juda Yuqori,3,1,2,0
Sukuk,Toshkent,Qurilish,666,39,24,2,0,105832,36,0.0763,0.4544,0.4888,0.8112,0.6249,2,0.7137,0.0753,0.2654,1,0.1054,0.0743,0.0968,0.0402,0.0167,0.1471,0.2935,117950,0.2553,8837,0,Yuqori,2,3,5,3
Ijara,Toshkent,Ishlab chiqarish,624,39,22,0,0,226736,84,0.0887,0.526,0.2536,0.7688,0.4726,4,0.9043,0.1587,0.3753,1,0.0787,0.0742,0.1113,0.0643,0.0029,-0.0175,0.1561,297147,0.5291,24544,1,O'rta,1,0,5,1
Musharaka,Samarqand,Ishlab chiqarish,493,37,17,2,1,58281,12,0.3052,0.583,0.192,0.6729,0.6833,3,0.9343,0.3069,0.0575,1,0.2638,0.042,0.1463,0.0633,0.0201,0.0144,0.9236,67174,0.7468,46334,0,Juda Yuqori,3,2,4,1
Murabaha,Samarqand,Qishloq xo'jaligi,642,54,21,2,0,104700,36,0.1219,0.5383,0.4576,0.7276,0.4508,1,0.7128,0.0522,0.1056,1,0.1323,0.0668,0.0908,0.0791,-0.0911,0.0903,0.3599,123849,0.5076,22628,0,Yuqori,2,1,4,2
Sukuk,Buxoro,Eksport,608,36,3,0,0,7042,84,0.0689,0.856,0.5351,0.6954,0.5964,3,0.738,0.3787,0.1643,1,0.059,0.0546,0.0636,0.0417,-0.2357,-0.019,0.6268,8740,0.2841,1557,1,Juda Yuqori,3,3,0,0
Musharaka,Namangan,Xizmat,566,26,5,2,0,264838,120,0.1869,0.6722,0.336,0.8206,0.355,4,0.9531,0.0544,0.0431,1,0.2477,0.0439,0.0772,0.0649,0.0346,0.1622,0.1749,512276,0.4923,44110,0,O'rta,1,2,2,5
Murabaha,Qashqadaryo,Savdo,546,63,1,2,0,100033,6,0.1321,0.494,0.5921,0.6722,0.7208,2,0.55,0.0909,0.0863,1,0.1072,0.074,0.1114,0.0612,0.0568,-0.0612,0.7313,103337,0.4855,36691,1,Juda Yuqori,3,1,3,4
Murabaha,Qashqadaryo,Eksport,667,37,4,2,0,53362,6,0.1126,0.5867,0.4185,0.6037,0.6147,3,0.7142,0.4897,0.1996,1,0.1462,0.0662,0.098,0.043,0.1284,0.0819,0.7789,54864,0.2984,12751,0,Juda Yuqori,3,1,3,0
Musharaka,Qashqadaryo,Qurilish,654,23,9,4,0,24736,84,0.2032,0.7059,0.7119,0.796,0.5091,2,0.8745,0.272,0.0089,1,0.2911,0.0526,0.1075,0.0158,-0.0587,0.168,0.8954,42331,0.6503,24647,1,Juda Yuqori,3,2,3,3
Musharaka,Samarqand,Xizmat,605,29,3,5,1,86058,24,0.2683,0.4105,0.1566,0.9885,0.578,4,0.8116,0.2252,0.4,1,0.258,0.043,0.1394,0.0143,-0.1567,0.0579,0.7475,109144,0.3974,32427,1,Juda Yuqori,3,2,4,5
Ijara,Toshkent,Eksport,669,58,10,7,1,48420,84,0.1033,0.9211,0.4215,0.8008,0.4581,2,0.7317,0.3568,0.2107,1,0.0482,0.0362,0.1219,0.0554,-0.1483,0.0912,0.8173,65929,0.3835,20663,0,Juda Yuqori,3,0,5,0
Sukuk,Buxoro,Xizmat,660,34,18,3,0,54279,36,0.0501,0.5199,0.5256,0.8004,0.6008,3,0.8697,0.2,0.0712,1,0.041,0.0572,0.1035,0.0766,-0.0133,0.0975,0.1286,58355,0.5012,3760,0,O'rta,1,3,0,5
Murabaha,Farg'ona,Qurilish,672,59,11,1,0,10649,12,0.1503,0.2993,0.6574,0.8645,0.5794,4,0.8553,0.0625,0.1832,1,0.1387,0.064,0.1046,0.037,0.0184,0.1135,0.1572,11449,0.5708,1027,0,O'rta,1,1,1,3
Ijara,Farg'ona,Xizmat,754,64,20,1,0,46534,36,0.0692,0.4833,0.3187,0.9334,0.4289,4,0.55,0.1921,0.1297,0,0.0693,0.0612,0.0819,0.0077,0.0288,0.2293,0.0678,51361,0.3285,1144,1,Past,0,0,1,5
Murabaha,Samarqand,Savdo,714,55,14,4,1,36501,24,0.091,0.8175,0.1657,0.9488,0.5366,3,0.7779,0.2409,0.1044,0,0.1098,0.0613,0.1023,0.0831,0.053,-0.2057,0.518,39823,0.4546,9376,1,Juda Yuqori,3,1,4,4
Sukuk,Buxoro,Qurilish,771,63,16,3,0,27077,84,0.074,0.454,0.2937,0.4908,0.1118,3,0.8714,0.1057,0.2111,1,0.0946,0.0386,0.0997,0.0511,-0.0969,-0.1403,0.0299,34086,0.199,203,0,Past,0,3,0,3
Ijara,Namangan,Savdo,709,56,20,8,1,257229,24,0.1003,0.5586,0.478,0.8378,0.2652,4,0.8203,0.0633,0.2668,0,0.0985,0.0532,0.1041,0.0196,0.104,0.005,0.2577,283037,0.318,23188,0,Yuqori,2,0,2,4
Musharaka,Buxoro,Ishlab chiqarish,679,56,19,7,0,26921,120,0.3755,0.5229,0.3591,0.749,0.4913,3,0.9124,0.1271,0.0716,1,0.2704,0.0768,0.0902,0.0687,-0.049,-0.0827,0.3747,77460,0.6337,18392,1,Yuqori,2,2,0,1
Ijara,Buxoro,Ishlab chiqarish,703,29,12,7,1,664586,24,0.0954,0.4765,0.3978,0.5773,0.368,4,0.9348,0.2574,0.1731,0,0.0978,0.0631,0.1055,0.0264,0.2276,0.0352,0.3517,727993,0.3874,99200,0,Yuqori,2,0,0,1
Murabaha,Samarqand,Ishlab chiqarish,717,22,4,2,0,619814,6,0.1539,0.5148,0.2841,0.6345,0.4521,5,0.8613,0.2429,0.0474,0,0.1177,0.0588,0.0969,0.0335,0.1613,-0.0356,0.0647,643658,0.3175,13230,0,Past,0,1,4,1
Musharaka,Namangan,Qurilish,547,24,24,3,0,7798,60,0.257,0.6714,0.3052,0.5849,0.3901,3,0.8429,0.2093,0.0847,1,0.1978,0.0369,0.0606,0.0404,0.2577,0.0799,0.6472,12809,0.5122,4246,1,Juda Yuqori,3,2,2,3
Ijara,Farg'ona,Qishloq xo'jaligi,575,44,11,2,0,86990,84,0.089,0.4121,0.4523,0.5968,0.618,5,0.938,0.2437,0.2585,1,0.1219,0.0661,0.09,0.0461,-0.1375,0.1307,0.3009,114095,0.2988,10257,0,Yuqori,2,0,1,2
Musharaka,Namangan,Xizmat,440,24,2,0,0,40420,120,0.2837,0.7086,0.3016,0.7748,0.6381,1,0.815,0.1623,0.1069,0,0.2042,0.0618,0.128,0.0173,-0.0329,0.0453,0.9648,97759,0.5445,51357,1,Juda Yuqori,3,2,2,5
Murabaha,Qashqadaryo,Qurilish,553,29,4,3,0,21748,36,0.143,0.4462,0.5551,0.848,0.3388,4,0.6811,0.1416,0.068,1,0.1042,0.0425,0.0636,0.0314,-0.0551,0.0687,0.1383,26413,0.4574,1670,0,O'rta,1,1,3,3
Musharaka,Samarqand,Xizmat,589,45,22,3,0,10617,36,0.3344,0.8353,0.3452,0.6663,0.5755,3,0.9297,0.3161,0.1702,0,0.2653,0.0718,0.0773,0.0462,0.068,0.0821,0.9271,15943,0.4644,6865,1,Juda Yuqori,3,2,4,5
Ijara,Toshkent,Ishlab chiqarish,672,46,6,3,0,139881,36,0.0541,0.66,0.3299,0.7814,0.5219,4,0.826,0.4171,0.1567,1,0.0631,0.0739,0.1129,0.0673,0.0183,0.027,0.231,151222,0.2722,9507,1,O'rta,1,0,5,1
Murabaha,Samarqand,Savdo,600,43,15,1,0,45789,6,0.1089,0.7636,0.3839,0.8395,0.8333,4,0.6242,0.2015,0.1554,1,0.0962,0.0551,0.083,0.0074,-0.088,0.0723,0.4359,47035,0.4603,9437,0,Yuqori,2,1,4,4
Murabaha,Farg'ona,Eksport,645,42,11,4,0,17474,6,0.1594,0.6914,0.2593,0.5925,0.7048,3,0.792,0.2017,0.0341,1,0.1029,0.0565,0.0818,0.0689,-0.0996,0.03,0.4207,18170,0.4069,3110,1,Yuqori,2,1,1,0
Ijara,Samarqand,Ishlab chiqarish,611,29,14,4,0,109863,60,0.1207,0.8302,0.3587,0.9123,0.5239,1,0.834,0.3633,0.1151,1,0.0887,0.0702,0.1053,0.0821,-0.0845,-0.0853,0.692,143015,0.3718,36796,0,Juda Yuqori,3,0,4,1
Ijara,Samarqand,Qurilish,533,43,14,4,0,21193,12,0.0908,0.766,0.5154,0.4358,0.8341,3,0.55,0.2163,0.1751,1,0.1044,0.0589,0.0799,0.0488,0.1939,0.0578,0.9314,22155,0.4586,9463,1,Juda Yuqori,3,0,4,3
Murabaha,Toshkent,Qurilish,541,38,5,5,0,124104,36,0.1404,0.8525,0.3517,0.789,0.6165,3,0.7995,0.0771,0.389,1,0.0935,0.0507,0.0965,0.0475,0.0366,-0.0246,0.6848,150235,0.3555,36574,1,Juda Yuqori,3,1,5,3
Murabaha,Farg'ona,Qurilish,650,49,1,1,0,20831,24,0.0981,0.6428,0.2158,0.7759,0.8877,3,0.9076,0.1688,0.1566,0,0.1133,0.0348,0.1006,0.0608,-0.0005,-0.0022,0.3799,22874,0.5227,4541,1,Yuqori,2,1,1,3
Murabaha,Samarqand,Xizmat,786,55,22,5,1,135063,24,0.1156,0.5589,0.3372,0.7224,0.2205,2,0.8921,0.125,0.1052,1,0.0713,0.0593,0.141,0.1058,0.0835,-0.0335,0.1711,150680,0.568,14646,0,O'rta,1,1,4,5
Murabaha,Buxoro,Qishloq xo'jaligi,694,47,1,4,0,525489,60,0.1363,0.4911,0.495,0.777,0.8952,3,0.7376,0.5,0.1134,1,0.1114,0.054,0.1364,0.06,0.0082,-0.0396,0.7658,704545,0.5329,287522,1,Juda Yuqori,3,1,0,2
Musharaka,Farg'ona,Xizmat,454,53,14,1,0,84297,84,0.2952,0.725,0.2289,0.6356,0.1346,3,0.8947,0.2018,0.1451,1,0.2734,0.0401,0.079,0.0203,-0.1228,0.1298,0.8027,171403,0.6149,84603,1,Juda Yuqori,3,2,1,5
Ijara,Namangan,Savdo,540,26,9,2,0,24724,12,0.082,0.6737,0.2345,0.5101,0.7964,2,0.7319,0.2325,0.0972,1,0.1461,0.0305,0.0805,0.01,0.0889,0.2067,0.6699,25737,0.4172,7194,1,Juda Yuqori,3,0,2,4
Ijara,Qashqadaryo,Xizmat,500,31,2,1,0,158948,84,0.0612,0.4735,0.7261,0.7593,0.4788,3,0.9227,0.108,0.0536,1,0.1084,0.0588,0.0964,0.085,-0.0555,0.143,0.4629,192977,0.4593,41025,1,Juda Yuqori,3,0,3,5
Musharaka,Farg'ona,Qishloq xo'jaligi,597,41,6,2,1,484752,12,0.135,0.5014,0.2914,0.8729,0.7401,4,0.6853,0.3659,0.1151,1,0.2391,0.0505,0.0437,0.0162,-0.1226,0.1045,0.7579,517483,0.6429,252145,1,Juda Yuqori,3,2,1,2
Murabaha,Namangan,Eksport,685,26,17,1,0,79071,60,0.1176,0.32,0.4406,0.8241,0.5514,4,0.9267,0.132,0.1427,1,0.1445,0.0449,0.101,0.0319,-0.022,0.0771,0.0659,102318,0.2816,1898,0,Past,0,1,2,0
Ijara,Farg'ona,Eksport,711,40,1,1,0,8615,84,0.1028,0.6437,0.6619,0.935,0.224,3,0.7526,0.347,0.3803,1,0.1111,0.0913,0.0359,0.0332,0.0487,-0.056,0.406,11713,0.4457,2119,1,Yuqori,2,0,1,0
Musharaka,Buxoro,Xizmat,648,27,9,1,1,489324,84,0.3424,0.7218,0.4645,0.7735,0.4863,3,0.55,0.1358,0.2449,1,0.2402,0.0648,0.1067,0.0536,0.0594,-0.0077,0.9352,1075758,0.6265,630281,1,Juda Yuqori,3,2,0,5
Sukuk,Buxoro,Xizmat,645,50,12,1,0,13674,60,0.075,0.2775,0.4057,0.7815,0.4083,3,0.8371,0.4438,0.0797,1,0.0911,0.0704,0.0936,0.0019,-0.0762,0.0621,0.1049,16239,0.2376,405,1,O'rta,1,3,0,5
Musharaka,Toshkent,Qurilish,598,33,20,4,0,11520,36,0.2403,0.8114,0.4317,0.6973,0.7323,4,0.8502,0.2937,0.0257,1,0.232,0.0684,0.0824,0.0313,0.3919,-0.0811,0.8316,15673,0.6264,8164,1,Juda Yuqori,3,2,5,3
Murabaha,Samarqand,Qurilish,514,29,22,1,0,199545,24,0.1472,0.7093,0.2638,0.803,0.5082,4,0.907,0.5,0.0847,1,0.136,0.0548,0.1154,0.0111,0.1886,0.0893,0.5558,228908,0.5046,64200,1,Juda Yuqori,3,1,4,3
Ijara,Namangan,Xizmat,674,40,7,3,1,85171,12,0.0906,0.6798,0.1971,0.7823,0.7245,3,0.8268,0.2789,0.2426,1,0.1205,0.0775,0.0895,0.0848,-0.0956,-0.0659,0.4871,89031,0.2833,12285,0,Juda Yuqori,3,0,2,5
Murabaha,Samarqand,Qurilish,530,64,7,3,1,17478,60,0.1454,0.3309,0.3432,0.6737,0.436,4,0.7543,0.0669,0.1727,1,0.1484,0.0332,0.0941,0.0443,-0.414,0.0608,0.3139,23830,0.4728,3538,0,Yuqori,2,1,4,3
Ijara,Buxoro,Ishlab chiqarish,666,36,9,1,0,63834,60,0.078,0.5907,0.7317,0.7197,0.5267,2,0.7832,0.2229,0.0646,1,0.1128,0.0691,0.1104,0.0611,0.2881,-0.0469,0.6135,76285,0.3349,15675,1,Juda Yuqori,3,0,0,1
Murabaha,Qashqadaryo,Qurilish,563,59,5,2,0,17906,60,0.1411,0.7356,0.3001,0.7365,0.5175,3,0.8639,0.2831,0.0726,1,0.0966,0.0444,0.0661,0.0485,0.1592,0.0874,0.3373,24223,0.4686,3828,0,Yuqori,2,1,3,3
Murabaha,Toshkent,Xizmat,585,46,8,3,0,81690,6,0.1116,0.5376,0.3767,0.5137,0.6686,3,0.7414,0.1656,0.2367,1,0.1242,0.0581,0.1031,0.0464,0.1465,0.0339,0.5795,83969,0.5352,26042,1,Juda Yuqori,3,1,5,5
Sukuk,Samarqand,Eksport,689,24,3,2,1,64922,60,0.0946,0.8759,0.2918,0.7937,0.2833,2,0.7249,0.0718,0.1041,1,0.052,0.0499,0.0778,0.0341,-0.0398,0.0099,0.1525,80282,0.3004,3677,0,O'rta,1,3,4,0
Murabaha,Toshkent,Qurilish,670,59,4,3,2,37442,6,0.1501,0.554,0.2356,0.8026,0.3644,5,0.7072,0.0956,0.1509,1,0.1115,0.0825,0.1146,0.0835,0.2323,0.0991,0.208,38847,0.443,3579,0,O'rta,1,1,5,3
Ijara,Namangan,Eksport,591,62,8,3,0,72917,12,0.121,0.8678,0.4391,0.7503,0.2834,4,0.7101,0.0593,0.3269,1,0.1216,0.035,0.1083,0.0029,0.058,-0.0353,0.3668,77327,0.257,7289,1,Yuqori,2,0,2,0
Murabaha,Qashqadaryo,Qishloq xo'jaligi,598,52,17,1,0,85960,12,0.1575,0.8417,0.2326,0.8686,0.6224,2,0.9275,0.1327,0.1826,1,0.142,0.0687,0.1332,0.0439,-0.2704,0.0486,0.4599,92730,0.3587,15298,0,Juda Yuqori,3,1,3,2
Ijara,Qashqadaryo,Savdo,541,37,5,2,0,458597,24,0.0812,0.5008,0.2508,0.7929,0.8859,4,0.6369,0.0235,0.0883,1,0.1536,0.0759,0.0883,0.0417,0.2621,0.1298,0.187,495825,0.3663,33963,1,O'rta,1,0,3,4
Ijara,Farg'ona,Ishlab chiqarish,674,29,15,3,1,10571,60,0.0739,0.3506,0.5385,0.6435,0.1052,3,0.7544,0.1457,0.1232,1,0.0826,0.047,0.135,0.0205,0.1088,0.0317,0.2984,12523,0.304,1136,0,Yuqori,2,0,1,1
Musharaka,Farg'ona,Eksport,615,40,9,0,0,5209,24,0.1351,0.8728,0.5202,0.7126,0.6895,5,0.826,0.5,0.2983,1,0.2664,0.0664,0.0903,0.0615,-0.1494,0.0858,0.9656,5912,0.5304,3028,1,Juda Yuqori,3,2,1,0
Murabaha,Farg'ona,Xizmat,653,45,15,2,0,31656,60,0.1585,0.5105,0.1812,0.4807,0.3147,3,0.7512,0.2223,0.2941,1,0.1448,0.0296,0.098,0.0817,0.2116,0.0466,0.2381,44202,0.6099,6418,0,O'rta,1,1,1,5
Murabaha,Buxoro,Ishlab chiqarish,649,39,8,5,0,52807,12,0.1559,0.5074,0.211,0.7121,0.5482,4,0.8463,0.1094,0.0701,1,0.0908,0.0399,0.0855,0.066,0.0678,0.0078,0.0634,56923,0.3576,1291,0,Past,0,1,0,1
Murabaha,Farg'ona,Qurilish,615,59,14,2,0,18336,24,0.1549,0.8263,0.357,0.5427,0.6407,4,0.6939,0.2079,0.3306,1,0.1533,0.0551,0.1019,0.0118,-0.2415,0.1194,0.6378,21176,0.4879,6590,0,Juda Yuqori,3,1,1,3
Murabaha,Buxoro,Xizmat,652,45,9,3,0,20322,60,0.1506,0.6651,0.1067,0.7366,0.7439,3,0.6618,0.2555,0.1099,1,0.107,0.0636,0.1101,0.0313,-0.1422,0.0894,0.2034,27972,0.5204,2960,0,O'rta,1,1,0,5
Ijara,Qashqadaryo,Savdo,749,34,1,2,0,138393,60,0.0582,0.7702,0.2195,0.8357,0.8265,4,0.7402,0.2785,0.2516,1,0.1146,0.0597,0.1023,0.0159,0.2232,0.1621,0.2931,158529,0.3697,17181,1,Yuqori,2,0,3,4
Sukuk,Toshkent,Qurilish,711,51,21,1,0,70192,60,0.0584,0.5307,0.4791,0.7154,0.4153,4,0.7867,0.0958,0.1423,1,0.0906,0.0308,0.0941,0.0718,-0.0728,0.0515,0.0698,80445,0.3619,2033,0,Past,0,3,5,3
Sukuk,Qashqadaryo,Ishlab chiqarish,616,56,18,0,0,11325,60,0.0762,0.8109,0.1108,0.8099,0.8442,2,0.8895,0.2669,0.002,1,0.0578,0.0432,0.0914,0.0198,0.1253,0.2154,0.1763,13483,0.2381,566,0,O'rta,1,3,3,1
Ijara,Farg'ona,Qurilish,714,44,9,6,0,11894,12,0.0644,0.5875,0.1088,0.6578,0.7415,5,0.6464,0.3147,0.3943,1,0.1116,0.0392,0.1124,0.0869,-0.0335,-0.007,0.241,12277,0.3262,965,1,O'rta,1,0,1,3
Ijara,Namangan,Xizmat,561,61,14,1,0,33240,12,0.0683,0.6848,0.6459,0.7338,0.6317,2,0.6607,0.2794,0.3213,1,0.0276,0.0383,0.088,0.044,-0.0506,0.1198,0.8578,34375,0.3367,9929,1,Juda Yuqori,3,0,2,5
Ijara,Farg'ona,Qurilish,505,51,21,0,0,117411,84,0.07,0.7347,0.3739,0.7745,0.151,4,0.9095,0.2932,0.1376,1,0.1208,0.0598,0.111,0.0801,-0.0856,0.1274,0.1782,146180,0.3263,8501,1,O'rta,1,0,1,3
Murabaha,Farg'ona,Eksport,643,33,6,2,0,8045,24,0.1646,0.7826,0.4934,0.9176,0.3262,3,0.9411,0.1192,0.2439,0,0.1069,0.0544,0.1376,0.0391,0.0729,0.1045,0.3985,9370,0.5069,1893,1,Yuqori,2,1,1,0
Sukuk,Toshkent,Xizmat,691,33,4,7,1,88384,84,0.0876,0.2763,0.3666,0.8158,0.8023,3,0.6772,0.2581,0.4,1,0.049,0.0695,0.0996,0.0732,0.0496,0.0469,0.4674,115494,0.1854,10006,1,Juda Yuqori,3,3,5,5
Ijara,Toshkent,Qurilish,669,49,9,1,0,7823,36,0.102,0.7175,0.2678,0.7988,0.6519,2,0.8764,0.0251,0.209,1,0.1001,0.0483,0.0942,0.0081,0.3055,0.1041,0.1895,9020,0.3744,640,0,O'rta,1,0,5,3
Musharaka,Toshkent,Savdo,773,37,20,0,0,132555,36,0.2119,0.8795,0.565,0.8952,0.754,3,0.7996,0.3944,0.2281,0,0.2202,0.0745,0.0768,0.0684,0.0575,-0.0686,0.952,174697,0.5871,97645,1,Juda Yuqori,3,2,5,4
Murabaha,Namangan,Qishloq xo'jaligi,748,26,24,2,0,39648,24,0.179,0.5806,0.5926,0.6698,0.4207,1,0.7524,0.0565,0.1501,1,0.1886,0.0676,0.0938,0.0278,0.0867,-0.0218,0.6509,46746,0.3631,11049,0,Juda Yuqori,3,1,2,2
Musharaka,Toshkent,Eksport,663,64,11,4,0,23675,84,0.2224,0.4459,0.3983,0.8931,0.1294,4,0.8999,0.1166,0.2078,1,0.269,0.0542,0.0552,0.0783,0.0245,0.0291,0.1411,42107,0.6148,3652,0,O'rta,1,2,5,0
Musharaka,Qashqadaryo,Qishloq xo'jaligi,674,54,14,2,1,10530,36,0.1632,0.6689,0.4183,0.4524,0.4897,3,0.55,0.3575,0.0521,1,0.2064,0.0566,0.1027,0.0111,0.1624,0.2362,0.954,13108,0.5937,7424,1,Juda Yuqori,3,2,3,2
Sukuk,Toshkent,Eksport,646,27,15,0,0,59338,36,0.0781,0.4774,0.4548,0.8296,0.5558,4,0.8635,0.0345,0.0612,1,0.045,0.0609,0.0811,0.0721,-0.0243,0.2635,0.0286,66292,0.3202,608,0,Past,0,3,5,0
Musharaka,Toshkent,Ishlab chiqarish,661,50,10,4,0,127241,84,0.3288,0.2659,0.2972,0.684,0.3733,3,0.7978,0.0564,0.0793,1,0.2786,0.046,0.0675,0.0503,0.1833,0.1713,0.1323,273680,0.7017,25405,1,O'rta,1,2,5,1
Murabaha,Toshkent,Savdo,435,63,9,2,1,15120,24,0.1371,0.2526,0.2715,0.5668,0.6953,5,0.6333,0.082,0.1007,1,0.0775,0.0725,0.0867,0.0113,-0.0228,0.0756,0.2372,17192,0.4995,2037,1,O'rta,1,1,5,4
Sukuk,Qashqadaryo,Savdo,757,64,14,4,1,108846,84,0.0467,0.2825,0.4213,0.9236,0.3693,4,0.55,0.3778,0.2351,1,0.0909,0.0658,0.0973,0.0587,0.1673,-0.001,0.1664,126639,0.2314,4877,0,O'rta,1,3,3,4
Murabaha,Namangan,Qurilish,630,53,19,2,1,79666,12,0.1777,0.7862,0.6715,0.7748,0.2744,4,0.55,0.164,0.2481,1,0.1115,0.0699,0.0754,0.0876,0.1748,0.0061,0.6718,86746,0.5396,31444,1,Juda Yuqori,3,1,2,3
Musharaka,Namangan,Savdo,690,50,2,4,0,185190,24,0.2843,0.7291,0.1801,0.8606,0.143,5,0.967,0.333,0.0903,1,0.2338,0.062,0.0958,0.0169,-0.0767,0.2239,0.096,237838,0.642,14662,0,Past,0,2,2,4
Murabaha,Namangan,Savdo,761,25,15,2,0,114530,12,0.1674,0.4731,0.4986,0.6963,0.3884,3,0.7269,0.2699,0.1994,1,0.1175,0.0607,0.1296,0.0236,-0.0992,0.0057,0.3946,124114,0.4266,20894,0,Yuqori,2,1,2,4
Ijara,Namangan,Qurilish,718,25,8,0,0,30797,36,0.116,0.7931,0.277,0.6729,0.8215,3,0.9112,0.2327,0.0617,1,0.0577,0.0468,0.0746,0.0728,-0.0667,-0.0093,0.2534,36154,0.2711,2483,0,Yuqori,2,0,2,3
Sukuk,Buxoro,Qurilish,665,36,3,5,0,129100,84,0.0535,0.4916,0.5579,0.73,0.2299,2,0.7862,0.0676,0.0401,1,0.0634,0.0648,0.0687,0.0786,0.1037,0.0987,0.0867,153258,0.2397,3184,0,Past,0,3,0,3
Murabaha,Farg'ona,Savdo,603,38,12,4,0,12563,12,0.146,0.6623,0.306,0.7276,0.1422,3,0.8374,0.0745,0.0544,1,0.1294,0.0572,0.1172,0.08,0.0049,-0.0457,0.1185,13480,0.5265,841,1,O'rta,1,1,1,4
Sukuk,Toshkent,Xizmat,798,52,10,2,0,31034,24,0.042,0.7023,0.5347,0.7377,0.132,2,0.8035,0.0582,0.0212,1,0.0446,0.0535,0.1269,0.001,0.0271,-0.0129,0.0483,32337,0.3589,560,0,Past,0,3,5,5
Murabaha,Toshkent,Qishloq xo'jaligi,664,31,12,2,0,229886,36,0.169,0.8341,0.1149,0.7192,0.111,2,0.7408,0.1566,0.0989,1,0.1536,0.0897,0.0973,0.0377,0.0084,0.0907,0.2221,288178,0.5317,34037,1,O'rta,1,1,5,2
Sukuk,Samarqand,Ishlab chiqarish,666,23,22,1,0,42806,84,0.0937,0.7217,0.5601,0.677,0.4844,3,0.8521,0.4526,0.1196,1,0.067,0.0349,0.0648,0.021,0.2543,-0.1777,0.4724,56844,0.3235,8688,1,Juda Yuqori,3,3,4,1
Ijara,Farg'ona,Eksport,741,28,20,2,0,16714,84,0.1053,0.7225,0.1543,0.6788,0.6388,3,0.7575,0.0267,0.1927,1,0.1054,0.0536,0.103,0.0379,0.0943,-0.0307,0.1165,22877,0.321,856,0,O'rta,1,0,1,0
Ijara,Samarqand,Xizmat,737,60,12,0,0,67376,60,0.0749,0.7219,0.4684,0.7033,0.316,3,0.9166,0.0135,0.081,1,0.123,0.0682,0.0852,0.0656,-0.0482,-0.0316,0.0824,79999,0.3605,2376,0,Past,0,0,4,5
Murabaha,Samarqand,Qurilish,649,25,11,0,0,58592,36,0.1707,0.6592,0.4019,0.7694,0.4318,3,0.866,0.0202,0.2892,1,0.0923,0.0564,0.089,0.0066,-0.1194,0.1043,0.1527,73595,0.5167,5807,0,O'rta,1,1,4,3
Sukuk,Namangan,Savdo,723,37,5,2,1,26778,84,0.0875,0.4743,0.4982,0.644,0.6776,3,0.846,0.094,0.0046,1,0.1064,0.0381,0.0907,0.0712,0.1331,0.0784,0.1607,34974,0.2632,1479,1,O'rta,1,3,2,4
Ijara,Samarqand,Xizmat,659,31,16,1,0,318554,60,0.0841,0.4639,0.4569,0.7138,0.4364,2,0.6016,0.0326,0.1605,1,0.0746,0.0404,0.1036,0.0851,-0.303,0.0197,0.1999,385558,0.3489,26888,0,O'rta,1,0,4,5
Murabaha,Samarqand,Xizmat,682,30,6,0,0,87073,24,0.0778,0.5739,0.4162,0.595,0.4139,5,0.8863,0.1183,0.2102,0,0.118,0.0503,0.1101,0.0055,0.0386,0.0884,0.1953,93846,0.3863,7082,1,O'rta,1,1,4,5
Ijara,Toshkent,Qishloq xo'jaligi,544,64,24,2,0,63631,84,0.0762,0.7491,0.3379,0.5633,0.3196,3,0.6716,0.203,0.2623,1,0.0962,0.0866,0.0851,0.0773,-0.3033,-0.0017,0.5754,80607,0.4134,19177,1,Juda Yuqori,3,0,5,2
Murabaha,Samarqand,Savdo,529,31,21,2,0,26893,24,0.1088,0.5342,0.2407,0.668,0.8277,4,0.7184,0.1775,0.1764,1,0.0946,0.0439,0.0783,0.0679,0.0512,-0.0105,0.2557,29819,0.5465,4167,0,Yuqori,2,1,4,4
Sukuk,Qashqadaryo,Xizmat,484,39,11,1,0,194737,84,0.0418,0.768,0.4617,0.5814,0.3647,5,0.55,0.1606,0.2183,1,0.0941,0.0689,0.0692,0.0665,0.267,0.0245,0.4766,223251,0.2821,30013,0,Juda Yuqori,3,3,3,5
Murabaha,Toshkent,Ishlab chiqarish,535,43,4,2,0,42522,36,0.1019,0.5397,0.3006,0.8781,0.3151,3,0.701,0.366,0.215,1,0.1364,0.0525,0.1402,0.0496,-0.0805,0.0507,0.5088,49024,0.4562,11379,0,Juda Yuqori,3,1,5,1
Ijara,Toshkent,Ishlab chiqarish,788,50,20,2,1,84015,12,0.1227,0.6367,0.5639,0.6556,0.8148,4,0.7,0.2677,0.0183,1,0.0279,0.051,0.0988,0.0035,0.2308,0.1489,0.382,89171,0.3476,11839,0,Yuqori,2,0,5,1
Musharaka,Qashqadaryo,Qishloq xo'jaligi,649,34,10,4,0,24909,120,0.2948,0.5294,0.0959,0.9579,0.1624,3,0.8387,0.3662,0.2429,1,0.2314,0.0554,0.1293,0.0307,-0.1373,0.0707,0.263,61619,0.5168,8375,0,Yuqori,2,2,3,2
Murabaha,Farg'ona,Xizmat,563,29,8,0,0,12469,24,0.1426,0.7478,0.1223,0.7539,0.2686,1,0.8004,0.222,0.0421,1,0.0951,0.0383,0.0988,0.0009,-0.1381,0.0585,0.321,14247,0.477,2182,1,Yuqori,2,1,1,5
Murabaha,Namangan,Qishloq xo'jaligi,736,49,11,3,0,21809,36,0.1438,0.6036,0.1745,0.4907,0.8247,3,0.6817,0.1269,0.1157,1,0.1168,0.0428,0.0994,0.0683,-0.0205,-0.0457,0.2509,26512,0.4048,2692,1,Yuqori,2,1,2,2
Murabaha,Toshkent,Eksport,655,52,12,3,0,40899,60,0.0884,0.7656,0.3331,0.5721,0.5759,3,0.8154,0.2213,0.1211,1,0.1464,0.0725,0.1371,0.0359,0.1776,-0.0618,0.4785,49942,0.5288,12637,1,Juda Yuqori,3,1,5,0
Musharaka,Toshkent,Eksport,740,62,20,5,1,45738,120,0.3687,0.6538,0.5891,0.7755,0.4088,2,0.7263,0.0163,0.0722,1,0.2485,0.0537,0.0793,0.0375,-0.0861,0.1275,0.7508,130059,0.6652,64950,1,Juda Yuqori,3,2,5,0
Murabaha,Toshkent,Qurilish,528,49,17,0,0,10786,12,0.1223,0.5175,0.2607,0.4912,0.4812,5,0.7466,0.279,0.0372,1,0.1506,0.052,0.0506,0.0221,0.1402,0.029,0.2415,11445,0.429,1186,0,O'rta,1,1,5,3
Musharaka,Farg'ona,Savdo,543,47,22,3,1,109364,12,0.2819,0.5612,0.4125,0.9371,0.5749,3,0.8005,0.1281,0.2415,1,0.2309,0.0542,0.0795,0.0675,0.1622,-0.0697,0.849,124782,0.6507,68928,1,Juda Yuqori,3,2,1,4
Murabaha,Toshkent,Qurilish,805,38,10,1,0,10882,12,0.0899,0.5146,0.3153,0.6468,0.5215,3,0.695,0.2102,0.3651,1,0.1211,0.0548,0.0677,0.0225,-0.0381,0.078,0.2091,11372,0.424,1008,0,O'rta,1,1,5,3
Murabaha,Buxoro,Savdo,702,31,4,3,1,365983,60,0.1008,0.7268,0.3461,0.6218,0.6859,4,0.892,0.1326,0.1119,1,0.1008,0.066,0.0895,0.0408,0.1735,-0.0025,0.3851,458194,0.4807,84814,1,Yuqori,2,1,0,4
Ijara,Qashqadaryo,Qishloq xo'jaligi,714,44,4,3,0,35600,36,0.1251,0.3945,0.2103,0.7916,0.3082,4,0.5816,0.1754,0.0708,1,0.0879,0.0538,0.0999,0.0787,-0.0564,0.1196,0.0271,42282,0.4426,507,0,Past,0,0,3,2
Murabaha,Farg'ona,Xizmat,710,48,7,4,0,165148,36,0.1512,0.6987,0.3613,0.8702,0.4417,2,0.7129,0.1778,0.1314,1,0.0961,0.0454,0.1114,0.0762,0.1,0.0423,0.2852,202614,0.4986,28815,0,Yuqori,2,1,1,5
Sukuk,Samarqand,Ishlab chiqarish,608,59,5,1,0,54312,36,0.0522,0.6251,0.2568,0.82,0.746,4,0.7648,0.0409,0.0174,1,0.0767,0.0746,0.0925,0.0349,-0.0732,0.0601,0.0451,58561,0.4287,1132,0,Past,0,3,4,1
Sukuk,Namangan,Ishlab chiqarish,565,24,7,3,0,17309,60,0.0782,0.7131,0.3438,0.7049,0.5083,4,0.8255,0.087,0.0928,1,0.0913,0.0435,0.1156,0.0316,-0.1269,0.0377,0.1224,20692,0.2238,567,0,O'rta,1,3,2,1
Ijara,Farg'ona,Qurilish,837,47,21,2,0,153960,24,0.0893,0.7605,0.3764,0.7418,0.4211,2,0.55,0.0614,0.0436,1,0.1717,0.048,0.0441,0.0639,0.0309,0.1364,0.1085,167711,0.1934,3521,0,O'rta,1,0,1,3
Musharaka,Toshkent,Savdo,565,23,10,6,1,47736,84,0.1748,0.3546,0.2873,0.7433,0.8512,3,0.6965,0.1064,0.1213,1,0.213,0.0662,0.1031,0.019,-0.036,0.178,0.7432,76948,0.5636,32228,0,Juda Yuqori,3,2,5,4
Sukuk,Toshkent,Savdo,620,57,22,1,0,82331,60,0.0898,0.654,0.1612,0.8723,0.8288,2,0.7632,0.2036,0.129,1,0.1218,0.0588,0.0757,0.0101,0.0011,0.1028,0.2466,100824,0.278,6912,0,O'rta,1,3,5,4
Murabaha,Samarqand,Ishlab chiqarish,787,39,19,1,0,21574,24,0.1733,0.2846,0.36,0.7187,0.3962,3,0.7833,0.1116,0.18,0,0.1462,0.0564,0.0794,0.0727,0.0833,0.1295,0.1233,25314,0.4015,1253,0,O'rta,1,1,4,1
Murabaha,Farg'ona,Xizmat,680,24,20,0,0,374217,24,0.1424,0.6921,0.568,0.658,0.1178,5,0.7246,0.1797,0.3053,1,0.1406,0.0372,0.14,0.05,0.2045,0.1257,0.3729,427491,0.5369,85599,0,Yuqori,2,1,1,5
Murabaha,Farg'ona,Xizmat,736,37,19,2,0,24463,12,0.1662,0.6717,0.7114,0.7695,0.5467,2,0.6904,0.3764,0.1733,1,0.1358,0.0513,0.092,0.0438,0.2901,0.1092,0.8068,26496,0.4077,8716,1,Juda Yuqori,3,1,1,5
Ijara,Buxoro,Xizmat,469,49,10,3,1,11164,24,0.0531,0.8228,0.2021,0.8561,0.2513,3,0.8918,0.2484,0.0318,1,0.0933,0.0668,0.1047,0.046,0.1124,-0.018,0.3425,11757,0.3869,1558,0,Yuqori,2,0,0,5
Murabaha,Toshkent,Ishlab chiqarish,629,35,5,3,0,106068,36,0.0808,0.8182,0.3418,0.8359,0.5683,2,0.7049,0.2147,0.0467,1,0.111,0.0538,0.0668,0.0946,0.0446,-0.0825,0.3487,118920,0.4649,19281,1,Yuqori,2,1,5,1
Musharaka,Samarqand,Xizmat,636,34,4,4,0,182956,84,0.3017,0.7842,0.2421,0.6498,0.1134,3,0.8066,0.3684,0.0492,1,0.2452,0.0779,0.0944,0.0384,0.0253,0.0869,0.5847,376150,0.6467,142221,0,Juda Yuqori,3,2,4,5
Sukuk,Buxoro,Qishloq xo'jaligi,592,39,4,0,0,118894,120,0.0467,0.5867,0.4714,0.6781,0.4439,1,0.7907,0.2545,0.1921,0,0.0207,0.03,0.1298,0.0473,-0.071,-0.0023,0.734,146650,0.2965,31919,1,Juda Yuqori,3,3,0,2
Sukuk,Buxoro,Qurilish,656,28,12,3,1,36906,60,0.0591,0.2094,0.2683,0.7059,0.4659,1,0.8883,0.0718,0.199,1,0.1045,0.0918,0.1191,0.0068,0.022,0.011,0.1896,42362,0.2697,2166,0,O'rta,1,3,0,3
Musharaka,Buxoro,Savdo,602,37,19,2,0,106361,120,0.1947,0.4966,0.6828,0.7262,0.6487,3,0.55,0.0705,0.1704,1,0.2631,0.0826,0.0905,0.0853,0.1123,-0.0193,0.9035,209880,0.6838,129652,0,Juda Yuqori,3,2,0,4
Murabaha,Namangan,Qurilish,522,34,9,3,1,68052,6,0.1456,0.3371,0.147,0.7383,0.222,5,0.7937,0.1356,0.1209,1,0.1306,0.0398,0.0927,0.0418,0.0877,-0.0343,0.0783,70530,0.4719,2607,0,Past,0,1,2,3
Ijara,Samarqand,Ishlab chiqarish,606,26,22,4,1,40756,60,0.1101,0.6778,0.5869,0.8948,0.5029,1,0.8429,0.0351,0.069,1,0.1107,0.0714,0.1421,0.0297,0.2478,-0.0822,0.765,51978,0.3192,12692,1,Juda Yuqori,3,0,4,1
Musharaka,Namangan,Qishloq xo'jaligi,726,57,19,2,0,27048,24,0.226,0.3328,0.6172,0.806,0.8018,3,0.6821,0.1687,0.3287,0,0.2781,0.0713,0.13,0.0586,0.0303,-0.0813,0.9361,33161,0.7334,22765,1,Juda Yuqori,3,2,2,2
Murabaha,Toshkent,Ishlab chiqarish,731,32,17,2,0,37202,6,0.0711,0.5266,0.3532,0.588,0.8218,4,0.9139,0.0337,0.3635,1,0.1195,0.0359,0.0947,0.0171,0.0468,0.0193,0.2947,37864,0.5026,5607,1,Yuqori,2,1,5,1
Murabaha,Qashqadaryo,Xizmat,613,55,18,3,0,3849,6,0.0713,0.757,0.1886,0.5921,0.7325,3,0.777,0.1006,0.1759,0,0.0777,0.0762,0.1047,0.0351,-0.3217,0.0287,0.625,3918,0.4257,1042,1,Juda Yuqori,3,1,3,5
Sukuk,Toshkent,Ishlab chiqarish,580,53,8,2,0,86809,120,0.0484,0.6755,0.1934,0.7018,0.2177,4,0.907,0.1419,0.024,0,0.0492,0.0717,0.1224,0.0297,0.122,0.1107,0.0389,107811,0.3211,1347,0,Past,0,3,5,1
Ijara,Qashqadaryo,Ishlab chiqarish,692,34,17,3,0,56129,36,0.117,0.7407,0.2058,0.6779,0.8036,1,0.7878,0.3309,0.1177,1,0.102,0.0734,0.111,0.0335,-0.0068,0.0678,0.641,65981,0.3398,14371,1,Juda Yuqori,3,0,3,1
Ijara,Qashqadaryo,Ishlab chiqarish,576,58,6,1,0,20523,24,0.1072,0.4625,0.3364,0.8764,0.7803,3,0.55,0.2109,0.0651,1,0.0958,0.0463,0.0862,0.0142,-0.092,-0.1583,0.2849,22723,0.3645,2360,0,Yuqori,2,0,3,1
Sukuk,Namangan,Qishloq xo'jaligi,616,54,19,2,1,6179,24,0.0934,0.8319,0.1717,0.7368,0.1166,3,0.55,0.3584,0.0071,1,0.0544,0.0496,0.064,0.0193,-0.1612,0.1005,0.187,6756,0.281,355,0,O'rta,1,3,2,2
Musharaka,Samarqand,Ishlab chiqarish,721,57,15,2,0,44056,84,0.1294,0.3535,0.1842,0.831,0.225,3,0.7356,0.1334,0.101,1,0.2413,0.0451,0.0703,0.0405,0.0966,0.0904,0.0889,64009,0.702,3993,1,Past,0,2,4,1
Musharaka,Toshkent,Ishlab chiqarish,722,60,3,2,0,54604,24,0.3768,0.7274,0.2199,0.7579,0.3897,4,0.55,0.1319,0.1164,0,0.2403,0.0354,0.0929,0.0236,0.1016,0.0285,0.4493,75177,0.4997,16879,1,Yuqori,2,2,5,1
Musharaka,Qashqadaryo,Xizmat,704,46,10,1,0,117318,12,0.3773,0.6485,0.2953,0.5569,0.2052,3,0.8748,0.3553,0.0892,1,0.2368,0.0708,0.1218,0.0245,-0.062,0.0206,0.5485,139449,0.663,50711,1,Juda Yuqori,3,2,3,5
Murabaha,Buxoro,Xizmat,667,43,11,1,0,25526,36,0.1115,0.5154,0.3207,0.9383,0.3368,4,0.8091,0.1802,0.214,1,0.1027,0.0454,0.1269,0.032,-0.1088,0.0623,0.116,29794,0.4799,1659,1,O'rta,1,1,0,5
Musharaka,Samarqand,Qishloq xo'jaligi,755,41,5,0,0,34107,60,0.2623,0.7037,0.3048,0.8,0.2802,2,0.8442,0.3448,0.4,1,0.2796,0.0692,0.1113,0.0146,0.2461,0.0384,0.8363,56475,0.5683,26840,1,Juda Yuqori,3,2,4,2
Ijara,Farg'ona,Eksport,678,64,20,1,0,17883,36,0.1064,0.8301,0.4221,0.2726,0.6628,2,0.9144,0.1427,0.0142,0,0.092,0.059,0.0738,0.0719,0.1179,0.0076,0.5976,20736,0.4888,6057,0,Juda Yuqori,3,0,1,0
Musharaka,Toshkent,Qishloq xo'jaligi,663,43,4,1,0,10213,60,0.1809,0.6147,0.251,0.8106,0.592,4,0.9382,0.2244,0.0453,1,0.2346,0.0414,0.1104,0.0582,0.0283,0.0466,0.2023,14834,0.6864,2060,0,O'rta,1,2,5,2
Sukuk,Farg'ona,Savdo,720,35,14,1,0,200033,84,0.0487,0.5446,0.5082,0.8556,0.7976,2,0.6421,0.1286,0.0544,1,0.0725,0.0471,0.0858,0.036,-0.0467,0.0482,0.2268,234101,0.3301,17531,0,O'rta,1,3,1,4
Musharaka,Namangan,Qishloq xo'jaligi,570,40,9,3,1,135859,84,0.3541,0.4436,0.53,0.6067,0.8371,2,0.831,0.1293,0.1749,1,0.2319,0.0522,0.0612,0.0121,0.0667,0.1022,0.9628,304222,0.6883,201588,1,Juda Yuqori,3,2,2,2
Musharaka,Buxoro,Xizmat,693,59,10,2,0,143123,120,0.341,0.5102,0.3216,0.6487,0.8861,4,0.9264,0.3196,0.1773,1,0.2623,0.0544,0.0974,0.0891,0.4317,0.155,0.7282,387162,0.6316,178090,1,Juda Yuqori,3,2,0,5
Musharaka,Samarqand,Qurilish,476,31,19,3,1,60737,84,0.1282,0.5281,0.1959,0.7539,0.4503,3,0.8927,0.3163,0.1346,1,0.1794,0.0614,0.1404,0.0719,-0.1231,0.114,0.8062,87995,0.638,45266,1,Juda Yuqori,3,2,4,3
Musharaka,Farg'ona,Xizmat,688,38,14,4,0,43007,84,0.3192,0.7476,0.2163,0.7626,0.5794,4,0.6363,0.0877,0.0749,1,0.2086,0.059,0.1148,0.0593,0.0502,0.1128,0.397,91053,0.6682,24158,0,Yuqori,2,2,1,5
Ijara,Namangan,Xizmat,782,30,11,3,0,39082,36,0.0918,0.8621,0.4754,0.9204,0.1115,3,0.8734,0.1342,0.1899,1,0.1243,0.057,0.0812,0.0311,0.1682,0.0208,0.1252,44467,0.5068,2822,0,O'rta,1,0,2,5
Murabaha,Namangan,Savdo,672,34,14,2,0,26088,36,0.1659,0.4528,0.3715,0.7136,0.4938,3,0.7983,0.1202,0.0521,1,0.0622,0.0633,0.1145,0.0439,0.1064,0.0592,0.0949,32578,0.3423,1059,0,Past,0,1,2,4
Musharaka,Qashqadaryo,Ishlab chiqarish,625,25,20,2,1,4917,36,0.3011,0.7624,0.2557,0.7215,0.7842,4,0.8097,0.2359,0.1981,1,0.2565,0.046,0.0779,0.025,-0.0714,0.0855,0.8698,7138,0.5647,3506,1,Juda Yuqori,3,2,3,1
Murabaha,Namangan,Ishlab chiqarish,554,60,15,2,0,145763,6,0.1756,0.5206,0.4866,0.5396,0.8225,3,0.9012,0.1521,0.0482,1,0.1258,0.0771,0.0821,0.0503,-0.0554,0.1504,0.5339,152164,0.4006,32542,0,Juda Yuqori,3,1,2,1
Murabaha,Samarqand,Qishloq xo'jaligi,707,63,19,2,0,71530,24,0.1541,0.8506,0.4591,0.7745,0.146,3,0.8231,0.2096,0.0464,1,0.099,0.0567,0.0727,0.0312,-0.2744,0.0604,0.1503,82552,0.344,4269,0,O'rta,1,1,4,2
Musharaka,Samarqand,Qishloq xo'jaligi,656,52,3,3,0,25800,120,0.1625,0.9076,0.5706,0.7917,0.5489,3,0.8457,0.2538,0.0427,1,0.2191,0.0658,0.1038,0.0379,0.0305,0.1036,0.8139,46757,0.5527,21034,1,Juda Yuqori,3,2,4,2
Ijara,Toshkent,Qurilish,784,60,13,1,0,8641,12,0.0999,0.8133,0.2937,0.8832,0.364,5,0.8786,0.2674,0.0969,1,0.0718,0.0524,0.1159,0.0365,0.3582,0.1258,0.0359,9073,0.3292,107,1,Past,0,0,5,3
Sukuk,Qashqadaryo,Savdo,654,25,16,2,0,114427,36,0.0687,0.238,0.5335,0.5926,0.7595,3,0.736,0.4128,0.1032,1,0.0826,0.0669,0.1333,0.0194,0.153,0.2262,0.3789,126214,0.2959,14152,1,Yuqori,2,3,3,4
Musharaka,Farg'ona,Ishlab chiqarish,683,39,14,1,0,43482,12,0.1846,0.5271,0.6948,0.7107,0.3183,2,0.8579,0.2747,0.1248,1,0.2258,0.0524,0.0916,0.0616,0.0238,0.0578,0.841,47495,0.5421,21653,1,Juda Yuqori,3,2,1,1
Ijara,Namangan,Qurilish,540,38,19,1,0,308488,12,0.0651,0.7009,0.5286,0.7856,0.3754,3,0.8254,0.3039,0.1138,0,0.0679,0.0391,0.0796,0.016,-0.3533,0.0371,0.6378,318526,0.3839,77998,1,Juda Yuqori,3,0,2,3
Musharaka,Farg'ona,Qishloq xo'jaligi,683,51,11,4,1,86768,12,0.3688,0.537,0.302,0.9457,0.7569,4,0.9186,0.0397,0.0187,1,0.2292,0.0794,0.1064,0.04,0.0573,0.0753,0.2999,102767,0.5579,17196,1,Yuqori,2,2,1,2
Musharaka,Qashqadaryo,Eksport,545,28,18,1,0,19176,60,0.3457,0.5492,0.5349,0.7344,0.6267,3,0.8767,0.2081,0.1038,1,0.2379,0.0336,0.103,0.0656,-0.1918,0.0111,0.8007,35750,0.4758,13618,1,Juda Yuqori,3,2,3,0
Murabaha,Farg'ona,Xizmat,585,55,16,2,0,20449,12,0.0833,0.4556,0.4441,0.8535,0.4517,3,0.55,0.3081,0.1081,1,0.1074,0.0668,0.136,0.087,0.3079,0.0462,0.5184,21300,0.4227,4667,0,Juda Yuqori,3,1,1,5
Murabaha,Samarqand,Ishlab chiqarish,682,33,5,2,0,93159,24,0.0922,0.7889,0.4426,0.547,0.5968,5,0.7113,0.3627,0.1303,1,0.1127,0.0469,0.0671,0.0477,-0.0715,0.0288,0.4741,101749,0.4948,23870,0,Juda Yuqori,3,1,4,1
Murabaha,Samarqand,Qishloq xo'jaligi,643,48,1,1,0,288863,24,0.1524,0.6204,0.2111,0.5321,0.8228,3,0.8503,0.2661,0.0223,0,0.0774,0.0466,0.0887,0.0493,0.2552,0.0098,0.4407,332898,0.3732,54751,1,Yuqori,2,1,4,2
Musharaka,Namangan,Ishlab chiqarish,733,37,7,3,1,81217,24,0.2035,0.4973,0.284,0.7278,0.3996,3,0.7559,0.5,0.0896,1,0.2102,0.0327,0.1353,0.0153,0.0987,0.0175,0.8347,97748,0.6153,50197,0,Juda Yuqori,3,2,2,1
Murabaha,Namangan,Eksport,581,23,15,2,0,116787,6,0.1125,0.3821,0.4822,0.7307,0.4209,3,0.7277,0.032,0.0203,1,0.146,0.0349,0.0856,0.0487,0.0051,0.0743,0.1726,120072,0.4958,10276,0,O'rta,1,1,2,0
Murabaha,Toshkent,Xizmat,511,56,7,1,0,210730,24,0.134,0.9372,0.4367,0.4624,0.3472,3,0.8317,0.0829,0.152,1,0.1163,0.0512,0.0897,0.0148,0.1078,0.1855,0.5856,238973,0.4558,63788,0,Juda Yuqori,3,1,5,5
Murabaha,Buxoro,Savdo,534,45,16,1,0,501311,6,0.1191,0.6705,0.5658,0.7479,0.4139,5,0.7298,0.0229,0.0199,1,0.1029,0.0385,0.0517,0.0343,-0.0059,-0.0326,0.1593,516234,0.4813,39587,0,O'rta,1,1,0,4
Sukuk,Toshkent,Eksport,706,25,15,4,0,26168,24,0.06,0.8646,0.4081,0.8592,0.4335,4,0.55,0.0093,0.2032,1,0.1123,0.0682,0.0739,0.0112,0.1817,0.0763,0.1684,27739,0.1,467,1,O'rta,1,3,5,0
Murabaha,Farg'ona,Ishlab chiqarish,552,34,5,0,0,85085,24,0.1598,0.7246,0.4317,0.8488,0.6213,3,0.55,0.2632,0.1771,1,0.0752,0.05,0.0779,0.0801,0.2686,0.0829,0.6469,98682,0.4461,28476,1,Juda Yuqori,3,1,1,1
Musharaka,Namangan,Ishlab chiqarish,650,56,12,4,0,41292,24,0.2961,0.6323,0.1646,0.9029,0.7125,3,0.55,0.0996,0.1487,1,0.2241,0.0442,0.0948,0.0387,0.0743,-0.1372,0.4564,53517,0.6162,15053,0,Juda Yuqori,3,2,2,1
Murabaha,Samarqand,Xizmat,849,40,22,2,0,321698,36,0.1619,0.483,0.6614,0.2607,0.6975,2,0.8624,0.2544,0.1228,1,0.1143,0.0724,0.1196,0.0301,-0.0691,0.0321,0.7498,399842,0.5161,154740,1,Juda Yuqori,3,1,4,5
Musharaka,Qashqadaryo,Eksport,826,59,18,3,1,40597,120,0.232,0.5653,0.5356,0.7486,0.3972,4,0.902,0.1436,0.2091,1,0.2496,0.0636,0.121,0.0725,-0.0038,0.0003,0.5902,87682,0.6475,33512,1,Juda Yuqori,3,2,3,0
Murabaha,Samarqand,Qurilish,627,33,17,3,0,45724,6,0.1096,0.5511,0.394,0.6917,0.6356,3,0.6919,0.1404,0.0743,0,0.1051,0.0502,0.0842,0.0381,-0.0897,0.1683,0.5016,46976,0.4382,10327,1,Juda Yuqori,3,1,4,3
Murabaha,Samarqand,Ishlab chiqarish,716,60,17,3,0,29135,12,0.1203,0.7926,0.235,0.9071,0.2159,4,0.9385,0.2608,0.0335,1,0.1041,0.0744,0.083,0.0429,-0.0611,0.0302,0.0333,30887,0.4736,488,0,Past,0,1,4,1
Musharaka,Qashqadaryo,Savdo,643,56,2,1,0,11233,36,0.2608,0.5677,0.2786,0.5111,0.7973,5,0.8739,0.0148,0.1268,0,0.2127,0.0245,0.1088,0.0396,-0.069,0.1576,0.53,15628,0.4996,4138,1,Juda Yuqori,3,2,3,4
Murabaha,Namangan,Qurilish,745,27,6,3,0,35021,24,0.073,0.7264,0.4891,0.5953,0.5371,3,0.9728,0.1037,0.0219,1,0.122,0.0377,0.1087,0.0521,-0.0315,0.0523,0.214,37577,0.4993,4015,0,O'rta,1,1,2,3
Murabaha,Samarqand,Qurilish,687,39,4,2,0,36880,12,0.1217,0.5402,0.3468,0.9499,0.8064,4,0.9501,0.5,0.3824,1,0.1193,0.055,0.1304,0.0474,-0.0137,0.0689,0.4858,39125,0.4529,8609,1,Juda Yuqori,3,1,4,3
Murabaha,Farg'ona,Qishloq xo'jaligi,555,64,13,1,0,51495,60,0.1688,0.7298,0.0626,0.5235,0.4942,3,0.6014,0.11,0.4,0,0.0741,0.0634,0.1311,0.0253,0.099,-0.0232,0.7508,73229,0.4781,26290,1,Juda Yuqori,3,1,1,2
Murabaha,Namangan,Ishlab chiqarish,735,56,1,3,1,106932,12,0.0787,0.9186,0.1798,0.4259,0.715,4,0.7457,0.1563,0.3616,1,0.1501,0.0589,0.1116,0.0112,0.1177,-0.1324,0.7058,111140,0.4512,35397,1,Juda Yuqori,3,1,2,1
Murabaha,Toshkent,Qurilish,601,52,14,5,0,135559,6,0.1475,0.6471,0.3608,0.7482,0.2607,5,0.8161,0.2725,0.1089,1,0.0746,0.0977,0.0948,0.0375,-0.1893,-0.0474,0.13,140558,0.5111,9340,0,O'rta,1,1,5,3
Murabaha,Qashqadaryo,Qishloq xo'jaligi,782,48,20,1,1,51616,24,0.167,0.485,0.4743,0.6579,0.485,4,0.6515,0.204,0.2028,1,0.121,0.0727,0.1477,0.0826,0.1784,0.082,0.4328,60237,0.4487,11698,1,Yuqori,2,1,3,2
Ijara,Samarqand,Qurilish,668,64,11,4,0,971976,12,0.0574,0.3396,0.5247,0.7505,0.188,3,0.578,0.2818,0.2125,1,0.1006,0.0508,0.1175,0.086,-0.1414,0.0718,0.3133,999887,0.4132,129447,0,Yuqori,2,0,4,3
Musharaka,Toshkent,Qurilish,771,25,17,2,0,12936,12,0.3432,0.6756,0.2089,0.9356,0.6139,1,0.6588,0.1991,0.0741,1,0.2226,0.0415,0.1355,0.0138,-0.1124,-0.0367,0.5212,15156,0.6449,5094,0,Juda Yuqori,3,2,5,3
Musharaka,Samarqand,Xizmat,663,36,1,1,0,84664,12,0.2322,0.7714,0.2797,0.8323,0.359,3,0.55,0.2193,0.0711,1,0.2491,0.0367,0.1177,0.0725,0.1355,0.0592,0.5638,94494,0.5715,30445,1,Juda Yuqori,3,2,4,5
Murabaha,Farg'ona,Eksport,482,62,12,2,0,48104,60,0.0856,0.8571,0.6305,0.3446,0.1056,3,0.6517,0.3787,0.1161,1,0.0926,0.0541,0.0892,0.0688,-0.0489,0.064,0.9471,58404,0.5563,30772,1,Juda Yuqori,3,1,1,0
Sukuk,Farg'ona,Qishloq xo'jaligi,708,57,19,4,0,58211,120,0.0629,0.4064,0.3446,0.5105,0.5034,4,0.953,0.1331,0.2132,1,0.1161,0.0555,0.0834,0.0537,-0.2025,0.0517,0.0574,76514,0.3632,1594,0,Past,0,3,1,2
Murabaha,Toshkent,Xizmat,529,59,5,0,0,53398,6,0.1792,0.4362,0.6602,0.8746,0.3215,3,0.7935,0.3113,0.0484,1,0.0921,0.0584,0.1084,0.0656,-0.0968,-0.0436,0.4031,55790,0.3835,8626,0,Yuqori,2,1,5,5
Murabaha,Buxoro,Savdo,543,29,4,0,0,79044,12,0.1114,0.5314,0.6681,0.913,0.4722,2,0.55,0.1836,0.1638,0,0.1104,0.0507,0.0956,0.0137,-0.2138,0.1565,0.8097,83447,0.3948,26672,1,Juda Yuqori,3,1,0,4
Musharaka,Namangan,Qurilish,572,29,4,5,2,41071,12,0.1821,0.4205,0.2318,0.7775,0.6511,1,0.9219,0.2027,0.2215,1,0.2639,0.0512,0.1197,0.0222,0.2037,0.1433,0.948,44811,0.7415,31500,1,Juda Yuqori,3,2,2,3
Murabaha,Qashqadaryo,Eksport,626,34,11,4,1,709648,24,0.1434,0.5669,0.5467,0.4641,0.8974,2,0.9334,0.1016,0.3416,1,0.08,0.0597,0.1014,0.1119,-0.0159,-0.1056,0.9152,811417,0.4562,338767,0,Juda Yuqori,3,1,3,0
Murabaha,Farg'ona,Qishloq xo'jaligi,657,44,24,2,0,208767,36,0.1109,0.3524,0.3644,0.8376,0.4553,4,0.7574,0.1263,0.0778,1,0.0949,0.0635,0.0909,0.0342,-0.1525,-0.0316,0.0547,243497,0.4833,6438,0,Past,0,1,1,2
Musharaka,Toshkent,Qurilish,794,28,11,3,1,36381,24,0.2165,0.6788,0.4478,0.5972,0.1058,4,0.5984,0.2555,0.0428,1,0.2382,0.037,0.0897,0.0678,-0.1338,-0.0145,0.6526,44258,0.5856,16914,1,Juda Yuqori,3,2,5,3
Sukuk,Toshkent,Qurilish,687,25,17,0,0,6886,120,0.0599,0.7476,0.3641,0.4393,0.194,3,0.8051,0.2084,0.2393,1,0.0897,0.0669,0.0822,0.0379,0.035,0.0008,0.2372,8949,0.185,393,0,O'rta,1,3,5,3
Musharaka,Buxoro,Qishloq xo'jaligi,681,45,14,1,0,21616,84,0.3243,0.4247,0.4036,0.5533,0.4967,4,0.8384,0.1544,0.263,1,0.2528,0.0734,0.0753,0.054,-0.1918,0.0043,0.5399,46152,0.6453,16079,0,Juda Yuqori,3,2,0,2
Ijara,Samarqand,Xizmat,662,31,24,2,0,24701,60,0.0588,0.6279,0.4564,0.8842,0.2097,4,0.7642,0.3852,0.0306,1,0.1059,0.0402,0.1127,0.0688,-0.0043,0.0283,0.1525,28333,0.2713,1172,0,O'rta,1,0,4,5
Sukuk,Samarqand,Eksport,705,48,12,4,0,66288,120,0.0769,0.7623,0.5397,0.6558,0.2457,2,0.817,0.0563,0.0557,0,0.0894,0.0582,0.0918,0.0744,-0.2778,0.1178,0.245,91779,0.277,6230,1,O'rta,1,3,4,0
Murabaha,Qashqadaryo,Savdo,619,28,8,2,0,187882,60,0.1571,0.6593,0.1842,0.9119,0.4194,2,0.7766,0.0948,0.1035,1,0.0791,0.0576,0.0985,0.0623,0.0426,0.2209,0.0942,261656,0.373,9189,0,Past,0,1,3,4
Murabaha,Qashqadaryo,Qurilish,532,58,3,1,0,4509,24,0.0831,0.7375,0.5092,0.8246,0.1048,4,0.9506,0.1831,0.1849,1,0.0825,0.0656,0.1065,0.0512,-0.1024,0.0606,0.2291,4883,0.6964,779,0,O'rta,1,1,3,3
Murabaha,Farg'ona,Savdo,739,36,13,3,0,49561,6,0.0791,0.4133,0.3409,0.8131,0.4589,3,0.55,0.1415,0.0417,1,0.1057,0.0487,0.1208,0.0476,-0.0413,0.2083,0.0971,50542,0.4967,2436,0,Past,0,1,1,4
Musharaka,Buxoro,Xizmat,661,64,6,7,1,5256,12,0.1884,0.6973,0.2618,0.6941,0.8668,4,0.6849,0.5,0.0033,1,0.2434,0.0332,0.0773,0.0944,0.0949,0.0865,0.9167,5751,0.7887,4158,1,Juda Yuqori,3,2,0,5
Murabaha,Namangan,Qurilish,650,22,2,4,0,209228,12,0.111,0.3965,0.3095,0.6422,0.7196,3,0.7317,0.2595,0.1501,1,0.1726,0.056,0.0623,0.0289,0.0163,0.0284,0.3582,220841,0.5636,44580,0,Yuqori,2,1,2,3
Sukuk,Farg'ona,Qishloq xo'jaligi,648,49,19,5,0,138609,24,0.0683,0.3931,0.3113,0.7347,0.2777,4,0.7613,0.0672,0.0802,1,0.0761,0.0461,0.0903,0.0207,-0.0769,0.1707,0.014,148074,0.2864,594,0,Past,0,3,1,2
Ijara,Farg'ona,Ishlab chiqarish,694,52,9,1,0,52489,60,0.1244,0.5046,0.5104,0.6415,0.6745,3,0.7329,0.2823,0.2305,1,0.0719,0.064,0.0912,0.0996,-0.0175,0.0912,0.3819,68812,0.3045,8001,0,Yuqori,2,0,1,1
Musharaka,Farg'ona,Xizmat,493,32,8,3,0,410437,84,0.295,0.4168,0.4693,0.8318,0.2266,4,0.7333,0.241,0.0838,1,0.2343,0.0354,0.0953,0.0646,0.1291,-0.0325,0.5204,834233,0.6242,270993,0,Juda Yuqori,3,2,1,5
Murabaha,Qashqadaryo,Eksport,548,39,4,4,1,63566,6,0.1242,0.7954,0.1437,0.9642,0.1577,2,0.8634,0.1829,0.2905,1,0.0781,0.0582,0.1195,0.0436,0.0516,0.043,0.4525,65540,0.5702,16912,0,Juda Yuqori,3,1,3,0
Ijara,Toshkent,Qurilish,652,27,12,2,0,8816,60,0.098,0.3602,0.4807,0.8138,0.5341,3,0.8586,0.2426,0.105,1,0.1219,0.0338,0.0905,0.0719,0.124,0.1825,0.1593,10974,0.4341,759,0,O'rta,1,0,5,3
Sukuk,Samarqand,Qurilish,635,64,5,2,0,68967,36,0.0713,0.4635,0.1321,0.6961,0.8443,5,0.7348,0.1698,0.0981,1,0.0712,0.0486,0.1133,0.0122,0.3902,-0.0066,0.0379,76340,0.285,825,0,Past,0,3,4,3
Ijara,Buxoro,Qishloq xo'jaligi,665,56,4,3,0,104075,12,0.0839,0.73,0.3318,0.7669,0.6781,2,0.6594,0.3223,0.2176,1,0.0773,0.062,0.1191,0.0188,0.0988,-0.0732,0.6858,108439,0.4565,33946,1,Juda Yuqori,3,0,0,2
Murabaha,Farg'ona,Qurilish,742,26,13,2,0,53843,24,0.1614,0.5422,0.5308,0.7347,0.3073,2,0.9159,0.3617,0.1361,1,0.1247,0.0453,0.1228,0.0049,0.0276,0.0532,0.3859,62531,0.4552,10982,0,Yuqori,2,1,1,3
Musharaka,Qashqadaryo,Qishloq xo'jaligi,645,43,24,4,1,19500,84,0.161,0.4918,0.3861,0.7537,0.5471,3,0.7394,0.3717,0.2149,1,0.2603,0.0535,0.1221,0.0679,0.0658,0.0263,0.9173,30485,0.612,17113,1,Juda Yuqori,3,2,3,2
Murabaha,Toshkent,Eksport,742,27,2,3,0,29016,60,0.1572,0.4845,0.3122,0.709,0.8053,4,0.9549,0.1412,0.1042,1,0.1079,0.0597,0.1074,0.0026,-0.0219,-0.1646,0.0676,40417,0.4821,1318,0,Past,0,1,5,0
Murabaha,Namangan,Xizmat,518,49,20,1,0,40603,12,0.1401,0.5964,0.2936,0.7787,0.2359,3,0.946,0.3672,0.055,1,0.0847,0.0519,0.1455,0.0535,0.3722,0.1005,0.2361,43447,0.5004,5134,0,O'rta,1,1,2,5
Murabaha,Namangan,Qurilish,612,46,19,3,0,35313,12,0.12,0.5734,0.3412,0.7475,0.1593,4,0.7913,0.0668,0.1206,1,0.1497,0.0504,0.0711,0.0525,0.0557,0.0117,0.0891,37432,0.4667,1557,0,Past,0,1,2,3
Musharaka,Toshkent,Xizmat,607,61,16,2,0,57590,24,0.3285,0.7649,0.4257,0.8887,0.1391,4,0.8571,0.237,0.1445,1,0.2935,0.0666,0.108,0.0388,-0.0697,0.1518,0.6059,76506,0.6727,31184,1,Juda Yuqori,3,2,5,5
Ijara,Farg'ona,Ishlab chiqarish,660,34,4,1,0,77310,36,0.1026,0.6526,0.7714,0.6274,0.171,2,0.8438,0.3375,0.02,1,0.0818,0.0461,0.107,0.0873,0.0897,0.0228,0.733,89209,0.35,22885,1,Juda Yuqori,3,0,1,1
Murabaha,Qashqadaryo,Qishloq xo'jaligi,725,62,21,6,1,84014,24,0.117,0.5226,0.5277,0.8486,0.4776,4,0.6524,0.2796,0.1562,1,0.1173,0.0618,0.0913,0.0641,-0.0887,0.0546,0.3581,93842,0.4217,14171,0,Yuqori,2,1,3,2
Murabaha,Buxoro,Qurilish,655,50,13,3,1,5867,12,0.166,0.8968,0.1351,0.7674,0.8028,3,0.6772,0.2753,0.0688,1,0.1574,0.0755,0.095,0.0671,-0.0295,0.1025,0.6809,6354,0.458,1982,0,Juda Yuqori,3,1,0,3
Musharaka,Samarqand,Eksport,633,57,15,3,0,90847,24,0.2256,0.8256,0.5262,0.6737,0.7117,1,0.8887,0.2611,0.086,1,0.2318,0.0858,0.0858,0.0628,-0.0964,0.0594,0.9465,111344,0.6256,65934,1,Juda Yuqori,3,2,4,0
Murabaha,Buxoro,Eksport,692,30,7,3,0,253017,12,0.1191,0.4752,0.3516,0.6003,0.6511,3,0.55,0.4161,0.1312,1,0.1308,0.0612,0.0937,0.0526,-0.056,0.0247,0.4626,268086,0.4536,56246,1,Juda Yuqori,3,1,0,0
Murabaha,Namangan,Ishlab chiqarish,547,61,15,2,0,22118,36,0.1633,0.2619,0.5751,0.7404,0.531,4,0.8974,0.0845,0.1027,1,0.1438,0.06,0.1145,0.0561,-0.0251,0.0214,0.2067,27535,0.4269,2430,0,O'rta,1,1,2,1
Murabaha,Namangan,Qurilish,667,59,5,4,0,49977,36,0.134,0.8954,0.2496,0.554,0.8897,3,0.8383,0.2828,0.129,1,0.1294,0.0248,0.0981,0.0339,-0.0705,0.0714,0.6838,60023,0.4541,18636,0,Juda Yuqori,3,1,2,3
Ijara,Namangan,Qishloq xo'jaligi,545,28,17,5,0,22477,36,0.0528,0.4858,0.3454,0.6222,0.5003,3,0.6243,0.1086,0.203,1,0.1091,0.0664,0.085,0.066,0.1439,0.0229,0.3789,24256,0.3573,3283,0,Yuqori,2,0,2,2
Murabaha,Samarqand,Qurilish,651,31,7,1,0,47038,60,0.0779,0.6177,0.308,0.6681,0.1101,3,0.8921,0.1394,0.393,1,0.0798,0.0585,0.1259,0.0906,0.0193,0.1072,0.2809,56197,0.4334,6841,0,Yuqori,2,1,4,3
Murabaha,Qashqadaryo,Savdo,520,26,16,4,0,10097,6,0.1123,0.6834,0.1399,0.6799,0.149,3,0.55,0.1445,0.0545,1,0.095,0.0322,0.0952,0.0646,0.0074,0.1713,0.2473,10381,0.5952,1528,0,O'rta,1,1,3,4
Murabaha,Buxoro,Savdo,659,33,10,3,0,252812,12,0.0862,0.5349,0.4579,0.9044,0.1501,4,0.8418,0.2105,0.0781,1,0.0841,0.0456,0.1185,0.0531,-0.1548,-0.135,0.0577,263709,0.4291,6526,0,Past,0,1,0,4
Sukuk,Samarqand,Qishloq xo'jaligi,528,25,4,3,0,111970,84,0.0898,0.6068,0.5477,0.8296,0.16,3,0.8971,0.1691,0.0345,1,0.0009,0.0367,0.1216,0.0006,-0.0435,0.3471,0.1356,147157,0.1,1995,0,O'rta,1,3,4,2
Ijara,Namangan,Savdo,592,27,8,4,0,139024,60,0.0596,0.3555,0.3425,0.8114,0.6508,3,0.6442,0.2573,0.0429,1,0.0673,0.0707,0.1039,0.0243,0.143,-0.0983,0.1714,159722,0.3522,9641,0,O'rta,1,0,2,4
Ijara,Toshkent,Savdo,535,24,1,0,0,15603,84,0.0618,0.5035,0.5616,0.8766,0.8368,3,0.6176,0.2811,0.2509,1,0.1144,0.062,0.1136,0.0411,-0.312,-0.0408,0.8434,18977,0.5118,8192,0,Juda Yuqori,3,0,5,4
Murabaha,Qashqadaryo,Xizmat,634,40,7,3,1,4875,60,0.1395,0.8042,0.2337,0.7312,0.7242,2,0.6127,0.1137,0.0536,1,0.1099,0.0682,0.0593,0.0809,0.0816,0.2133,0.4857,6576,0.3596,1149,1,Juda Yuqori,3,1,3,5
Musharaka,Namangan,Ishlab chiqarish,638,33,24,2,0,78037,120,0.2904,0.635,0.731,0.8056,0.2739,3,0.8153,0.1335,0.1693,1,0.2285,0.0505,0.1262,0.0274,0.2856,-0.1717,0.7721,191328,0.5652,83491,1,Juda Yuqori,3,2,2,1
Murabaha,Qashqadaryo,Xizmat,660,61,14,5,1,58979,12,0.1254,0.7003,0.4333,0.7174,0.7391,2,0.7128,0.2395,0.0494,0,0.0989,0.0669,0.1062,0.0482,0.2285,0.2579,0.875,62678,0.3718,20390,1,Juda Yuqori,3,1,3,5
Musharaka,Toshkent,Savdo,745,59,11,1,0,24346,36,0.1249,0.6875,0.7381,0.6006,0.3416,4,0.7231,0.2196,0.1502,1,0.2105,0.0522,0.1244,0.0285,0.0103,0.1351,0.8333,28907,0.5786,13937,1,Juda Yuqori,3,2,5,4
Sukuk,Farg'ona,Eksport,671,58,16,1,0,101032,24,0.0858,0.8276,0.5641,0.4759,0.4139,1,0.7733,0.1242,0.055,1,0.0604,0.0455,0.1049,0.0638,-0.0466,0.0249,0.5568,109701,0.2172,13266,1,Juda Yuqori,3,3,1,0
Musharaka,Qashqadaryo,Ishlab chiqarish,656,40,22,4,0,34219,84,0.318,0.8042,0.6328,0.8635,0.5732,2,0.7789,0.1418,0.2154,1,0.2448,0.0884,0.1038,0.0871,0.1457,-0.0036,0.9039,72305,0.6239,40774,1,Juda Yuqori,3,2,3,1
Sukuk,Qashqadaryo,Qishloq xo'jaligi,616,35,7,2,0,14048,60,0.0546,0.7835,0.3814,0.7651,0.253,1,0.6003,0.1981,0.2251,1,0.0348,0.0426,0.0997,0.0686,-0.0132,0.2333,0.4568,15964,0.3071,2240,1,Juda Yuqori,3,3,3,2
Ijara,Toshkent,Qishloq xo'jaligi,739,26,14,1,0,96440,84,0.1171,0.6367,0.186,0.6471,0.8276,3,0.7857,0.0216,0.0659,1,0.0895,0.0397,0.0929,0.0201,-0.021,-0.0423,0.0642,135959,0.4437,3874,0,Past,0,0,5,2
Murabaha,Buxoro,Qurilish,689,43,14,2,0,260774,12,0.0801,0.3063,0.0636,0.8152,0.744,4,0.8167,0.0892,0.3831,1,0.1256,0.0483,0.0561,0.0449,-0.0845,-0.015,0.0708,271218,0.4094,7860,1,Past,0,1,0,3
Sukuk,Farg'ona,Qishloq xo'jaligi,431,28,22,0,0,62704,24,0.0768,0.438,0.4222,0.7106,0.5778,3,0.7697,0.1672,0.023,1,0.0747,0.0583,0.0905,0.0648,-0.154,-0.102,0.2564,67520,0.254,4398,1,Yuqori,2,3,1,2
Murabaha,Qashqadaryo,Qurilish,626,29,17,4,0,23825,60,0.1415,0.4293,0.7083,0.8312,0.8739,3,0.8153,0.4004,0.313,0,0.0621,0.0584,0.083,0.0086,0.1351,0.0144,0.8899,32252,0.3804,10918,1,Juda Yuqori,3,1,3,3
Musharaka,Namangan,Xizmat,585,48,2,3,0,107812,84,0.1797,0.533,0.4687,0.9175,0.8618,4,0.55,0.1298,0.1213,1,0.2505,0.0561,0.0766,0.035,-0.053,0.0269,0.7211,175604,0.6581,83325,1,Juda Yuqori,3,2,2,5
Murabaha,Toshkent,Qishloq xo'jaligi,624,49,18,2,0,36087,6,0.0914,0.5658,0.7494,0.7908,0.1596,2,0.6895,0.0827,0.1109,1,0.1316,0.0638,0.0762,0.0021,-0.1615,0.1398,0.476,36911,0.299,5254,0,Juda Yuqori,3,1,5,2
Murabaha,Namangan,Eksport,694,48,22,5,2,48099,36,0.1494,0.5868,0.4601,0.8066,0.5624,4,0.7708,0.1409,0.2109,1,0.1001,0.0716,0.1051,0.0203,0.1687,0.06,0.7016,58875,0.3778,15607,1,Juda Yuqori,3,1,2,0
Musharaka,Farg'ona,Qurilish,662,38,21,4,0,388252,84,0.2158,0.7049,0.6034,0.6215,0.7235,3,0.7125,0.2608,0.1035,1,0.2062,0.0704,0.1171,0.0435,-0.09,0.067,0.9259,681542,0.6282,396401,1,Juda Yuqori,3,2,1,3
Murabaha,Namangan,Eksport,644,40,1,2,0,24874,24,0.0728,0.4922,0.3548,0.7386,0.602,1,0.7441,0.2184,0.1683,1,0.0842,0.0561,0.1063,0.0735,0.08,0.0467,0.5539,26685,0.4702,6951,0,Juda Yuqori,3,1,2,0
Musharaka,Qashqadaryo,Xizmat,655,46,15,0,0,58228,60,0.1695,0.4138,0.2321,0.6922,0.7132,1,0.7483,0.1298,0.1395,1,0.2841,0.0525,0.0584,0.0394,0.0732,0.2515,0.6201,82898,0.5956,30618,0,Juda Yuqori,3,2,3,5
Musharaka,Farg'ona,Xizmat,666,58,17,3,0,69656,12,0.215,0.5237,0.1508,0.7491,0.4655,4,0.7179,0.1484,0.3561,1,0.2366,0.043,0.0668,0.0964,0.3101,-0.0339,0.3362,77143,0.6071,15744,1,Yuqori,2,2,1,5
Murabaha,Samarqand,Eksport,556,47,8,5,0,122383,6,0.0748,0.7553,0.4167,0.6762,0.1425,4,0.7467,0.0871,0.2029,1,0.0878,0.0763,0.124,0.0753,0.2252,0.1058,0.2909,124672,0.3623,13136,0,Yuqori,2,1,4,0
Murabaha,Farg'ona,Eksport,678,22,6,2,1,22420,36,0.1623,0.451,0.4787,0.9379,0.7567,4,0.8381,0.0409,0.2436,1,0.0837,0.0178,0.0857,0.0427,-0.1013,-0.036,0.2432,27878,0.459,3113,1,O'rta,1,1,1,0
Musharaka,Samarqand,Qishloq xo'jaligi,643,30,1,4,0,80304,60,0.3492,0.3789,0.1614,0.9358,0.7406,4,0.9227,0.4031,0.3481,0,0.2576,0.0304,0.0891,0.0338,0.2691,-0.007,0.7406,150400,0.7097,79053,0,Juda Yuqori,3,2,4,2
Murabaha,Namangan,Ishlab chiqarish,540,37,24,1,0,18859,60,0.1356,0.5309,0.2179,0.8839,0.737,2,0.9063,0.0688,0.0875,1,0.12,0.0524,0.0883,0.03,-0.046,-0.0334,0.1835,25252,0.3833,1776,0,O'rta,1,1,2,1
Ijara,Buxoro,Qurilish,701,55,9,3,0,239550,84,0.0823,0.2863,0.5072,0.7012,0.7504,3,0.8229,0.2432,0.0321,1,0.1013,0.0407,0.071,0.0475,0.0129,0.0268,0.1536,308560,0.4388,20800,0,O'rta,1,0,0,3
Ijara,Toshkent,Ishlab chiqarish,612,25,1,8,1,9706,24,0.0827,0.3531,0.4117,0.6319,0.4803,4,0.7429,0.0432,0.275,1,0.0648,0.0466,0.0759,0.0368,-0.1627,0.0889,0.2193,10509,0.4191,966,0,O'rta,1,0,5,1
Ijara,Namangan,Qishloq xo'jaligi,577,50,15,1,0,109331,24,0.074,0.5452,0.5266,0.81,0.1048,5,0.637,0.097,0.0687,1,0.1257,0.0395,0.0765,0.0591,-0.0385,0.0846,0.083,117417,0.516,5028,0,Past,0,0,2,2
Ijara,Buxoro,Savdo,776,46,1,6,1,2975,24,0.1097,0.7725,0.4645,0.5896,0.484,3,0.5519,0.1176,0.0431,1,0.1212,0.0563,0.1297,0.0111,0.1158,0.0767,0.5356,3301,0.3028,535,0,Juda Yuqori,3,0,0,4
Musharaka,Samarqand,Eksport,609,30,21,4,2,39114,60,0.374,0.7568,0.4317,0.8287,0.2364,4,0.6497,0.4897,0.2243,1,0.2482,0.0629,0.0379,0.0406,0.059,-0.1759,0.9548,75684,0.6844,49457,1,Juda Yuqori,3,2,4,0
Ijara,Qashqadaryo,Savdo,547,42,8,1,0,12035,12,0.1058,0.6102,0.2199,0.8213,0.7734,2,0.7802,0.069,0.193,1,0.0752,0.0473,0.0786,0.0286,0.1147,0.085,0.3005,12672,0.3877,1476,0,Yuqori,2,0,3,4
Murabaha,Qashqadaryo,Qishloq xo'jaligi,718,24,13,2,0,75144,24,0.1493,0.55,0.3116,0.7658,0.7942,4,0.835,0.3593,0.0091,0,0.1614,0.0686,0.0993,0.0436,0.0148,0.1592,0.3919,86365,0.5428,18372,0,Yuqori,2,1,3,2
Murabaha,Farg'ona,Eksport,638,38,12,2,0,35554,60,0.0766,0.7377,0.1327,0.6876,0.3362,4,0.55,0.2298,0.1586,1,0.1387,0.0659,0.0776,0.0489,0.0805,0.0487,0.2401,42359,0.3347,3404,0,O'rta,1,1,1,0
Ijara,Namangan,Qurilish,600,62,10,3,1,146400,36,0.1276,0.4809,0.3351,0.9341,0.3943,5,0.9339,0.0628,0.2692,1,0.0941,0.0417,0.0602,0.0443,-0.0331,-0.1109,0.0426,174423,0.2228,1655,0,Past,0,0,2,3
Musharaka,Qashqadaryo,Xizmat,596,38,11,0,0,34939,120,0.2655,0.453,0.5287,0.5473,0.7721,2,0.647,0.1955,0.0685,1,0.2601,0.051,0.0652,0.0755,-0.2038,-0.0,0.912,81325,0.6062,44960,0,Juda Yuqori,3,2,3,5
Ijara,Farg'ona,Eksport,636,23,11,3,0,4055,60,0.0938,0.7897,0.6106,0.9755,0.6826,3,0.8649,0.33,0.0938,1,0.0923,0.0635,0.0991,0.053,-0.2383,-0.1185,0.5732,5006,0.3981,1142,1,Juda Yuqori,3,0,1,0
Ijara,Namangan,Qurilish,737,40,8,0,0,19133,24,0.0794,0.444,0.3341,0.6214,0.6161,3,0.7893,0.2516,0.2283,1,0.0834,0.0431,0.0966,0.0054,0.1145,-0.0293,0.2029,20652,0.3433,1438,1,O'rta,1,0,2,3
Sukuk,Samarqand,Xizmat,792,42,22,2,0,3133,36,0.09,0.7689,0.45,0.5353,0.3114,5,0.8959,0.1581,0.2918,0,0.0456,0.0456,0.114,0.0525,0.1193,0.2175,0.1566,3556,0.161,90,0,O'rta,1,3,4,5
Sukuk,Buxoro,Xizmat,589,59,11,1,0,147592,60,0.0558,0.3974,0.2662,0.7745,0.5037,3,0.9199,0.1679,0.3193,1,0.0584,0.0806,0.1056,0.0771,0.151,0.0794,0.0953,168179,0.2362,3787,0,Past,0,3,0,5
Musharaka,Namangan,Qurilish,531,57,11,1,0,33659,84,0.1369,0.4863,0.1244,0.4097,0.3656,3,0.6228,0.2606,0.3104,1,0.2888,0.0589,0.0932,0.0751,0.1489,0.0042,0.8489,49784,0.5658,23910,1,Juda Yuqori,3,2,2,3
Murabaha,Farg'ona,Xizmat,653,64,3,6,0,35390,60,0.1274,0.3082,0.2517,0.7452,0.236,2,0.7475,0.2667,0.2828,1,0.1342,0.054,0.1263,0.0052,0.017,0.0035,0.2751,46660,0.398,5107,0,Yuqori,2,1,1,5
Musharaka,Toshkent,Qurilish,522,36,15,6,0,38707,12,0.1941,0.635,0.4225,0.8728,0.3611,3,0.8203,0.3596,0.0125,1,0.2894,0.0494,0.0641,0.0204,-0.4324,0.0507,0.7509,42462,0.5845,18635,1,Juda Yuqori,3,2,5,3
Murabaha,Toshkent,Qurilish,608,39,3,1,1,55353,24,0.1412,0.5417,0.3511,0.9093,0.6032,3,0.8098,0.3428,0.1024,1,0.1101,0.0376,0.1314,0.0458,0.0601,-0.0428,0.6051,63170,0.455,17393,1,Juda Yuqori,3,1,5,3
Musharaka,Qashqadaryo,Qishloq xo'jaligi,627,60,14,1,0,10798,84,0.1291,0.5067,0.3674,0.3819,0.3104,3,0.9213,0.1158,0.2931,1,0.1961,0.0394,0.1033,0.071,0.0231,0.0816,0.5961,15677,0.747,6981,1,Juda Yuqori,3,2,3,2
Ijara,Buxoro,Xizmat,684,22,1,3,0,34759,36,0.081,0.6275,0.4337,0.8392,0.2112,3,0.6899,0.1784,0.1184,1,0.1014,0.0369,0.0667,0.0729,-0.2971,0.1713,0.1123,38985,0.3051,1335,0,O'rta,1,0,0,5
Ijara,Namangan,Qurilish,649,62,16,1,0,147792,36,0.0546,0.5365,0.4358,0.8301,0.6863,4,0.6714,0.3012,0.2547,1,0.0695,0.0555,0.1015,0.0032,-0.0566,0.1574,0.3453,159885,0.3039,16776,0,Yuqori,2,0,2,3
Murabaha,Farg'ona,Savdo,670,23,17,1,0,44789,12,0.1222,0.7095,0.3992,0.9363,0.5507,4,0.9512,0.3849,0.2286,1,0.0952,0.0303,0.1056,0.0551,0.0217,0.0907,0.1799,47525,0.4633,3961,0,O'rta,1,1,1,4
Murabaha,Qashqadaryo,Savdo,745,33,14,4,0,147035,60,0.0711,0.5926,0.4979,0.9476,0.4925,3,0.7372,0.3699,0.2219,1,0.1192,0.0458,0.1238,0.0335,0.1054,0.192,0.4309,173164,0.5084,37941,0,Yuqori,2,1,3,4
Musharaka,Buxoro,Savdo,757,26,23,3,0,8112,60,0.189,0.4678,0.3884,0.7232,0.1179,4,0.701,0.3673,0.1345,1,0.2637,0.0502,0.112,0.0341,0.0669,-0.0001,0.3975,11945,0.5764,2737,0,Yuqori,2,2,0,4
Murabaha,Buxoro,Qishloq xo'jaligi,723,33,8,1,0,130618,36,0.0904,0.7048,0.2533,0.8588,0.3278,3,0.6564,0.3129,0.1458,1,0.0821,0.074,0.0866,0.0432,-0.3526,0.0629,0.2159,148334,0.4332,13872,0,O'rta,1,1,0,2
Sukuk,Toshkent,Ishlab chiqarish,532,64,10,2,1,64895,120,0.0768,0.3448,0.3897,0.7943,0.8656,3,0.8553,0.5,0.1334,1,0.0523,0.028,0.0947,0.0076,-0.3537,0.0007,0.6271,89801,0.2924,16465,1,Juda Yuqori,3,3,5,1
Murabaha,Buxoro,Eksport,600,23,8,0,0,15755,24,0.1575,0.4357,0.4376,0.6803,0.4875,4,0.8556,0.2499,0.1613,0,0.127,0.0459,0.0811,0.0494,0.0699,0.0792,0.3623,18236,0.56,3700,0,Yuqori,2,1,0,0
Murabaha,Samarqand,Xizmat,639,29,17,5,2,26930,60,0.1397,0.4863,0.7841,0.6451,0.527,3,0.8659,0.1185,0.3169,1,0.1072,0.0537,0.1257,0.0019,0.04,0.0126,0.9332,36337,0.3746,12700,1,Juda Yuqori,3,1,4,5
Murabaha,Farg'ona,Savdo,660,37,21,3,0,23340,12,0.1011,0.7397,0.4784,0.6645,0.547,4,0.9454,0.0862,0.1101,1,0.1223,0.0556,0.144,0.0301,0.1631,0.0473,0.327,24520,0.6141,4924,1,Yuqori,2,1,1,4
Ijara,Samarqand,Xizmat,558,38,14,2,0,10594,24,0.0954,0.7573,0.7171,0.8184,0.6755,4,0.9835,0.1162,0.094,1,0.0838,0.0576,0.0944,0.0664,-0.0681,0.1354,0.3718,11604,0.3397,1466,0,Yuqori,2,0,4,5
Musharaka,Qashqadaryo,Savdo,718,24,8,2,0,22632,84,0.269,0.6349,0.0722,0.6978,0.7051,3,0.8693,0.1565,0.067,1,0.2544,0.0111,0.06,0.0415,0.0989,0.0305,0.1844,43937,0.5709,4626,1,O'rta,1,2,3,4
Murabaha,Namangan,Eksport,816,58,16,3,1,77627,24,0.107,0.632,0.6067,0.7697,0.7561,4,0.8266,0.1556,0.0909,0,0.138,0.0407,0.1144,0.0955,-0.2186,0.022,0.5758,85934,0.5452,26975,1,Juda Yuqori,3,1,2,0
Murabaha,Namangan,Eksport,681,33,17,4,0,17712,36,0.1178,0.6798,0.2083,0.6227,0.8893,3,0.7223,0.2615,0.2385,1,0.1113,0.0516,0.0668,0.0819,-0.0798,0.2209,0.3713,20844,0.2993,2317,1,Yuqori,2,1,2,0
Murabaha,Samarqand,Savdo,604,60,6,4,1,44662,36,0.1335,0.4721,0.3054,0.6482,0.7646,2,0.8318,0.0956,0.0156,1,0.1191,0.0527,0.1004,0.0494,0.1171,-0.039,0.4621,53604,0.4538,11241,0,Juda Yuqori,3,1,4,4
Murabaha,Farg'ona,Qishloq xo'jaligi,738,46,21,3,1,24941,24,0.1462,0.3433,0.1579,0.8125,0.261,3,0.8203,0.0786,0.334,1,0.0909,0.0261,0.1185,0.0561,-0.0256,0.0632,0.0929,28587,0.5136,1364,0,Past,0,1,1,2
Ijara,Qashqadaryo,Savdo,637,57,23,4,0,5875,84,0.1229,0.7982,0.0606,0.682,0.7802,5,0.6051,0.0813,0.1403,1,0.1049,0.0778,0.0738,0.0536,0.1487,0.137,0.0755,8403,0.3229,205,0,Past,0,0,3,4
Musharaka,Buxoro,Qurilish,556,35,24,2,0,72747,12,0.1301,0.5298,0.4398,0.8603,0.5548,3,0.6975,0.3237,0.1211,1,0.2284,0.0554,0.1169,0.0918,0.1076,-0.0033,0.7987,77479,0.6275,38827,1,Juda Yuqori,3,2,0,3
Murabaha,Qashqadaryo,Qishloq xo'jaligi,789,24,3,3,0,230586,6,0.1659,0.7681,0.2385,0.5191,0.2852,3,0.7981,0.2068,0.0708,1,0.0927,0.0593,0.0962,0.0561,0.0522,0.0294,0.1026,240151,0.4194,10332,0,O'rta,1,1,3,2
Murabaha,Toshkent,Xizmat,543,22,2,3,0,15843,6,0.1284,0.5701,0.4437,0.7589,0.5179,3,0.6355,0.2006,0.4,1,0.121,0.0647,0.0752,0.0601,0.165,0.0443,0.6837,16351,0.4252,4754,1,Juda Yuqori,3,1,5,5
Sukuk,Namangan,Qishloq xo'jaligi,681,37,3,5,1,42661,36,0.0716,0.6872,0.2383,0.5182,0.2249,2,0.8184,0.4092,0.1078,1,0.0787,0.0631,0.0616,0.0935,0.0291,0.1221,0.596,47242,0.2689,7571,1,Juda Yuqori,3,3,2,2
Musharaka,Samarqand,Eksport,646,56,5,4,0,13557,60,0.2068,0.7018,0.4741,0.6772,0.5475,3,0.8478,0.1067,0.0834,1,0.2887,0.038,0.0609,0.0822,0.0975,-0.0332,0.7001,20565,0.5861,8438,1,Juda Yuqori,3,2,4,0
Ijara,Samarqand,Savdo,710,25,6,5,0,58268,84,0.0815,0.324,0.3173,0.8671,0.3918,3,0.9415,0.4197,0.1096,1,0.1088,0.0446,0.0973,0.0865,0.0471,0.131,0.0964,74889,0.3373,2436,0,Past,0,0,4,4
Murabaha,Namangan,Xizmat,544,32,10,2,0,44912,24,0.1743,0.2435,0.2216,0.7497,0.1892,3,0.7458,0.0846,0.0147,1,0.1283,0.0668,0.1178,0.0363,0.0345,0.0231,0.0353,52738,0.5654,1051,0,Past,0,1,2,5
Musharaka,Buxoro,Ishlab chiqarish,773,33,22,2,0,11790,24,0.1208,0.7252,0.4253,0.7556,0.3895,4,0.8942,0.0369,0.039,1,0.2238,0.0613,0.1761,0.042,0.1677,0.2286,0.1754,13214,0.5773,1338,0,O'rta,1,2,0,1
Murabaha,Namangan,Ishlab chiqarish,456,49,24,3,1,32789,6,0.1252,0.6232,0.414,0.8604,0.3773,4,0.8312,0.2216,0.1146,1,0.1445,0.0833,0.0855,0.0606,0.0991,-0.0478,0.4615,33815,0.5106,7967,1,Juda Yuqori,3,1,2,1
Musharaka,Farg'ona,Eksport,689,37,1,4,0,47837,120,0.1915,0.6976,0.4191,0.8066,0.89,3,0.6611,0.1161,0.2542,1,0.2857,0.0538,0.0831,0.029,0.0808,0.1425,0.8569,93652,0.6302,50569,1,Juda Yuqori,3,2,1,0
Sukuk,Farg'ona,Ishlab chiqarish,632,41,7,2,0,45938,60,0.0628,0.784,0.1593,0.8117,0.1073,4,0.9454,0.1694,0.0178,1,0.1522,0.0664,0.1335,0.053,0.0642,-0.0401,0.0306,53155,0.2847,462,0,Past,0,3,1,1
Murabaha,Namangan,Qurilish,669,61,2,4,0,29383,24,0.1145,0.564,0.2801,0.7751,0.3926,3,0.9613,0.2437,0.0976,1,0.0892,0.058,0.1196,0.0276,-0.076,0.2078,0.0913,32748,0.6027,1803,0,Past,0,1,2,3
Murabaha,Farg'ona,Eksport,648,32,6,1,0,13348,24,0.0763,0.639,0.3624,0.6867,0.8172,1,0.8616,0.1559,0.2972,0,0.1093,0.0676,0.1059,0.0344,0.186,-0.0785,0.7929,14366,0.3499,3986,1,Juda Yuqori,3,1,1,0
Murabaha,Farg'ona,Savdo,590,57,12,2,0,20090,24,0.0848,0.7061,0.0783,0.9641,0.2893,4,0.763,0.1855,0.0431,1,0.0977,0.0509,0.1157,0.0007,-0.2626,0.0143,0.0627,21795,0.3041,416,0,Past,0,1,1,4
Murabaha,Farg'ona,Savdo,702,36,3,1,0,33047,6,0.142,0.6896,0.41,0.731,0.8998,3,0.5876,0.2498,0.0673,1,0.1282,0.0383,0.0808,0.0525,-0.0995,-0.0091,0.4643,34221,0.4218,6703,1,Juda Yuqori,3,1,1,4
Murabaha,Toshkent,Ishlab chiqarish,672,25,11,4,0,264692,6,0.1466,0.4495,0.4342,0.6028,0.1282,5,0.8689,0.279,0.2058,1,0.105,0.0335,0.1236,0.0541,-0.054,0.0544,0.1111,274389,0.3803,11597,0,O'rta,1,1,5,1
Murabaha,Toshkent,Savdo,695,26,1,3,0,485306,12,0.1567,0.755,0.5869,0.7283,0.1383,1,0.791,0.5,0.0329,1,0.1538,0.0281,0.0604,0.0238,0.1158,0.1528,0.7374,523333,0.4677,180503,1,Juda Yuqori,3,1,5,4
Ijara,Buxoro,Ishlab chiqarish,626,56,16,3,0,257204,60,0.0792,0.4779,0.5328,0.6692,0.5094,3,0.8961,0.2011,0.2042,1,0.1377,0.0698,0.1035,0.0734,0.2353,0.0778,0.4596,308104,0.4832,68422,0,Juda Yuqori,3,0,0,1
Musharaka,Qashqadaryo,Qurilish,601,43,5,4,0,62711,36,0.3008,0.853,0.4977,0.7414,0.725,4,0.8483,0.2621,0.1727,1,0.2299,0.0386,0.0852,0.0288,-0.0207,0.0249,0.8221,91003,0.6186,46277,0,Juda Yuqori,3,2,3,3
Murabaha,Farg'ona,Savdo,802,48,11,4,0,14681,24,0.1595,0.486,0.2913,0.8044,0.7647,3,0.7674,0.1286,0.0516,1,0.1465,0.0724,0.111,0.0488,0.0077,0.1702,0.1374,17022,0.2944,689,0,O'rta,1,1,1,4
Sukuk,Farg'ona,Ishlab chiqarish,649,60,22,0,0,139141,120,0.0959,0.7457,0.7204,0.9058,0.7848,2,0.764,0.2873,0.4,1,0.0758,0.0548,0.0963,0.0517,0.0053,0.1679,0.9008,205849,0.363,67312,1,Juda Yuqori,3,3,1,1
Murabaha,Namangan,Savdo,660,26,24,3,0,6390,60,0.0968,0.3369,0.1421,0.8774,0.3767,5,0.7303,0.4432,0.223,0,0.0881,0.0481,0.1019,0.0746,0.0565,0.0125,0.0789,7937,0.3157,198,0,Past,0,1,2,4
Sukuk,Farg'ona,Qurilish,642,44,4,2,0,27101,24,0.0978,0.8363,0.1514,0.6772,0.4757,5,0.7619,0.1182,0.0744,1,0.0262,0.056,0.0634,0.0037,-0.2052,0.0632,0.0282,29751,0.1,84,0,Past,0,3,1,3
Murabaha,Samarqand,Qurilish,738,59,19,2,0,26089,24,0.0818,0.6254,0.1562,0.6286,0.4687,3,0.9248,0.0749,0.3078,1,0.14,0.053,0.1081,0.0247,-0.0734,0.057,0.1312,28223,0.417,1544,1,O'rta,1,1,4,3
Sukuk,Toshkent,Qishloq xo'jaligi,369,35,24,2,0,15601,84,0.0976,0.3589,0.3025,0.886,0.7069,4,0.5504,0.3062,0.2111,1,0.0774,0.0667,0.1226,0.0837,0.0344,-0.0922,0.4466,20929,0.311,2907,1,Yuqori,2,3,5,2
Musharaka,Farg'ona,Xizmat,566,52,16,5,1,54314,84,0.1813,0.6527,0.4649,0.9727,0.801,1,0.9477,0.1104,0.0667,1,0.2069,0.0431,0.1071,0.0448,-0.0144,0.0432,0.9078,88784,0.5733,46206,1,Juda Yuqori,3,2,1,5
Ijara,Toshkent,Savdo,710,40,8,3,0,89515,84,0.0995,0.6059,0.3524,0.8458,0.7894,2,0.6917,0.3016,0.0891,1,0.0872,0.0248,0.1492,0.0353,-0.1285,0.0163,0.4534,120696,0.4443,24314,0,Juda Yuqori,3,0,5,4
Sukuk,Farg'ona,Savdo,694,25,2,0,0,8621,120,0.0543,0.6908,0.212,0.9509,0.5327,2,0.7434,0.5,0.0412,0,0.0408,0.0693,0.1041,0.0098,-0.3714,0.018,0.2476,10960,0.1706,463,1,O'rta,1,3,1,4
Murabaha,Farg'ona,Eksport,698,49,1,1,0,7996,60,0.1059,0.6802,0.3898,0.8603,0.6043,3,0.8021,0.3077,0.1359,1,0.1449,0.0796,0.1482,0.0229,0.1842,0.095,0.4162,10113,0.4332,1824,0,Yuqori,2,1,1,0
Sukuk,Toshkent,Qurilish,684,64,16,4,0,6705,84,0.0834,0.4406,0.3327,0.6771,0.3967,3,0.7467,0.1983,0.1361,1,0.1242,0.0356,0.0987,0.024,0.3317,0.0937,0.1688,8662,0.2124,310,0,O'rta,1,3,5,3
Murabaha,Samarqand,Xizmat,588,55,5,2,0,14106,6,0.1762,0.4652,0.2908,0.7946,0.3405,4,0.9467,0.2835,0.1075,1,0.1129,0.0473,0.0979,0.0496,0.1899,-0.1588,0.107,14727,0.4677,737,0,O'rta,1,1,4,5
Murabaha,Qashqadaryo,Xizmat,639,35,8,3,1,10124,24,0.1788,0.6815,0.2308,0.746,0.8756,4,0.55,0.0869,0.0828,0,0.1499,0.0706,0.1465,0.0753,0.0425,-0.0473,0.7446,11935,0.4266,3791,0,Juda Yuqori,3,1,3,5
Murabaha,Farg'ona,Qurilish,554,35,3,2,0,64613,36,0.0727,0.587,0.1252,0.8162,0.7276,2,0.6581,0.117,0.1383,1,0.1332,0.0421,0.1088,0.0236,0.0061,0.1042,0.3774,71655,0.3532,9552,1,Yuqori,2,1,1,3
Musharaka,Samarqand,Savdo,413,30,3,1,0,11835,84,0.1205,0.534,0.3181,0.9483,0.6748,3,0.6691,0.055,0.0094,1,0.2578,0.0618,0.0986,0.0525,-0.0112,-0.0345,0.7016,16827,0.6301,7439,1,Juda Yuqori,3,2,4,4
Murabaha,Namangan,Qishloq xo'jaligi,774,40,5,2,0,102788,36,0.0751,0.2251,0.2088,0.6741,0.6724,5,0.591,0.1238,0.1335,1,0.1419,0.068,0.1281,0.0541,-0.2284,0.1899,0.0242,114363,0.3787,1046,0,Past,0,1,2,2
Musharaka,Buxoro,Eksport,666,64,20,3,0,40406,36,0.3511,0.5603,0.3558,0.6895,0.8597,3,0.8491,0.1566,0.1051,1,0.2017,0.0439,0.1052,0.0049,0.2629,0.0074,0.4419,61689,0.7968,21719,1,Yuqori,2,2,0,0
Musharaka,Qashqadaryo,Savdo,621,59,4,2,0,296302,84,0.3692,0.4102,0.328,0.8578,0.8992,4,0.7768,0.1102,0.199,0,0.2743,0.0561,0.1298,0.0324,-0.0983,-0.0462,0.6537,679216,0.6152,273177,1,Juda Yuqori,3,2,3,4
Ijara,Samarqand,Qurilish,748,54,17,2,0,867249,36,0.1236,0.6362,0.4917,0.8339,0.6006,2,0.7025,0.2699,0.0796,1,0.0676,0.0724,0.0703,0.1023,0.1434,-0.0576,0.3371,1028080,0.414,143466,0,Yuqori,2,0,4,3
Ijara,Buxoro,Qurilish,584,53,9,3,0,9716,24,0.0942,0.9406,0.2601,0.725,0.1444,3,0.8073,0.1319,0.0533,1,0.1209,0.0912,0.1018,0.0407,-0.0459,-0.0253,0.1505,10631,0.1881,301,0,O'rta,1,0,0,3
Musharaka,Qashqadaryo,Ishlab chiqarish,583,54,5,6,0,504487,84,0.184,0.6858,0.1736,0.7997,0.3807,3,0.55,0.0094,0.3882,1,0.2174,0.0667,0.1001,0.0255,0.1447,-0.0235,0.6378,829429,0.5707,301919,1,Juda Yuqori,3,2,3,1
Murabaha,Samarqand,Eksport,536,55,18,1,1,77754,36,0.1661,0.6314,0.2397,0.7747,0.1931,4,0.6882,0.226,0.3146,1,0.13,0.0439,0.0849,0.0676,0.1075,0.1642,0.4928,97127,0.3971,19007,1,Juda Yuqori,3,1,4,0
Murabaha,Farg'ona,Ishlab chiqarish,648,62,16,4,0,41244,6,0.1732,0.7068,0.1216,0.683,0.8573,3,0.7845,0.1437,0.3835,1,0.1252,0.0573,0.098,0.0225,-0.1505,0.0258,0.3482,43030,0.4645,6960,1,Yuqori,2,1,1,1
Murabaha,Toshkent,Qishloq xo'jaligi,549,27,24,3,1,44773,24,0.1774,0.4014,0.2485,0.8285,0.6656,4,0.8915,0.2919,0.2179,1,0.0991,0.0539,0.1106,0.0081,0.0965,-0.2336,0.3384,52715,0.4747,8468,1,Yuqori,2,1,5,2
Murabaha,Toshkent,Eksport,690,40,23,1,0,32644,60,0.1194,0.3121,0.3506,0.7313,0.689,3,0.8171,0.3975,0.1289,1,0.119,0.06,0.0841,0.0732,0.1715,0.1256,0.2711,42389,0.7427,8536,0,Yuqori,2,1,5,0
Murabaha,Qashqadaryo,Ishlab chiqarish,585,53,13,0,0,10029,24,0.0914,0.95,0.2187,0.7626,0.8206,5,0.6819,0.1009,0.0547,0,0.1399,0.0526,0.0959,0.048,0.0527,0.0117,0.3713,10945,0.5917,2405,0,Yuqori,2,1,3,1
Murabaha,Namangan,Xizmat,625,51,19,0,0,633342,12,0.1006,0.3845,0.4782,0.6938,0.5357,3,0.9361,0.1271,0.0079,1,0.1304,0.0662,0.0654,0.0606,0.2495,0.0336,0.1419,665188,0.4299,40575,0,O'rta,1,1,2,5
Sukuk,Toshkent,Savdo,738,39,24,5,1,47499,36,0.0846,0.3742,0.3597,0.663,0.8044,4,0.8501,0.3869,0.2379,1,0.0844,0.0699,0.1013,0.011,0.1728,0.0663,0.3361,53528,0.4494,8085,0,Yuqori,2,3,5,4
Musharaka,Samarqand,Qurilish,612,49,16,2,0,26725,24,0.3354,0.7478,0.4297,0.64,0.3559,2,0.95,0.065,0.183,1,0.2567,0.0709,0.1147,0.0675,0.0871,0.1015,0.7175,35689,0.6533,16729,1,Juda Yuqori,3,2,4,3
Murabaha,Namangan,Savdo,594,43,12,4,1,17917,60,0.1109,0.8727,0.2411,0.6853,0.2572,2,0.6928,0.3647,0.0775,1,0.1164,0.0578,0.0955,0.0756,-0.0798,0.1182,0.7755,22886,0.5144,9129,1,Juda Yuqori,3,1,2,4
Musharaka,Buxoro,Xizmat,723,29,4,1,0,25471,12,0.3676,0.6593,0.4509,0.8802,0.1169,3,0.8697,0.2098,0.0606,0,0.1927,0.0489,0.1134,0.0247,0.0892,0.1161,0.3082,30152,0.5015,4661,1,Yuqori,2,2,0,5
Murabaha,Samarqand,Xizmat,551,62,23,4,0,33465,6,0.0871,0.8721,0.4025,0.7799,0.1015,5,0.8346,0.0897,0.155,1,0.1212,0.0709,0.1106,0.0135,-0.1747,-0.1051,0.1432,34195,0.349,1709,0,O'rta,1,1,4,5
Musharaka,Buxoro,Ishlab chiqarish,694,37,18,2,0,107832,60,0.1764,0.1602,0.3015,0.7239,0.3895,2,0.958,0.1118,0.0415,1,0.2291,0.0565,0.0836,0.0281,-0.1115,0.0429,0.1174,155398,0.6426,11727,0,O'rta,1,2,0,1
Musharaka,Namangan,Savdo,697,57,1,4,1,54630,60,0.1598,0.6834,0.2995,0.8241,0.188,5,0.55,0.2824,0.1464,1,0.2483,0.0551,0.0814,0.0402,-0.1013,-0.0108,0.4381,76457,0.5438,18215,0,Yuqori,2,2,2,4
Musharaka,Qashqadaryo,Eksport,669,34,18,6,0,91811,36,0.1477,0.3969,0.3031,0.7767,0.3237,5,0.9472,0.2169,0.3024,0,0.2541,0.0575,0.1227,0.0333,0.084,-0.0721,0.3712,112148,0.5819,24228,1,Yuqori,2,2,3,0
Murabaha,Namangan,Savdo,704,64,11,2,0,124995,24,0.0709,0.8752,0.5604,0.536,0.423,4,0.8212,0.2012,0.0114,1,0.1111,0.0621,0.0761,0.02,-0.1949,0.1551,0.2689,133856,0.5704,20529,0,Yuqori,2,1,2,4
Sukuk,Namangan,Qurilish,536,25,13,6,0,61246,84,0.0486,0.6404,0.1501,0.7249,0.3451,4,0.6531,0.2911,0.2308,1,0.1049,0.0627,0.0641,0.0319,-0.0457,0.127,0.2047,71657,0.2206,3236,0,O'rta,1,3,2,3
Sukuk,Toshkent,Savdo,717,47,4,3,0,35321,60,0.053,0.1966,0.3509,0.8888,0.246,2,0.657,0.0397,0.3094,0,0.0886,0.0651,0.0728,0.0363,0.0687,0.1931,0.0853,40005,0.355,1212,0,Past,0,3,5,4
Musharaka,Farg'ona,Xizmat,629,47,15,1,0,107571,60,0.3375,0.7313,0.4675,0.6031,0.5392,1,0.9814,0.2271,0.189,1,0.2332,0.052,0.1277,0.0275,0.0035,0.0976,0.9586,198323,0.4978,94641,1,Juda Yuqori,3,2,1,5
Musharaka,Buxoro,Ishlab chiqarish,631,38,3,4,0,52951,24,0.2035,0.5219,0.05,0.813,0.3199,3,0.9564,0.0458,0.0956,1,0.2609,0.0372,0.0932,0.0616,0.2023,-0.044,0.0873,63729,0.6239,3472,0,Past,0,2,0,1
Musharaka,Qashqadaryo,Eksport,673,25,14,4,0,88646,36,0.2488,0.4217,0.5035,0.6172,0.1894,2,0.8425,0.271,0.0456,1,0.2264,0.0468,0.0665,0.043,0.0021,0.0291,0.4939,121733,0.4187,25178,0,Juda Yuqori,3,2,3,0
Murabaha,Samarqand,Ishlab chiqarish,553,55,17,2,0,28985,36,0.0849,0.9004,0.3048,0.3394,0.3307,4,0.9287,0.5,0.3273,1,0.1228,0.0503,0.1039,0.001,0.2222,0.1102,0.8735,32675,0.3074,8775,1,Juda Yuqori,3,1,4,1
Murabaha,Farg'ona,Ishlab chiqarish,592,58,10,3,0,27427,24,0.1532,0.35,0.4939,0.5174,0.1855,4,0.8669,0.0156,0.1616,1,0.1066,0.0456,0.1318,0.0505,-0.0113,-0.057,0.1658,31630,0.5136,2693,0,O'rta,1,1,1,1
Murabaha,Buxoro,Qurilish,675,49,6,2,0,86763,12,0.0845,0.5245,0.375,0.8424,0.3097,2,0.8507,0.1418,0.1442,1,0.1197,0.0398,0.087,0.0051,0.0921,0.1154,0.1424,90428,0.3171,4083,0,O'rta,1,1,0,3
Musharaka,Namangan,Eksport,729,64,17,4,0,78077,24,0.3207,0.624,0.448,0.9495,0.3794,4,0.8872,0.2119,0.0555,1,0.2173,0.037,0.1106,0.0131,0.0815,0.002,0.2863,103117,0.5428,16028,0,Yuqori,2,2,2,0
Musharaka,Namangan,Savdo,760,56,6,2,0,147875,120,0.2269,0.6368,0.5024,0.5185,0.3909,5,0.7135,0.0892,0.246,1,0.24,0.0718,0.0945,0.0313,0.1064,0.0133,0.4014,315635,0.6669,84493,0,Yuqori,2,2,2,4
Murabaha,Qashqadaryo,Qishloq xo'jaligi,736,43,24,3,1,50380,36,0.0891,0.4434,0.288,0.7901,0.248,3,0.9012,0.2939,0.1005,0,0.1502,0.0603,0.0952,0.0979,-0.0832,0.1266,0.235,57113,0.4545,6099,0,O'rta,1,1,3,2
Sukuk,Buxoro,Qurilish,672,54,3,3,0,61339,120,0.0535,0.4763,0.348,0.8179,0.5349,5,0.8095,0.4015,0.3992,0,0.0562,0.0588,0.1225,0.0844,-0.1886,0.0964,0.225,77762,0.4207,7362,0,O'rta,1,3,0,3
Sukuk,Buxoro,Xizmat,558,56,15,4,1,244123,24,0.0438,0.8426,0.4465,0.7237,0.2463,2,0.8867,0.1944,0.0108,0,0.0882,0.0819,0.1092,0.0362,0.0311,0.0062,0.6368,254823,0.3016,48935,0,Juda Yuqori,3,3,0,5
Ijara,Buxoro,Xizmat,504,44,18,4,0,66474,84,0.0844,0.8151,0.5022,0.7902,0.7763,4,0.6058,0.2357,0.1885,1,0.0977,0.0442,0.1011,0.0521,0.1751,0.037,0.7807,86117,0.3336,22432,1,Juda Yuqori,3,0,0,5
Musharaka,Toshkent,Savdo,715,26,23,3,0,130781,12,0.3067,0.2828,0.3858,0.3771,0.8882,2,0.6627,0.1394,0.3062,1,0.2361,0.051,0.1454,0.0012,-0.1846,-0.0233,0.8905,150836,0.6275,84280,0,Juda Yuqori,3,2,5,4
Sukuk,Toshkent,Qurilish,559,33,20,3,1,127365,24,0.0671,0.3301,0.631,0.7144,0.3078,3,0.8758,0.0711,0.0516,0,0.0832,0.0604,0.1085,0.0389,0.0265,0.0666,0.382,135910,0.3283,17046,0,Yuqori,2,3,5,3
Murabaha,Buxoro,Qurilish,650,56,1,3,0,60412,12,0.1421,0.833,0.1925,0.7316,0.2542,2,0.6718,0.0565,0.0745,1,0.1578,0.0241,0.1052,0.0288,-0.0741,-0.0841,0.2256,64704,0.3069,4481,0,O'rta,1,1,0,3
Ijara,Farg'ona,Ishlab chiqarish,706,34,22,0,0,133862,24,0.064,0.8176,0.2567,0.7032,0.8792,4,0.8175,0.2627,0.1764,1,0.1053,0.0439,0.0848,0.0388,0.3469,-0.0225,0.2984,142431,0.1922,8172,0,Yuqori,2,0,1,1
Murabaha,Samarqand,Savdo,657,41,14,3,0,98705,12,0.1583,0.7032,0.344,0.7173,0.5206,3,0.7243,0.1287,0.2051,1,0.153,0.052,0.0786,0.0441,0.0189,0.0462,0.3124,106519,0.4147,13799,0,Yuqori,2,1,4,4
Ijara,Toshkent,Savdo,711,26,23,1,0,34829,36,0.104,0.3749,0.7125,0.6302,0.8216,3,0.9256,0.1881,0.0611,1,0.066,0.0553,0.0772,0.0391,-0.0497,0.1298,0.2264,40264,0.2189,1995,0,O'rta,1,0,5,4
Murabaha,Farg'ona,Ishlab chiqarish,525,46,7,2,1,15142,60,0.0986,0.3915,0.241,0.8353,0.824,4,0.8513,0.0222,0.0507,1,0.1205,0.0588,0.0964,0.051,-0.1037,-0.0445,0.1735,18874,0.491,1608,0,O'rta,1,1,1,1
Sukuk,Samarqand,Ishlab chiqarish,655,22,15,5,1,54619,60,0.05,0.4413,0.4721,0.7488,0.6573,3,0.55,0.2789,0.1086,1,0.0686,0.0462,0.1071,0.0407,0.2788,0.0211,0.4716,61448,0.2383,6907,1,Juda Yuqori,3,3,4,1
Sukuk,Namangan,Qurilish,672,42,1,2,0,81208,24,0.0918,0.9382,0.4808,0.806,0.1862,4,0.6252,0.2744,0.1649,1,0.0453,0.0298,0.0962,0.0429,-0.0135,0.0018,0.1921,88665,0.2905,4947,0,O'rta,1,3,2,3
Murabaha,Samarqand,Savdo,693,36,14,2,0,337464,24,0.0936,0.4673,0.0887,0.6987,0.1906,4,0.9058,0.2422,0.0053,1,0.1788,0.0569,0.0851,0.0571,0.0764,0.2454,0.0186,369040,0.5255,3614,0,Past,0,1,4,4
Musharaka,Namangan,Xizmat,702,52,17,1,0,84677,120,0.2327,0.2446,0.2783,0.8414,0.5102,2,0.6906,0.0747,0.0763,1,0.2565,0.0644,0.1051,0.0165,-0.0007,0.1753,0.2226,183218,0.5461,22273,0,O'rta,1,2,2,5
Sukuk,Namangan,Qishloq xo'jaligi,597,35,12,1,0,120743,84,0.0931,0.5806,0.5502,0.8,0.8218,4,0.8795,0.2522,0.0459,1,0.0851,0.0657,0.1134,0.0289,0.3944,0.1188,0.2584,160067,0.3628,15007,0,Yuqori,2,3,2,2
Musharaka,Toshkent,Eksport,611,41,6,3,1,30138,24,0.3757,0.5728,0.2078,0.8362,0.5959,2,0.8837,0.043,0.105,1,0.2563,0.0508,0.0924,0.0564,-0.1566,0.0145,0.6785,41459,0.6409,18030,1,Juda Yuqori,3,2,5,0
Sukuk,Namangan,Eksport,618,35,20,7,1,71624,36,0.0483,0.6456,0.6125,0.9741,0.1117,1,0.8928,0.1639,0.0087,1,0.0935,0.0664,0.0876,0.015,0.1345,0.0599,0.4003,76812,0.2102,6464,1,Yuqori,2,3,2,0
Musharaka,Namangan,Qurilish,800,31,18,1,0,97697,24,0.1734,0.3829,0.4534,0.8844,0.86,4,0.8102,0.1647,0.1344,1,0.2277,0.0546,0.1357,0.0485,0.0483,0.0177,0.3125,114638,0.5862,21000,1,Yuqori,2,2,2,3
Murabaha,Qashqadaryo,Qurilish,530,38,11,2,0,34953,60,0.1401,0.7714,0.4579,0.8843,0.7582,1,0.7248,0.1348,0.186,1,0.1095,0.0577,0.0808,0.0187,-0.0142,0.0914,0.8744,47199,0.4646,19176,1,Juda Yuqori,3,1,3,3
Murabaha,Namangan,Savdo,664,49,15,6,1,32922,60,0.1542,0.8026,0.2444,0.7241,0.1694,3,0.9151,0.2474,0.1945,1,0.1314,0.0591,0.1286,0.0538,-0.0133,0.0962,0.4491,45615,0.4174,8552,1,Yuqori,2,1,2,4
Murabaha,Qashqadaryo,Ishlab chiqarish,600,25,4,0,0,101854,12,0.0997,0.6062,0.5669,0.6748,0.7605,3,0.858,0.0523,0.1416,1,0.1422,0.071,0.1023,0.0647,-0.1087,0.0404,0.4679,106931,0.3925,19638,1,Juda Yuqori,3,1,3,1
Ijara,Qashqadaryo,Qishloq xo'jaligi,636,48,7,3,0,5494,12,0.0823,0.3198,0.118,0.7935,0.3443,4,0.7123,0.3148,0.2655,1,0.0353,0.074,0.1473,0.0247,0.0874,0.1057,0.0628,5720,0.2621,94,0,Past,0,0,3,2
Murabaha,Toshkent,Qishloq xo'jaligi,736,39,13,4,0,62929,6,0.0828,0.8212,0.4675,0.4676,0.4733,2,0.6291,0.2646,0.0241,1,0.0898,0.0694,0.0597,0.021,0.3362,0.1165,0.6817,64232,0.3668,16061,0,Juda Yuqori,3,1,5,2
Musharaka,Samarqand,Qishloq xo'jaligi,588,36,9,6,0,14586,36,0.2435,0.4139,0.3668,0.6914,0.8712,5,0.55,0.1073,0.0595,1,0.2568,0.0447,0.1168,0.0209,0.0268,0.0041,0.5132,19913,0.5658,5781,0,Juda Yuqori,3,2,4,2
Musharaka,Farg'ona,Ishlab chiqarish,682,33,21,2,0,34463,12,0.1411,0.6061,0.3727,0.827,0.8457,3,0.7344,0.1774,0.299,1,0.2708,0.0554,0.1086,0.1093,-0.204,0.1193,0.8659,36894,0.6512,20802,1,Juda Yuqori,3,2,1,1
Musharaka,Buxoro,Xizmat,571,43,12,1,0,8732,60,0.1404,0.5302,0.2703,0.6855,0.4416,4,0.7875,0.2444,0.1451,1,0.2326,0.0774,0.0851,0.0945,-0.0638,0.0871,0.5802,11798,0.5865,4015,1,Juda Yuqori,3,2,0,5
Sukuk,Farg'ona,Eksport,585,40,3,1,0,49358,36,0.0982,0.2853,0.6512,0.9907,0.3925,4,0.773,0.226,0.2446,1,0.0577,0.064,0.0809,0.0498,0.0494,-0.0212,0.1313,56625,0.3194,2375,0,O'rta,1,3,1,0
Sukuk,Samarqand,Qishloq xo'jaligi,678,45,8,1,0,72046,120,0.0555,0.4371,0.3596,0.8594,0.1813,4,0.6126,0.2171,0.1196,1,0.0972,0.068,0.1132,0.0753,0.1618,0.066,0.0594,92030,0.2957,1617,0,Past,0,3,4,2
Murabaha,Qashqadaryo,Xizmat,656,22,4,1,0,82221,12,0.0991,0.5365,0.4412,0.8819,0.159,3,0.6167,0.2893,0.2009,1,0.1147,0.037,0.1106,0.0404,-0.1157,0.0615,0.3326,86296,0.3992,11457,0,Yuqori,2,1,3,5
